#############################################################################
# Project CNPq: Increasing PHC with team sizing
# Author: João Flávio de Freitas Almeida <joao.flavio@dep.ufmg.br>
# LEPOINT: Laboratório de Estudos em Planejamento de Operações Integradas
# Departamento de Engenharia de Produção
# Universidade Federal de Minas Gerais - Escola de Engenharia
#############################################################################
# Health Care Facility Location Problem: Considering fixed facilities,
# choose intermediate facilities according a criteria that improve service
# quality. Consider health care teams.
#############################################################################
# glpsol -m aps.mod -d LS.dat --cuts

#############################################################################
# DADOS REFERENTES AO MUNICIPIO DE: 
# Lagoa Santa 
#############################################################################
data;
# Distance matrix between same-level facilities (for team transfer) 
# {EL[1], L[1]} default 0; # Distance between L1 facilities (min)  
param DL1 := 
313760105000013 313760105000002 3125 
313760105000013 313760105000003 3668 
313760105000013 313760105000005 2062 
313760105000013 313760105000007 2025 
313760105000013 313760105000008 1848 
313760105000013 313760105000009 1588 
313760105000013 31376010500001 922 
313760105000013 313760105000011 608 
313760105000013 313760105000012 452 
313760105000013 313760105000013  
313760105000013 313760105000015 1827 
313760105000013 313760105000016 1346 
313760105000013 31376010500002 2856 
313760105000013 313760105000021 311 
313760105000013 313760105000022 3292 
313760105000013 313760105000024 5616 
313760105000013 313760105000026 3651 
313760105000013 313760105000027 4686 
313760105000013 313760105000028 3953 
313760105000013 313760105000029 3454 
313760105000013 31376010500003 3366 
313760105000013 313760105000036 4139 
313760105000013 313760105000037 4401 
313760105000013 313760105000039 6428 
313760105000013 31376010500004 6715 
313760105000013 313760105000043 7227 
313760105000013 313760105000045 6649 
313760105000013 313760105000048 4447 
313760105000013 31376010500005 623 
313760105000013 313760105000058 6016 
313760105000013 313760105000064 7717 
313760105000013 313760105000066 4063 
313760105000013 313760105000067 3814 
313760105000013 313760105000068 3558 
313760105000013 313760105000069 3658 
313760105000013 313760105000071 2771 
313760105000013 313760105000072 2376 
313760105000013 313760105000074 1689 
313760105000013 313760105000075 1509 
313760105000013 313760105000076 1383 
313760105000013 313760105000077 1647 
313760105000013 313760105000078 1514 
313760105000013 31376010500008 1345 
313760105000013 313760105000081 1094 
313760105000013 313760105000082 872 
313760105000013 313760105000083 69 
313760105000013 313760105000084 1019 
313760105000013 313760105000085 1125 
313760105000013 313760105000086 1187 
313760105000013 313760105000087 1217 
313760105000013 313760105000088 12 
313760105000013 313760105000089 531 
313760105000013 31376010500009 541 
313760105000013 313760105000091 663 
313760105000013 313760105000092 1521 
313760105000013 313760105000094 747 
313760105000013 313760105000095 634 
313760105000013 313760105000096 1487 
313760105000013 313760105000097 1205 
313760105000013 313760105000098 1248 
313760105000013 313760105000099 1747 
313760105000013 313760105000101 1714 
313760105000013 313760105000102 2687 
313760105000013 313760105000103 239 
313760105000013 313760105000105 3128 
313760105000013 313760105000106 3209 
313760105000013 313760105000108 2755 
313760105000013 313760105000109 3022 
313760105000013 31376010500011 3355 
313760105000013 313760105000112 401 
313760105000013 313760105000114 4619 
313760105000013 313760105000118 4688 
313760105000013 31376010500012 3688 
313760105000013 313760105000122 423 
313760105000013 313760105000123 349 
313760105000013 313760105000124 3498 
313760105000013 313760105000125 324 
313760105000013 313760105000126 3335 
313760105000013 313760105000127 3277 
313760105000013 313760105000128 441 
313760105000013 313760105000129 5197 
313760105000013 313760105000132 402 
313760105000013 313760105000133 4694 
313760105000013 313760105000134 4841 
313760105000013 313760105000135 5875 
313760105000013 313760105000136 6241 
313760105000013 313760105000138 7436 
313760105000013 313760105000139 7273 
313760105000013 31376010500014 6858 
313760105000013 313760105000141 6588 
313760105000013 313760105000142 6046 
313760105000013 313760105000144 2038 
313760105000013 313760105000145 2386 
313760105000013 313760105000146 5548 
313760105000013 313760105000147 6376 
313760105000013 31376010500015 7729 
313760105000013 313760105000151 8102 
313760105000013 313760105000152 9897 
313760105000013 313760105000161 4042 
313760105000013 313760105000162 7495 
313760105000013 313760105000163 7552 
313760105000013 313760105000164 7532 
313760105000013 313760105000165 292 
313760105000013 313760105000166 4184 
313760105000013 313760105000167 3799 
313760105000013 313760105000168 3507 
313760105000013 313760105000169 3614 
313760105000013 31376010500017 2635 
313760105000013 313760105000171 2323 
313760105000013 313760105000172 7212 
313760105000013 313760105000173 5423 
313760105000013 313760105000174 5995 
313760105000013 313760105000175 387 
313760105000013 313760105000176 3758 
313760105000013 313760105000177 497 
313760105000013 313760105000178 4996 
313760105000013 313760105000179 4923 
313760105000013 31376010500018 4986 
313760105000013 313760105000182 7902 
313760105000013 313760105000183 7897 
313760105000013 313760105000184 7816 
313760105000013 313760105000185 7892 
313760105000013 313760105000186 7085 
313760105000013 313760105000187 6873 
313760105000013 313760105000188 4415 
313760105000013 313760105000189 4858 
313760105000013 31376010500019 7967 
313760105000013 313760105000191 7948 
313760105000013 313760105000192 8265 
313760105000013 313760105000193 7879 
313760105000013 313760105000194 7707 
313760105000013 313760105000195 5441 
313760105000013 313760105000196 4835 
313760105000013 313760105000198 1979 
313760105000013 313760105000199 1716 
313760105000013 3137601050002 1647 
313760105000013 313760105000201 198 
313760105000013 313760105000202 2183 
313760105000013 313760105000203 309 
313760105000013 313760105000204 3158 
313760105000013 313760105000205 4353 
313760105000013 313760105000206 4448 
313760105000013 313760105000207 4683 
313760105000013 313760105000208 4481 
313760105000013 313760105000209 7706 
313760105000013 31376010500021 8064 
313760105000013 313760105000211 2226 
313760105000013 313760105000212 1938 
313760105000013 313760105000213 1699 
313760105000013 313760105000214 1405 
313760105000013 313760105000215 5184 
313760105000013 313760105000216 4579 
313760105000013 313760105000217 4874 
313760105000013 313760105000218 4548 
313760105000013 313760105000219 5203 
313760105000013 31376010500022 5958 
313760105000013 313760105000221 5322 
313760105000013 313760105000222 7147 
313760105000013 313760105000223 7068 
313760105000013 313760105000224 6592 
313760105000013 313760105000225 5845 
313760105000013 313760105000226 6119 
313760105000013 313760105000227 6459 
313760105000013 313760105000228 6631 
313760105000013 313760105000229 6341 
313760105000013 31376010500023 6171 
313760105000013 313760105000231 6511 
313760105000013 313760105000232 608 
313760105000013 313760105000233 7046 
313760105000013 313760105000234 3772 
313760105000013 313760105000235 4112 
313760105000013 313760105000236 3812 
313760105000013 313760105000237 4046 
313760105000013 313760105000238 2007 
313760105000013 313760105000239 2095 
313760105000013 31376010500024 2442 
313760105000013 313760105000241 2379 
313760105000013 313760105000242 4318 
313760105000013 313760105000243 4295 
313760105000013 313760105000245 2611 
313760105000013 313760105000246 3814 
313760105000013 313760105000247 362 
313760105000013 313760105000248 1052 
313760105000013 313760105000249 1417 
313760105000013 31376010500025 417 
313760105000013 313760105000251 4073 
313760105000013 313760105000252 4623 
313760105000013 313760105000253 4319 
313760105000013 313760105000254 6384 
313760105000013 313760105000255 6436 
313760105000013 313760105000256 168 
313760105000013 313760105000257 1694 
313760105000013 313760105000258 4137 
313760105000013 313760105000259 3895 
313760105000013 31376010500026 5287 
313760105000013 313760105000261 5363 
313760105000013 313760105000262 5305 
313760105000013 313760105000263 5305 
313760105000013 313760105000264 6249 
313760105000013 313760105000265 2356 
313760105000013 313760105000266 7184 
313760105000013 313760105000267 7358 
313760105000013 313760105000268 7047 
313760105000013 313760105000269 6954 
313760105000013 31376010500027 936 
313760105000013 313760105000271 897 
313760105000013 313760105000272 4796 
313760105000013 313760105000273 5042 
313760105000013 313760105000274 277 
313760105000013 313760105000275 2997 
313760105000013 313760105000276 4213 
313760105000013 313760105000277 4386 
313760105000013 313760105000278 4299 
313760105000013 313760105000279 4219 
313760105000013 31376010500028 8157 
313760105000013 313760105000281 6402 
313760105000013 313760105000282 6923 
313760105000013 313760105000283 6596 
313760105000013 313760105000284 3919 
313760105000013 313760105000285 3863 
313760105000013 313760114000002 4872 
313760105000013 313760114000007 4531 
313760105000013 313760114000008 4064 
313760105000013 313760114000009 3266 
313760105000013 31376011400001 6751 
313760105000013 313760115000001 12137 
313760105000013 313760115000002 131 
313760105000013 313760115000003 1023 
313760105000013 313760115000005 10956 
313760105000013 313760115000006 13679 
313760105000013 313760115000007 12154 
313760105000013 313760115000008 12057 
313760105000013 313760115000009 1122 
313760105000013 31376011500001 12981 
313760105000013 313760115000011 12595 
313760105000013 313760115000014 8588 
313760105000013 313760115000015 8613 
313760105000013 313760115000018 1141 
313760105000013 313760115000019 11377 
313760105000013 31376011500002 9305 
313760105000013 313760115000021 9072 
313760105000013 313760115000022 9428 
313760105000013 313760115000023 9292 
313760105000013 313760115000024 9768 
313760105000013 313760115000025 9446 
313760105000013 313760115000026 9622 
313760105000013 313760115000027 10054 
313760105000013 313760115000029 9812 
313760105000013 31376011500003 9668 
313760105000013 313760115000031 10271 
313760105000013 313760115000032 1107 
313760105000013 313760115000033 10767 
313760105000013 313760115000034 8305 
313760105000026 313760105000002 3069 
313760105000026 313760105000003 3614 
313760105000026 313760105000005 3051 
313760105000026 313760105000007 2663 
313760105000026 313760105000008 296 
313760105000026 313760105000009 4258 
313760105000026 31376010500001 3821 
313760105000026 313760105000011 3186 
313760105000026 313760105000012 3663 
313760105000026 313760105000013 3651 
313760105000026 313760105000015 2019 
313760105000026 313760105000016 4068 
313760105000026 31376010500002 796 
313760105000026 313760105000021 583 
313760105000026 313760105000022 378 
313760105000026 313760105000024 253 
313760105000026 313760105000026  
313760105000026 313760105000027 1275 
313760105000026 313760105000028 1103 
313760105000026 313760105000029 166 
313760105000026 31376010500003 2827 
313760105000026 313760105000036 2439 
313760105000026 313760105000037 2617 
313760105000026 313760105000039 4616 
313760105000026 31376010500004 4803 
313760105000026 313760105000043 579 
313760105000026 313760105000045 5174 
313760105000026 313760105000048 8018 
313760105000026 31376010500005 3685 
313760105000026 313760105000058 2543 
313760105000026 313760105000064 6353 
313760105000026 313760105000066 2946 
313760105000026 313760105000067 2716 
313760105000026 313760105000068 3202 
313760105000026 313760105000069 3173 
313760105000026 313760105000071 3707 
313760105000026 313760105000072 2914 
313760105000026 313760105000074 2702 
313760105000026 313760105000075 2958 
313760105000026 313760105000076 3208 
313760105000026 313760105000077 3185 
313760105000026 313760105000078 3848 
313760105000026 31376010500008 3518 
313760105000026 313760105000081 4336 
313760105000026 313760105000082 3759 
313760105000026 313760105000083 3427 
313760105000026 313760105000084 3256 
313760105000026 313760105000085 3045 
313760105000026 313760105000086 2819 
313760105000026 313760105000087 4758 
313760105000026 313760105000088 4848 
313760105000026 313760105000089 4085 
313760105000026 31376010500009 4183 
313760105000026 313760105000091 4043 
313760105000026 313760105000092 4848 
313760105000026 313760105000094 3521 
313760105000026 313760105000095 3149 
313760105000026 313760105000096 2483 
313760105000026 313760105000097 2505 
313760105000026 313760105000098 2403 
313760105000026 313760105000099 191 
313760105000026 313760105000101 4032 
313760105000026 313760105000102 3346 
313760105000026 313760105000103 4004 
313760105000026 313760105000105 4133 
313760105000026 313760105000106 888 
313760105000026 313760105000108 102 
313760105000026 313760105000109 8 
313760105000026 31376010500011 518 
313760105000026 313760105000112 1059 
313760105000026 313760105000114 2783 
313760105000026 313760105000118 1218 
313760105000026 31376010500012 392 
313760105000026 313760105000122 1122 
313760105000026 313760105000123 1277 
313760105000026 313760105000124 761 
313760105000026 313760105000125 788 
313760105000026 313760105000126 2583 
313760105000026 313760105000127 2167 
313760105000026 313760105000128 1779 
313760105000026 313760105000129 1905 
313760105000026 313760105000132 2411 
313760105000026 313760105000133 3093 
313760105000026 313760105000134 2511 
313760105000026 313760105000135 3991 
313760105000026 313760105000136 4517 
313760105000026 313760105000138 5732 
313760105000026 313760105000139 5656 
313760105000026 31376010500014 5435 
313760105000026 313760105000141 5035 
313760105000026 313760105000142 4524 
313760105000026 313760105000144 563 
313760105000026 313760105000145 5966 
313760105000026 313760105000146 8071 
313760105000026 313760105000147 2877 
313760105000026 31376010500015 6461 
313760105000026 313760105000151 6736 
313760105000026 313760105000152 8859 
313760105000026 313760105000161 427 
313760105000026 313760105000162 6022 
313760105000026 313760105000163 6063 
313760105000026 313760105000164 6144 
313760105000026 313760105000165 959 
313760105000026 313760105000166 861 
313760105000026 313760105000167 701 
313760105000026 313760105000168 2317 
313760105000026 313760105000169 2073 
313760105000026 31376010500017 2943 
313760105000026 313760105000171 3063 
313760105000026 313760105000172 3685 
313760105000026 313760105000173 1887 
313760105000026 313760105000174 2463 
313760105000026 313760105000175 2311 
313760105000026 313760105000176 2473 
313760105000026 313760105000177 1911 
313760105000026 313760105000178 1913 
313760105000026 313760105000179 2214 
313760105000026 31376010500018 2121 
313760105000026 313760105000182 6188 
313760105000026 313760105000183 6201 
313760105000026 313760105000184 6376 
313760105000026 313760105000185 6515 
313760105000026 313760105000186 5533 
313760105000026 313760105000187 5338 
313760105000026 313760105000188 3247 
313760105000026 313760105000189 3508 
313760105000026 31376010500019 6832 
313760105000026 313760105000191 6791 
313760105000026 313760105000192 731 
313760105000026 313760105000193 6626 
313760105000026 313760105000194 6512 
313760105000026 313760105000195 5103 
313760105000026 313760105000196 4418 
313760105000026 313760105000198 2828 
313760105000026 313760105000199 3108 
313760105000026 3137601050002 2831 
313760105000026 313760105000201 2998 
313760105000026 313760105000202 3164 
313760105000026 313760105000203 562 
313760105000026 313760105000204 519 
313760105000026 313760105000205 776 
313760105000026 313760105000206 797 
313760105000026 313760105000207 1374 
313760105000026 313760105000208 1259 
313760105000026 313760105000209 6189 
313760105000026 31376010500021 6506 
313760105000026 313760105000211 2559 
313760105000026 313760105000212 2475 
313760105000026 313760105000213 3347 
313760105000026 313760105000214 3115 
313760105000026 313760105000215 2297 
313760105000026 313760105000216 1349 
313760105000026 313760105000217 1666 
313760105000026 313760105000218 1511 
313760105000026 313760105000219 3925 
313760105000026 31376010500022 4746 
313760105000026 313760105000221 4333 
313760105000026 313760105000222 6175 
313760105000026 313760105000223 5915 
313760105000026 313760105000224 5756 
313760105000026 313760105000225 5077 
313760105000026 313760105000226 5099 
313760105000026 313760105000227 5215 
313760105000026 313760105000228 5464 
313760105000026 313760105000229 5405 
313760105000026 31376010500023 2851 
313760105000026 313760105000231 3108 
313760105000026 313760105000232 3301 
313760105000026 313760105000233 463 
313760105000026 313760105000234 583 
313760105000026 313760105000235 691 
313760105000026 313760105000236 183 
313760105000026 313760105000237 1792 
313760105000026 313760105000238 4284 
313760105000026 313760105000239 3374 
313760105000026 31376010500024 4148 
313760105000026 313760105000241 3508 
313760105000026 313760105000242 3024 
313760105000026 313760105000243 2759 
313760105000026 313760105000245 2787 
313760105000026 313760105000246 2959 
313760105000026 313760105000247 29 
313760105000026 313760105000248 2668 
313760105000026 313760105000249 2395 
313760105000026 31376010500025 1502 
313760105000026 313760105000251 1316 
313760105000026 313760105000252 2084 
313760105000026 313760105000253 1929 
313760105000026 313760105000254 4789 
313760105000026 313760105000255 496 
313760105000026 313760105000256 3439 
313760105000026 313760105000257 3664 
313760105000026 313760105000258 3272 
313760105000026 313760105000259 3267 
313760105000026 31376010500026 3587 
313760105000026 313760105000261 3594 
313760105000026 313760105000262 3514 
313760105000026 313760105000263 3155 
313760105000026 313760105000264 728 
313760105000026 313760105000265 1666 
313760105000026 313760105000266 5917 
313760105000026 313760105000267 6125 
313760105000026 313760105000268 5783 
313760105000026 313760105000269 571 
313760105000026 31376010500027 4467 
313760105000026 313760105000271 453 
313760105000026 313760105000272 3523 
313760105000026 313760105000273 3652 
313760105000026 313760105000274 3804 
313760105000026 313760105000275 3802 
313760105000026 313760105000276 38 
313760105000026 313760105000277 4059 
313760105000026 313760105000278 2301 
313760105000026 313760105000279 2082 
313760105000026 31376010500028 8184 
313760105000026 313760105000281 6082 
313760105000026 313760105000282 5217 
313760105000026 313760105000283 4848 
313760105000026 313760105000284 4552 
313760105000026 313760105000285 1858 
313760105000026 313760114000002 7494 
313760105000026 313760114000007 7755 
313760105000026 313760114000008 7238 
313760105000026 313760114000009 6654 
313760105000026 31376011400001 10203 
313760105000026 313760115000001 9375 
313760105000026 313760115000002 10355 
313760105000026 313760115000003 8699 
313760105000026 313760115000005 7957 
313760105000026 313760115000006 1153 
313760105000026 313760115000007 10954 
313760105000026 313760115000008 949 
313760105000026 313760115000009 8615 
313760105000026 31376011500001 10395 
313760105000026 313760115000011 1016 
313760105000026 313760115000014 6995 
313760105000026 313760115000015 6121 
313760105000026 313760115000018 9026 
313760105000026 313760115000019 9361 
313760105000026 31376011500002 7969 
313760105000026 313760115000021 7595 
313760105000026 313760115000022 7848 
313760105000026 313760115000023 7602 
313760105000026 313760115000024 7964 
313760105000026 313760115000025 763 
313760105000026 313760115000026 7808 
313760105000026 313760115000027 8209 
313760105000026 313760115000029 7628 
313760105000026 31376011500003 7157 
313760105000026 313760115000031 7931 
313760105000026 313760115000032 9489 
313760105000026 313760115000033 9007 
313760105000026 313760115000034 6234 
313760105000048 313760105000002 6271 
313760105000048 313760105000003 6439 
313760105000048 313760105000005 5424 
313760105000048 313760105000007 569 
313760105000048 313760105000008 5369 
313760105000048 313760105000009 3971 
313760105000048 31376010500001 4225 
313760105000048 313760105000011 4836 
313760105000048 313760105000012 4359 
313760105000048 313760105000013 4447 
313760105000048 313760105000015 6029 
313760105000048 313760105000016 4822 
313760105000048 31376010500002 7241 
313760105000048 313760105000021 7447 
313760105000048 313760105000022 7682 
313760105000048 313760105000024 10057 
313760105000048 313760105000026 8018 
313760105000048 313760105000027 8889 
313760105000048 313760105000028 8071 
313760105000048 313760105000029 7359 
313760105000048 31376010500003 6668 
313760105000048 313760105000036 7717 
313760105000048 313760105000037 793 
313760105000048 313760105000039 9426 
313760105000048 31376010500004 9729 
313760105000048 313760105000043 9757 
313760105000048 313760105000045 9338 
313760105000048 313760105000048  
313760105000048 31376010500005 10579 
313760105000048 313760105000058 10455 
313760105000048 313760105000064 10084 
313760105000048 313760105000066 7346 
313760105000048 313760105000067 7204 
313760105000048 313760105000068 662 
313760105000048 313760105000069 6746 
313760105000048 313760105000071 5435 
313760105000048 313760105000072 5742 
313760105000048 313760105000074 5487 
313760105000048 313760105000075 521 
313760105000048 313760105000076 4949 
313760105000048 313760105000077 5082 
313760105000048 313760105000078 439 
313760105000048 31376010500008 4649 
313760105000048 313760105000081 3698 
313760105000048 313760105000082 428 
313760105000048 313760105000083 4593 
313760105000048 313760105000084 48 
313760105000048 313760105000085 5014 
313760105000048 313760105000086 5225 
313760105000048 313760105000087 3266 
313760105000048 313760105000088 328 
313760105000048 313760105000089 3957 
313760105000048 31376010500009 3975 
313760105000048 313760105000091 4312 
313760105000048 313760105000092 3945 
313760105000048 313760105000094 4886 
313760105000048 313760105000095 5053 
313760105000048 313760105000096 59 
313760105000048 313760105000097 5652 
313760105000048 313760105000098 5659 
313760105000048 313760105000099 6121 
313760105000048 313760105000101 5195 
313760105000048 313760105000102 6618 
313760105000048 313760105000103 5904 
313760105000048 313760105000105 6642 
313760105000048 313760105000106 7653 
313760105000048 313760105000108 704 
313760105000048 313760105000109 7302 
313760105000048 31376010500011 7777 
313760105000048 313760105000112 8457 
313760105000048 313760105000114 8917 
313760105000048 313760105000118 9117 
313760105000048 31376010500012 8104 
313760105000048 313760105000122 8376 
313760105000048 313760105000123 754 
313760105000048 313760105000124 771 
313760105000048 313760105000125 7473 
313760105000048 313760105000126 6785 
313760105000048 313760105000127 6957 
313760105000048 313760105000128 834 
313760105000048 313760105000129 9298 
313760105000048 313760105000132 7598 
313760105000048 313760105000133 8019 
313760105000048 313760105000134 8528 
313760105000048 313760105000135 9048 
313760105000048 313760105000136 9216 
313760105000048 313760105000138 10149 
313760105000048 313760105000139 9945 
313760105000048 31376010500014 9457 
313760105000048 313760105000141 9353 
313760105000048 313760105000142 8918 
313760105000048 313760105000144 2409 
313760105000048 313760105000145 2818 
313760105000048 313760105000146 3765 
313760105000048 313760105000147 10529 
313760105000048 31376010500015 10009 
313760105000048 313760105000151 104 
313760105000048 313760105000152 11583 
313760105000048 313760105000161 8429 
313760105000048 313760105000162 10002 
313760105000048 313760105000163 10061 
313760105000048 313760105000164 9958 
313760105000048 313760105000165 7171 
313760105000048 313760105000166 8619 
313760105000048 313760105000167 8237 
313760105000048 313760105000168 7103 
313760105000048 313760105000169 7333 
313760105000048 31376010500017 6747 
313760105000048 313760105000171 6397 
313760105000048 313760105000172 11359 
313760105000048 313760105000173 9848 
313760105000048 313760105000174 10424 
313760105000048 313760105000175 7484 
313760105000048 313760105000176 7279 
313760105000048 313760105000177 8985 
313760105000048 313760105000178 9019 
313760105000048 313760105000179 8781 
313760105000048 31376010500018 8907 
313760105000048 313760105000182 10541 
313760105000048 313760105000183 10522 
313760105000048 313760105000184 10232 
313760105000048 313760105000185 10239 
313760105000048 313760105000186 9741 
313760105000048 313760105000187 956 
313760105000048 313760105000188 7577 
313760105000048 313760105000189 7968 
313760105000048 31376010500019 10077 
313760105000048 313760105000191 10082 
313760105000048 313760105000192 10146 
313760105000048 313760105000193 10116 
313760105000048 313760105000194 9925 
313760105000048 313760105000195 7544 
313760105000048 313760105000196 7265 
313760105000048 313760105000198 6188 
313760105000048 313760105000199 5838 
313760105000048 3137601050002 5909 
313760105000048 313760105000201 6115 
313760105000048 313760105000202 6219 
313760105000048 313760105000203 7457 
313760105000048 313760105000204 7554 
313760105000048 313760105000205 8757 
313760105000048 313760105000206 8811 
313760105000048 313760105000207 8843 
313760105000048 313760105000208 8631 
313760105000048 313760105000209 1021 
313760105000048 31376010500021 1054 
313760105000048 313760105000211 5885 
313760105000048 313760105000212 5771 
313760105000048 313760105000213 5691 
313760105000048 313760105000214 5588 
313760105000048 313760105000215 9616 
313760105000048 313760105000216 9024 
313760105000048 313760105000217 8969 
313760105000048 313760105000218 8617 
313760105000048 313760105000219 8145 
313760105000048 31376010500022 8618 
313760105000048 313760105000221 8011 
313760105000048 313760105000222 9287 
313760105000048 313760105000223 9389 
313760105000048 313760105000224 8755 
313760105000048 313760105000225 8176 
313760105000048 313760105000226 8575 
313760105000048 313760105000227 9007 
313760105000048 313760105000228 9071 
313760105000048 313760105000229 8663 
313760105000048 31376010500023 10619 
313760105000048 313760105000231 10957 
313760105000048 313760105000232 9791 
313760105000048 313760105000233 10377 
313760105000048 313760105000234 8025 
313760105000048 313760105000235 8375 
313760105000048 313760105000236 7648 
313760105000048 313760105000237 7917 
313760105000048 313760105000238 4203 
313760105000048 313760105000239 518 
313760105000048 31376010500024 4707 
313760105000048 313760105000241 5272 
313760105000048 313760105000242 7598 
313760105000048 313760105000243 7725 
313760105000048 313760105000245 6012 
313760105000048 313760105000246 7057 
313760105000048 313760105000247 6883 
313760105000048 313760105000248 5352 
313760105000048 313760105000249 5631 
313760105000048 31376010500025 8172 
313760105000048 313760105000251 8131 
313760105000048 313760105000252 8464 
313760105000048 313760105000253 8169 
313760105000048 313760105000254 9228 
313760105000048 313760105000255 9175 
313760105000048 313760105000256 4874 
313760105000048 313760105000257 4668 
313760105000048 313760105000258 7225 
313760105000048 313760105000259 6948 
313760105000048 31376010500026 8489 
313760105000048 313760105000261 8589 
313760105000048 313760105000262 8561 
313760105000048 313760105000263 8782 
313760105000048 313760105000264 6526 
313760105000048 313760105000265 6799 
313760105000048 313760105000266 9578 
313760105000048 313760105000267 9684 
313760105000048 313760105000268 9469 
313760105000048 313760105000269 9381 
313760105000048 31376010500027 3899 
313760105000048 313760105000271 3688 
313760105000048 313760105000272 8914 
313760105000048 313760105000273 9164 
313760105000048 313760105000274 645 
313760105000048 313760105000275 6701 
313760105000048 313760105000276 6942 
313760105000048 313760105000277 6959 
313760105000048 313760105000278 7972 
313760105000048 313760105000279 7984 
313760105000048 31376010500028 9034 
313760105000048 313760105000281 814 
313760105000048 313760105000282 9737 
313760105000048 313760105000283 951 
313760105000048 313760105000284 7336 
313760105000048 313760105000285 8263 
313760105000048 313760114000002 5604 
313760105000048 313760114000007 4053 
313760105000048 313760114000008 4062 
313760105000048 313760114000009 3319 
313760105000048 31376011400001 4381 
313760105000048 313760115000001 15327 
313760105000048 313760115000002 16226 
313760105000048 313760115000003 12368 
313760105000048 313760115000005 14442 
313760105000048 313760115000006 16149 
313760105000048 313760115000007 13738 
313760105000048 313760115000008 15055 
313760105000048 313760115000009 14308 
313760105000048 31376011500001 15947 
313760105000048 313760115000011 15428 
313760105000048 313760115000014 11011 
313760105000048 313760115000015 11813 
313760105000048 313760115000018 1427 
313760105000048 313760115000019 13877 
313760105000048 31376011500002 11377 
313760105000048 313760115000021 11314 
313760105000048 313760115000022 11717 
313760105000048 313760115000023 11701 
313760105000048 313760115000024 12225 
313760105000048 313760115000025 11953 
313760105000048 313760115000026 12106 
313760105000048 313760115000027 12516 
313760105000048 313760115000029 12618 
313760105000048 31376011500003 12785 
313760105000048 313760115000031 13179 
313760105000048 313760115000032 13164 
313760105000048 313760115000033 13072 
313760105000048 313760115000034 11187 
31376010500005 313760105000002 6733 
31376010500005 313760105000003 7297 
31376010500005 313760105000005 6518 
31376010500005 313760105000007 6126 
31376010500005 313760105000008 6367 
31376010500005 313760105000009 7411 
31376010500005 31376010500001 6808 
31376010500005 313760105000011 6039 
31376010500005 313760105000012 6468 
31376010500005 313760105000013 623 
31376010500005 313760105000015 5285 
31376010500005 313760105000016 5818 
31376010500005 31376010500002 4065 
31376010500005 313760105000021 4127 
31376010500005 313760105000022 3761 
31376010500005 313760105000024 1358 
31376010500005 313760105000026 3685 
31376010500005 313760105000027 4201 
31376010500005 313760105000028 4641 
31376010500005 313760105000029 5339 
31376010500005 31376010500003 6511 
31376010500005 313760105000036 6042 
31376010500005 313760105000037 6171 
31376010500005 313760105000039 7863 
31376010500005 31376010500004 7971 
31376010500005 313760105000043 9093 
31376010500005 313760105000045 8516 
31376010500005 313760105000048 10579 
31376010500005 31376010500005  
31376010500005 313760105000058 2199 
31376010500005 313760105000064 9644 
31376010500005 313760105000066 6599 
31376010500005 313760105000067 6385 
31376010500005 313760105000068 6886 
31376010500005 313760105000069 6858 
31376010500005 313760105000071 7285 
31376010500005 313760105000072 6466 
31376010500005 313760105000074 6047 
31376010500005 313760105000075 6244 
31376010500005 313760105000076 6444 
31376010500005 313760105000077 6518 
31376010500005 313760105000078 7064 
31376010500005 31376010500008 672 
31376010500005 313760105000081 7232 
31376010500005 313760105000082 6738 
31376010500005 313760105000083 6362 
31376010500005 313760105000084 6342 
31376010500005 313760105000085 6168 
31376010500005 313760105000086 5939 
31376010500005 313760105000087 7446 
31376010500005 313760105000088 7316 
31376010500005 313760105000089 6759 
31376010500005 31376010500009 6633 
31376010500005 313760105000091 6266 
31376010500005 313760105000092 6737 
31376010500005 313760105000094 5697 
31376010500005 313760105000095 5597 
31376010500005 313760105000096 4744 
31376010500005 313760105000097 5091 
31376010500005 313760105000098 5205 
31376010500005 313760105000099 4913 
31376010500005 313760105000101 5514 
31376010500005 313760105000102 411 
31376010500005 313760105000103 496 
31376010500005 313760105000105 4464 
31376010500005 313760105000106 3366 
31376010500005 313760105000108 4522 
31376010500005 313760105000109 4399 
31376010500005 31376010500011 3493 
31376010500005 313760105000112 267 
31376010500005 313760105000114 1678 
31376010500005 313760105000118 2662 
31376010500005 31376010500012 333 
31376010500005 313760105000122 449 
31376010500005 313760105000123 4952 
31376010500005 313760105000124 4439 
31376010500005 313760105000125 4462 
31376010500005 313760105000126 6268 
31376010500005 313760105000127 5852 
31376010500005 313760105000128 5185 
31376010500005 313760105000129 463 
31376010500005 313760105000132 6037 
31376010500005 313760105000133 6631 
31376010500005 313760105000134 5869 
31376010500005 313760105000135 7289 
31376010500005 313760105000136 782 
31376010500005 313760105000138 8908 
31376010500005 313760105000139 8885 
31376010500005 31376010500014 8775 
31376010500005 313760105000141 8358 
31376010500005 313760105000142 7913 
31376010500005 313760105000144 8219 
31376010500005 313760105000145 7973 
31376010500005 313760105000146 11462 
31376010500005 313760105000147 4627 
31376010500005 31376010500015 9785 
31376010500005 313760105000151 9998 
31376010500005 313760105000152 1215 
31376010500005 313760105000161 3362 
31376010500005 313760105000162 9288 
31376010500005 313760105000163 9319 
31376010500005 313760105000164 944 
31376010500005 313760105000165 4551 
31376010500005 313760105000166 2832 
31376010500005 313760105000167 3032 
31376010500005 313760105000168 5999 
31376010500005 313760105000169 5743 
31376010500005 31376010500017 3882 
31376010500005 313760105000171 4228 
31376010500005 313760105000172 4974 
31376010500005 313760105000173 2515 
31376010500005 313760105000174 2423 
31376010500005 313760105000175 5957 
31376010500005 313760105000176 614 
31376010500005 313760105000177 4931 
31376010500005 313760105000178 4907 
31376010500005 313760105000179 5422 
31376010500005 31376010500018 5238 
31376010500005 313760105000182 9316 
31376010500005 313760105000183 9337 
31376010500005 313760105000184 963 
31376010500005 313760105000185 9788 
31376010500005 313760105000186 8806 
31376010500005 313760105000187 8638 
31376010500005 313760105000188 6868 
31376010500005 313760105000189 7065 
31376010500005 31376010500019 10187 
31376010500005 313760105000191 1014 
31376010500005 313760105000192 10707 
31376010500005 313760105000193 9946 
31376010500005 313760105000194 9863 
31376010500005 313760105000195 8748 
31376010500005 313760105000196 8078 
31376010500005 313760105000198 4393 
31376010500005 313760105000199 4749 
31376010500005 3137601050002 467 
31376010500005 313760105000201 4477 
31376010500005 313760105000202 4409 
31376010500005 313760105000203 4004 
31376010500005 313760105000204 3803 
31376010500005 313760105000205 309 
31376010500005 313760105000206 3382 
31376010500005 313760105000207 4385 
31376010500005 313760105000208 4444 
31376010500005 313760105000209 9421 
31376010500005 31376010500021 969 
31376010500005 313760105000211 6081 
31376010500005 313760105000212 5901 
31376010500005 313760105000213 4917 
31376010500005 313760105000214 499 
31376010500005 313760105000215 1397 
31376010500005 313760105000216 2368 
31376010500005 313760105000217 4638 
31376010500005 313760105000218 4741 
31376010500005 313760105000219 746 
31376010500005 31376010500022 8224 
31376010500005 313760105000221 7905 
31376010500005 313760105000222 9629 
31376010500005 313760105000223 9323 
31376010500005 313760105000224 9275 
31376010500005 313760105000225 8651 
31376010500005 313760105000226 8608 
31376010500005 313760105000227 8644 
31376010500005 313760105000228 89 
31376010500005 313760105000229 8916 
31376010500005 31376010500023 1714 
31376010500005 313760105000231 1978 
31376010500005 313760105000232 6109 
31376010500005 313760105000233 7475 
31376010500005 313760105000234 4182 
31376010500005 313760105000235 4036 
31376010500005 313760105000236 5462 
31376010500005 313760105000237 5359 
31376010500005 313760105000238 7584 
31376010500005 313760105000239 683 
31376010500005 31376010500024 7602 
31376010500005 313760105000241 7023 
31376010500005 313760105000242 6643 
31376010500005 313760105000243 6357 
31376010500005 313760105000245 6392 
31376010500005 313760105000246 6636 
31376010500005 313760105000247 6585 
31376010500005 313760105000248 5608 
31376010500005 313760105000249 5516 
31376010500005 31376010500025 4983 
31376010500005 313760105000251 4819 
31376010500005 313760105000252 5444 
31376010500005 313760105000253 541 
31376010500005 313760105000254 8119 
31376010500005 313760105000255 8323 
31376010500005 313760105000256 6765 
31376010500005 313760105000257 697 
31376010500005 313760105000258 6934 
31376010500005 313760105000259 6947 
31376010500005 31376010500026 7023 
31376010500005 313760105000261 7002 
31376010500005 313760105000262 6925 
31376010500005 313760105000263 6463 
31376010500005 313760105000264 10958 
31376010500005 313760105000265 3948 
31376010500005 313760105000266 9281 
31376010500005 313760105000267 9487 
31376010500005 313760105000268 9159 
31376010500005 313760105000269 9099 
31376010500005 31376010500027 6681 
31376010500005 313760105000271 6895 
31376010500005 313760105000272 2015 
31376010500005 313760105000273 1833 
31376010500005 313760105000274 4439 
31376010500005 313760105000275 4235 
31376010500005 313760105000276 7478 
31376010500005 313760105000277 7736 
31376010500005 313760105000278 5844 
31376010500005 313760105000279 5623 
31376010500005 31376010500028 11805 
31376010500005 313760105000281 9698 
31376010500005 313760105000282 8447 
31376010500005 313760105000283 8098 
31376010500005 313760105000284 4214 
31376010500005 313760105000285 2386 
31376010500005 313760114000002 7935 
31376010500005 313760114000007 8895 
31376010500005 313760114000008 8394 
31376010500005 313760114000009 8211 
31376010500005 31376011400001 11486 
31376010500005 313760115000001 11259 
31376010500005 313760115000002 12189 
31376010500005 313760115000003 11748 
31376010500005 313760115000005 962 
31376010500005 313760115000006 13962 
31376010500005 313760115000007 14085 
31376010500005 313760115000008 11612 
31376010500005 313760115000009 10764 
31376010500005 31376011500001 12429 
31376010500005 313760115000011 12384 
31376010500005 313760115000014 10121 
31376010500005 313760115000015 8665 
31376010500005 313760115000018 11384 
31376010500005 313760115000019 12032 
31376010500005 31376011500002 11166 
31376010500005 313760115000021 10742 
31376010500005 313760115000022 1092 
31376010500005 313760115000023 10626 
31376010500005 313760115000024 10889 
31376010500005 313760115000025 10572 
31376010500005 313760115000026 10737 
31376010500005 313760115000027 11088 
31376010500005 313760115000029 10291 
31376010500005 31376011500003 9555 
31376010500005 313760115000031 10425 
31376010500005 313760115000032 12464 
31376010500005 313760115000033 11891 
31376010500005 313760115000034 9125 
313760105000076 313760105000002 1762 
313760105000076 313760105000003 2285 
313760105000076 313760105000005 688 
313760105000076 313760105000007 776 
313760105000076 313760105000008 503 
313760105000076 313760105000009 1051 
313760105000076 31376010500001 789 
313760105000076 313760105000011 861 
313760105000076 313760105000012 1003 
313760105000076 313760105000013 1383 
313760105000076 313760105000015 1206 
313760105000076 313760105000016 2683 
313760105000076 31376010500002 2509 
313760105000076 313760105000021 2625 
313760105000076 313760105000022 2926 
313760105000076 313760105000024 5568 
313760105000076 313760105000026 3208 
313760105000076 313760105000027 3948 
313760105000076 313760105000028 3122 
313760105000076 313760105000029 2429 
313760105000076 31376010500003 2045 
313760105000076 313760105000036 2941 
313760105000076 313760105000037 319 
313760105000076 313760105000039 5111 
313760105000076 31376010500004 5405 
313760105000076 313760105000043 586 
313760105000076 313760105000045 5292 
313760105000076 313760105000048 4949 
313760105000076 31376010500005 6444 
313760105000076 313760105000058 5743 
313760105000076 313760105000064 6342 
313760105000076 313760105000066 2761 
313760105000076 313760105000067 2535 
313760105000076 313760105000068 2196 
313760105000076 313760105000069 2302 
313760105000076 313760105000071 1417 
313760105000076 313760105000072 1022 
313760105000076 313760105000074 538 
313760105000076 313760105000075 261 
313760105000076 313760105000076  
313760105000076 313760105000077 263 
313760105000076 313760105000078 643 
313760105000076 31376010500008 311 
313760105000076 313760105000081 1294 
313760105000076 313760105000082 76 
313760105000076 313760105000083 698 
313760105000076 313760105000084 364 
313760105000076 313760105000085 352 
313760105000076 313760105000086 53 
313760105000076 313760105000087 1859 
313760105000076 313760105000088 2178 
313760105000076 313760105000089 1409 
313760105000076 31376010500009 1784 
313760105000076 313760105000091 2046 
313760105000076 313760105000092 2877 
313760105000076 313760105000094 1982 
313760105000076 313760105000095 1572 
313760105000076 313760105000096 2047 
313760105000076 313760105000097 159 
313760105000076 313760105000098 1346 
313760105000076 313760105000099 1531 
313760105000076 313760105000101 2997 
313760105000076 313760105000102 3618 
313760105000076 313760105000103 3569 
313760105000076 313760105000105 4225 
313760105000076 313760105000106 3114 
313760105000076 313760105000108 2188 
313760105000076 313760105000109 243 
313760105000076 31376010500011 3103 
313760105000076 313760105000112 3903 
313760105000076 313760105000114 4995 
313760105000076 313760105000118 4399 
313760105000076 31376010500012 3389 
313760105000076 313760105000122 3429 
313760105000076 313760105000123 2591 
313760105000076 313760105000124 2785 
313760105000076 313760105000125 2564 
313760105000076 313760105000126 2058 
313760105000076 313760105000127 2101 
313760105000076 313760105000128 3417 
313760105000076 313760105000129 435 
313760105000076 313760105000132 2819 
313760105000076 313760105000133 3421 
313760105000076 313760105000134 371 
313760105000076 313760105000135 4586 
313760105000076 313760105000136 4918 
313760105000076 313760105000138 6088 
313760105000076 313760105000139 592 
313760105000076 31376010500014 5494 
313760105000076 313760105000141 5238 
313760105000076 313760105000142 4704 
313760105000076 313760105000144 2691 
313760105000076 313760105000145 3532 
313760105000076 313760105000146 5017 
313760105000076 313760105000147 558 
313760105000076 31376010500015 635 
313760105000076 313760105000151 6726 
313760105000076 313760105000152 8515 
313760105000076 313760105000161 3634 
313760105000076 313760105000162 6128 
313760105000076 313760105000163 6185 
313760105000076 313760105000164 616 
313760105000076 313760105000165 2284 
313760105000076 313760105000166 3946 
313760105000076 313760105000167 36 
313760105000076 313760105000168 2297 
313760105000076 313760105000169 2471 
313760105000076 31376010500017 343 
313760105000076 313760105000171 3201 
313760105000076 313760105000172 6411 
313760105000076 313760105000173 5094 
313760105000076 313760105000174 5671 
313760105000076 313760105000175 268 
313760105000076 313760105000176 2524 
313760105000076 313760105000177 4048 
313760105000076 313760105000178 408 
313760105000076 313760105000179 3888 
313760105000076 31376010500018 3994 
313760105000076 313760105000182 655 
313760105000076 313760105000183 6543 
313760105000076 313760105000184 6445 
313760105000076 313760105000185 6517 
313760105000076 313760105000186 5728 
313760105000076 313760105000187 5517 
313760105000076 313760105000188 3094 
313760105000076 313760105000189 3536 
313760105000076 31376010500019 6584 
313760105000076 313760105000191 6565 
313760105000076 313760105000192 6882 
313760105000076 313760105000193 6499 
313760105000076 313760105000194 6326 
313760105000076 313760105000195 4063 
313760105000076 313760105000196 3452 
313760105000076 313760105000198 2788 
313760105000076 313760105000199 2672 
313760105000076 3137601050002 2468 
313760105000076 313760105000201 2866 
313760105000076 313760105000202 3117 
313760105000076 313760105000203 2676 
313760105000076 313760105000204 2823 
313760105000076 313760105000205 3981 
313760105000076 313760105000206 3966 
313760105000076 313760105000207 3896 
313760105000076 313760105000208 3683 
313760105000076 313760105000209 634 
313760105000076 31376010500021 6698 
313760105000076 313760105000211 987 
313760105000076 313760105000212 822 
313760105000076 313760105000213 2759 
313760105000076 313760105000214 2384 
313760105000076 313760105000215 5207 
313760105000076 313760105000216 4412 
313760105000076 313760105000217 4021 
313760105000076 313760105000218 367 
313760105000076 313760105000219 3859 
313760105000076 31376010500022 4592 
313760105000076 313760105000221 3951 
313760105000076 313760105000222 5764 
313760105000076 313760105000223 5689 
313760105000076 313760105000224 5209 
313760105000076 313760105000225 4462 
313760105000076 313760105000226 474 
313760105000076 313760105000227 5088 
313760105000076 313760105000228 5255 
313760105000076 313760105000229 4959 
313760105000076 31376010500023 6008 
313760105000076 313760105000231 6295 
313760105000076 313760105000232 498 
313760105000076 313760105000233 5815 
313760105000076 313760105000234 3113 
313760105000076 313760105000235 346 
313760105000076 313760105000236 2744 
313760105000076 313760105000237 3007 
313760105000076 313760105000238 1139 
313760105000076 313760105000239 726 
313760105000076 31376010500024 1281 
313760105000076 313760105000241 1018 
313760105000076 313760105000242 3023 
313760105000076 313760105000243 3044 
313760105000076 313760105000245 1282 
313760105000076 313760105000246 2494 
313760105000076 313760105000247 2298 
313760105000076 313760105000248 942 
313760105000076 313760105000249 928 
313760105000076 31376010500025 3231 
313760105000076 313760105000251 3183 
313760105000076 313760105000252 3573 
313760105000076 313760105000253 327 
313760105000076 313760105000254 5042 
313760105000076 313760105000255 5082 
313760105000076 313760105000256 376 
313760105000076 313760105000257 536 
313760105000076 313760105000258 2795 
313760105000076 313760105000259 2541 
313760105000076 31376010500026 3994 
313760105000076 313760105000261 4077 
313760105000076 313760105000262 4026 
313760105000076 313760105000263 4094 
313760105000076 313760105000264 5101 
313760105000076 313760105000265 2544 
313760105000076 313760105000266 5808 
313760105000076 313760105000267 598 
313760105000076 313760105000268 5672 
313760105000076 313760105000269 5579 
313760105000076 31376010500027 2255 
313760105000076 313760105000271 2094 
313760105000076 313760105000272 5378 
313760105000076 313760105000273 5604 
313760105000076 313760105000274 3833 
313760105000076 313760105000275 4022 
313760105000076 313760105000276 2833 
313760105000076 313760105000277 3003 
313760105000076 313760105000278 3149 
313760105000076 313760105000279 3117 
313760105000076 31376010500028 6845 
313760105000076 313760105000281 5034 
313760105000076 313760105000282 5584 
313760105000076 313760105000283 5267 
313760105000076 313760105000284 4987 
313760105000076 313760105000285 4083 
313760105000076 313760114000002 6254 
313760105000076 313760114000007 5828 
313760105000076 313760114000008 5385 
313760105000076 313760114000009 4528 
313760105000076 31376011400001 7899 
313760105000076 313760115000001 10908 
313760105000076 313760115000002 1186 
313760105000076 313760115000003 8853 
313760105000076 313760115000005 9806 
313760105000076 313760115000006 12336 
313760105000076 313760115000007 10771 
313760105000076 313760115000008 10785 
313760105000076 313760115000009 9962 
313760105000076 31376011500001 11707 
313760105000076 313760115000011 11296 
313760105000076 313760115000014 7221 
313760105000076 313760115000015 7364 
313760105000076 313760115000018 1011 
313760105000076 313760115000019 10029 
313760105000076 31376011500002 7924 
313760105000076 313760115000021 7696 
313760105000076 313760115000022 8056 
313760105000076 313760115000023 7927 
313760105000076 313760115000024 841 
313760105000076 313760115000025 809 
313760105000076 313760115000026 8265 
313760105000076 313760115000027 8697 
313760105000076 313760115000029 8495 
313760105000076 31376011500003 8407 
313760105000076 313760115000031 8973 
313760105000076 313760115000032 9693 
313760105000076 313760115000033 9401 
313760105000076 313760115000034 6988 
313760105000082 313760105000002 2486 
313760105000082 313760105000003 2956 
313760105000082 313760105000005 142 
313760105000082 313760105000007 1533 
313760105000082 313760105000008 126 
313760105000082 313760105000009 749 
313760105000082 31376010500001 7 
313760105000082 313760105000011 706 
313760105000082 313760105000012 421 
313760105000082 313760105000013 872 
313760105000082 313760105000015 1751 
313760105000082 313760105000016 2213 
313760105000082 31376010500002 3004 
313760105000082 313760105000021 3181 
313760105000082 313760105000022 344 
313760105000082 313760105000024 598 
313760105000082 313760105000026 3759 
313760105000082 313760105000027 4615 
313760105000082 313760105000028 3811 
313760105000082 313760105000029 3163 
313760105000082 31376010500003 2793 
313760105000082 313760105000036 3701 
313760105000082 313760105000037 395 
313760105000082 313760105000039 585 
313760105000082 31376010500004 6147 
313760105000082 313760105000043 6558 
313760105000082 313760105000045 6003 
313760105000082 313760105000048 428 
313760105000082 31376010500005 6738 
313760105000082 313760105000058 6253 
313760105000082 313760105000064 7025 
313760105000082 313760105000066 3511 
313760105000082 313760105000067 3291 
313760105000082 313760105000068 2916 
313760105000082 313760105000069 3028 
313760105000082 313760105000071 1985 
313760105000082 313760105000072 1765 
313760105000082 313760105000074 1257 
313760105000082 313760105000075 993 
313760105000082 313760105000076 76 
313760105000082 313760105000077 989 
313760105000082 313760105000078 648 
313760105000082 31376010500008 568 
313760105000082 313760105000081 582 
313760105000082 313760105000082  
313760105000082 313760105000083 376 
313760105000082 313760105000084 521 
313760105000082 313760105000085 735 
313760105000082 313760105000086 945 
313760105000082 313760105000087 1106 
313760105000082 313760105000088 1421 
313760105000082 313760105000089 688 
313760105000082 31376010500009 1111 
313760105000082 313760105000091 1476 
313760105000082 313760105000092 2222 
313760105000082 313760105000094 1606 
313760105000082 313760105000095 134 
313760105000082 313760105000096 2072 
313760105000082 313760105000097 1663 
313760105000082 313760105000098 1535 
313760105000082 313760105000099 191 
313760105000082 313760105000101 2587 
313760105000082 313760105000102 3481 
313760105000082 313760105000103 3254 
313760105000082 313760105000105 3978 
313760105000082 313760105000106 3513 
313760105000082 313760105000108 2764 
313760105000082 313760105000109 3024 
313760105000082 31376010500011 3572 
313760105000082 313760105000112 4324 
313760105000082 313760105000114 5195 
313760105000082 313760105000118 4905 
313760105000082 31376010500012 3884 
313760105000082 313760105000122 4111 
313760105000082 313760105000123 3294 
313760105000082 313760105000124 3431 
313760105000082 313760105000125 3192 
313760105000082 313760105000126 2816 
313760105000082 313760105000127 2859 
313760105000082 313760105000128 4151 
313760105000082 313760105000129 5052 
313760105000082 313760105000132 3579 
313760105000082 313760105000133 4176 
313760105000082 313760105000134 4467 
313760105000082 313760105000135 5335 
313760105000082 313760105000136 5655 
313760105000082 313760105000138 6807 
313760105000082 313760105000139 6634 
313760105000082 31376010500014 6198 
313760105000082 313760105000141 5957 
313760105000082 313760105000142 543 
313760105000082 313760105000144 1958 
313760105000082 313760105000145 278 
313760105000082 313760105000146 482 
313760105000082 313760105000147 6273 
313760105000082 31376010500015 7023 
313760105000082 313760105000151 7404 
313760105000082 313760105000152 913 
313760105000082 313760105000161 4178 
313760105000082 313760105000162 6826 
313760105000082 313760105000163 6884 
313760105000082 313760105000164 6849 
313760105000082 313760105000165 289 
313760105000082 313760105000166 4424 
313760105000082 313760105000167 4056 
313760105000082 313760105000168 3057 
313760105000082 313760105000169 3226 
313760105000082 31376010500017 3375 
313760105000082 313760105000171 3091 
313760105000082 313760105000172 7108 
313760105000082 313760105000173 5622 
313760105000082 313760105000174 6202 
313760105000082 313760105000175 344 
313760105000082 313760105000176 3285 
313760105000082 313760105000177 4768 
313760105000082 313760105000178 4799 
313760105000082 313760105000179 4632 
313760105000082 31376010500018 473 
313760105000082 313760105000182 7264 
313760105000082 313760105000183 7256 
313760105000082 313760105000184 7134 
313760105000082 313760105000185 72 
313760105000082 313760105000186 6439 
313760105000082 313760105000187 623 
313760105000082 313760105000188 3837 
313760105000082 313760105000189 4277 
313760105000082 31376010500019 7237 
313760105000082 313760105000191 7221 
313760105000082 313760105000192 7508 
313760105000082 313760105000193 7168 
313760105000082 313760105000194 699 
313760105000082 313760105000195 4669 
313760105000082 313760105000196 4098 
313760105000082 313760105000198 271 
313760105000082 313760105000199 2502 
313760105000082 3137601050002 2372 
313760105000082 313760105000201 2744 
313760105000082 313760105000202 2971 
313760105000082 313760105000203 3204 
313760105000082 313760105000204 3322 
313760105000082 313760105000205 4515 
313760105000082 313760105000206 4544 
313760105000082 313760105000207 4578 
313760105000082 313760105000208 4367 
313760105000082 313760105000209 7039 
313760105000082 31376010500021 7396 
313760105000082 313760105000211 1745 
313760105000082 313760105000212 1547 
313760105000082 313760105000213 2523 
313760105000082 313760105000214 2191 
313760105000082 313760105000215 5584 
313760105000082 313760105000216 4866 
313760105000082 313760105000217 4723 
313760105000082 313760105000218 4376 
313760105000082 313760105000219 4586 
313760105000082 31376010500022 5293 
313760105000082 313760105000221 4648 
313760105000082 313760105000222 6411 
313760105000082 313760105000223 636 
313760105000082 313760105000224 5851 
313760105000082 313760105000225 5116 
313760105000082 313760105000226 5417 
313760105000082 313760105000227 5781 
313760105000082 313760105000228 5936 
313760105000082 313760105000229 562 
313760105000082 31376010500023 6474 
313760105000082 313760105000231 6785 
313760105000082 313760105000232 5736 
313760105000082 313760105000233 6574 
313760105000082 313760105000234 3744 
313760105000082 313760105000235 4094 
313760105000082 313760105000236 3489 
313760105000082 313760105000237 3747 
313760105000082 313760105000238 1137 
313760105000082 313760105000239 1353 
313760105000082 31376010500024 1579 
313760105000082 313760105000241 1612 
313760105000082 313760105000242 3774 
313760105000082 313760105000243 3803 
313760105000082 313760105000245 2033 
313760105000082 313760105000246 3239 
313760105000082 313760105000247 3045 
313760105000082 313760105000248 1149 
313760105000082 313760105000249 1364 
313760105000082 31376010500025 3951 
313760105000082 313760105000251 3889 
313760105000082 313760105000252 4318 
313760105000082 313760105000253 4014 
313760105000082 313760105000254 5768 
313760105000082 313760105000255 5797 
313760105000082 313760105000256 92 
313760105000082 313760105000257 868 
313760105000082 313760105000258 3527 
313760105000082 313760105000259 3266 
313760105000082 31376010500026 4744 
313760105000082 313760105000261 4829 
313760105000082 313760105000262 4779 
313760105000082 313760105000263 4855 
313760105000082 313760105000264 5377 
313760105000082 313760105000265 279 
313760105000082 313760105000266 6489 
313760105000082 313760105000267 6655 
313760105000082 313760105000268 6356 
313760105000082 313760105000269 6262 
313760105000082 31376010500027 1587 
313760105000082 313760105000271 138 
313760105000082 313760105000272 5469 
313760105000082 313760105000273 5709 
313760105000082 313760105000274 3608 
313760105000082 313760105000275 3826 
313760105000082 313760105000276 3515 
313760105000082 313760105000277 3661 
313760105000082 313760105000278 3907 
313760105000082 313760105000279 3869 
313760105000082 31376010500028 7309 
313760105000082 313760105000281 5603 
313760105000082 313760105000282 631 
313760105000082 313760105000283 6 
313760105000082 313760105000284 4765 
313760105000082 313760105000285 4352 
313760105000082 313760114000002 5626 
313760105000082 313760114000007 5105 
313760105000082 313760114000008 4676 
313760105000082 313760114000009 3796 
313760105000082 31376011400001 714 
313760105000082 313760115000001 11665 
313760105000082 313760115000002 12615 
313760105000082 313760115000003 9527 
313760105000082 313760115000005 10566 
313760105000082 313760115000006 13053 
313760105000082 313760115000007 1139 
313760105000082 313760115000008 11534 
313760105000082 313760115000009 10715 
313760105000082 31376011500001 12456 
313760105000082 313760115000011 12037 
313760105000082 313760115000014 7917 
313760105000082 313760115000015 8119 
313760105000082 313760115000018 10851 
313760105000082 313760115000019 10744 
313760105000082 31376011500002 8584 
313760105000082 313760115000021 8375 
313760105000082 313760115000022 8742 
313760105000082 313760115000023 8625 
313760105000082 313760115000024 9115 
313760105000082 313760115000025 8799 
313760105000082 313760115000026 8972 
313760105000082 313760115000027 9404 
313760105000082 313760115000029 923 
313760105000082 31376011500003 916 
313760105000082 313760115000031 9716 
313760105000082 313760115000032 10366 
313760105000082 313760115000033 10095 
313760105000082 313760115000034 7725 
313760105000098 313760105000002 2592 
313760105000098 313760105000003 3227 
313760105000098 313760105000005 174 
313760105000098 313760105000007 1471 
313760105000098 313760105000008 1512 
313760105000098 313760105000009 2213 
313760105000098 31376010500001 1605 
313760105000098 313760105000011 851 
313760105000098 313760105000012 1316 
313760105000098 313760105000013 1248 
313760105000098 313760105000015 78 
313760105000098 313760105000016 1953 
313760105000098 31376010500002 1608 
313760105000098 313760105000021 1868 
313760105000098 313760105000022 2045 
313760105000098 313760105000024 4461 
313760105000098 313760105000026 2403 
313760105000098 313760105000027 3469 
313760105000098 313760105000028 2781 
313760105000098 313760105000029 2416 
313760105000098 31376010500003 2695 
313760105000098 313760105000036 3222 
313760105000098 313760105000037 3488 
313760105000098 313760105000039 5622 
313760105000098 31376010500004 5891 
313760105000098 313760105000043 6557 
313760105000098 313760105000045 595 
313760105000098 313760105000048 5659 
313760105000098 31376010500005 5205 
313760105000098 313760105000058 4796 
313760105000098 313760105000064 7083 
313760105000098 313760105000066 3304 
313760105000098 313760105000067 3028 
313760105000098 313760105000068 2986 
313760105000098 313760105000069 3054 
313760105000098 313760105000071 2613 
313760105000098 313760105000072 1916 
313760105000098 313760105000074 1186 
313760105000098 313760105000075 1235 
313760105000098 313760105000076 1346 
313760105000098 313760105000077 1514 
313760105000098 313760105000078 19 
313760105000098 31376010500008 1568 
313760105000098 313760105000081 2059 
313760105000098 313760105000082 1535 
313760105000098 313760105000083 1161 
313760105000098 313760105000084 1155 
313760105000098 313760105000085 1013 
313760105000098 313760105000086 816 
313760105000098 313760105000087 2394 
313760105000098 313760105000088 2446 
313760105000098 313760105000089 1703 
313760105000098 31376010500009 178 
313760105000098 313760105000091 1692 
313760105000098 313760105000092 2554 
313760105000098 313760105000094 1259 
313760105000098 313760105000095 803 
313760105000098 313760105000096 737 
313760105000098 313760105000097 305 
313760105000098 313760105000098  
313760105000098 313760105000099 51 
313760105000098 313760105000101 2108 
313760105000098 313760105000102 2348 
313760105000098 313760105000103 2484 
313760105000098 313760105000105 3032 
313760105000098 313760105000106 2007 
313760105000098 313760105000108 1538 
313760105000098 313760105000109 1801 
313760105000098 31376010500011 2119 
313760105000098 313760105000112 2818 
313760105000098 313760105000114 3689 
313760105000098 313760105000118 3458 
313760105000098 31376010500012 2448 
313760105000098 313760105000122 3039 
313760105000098 313760105000123 2369 
313760105000098 313760105000124 2297 
313760105000098 313760105000125 2035 
313760105000098 313760105000126 2582 
313760105000098 313760105000127 2393 
313760105000098 313760105000128 3306 
313760105000098 313760105000129 4007 
313760105000098 313760105000132 3114 
313760105000098 313760105000133 3855 
313760105000098 313760105000134 3828 
313760105000098 313760105000135 5027 
313760105000098 313760105000136 5454 
313760105000098 313760105000138 6692 
313760105000098 313760105000139 6551 
313760105000098 31376010500014 6182 
313760105000098 313760105000141 5863 
313760105000098 313760105000142 5309 
313760105000098 313760105000144 3254 
313760105000098 313760105000145 359 
313760105000098 313760105000146 6298 
313760105000098 313760105000147 5159 
313760105000098 31376010500015 7125 
313760105000098 313760105000151 7477 
313760105000098 313760105000152 941 
313760105000098 313760105000161 2795 
313760105000098 313760105000162 6822 
313760105000098 313760105000163 6875 
313760105000098 313760105000164 6886 
313760105000098 313760105000165 1716 
313760105000098 313760105000166 296 
313760105000098 313760105000167 2579 
313760105000098 313760105000168 2644 
313760105000098 313760105000169 2669 
313760105000098 31376010500017 2115 
313760105000098 313760105000171 1925 
313760105000098 313760105000172 5993 
313760105000098 313760105000173 419 
313760105000098 313760105000174 4765 
313760105000098 313760105000175 2957 
313760105000098 313760105000176 2908 
313760105000098 313760105000177 3815 
313760105000098 313760105000178 3838 
313760105000098 313760105000179 3832 
313760105000098 31376010500018 3867 
313760105000098 313760105000182 7167 
313760105000098 313760105000183 7166 
313760105000098 313760105000184 7161 
313760105000098 313760105000185 7259 
313760105000098 313760105000186 6376 
313760105000098 313760105000187 6163 
313760105000098 313760105000188 3678 
313760105000098 313760105000189 4104 
313760105000098 31376010500019 7411 
313760105000098 313760105000191 7384 
313760105000098 313760105000192 7774 
313760105000098 313760105000193 7284 
313760105000098 313760105000194 7125 
313760105000098 313760105000195 5052 
313760105000098 313760105000196 4379 
313760105000098 313760105000198 1506 
313760105000098 313760105000199 1482 
313760105000098 3137601050002 1221 
313760105000098 313760105000201 1615 
313760105000098 313760105000202 1873 
313760105000098 313760105000203 1843 
313760105000098 313760105000204 1911 
313760105000098 313760105000205 3109 
313760105000098 313760105000206 32 
313760105000098 313760105000207 348 
313760105000098 313760105000208 3285 
313760105000098 313760105000209 7025 
313760105000098 31376010500021 7379 
313760105000098 313760105000211 1595 
313760105000098 313760105000212 1265 
313760105000098 313760105000213 1639 
313760105000098 313760105000214 1259 
313760105000098 313760105000215 4054 
313760105000098 313760105000216 3375 
313760105000098 313760105000217 3691 
313760105000098 313760105000218 3382 
313760105000098 313760105000219 4494 
313760105000098 31376010500022 531 
313760105000098 313760105000221 471 
313760105000098 313760105000222 6621 
313760105000098 313760105000223 6482 
313760105000098 313760105000224 6091 
313760105000098 313760105000225 5333 
313760105000098 313760105000226 5538 
313760105000098 313760105000227 5823 
313760105000098 313760105000228 6025 
313760105000098 313760105000229 5797 
313760105000098 31376010500023 498 
313760105000098 313760105000231 5306 
313760105000098 313760105000232 5014 
313760105000098 313760105000233 6093 
313760105000098 313760105000234 2549 
313760105000098 313760105000235 2882 
313760105000098 313760105000236 2785 
313760105000098 313760105000237 2987 
313760105000098 313760105000238 2445 
313760105000098 313760105000239 1958 
313760105000098 31376010500024 2622 
313760105000098 313760105000241 2235 
313760105000098 313760105000242 3533 
313760105000098 313760105000243 3438 
313760105000098 313760105000245 205 
313760105000098 313760105000246 3106 
313760105000098 313760105000247 2929 
313760105000098 313760105000248 414 
313760105000098 313760105000249 547 
313760105000098 31376010500025 3043 
313760105000098 313760105000251 2924 
313760105000098 313760105000252 3551 
313760105000098 313760105000253 3257 
313760105000098 313760105000254 5639 
313760105000098 313760105000255 5728 
313760105000098 313760105000256 1716 
313760105000098 313760105000257 1877 
313760105000098 313760105000258 3466 
313760105000098 313760105000259 3275 
313760105000098 31376010500026 4461 
313760105000098 313760105000261 4522 
313760105000098 313760105000262 4455 
313760105000098 313760105000263 4361 
313760105000098 313760105000264 6403 
313760105000098 313760105000265 1257 
313760105000098 313760105000266 6565 
313760105000098 313760105000267 6755 
313760105000098 313760105000268 6425 
313760105000098 313760105000269 6335 
313760105000098 31376010500027 2093 
313760105000098 313760105000271 213 
313760105000098 313760105000272 4036 
313760105000098 313760105000273 4265 
313760105000098 313760105000274 2631 
313760105000098 313760105000275 2788 
313760105000098 313760105000276 3704 
313760105000098 313760105000277 3925 
313760105000098 313760105000278 3323 
313760105000098 313760105000279 3203 
313760105000098 31376010500028 7995 
313760105000098 313760105000281 6065 
313760105000098 313760105000282 6164 
313760105000098 313760105000283 5814 
313760105000098 313760105000284 3753 
313760105000098 313760105000285 282 
313760105000098 313760114000002 563 
313760105000098 313760114000007 5567 
313760105000098 313760114000008 507 
313760105000098 313760114000009 4371 
313760105000098 31376011400001 7906 
313760105000098 313760115000001 11144 
313760105000098 313760115000002 12117 
313760105000098 313760115000003 9591 
313760105000098 313760115000005 9889 
313760105000098 313760115000006 12879 
313760105000098 313760115000007 11642 
313760105000098 313760115000008 11121 
313760105000098 313760115000009 10267 
313760105000098 31376011500001 12045 
313760105000098 313760115000011 11702 
313760105000098 313760115000014 7904 
313760105000098 313760115000015 7667 
313760105000098 313760115000018 10524 
313760105000098 313760115000019 10601 
313760105000098 31376011500002 8713 
313760105000098 313760115000021 8432 
313760105000098 313760115000022 8762 
313760105000098 313760115000023 859 
313760105000098 313760115000024 9039 
313760105000098 313760115000025 8708 
313760105000098 313760115000026 8887 
313760105000098 313760115000027 9316 
313760105000098 313760115000029 897 
313760105000098 31376011500003 8729 
313760105000098 313760115000031 9388 
313760105000098 313760115000032 10426 
313760105000098 313760115000033 10064 
313760105000098 313760115000034 7473 
313760105000102 313760105000002 4899 
313760105000102 313760105000003 5545 
313760105000102 313760105000005 4087 
313760105000102 313760105000007 3812 
313760105000102 313760105000008 3857 
313760105000102 313760105000009 423 
313760105000102 31376010500001 3544 
313760105000102 313760105000011 2841 
313760105000102 313760105000012 3085 
313760105000102 313760105000013 2687 
313760105000102 313760105000015 2999 
313760105000102 313760105000016 1797 
313760105000102 31376010500002 2803 
313760105000102 313760105000021 3144 
313760105000102 313760105000022 3016 
313760105000102 313760105000024 4008 
313760105000102 313760105000026 3346 
313760105000102 313760105000027 462 
313760105000102 313760105000028 4275 
313760105000102 313760105000029 4315 
313760105000102 31376010500003 4939 
313760105000102 313760105000036 5215 
313760105000102 313760105000037 5466 
313760105000102 313760105000039 763 
313760105000102 31376010500004 7867 
313760105000102 313760105000043 868 
313760105000102 313760105000045 8058 
313760105000102 313760105000048 6618 
313760105000102 31376010500005 411 
313760105000102 313760105000058 4761 
313760105000102 313760105000064 9227 
313760105000102 313760105000066 5456 
313760105000102 313760105000067 5174 
313760105000102 313760105000068 5266 
313760105000102 313760105000069 5317 
313760105000102 313760105000071 4957 
313760105000102 313760105000072 4258 
313760105000102 313760105000074 3535 
313760105000102 313760105000075 356 
313760105000102 313760105000076 3618 
313760105000102 313760105000077 3826 
313760105000102 313760105000078 4044 
313760105000102 31376010500008 3763 
313760105000102 313760105000081 378 
313760105000102 313760105000082 3481 
313760105000102 313760105000083 3154 
313760105000102 313760105000084 333 
313760105000102 313760105000085 3266 
313760105000102 313760105000086 312 
313760105000102 313760105000087 3765 
313760105000102 313760105000088 3489 
313760105000102 313760105000089 3179 
313760105000102 31376010500009 2892 
313760105000102 313760105000091 2431 
313760105000102 313760105000092 2686 
313760105000102 313760105000094 1964 
313760105000102 313760105000095 2141 
313760105000102 313760105000096 1611 
313760105000102 313760105000097 2056 
313760105000102 313760105000098 2348 
313760105000102 313760105000099 251 
313760105000102 313760105000101 1434 
313760105000102 313760105000102  
313760105000102 313760105000103 868 
313760105000102 313760105000105 797 
313760105000102 313760105000106 2472 
313760105000102 313760105000108 3136 
313760105000102 313760105000109 3289 
313760105000102 31376010500011 2832 
313760105000102 313760105000112 2913 
313760105000102 313760105000114 2441 
313760105000102 313760105000118 3731 
313760105000102 31376010500012 3094 
313760105000102 313760105000122 441 
313760105000102 313760105000123 4097 
313760105000102 313760105000124 3758 
313760105000102 313760105000125 3543 
313760105000102 313760105000126 4782 
313760105000102 313760105000127 45 
313760105000102 313760105000128 4946 
313760105000102 313760105000129 5252 
313760105000102 313760105000132 5129 
313760105000102 313760105000133 59 
313760105000102 313760105000134 5619 
313760105000102 313760105000135 7006 
313760105000102 313760105000136 7488 
313760105000102 313760105000138 874 
313760105000102 313760105000139 8624 
313760105000102 31376010500014 8306 
313760105000102 313760105000141 795 
313760105000102 313760105000142 7399 
313760105000102 313760105000144 4386 
313760105000102 313760105000145 3901 
313760105000102 313760105000146 8233 
313760105000102 313760105000147 6131 
313760105000102 31376010500015 9292 
313760105000102 313760105000151 9622 
313760105000102 313760105000152 11633 
313760105000102 313760105000161 3515 
313760105000102 313760105000162 8937 
313760105000102 313760105000163 8986 
313760105000102 313760105000164 9023 
313760105000102 313760105000165 3318 
313760105000102 313760105000166 328 
313760105000102 313760105000167 2966 
313760105000102 313760105000168 4748 
313760105000102 313760105000169 4677 
313760105000102 31376010500017 404 
313760105000102 313760105000171 423 
313760105000102 313760105000172 6881 
313760105000102 313760105000173 4376 
313760105000102 313760105000174 4842 
313760105000102 313760105000175 4979 
313760105000102 313760105000176 5002 
313760105000102 313760105000177 5233 
313760105000102 313760105000178 524 
313760105000102 313760105000179 545 
313760105000102 31376010500018 5403 
313760105000102 313760105000182 9214 
313760105000102 313760105000183 9219 
313760105000102 313760105000184 9286 
313760105000102 313760105000185 94 
313760105000102 313760105000186 8467 
313760105000102 313760105000187 8257 
313760105000102 313760105000188 5829 
313760105000102 313760105000189 6221 
313760105000102 31376010500019 9608 
313760105000102 313760105000191 9577 
313760105000102 313760105000192 10008 
313760105000102 313760105000193 9455 
313760105000102 313760105000194 9309 
313760105000102 313760105000195 7359 
313760105000102 313760105000196 6672 
313760105000102 313760105000198 841 
313760105000102 313760105000199 979 
313760105000102 3137601050002 115 
313760105000102 313760105000201 752 
313760105000102 313760105000202 51 
313760105000102 313760105000203 3012 
313760105000102 313760105000204 2897 
313760105000102 313760105000205 3653 
313760105000102 313760105000206 3935 
313760105000102 313760105000207 4719 
313760105000102 313760105000208 4589 
313760105000102 313760105000209 9129 
313760105000102 31376010500021 9473 
313760105000102 313760105000211 3916 
313760105000102 313760105000212 3595 
313760105000102 313760105000213 1002 
313760105000102 313760105000214 1291 
313760105000102 313760105000215 3521 
313760105000102 313760105000216 3413 
313760105000102 313760105000217 5006 
313760105000102 313760105000218 4808 
313760105000102 313760105000219 6636 
313760105000102 31376010500022 7477 
313760105000102 313760105000221 6917 
313760105000102 313760105000222 8846 
313760105000102 313760105000223 8671 
313760105000102 313760105000224 8337 
313760105000102 313760105000225 7586 
313760105000102 313760105000226 7748 
313760105000102 313760105000227 7988 
313760105000102 313760105000228 8208 
313760105000102 313760105000229 8024 
313760105000102 31376010500023 4691 
313760105000102 313760105000231 5082 
313760105000102 313760105000232 6603 
313760105000102 313760105000233 787 
313760105000102 313760105000234 3825 
313760105000102 313760105000235 4033 
313760105000102 313760105000236 4656 
313760105000102 313760105000237 4771 
313760105000102 313760105000238 4588 
313760105000102 313760105000239 4289 
313760105000102 31376010500024 4889 
313760105000102 313760105000241 4572 
313760105000102 313760105000242 5651 
313760105000102 313760105000243 5488 
313760105000102 313760105000245 4368 
313760105000102 313760105000246 5306 
313760105000102 313760105000247 5149 
313760105000102 313760105000248 2696 
313760105000102 313760105000249 2891 
313760105000102 31376010500025 4651 
313760105000102 313760105000251 4479 
313760105000102 313760105000252 5243 
313760105000102 313760105000253 5002 
313760105000102 313760105000254 7713 
313760105000102 313760105000255 7835 
313760105000102 313760105000256 3994 
313760105000102 313760105000257 4113 
313760105000102 313760105000258 5675 
313760105000102 313760105000259 5521 
313760105000102 31376010500026 6489 
313760105000102 313760105000261 653 
313760105000102 313760105000262 6455 
313760105000102 313760105000263 6236 
313760105000102 313760105000264 8719 
313760105000102 313760105000265 179 
313760105000102 313760105000266 8729 
313760105000102 313760105000267 8928 
313760105000102 313760105000268 8589 
313760105000102 313760105000269 8503 
313760105000102 31376010500027 2776 
313760105000102 313760105000271 3053 
313760105000102 313760105000272 2298 
313760105000102 313760105000273 2547 
313760105000102 313760105000274 465 
313760105000102 313760105000275 48 
313760105000102 313760105000276 599 
313760105000102 313760105000277 6223 
313760105000102 313760105000278 5222 
313760105000102 313760105000279 5045 
313760105000102 31376010500028 10337 
313760105000102 313760105000281 8379 
313760105000102 313760105000282 8209 
313760105000102 313760105000283 7844 
313760105000102 313760105000284 1415 
313760105000102 313760105000285 2178 
313760105000102 313760114000002 4269 
313760105000102 313760114000007 4894 
313760105000102 313760114000008 4377 
313760105000102 313760114000009 4107 
313760105000102 31376011400001 7477 
313760105000102 313760115000001 12719 
313760105000102 313760115000002 13699 
313760105000102 313760115000003 11699 
313760105000102 313760115000005 113 
313760105000102 313760115000006 14774 
313760105000102 313760115000007 13836 
313760105000102 313760115000008 12814 
313760105000102 313760115000009 11941 
313760105000102 31376011500001 13724 
313760105000102 313760115000011 13464 
313760105000102 313760115000014 999 
313760105000102 313760115000015 9407 
313760105000102 313760115000018 12313 
313760105000102 313760115000019 12551 
313760105000102 31376011500002 1087 
313760105000102 313760115000021 10552 
313760105000102 313760115000022 10854 
313760105000102 313760115000023 10649 
313760105000102 313760115000024 11063 
313760105000102 313760115000025 10727 
313760105000102 313760115000026 10908 
313760105000102 313760115000027 11326 
313760105000102 313760115000029 10851 
313760105000102 31376011500003 10457 
313760105000102 313760115000031 112 
313760105000102 313760115000032 12521 
313760105000102 313760115000033 12103 
313760105000102 313760115000034 9398 
313760105000122 313760105000002 2673 
313760105000122 313760105000003 3075 
313760105000122 313760105000005 305 
313760105000122 313760105000007 272 
313760105000122 313760105000008 3045 
313760105000122 313760105000009 4447 
313760105000122 31376010500001 4162 
313760105000122 313760105000011 3677 
313760105000122 313760105000012 4127 
313760105000122 313760105000013 423 
313760105000122 313760105000015 2416 
313760105000122 313760105000016 4901 
313760105000122 31376010500002 1643 
313760105000122 313760105000021 1297 
313760105000122 313760105000022 14 
313760105000122 313760105000024 3194 
313760105000122 313760105000026 1122 
313760105000122 313760105000027 539 
313760105000122 313760105000028 311 
313760105000122 313760105000029 1151 
313760105000122 31376010500003 2326 
313760105000122 313760105000036 1582 
313760105000122 313760105000037 1684 
313760105000122 313760105000039 3528 
313760105000122 31376010500004 3701 
313760105000122 313760105000043 4724 
313760105000122 313760105000045 4118 
313760105000122 313760105000048 8376 
313760105000122 31376010500005 449 
313760105000122 313760105000058 2854 
313760105000122 313760105000064 5287 
313760105000122 313760105000066 2184 
313760105000122 313760105000067 2023 
313760105000122 313760105000068 2654 
313760105000122 313760105000069 2586 
313760105000122 313760105000071 3476 
313760105000122 313760105000072 2805 
313760105000122 313760105000074 289 
313760105000122 313760105000075 3168 
313760105000122 313760105000076 3429 
313760105000122 313760105000077 332 
313760105000122 313760105000078 402 
313760105000122 31376010500008 3734 
313760105000122 313760105000081 4689 
313760105000122 313760105000082 4111 
313760105000122 313760105000083 3841 
313760105000122 313760105000084 359 
313760105000122 313760105000085 3378 
313760105000122 313760105000086 3186 
313760105000122 313760105000087 5195 
313760105000122 313760105000088 5381 
313760105000122 313760105000089 4579 
313760105000122 31376010500009 4771 
313760105000122 313760105000091 4731 
313760105000122 313760105000092 559 
313760105000122 313760105000094 4272 
313760105000122 313760105000095 384 
313760105000122 313760105000096 3333 
313760105000122 313760105000097 3227 
313760105000122 313760105000098 3039 
313760105000122 313760105000099 2532 
313760105000122 313760105000101 4933 
313760105000122 313760105000102 441 
313760105000122 313760105000103 5006 
313760105000122 313760105000105 5205 
313760105000122 313760105000106 1999 
313760105000122 313760105000108 1506 
313760105000122 313760105000109 1255 
313760105000122 31376010500011 1629 
313760105000122 313760105000112 2075 
313760105000122 313760105000114 3833 
313760105000122 313760105000118 1828 
313760105000122 31376010500012 1485 
313760105000122 313760105000122  
313760105000122 313760105000123 855 
313760105000122 313760105000124 744 
313760105000122 313760105000125 1006 
313760105000122 313760105000126 2086 
313760105000122 313760105000127 1704 
313760105000122 313760105000128 707 
313760105000122 313760105000129 968 
313760105000122 313760105000132 16 
313760105000122 313760105000133 2141 
313760105000122 313760105000134 1431 
313760105000122 313760105000135 2911 
313760105000122 313760105000136 3443 
313760105000122 313760105000138 4636 
313760105000122 313760105000139 457 
313760105000122 31376010500014 438 
313760105000122 313760105000141 3971 
313760105000122 313760105000142 3482 
313760105000122 313760105000144 6063 
313760105000122 313760105000145 6613 
313760105000122 313760105000146 791 
313760105000122 313760105000147 2163 
313760105000122 31376010500015 5405 
313760105000122 313760105000151 5664 
313760105000122 313760105000152 7801 
313760105000122 313760105000161 1209 
313760105000122 313760105000162 4947 
313760105000122 313760105000163 4986 
313760105000122 313760105000164 5078 
313760105000122 313760105000165 1323 
313760105000122 313760105000166 1748 
313760105000122 313760105000167 1762 
313760105000122 313760105000168 1736 
313760105000122 313760105000169 1436 
313760105000122 31376010500017 4013 
313760105000122 313760105000171 4095 
313760105000122 313760105000172 3 
313760105000122 313760105000173 2213 
313760105000122 313760105000174 2695 
313760105000122 313760105000175 1558 
313760105000122 313760105000176 1783 
313760105000122 313760105000177 827 
313760105000122 313760105000178 839 
313760105000122 313760105000179 1093 
313760105000122 31376010500018 1002 
313760105000122 313760105000182 5087 
313760105000122 313760105000183 51 
313760105000122 313760105000184 53 
313760105000122 313760105000185 5445 
313760105000122 313760105000186 4458 
313760105000122 313760105000187 4269 
313760105000122 313760105000188 2406 
313760105000122 313760105000189 2575 
313760105000122 31376010500019 5788 
313760105000122 313760105000191 5745 
313760105000122 313760105000192 6284 
313760105000122 313760105000193 557 
313760105000122 313760105000194 5466 
313760105000122 313760105000195 4288 
313760105000122 313760105000196 3643 
313760105000122 313760105000198 3812 
313760105000122 313760105000199 4049 
313760105000122 3137601050002 3755 
313760105000122 313760105000201 3983 
313760105000122 313760105000202 4176 
313760105000122 313760105000203 1409 
313760105000122 313760105000204 1513 
313760105000122 313760105000205 1409 
313760105000122 313760105000206 1109 
313760105000122 313760105000207 466 
313760105000122 313760105000208 255 
313760105000122 313760105000209 5107 
313760105000122 31376010500021 5415 
313760105000122 313760105000211 2548 
313760105000122 313760105000212 261 
313760105000122 313760105000213 4282 
313760105000122 313760105000214 3999 
313760105000122 313760105000215 3102 
313760105000122 313760105000216 2143 
313760105000122 313760105000217 653 
313760105000122 313760105000218 398 
313760105000122 313760105000219 2971 
313760105000122 31376010500022 3752 
313760105000122 313760105000221 3415 
313760105000122 313760105000222 5173 
313760105000122 313760105000223 4889 
313760105000122 313760105000224 4793 
313760105000122 313760105000225 4161 
313760105000122 313760105000226 4127 
313760105000122 313760105000227 4196 
313760105000122 313760105000228 4449 
313760105000122 313760105000229 4436 
313760105000122 31376010500023 3296 
313760105000122 313760105000231 344 
313760105000122 313760105000232 2195 
313760105000122 313760105000233 3509 
313760105000122 313760105000234 585 
313760105000122 313760105000235 481 
313760105000122 313760105000236 1079 
313760105000122 313760105000237 9 
313760105000122 313760105000238 435 
313760105000122 313760105000239 3353 
313760105000122 31376010500024 4065 
313760105000122 313760105000241 3395 
313760105000122 313760105000242 2182 
313760105000122 313760105000243 1886 
313760105000122 313760105000245 2591 
313760105000122 313760105000246 2291 
313760105000122 313760105000247 2302 
313760105000122 313760105000248 318 
313760105000122 313760105000249 2832 
313760105000122 31376010500025 499 
313760105000122 313760105000251 365 
313760105000122 313760105000252 996 
313760105000122 313760105000253 92 
313760105000122 313760105000254 3726 
313760105000122 313760105000255 391 
313760105000122 313760105000256 3553 
313760105000122 313760105000257 3775 
313760105000122 313760105000258 2528 
313760105000122 313760105000259 2606 
313760105000122 31376010500026 2561 
313760105000122 313760105000261 2553 
313760105000122 313760105000262 2473 
313760105000122 313760105000263 2068 
313760105000122 313760105000264 6693 
313760105000122 313760105000265 2654 
313760105000122 313760105000266 4873 
313760105000122 313760105000267 5081 
313760105000122 313760105000268 4743 
313760105000122 313760105000269 4675 
313760105000122 31376010500027 5125 
313760105000122 313760105000271 5127 
313760105000122 313760105000272 4606 
313760105000122 313760105000273 4717 
313760105000122 313760105000274 4859 
313760105000122 313760105000275 4877 
313760105000122 313760105000276 3108 
313760105000122 313760105000277 3354 
313760105000122 313760105000278 1359 
313760105000122 313760105000279 114 
313760105000122 31376010500028 732 
313760105000122 313760105000281 5214 
313760105000122 313760105000282 4129 
313760105000122 313760105000283 3762 
313760105000122 313760105000284 5659 
313760105000122 313760105000285 2954 
313760105000122 313760114000002 8457 
313760105000122 313760114000007 8579 
313760105000122 313760114000008 8073 
313760105000122 313760114000009 7408 
313760105000122 31376011400001 10946 
313760105000122 313760115000001 8319 
313760105000122 313760115000002 9299 
313760105000122 313760115000003 7595 
313760105000122 313760115000005 6952 
313760105000122 313760115000006 10413 
313760105000122 313760115000007 9866 
313760105000122 313760115000008 8403 
313760105000122 313760115000009 753 
313760105000122 31376011500001 9313 
313760105000122 313760115000011 906 
313760105000122 313760115000014 5896 
313760105000122 313760115000015 5011 
313760105000122 313760115000018 7918 
313760105000122 313760115000019 8239 
313760105000122 31376011500002 6886 
313760105000122 313760115000021 6501 
313760105000122 313760115000022 6744 
313760105000122 313760115000023 6492 
313760105000122 313760115000024 6847 
313760105000122 313760115000025 6513 
313760105000122 313760115000026 6691 
313760105000122 313760115000027 709 
313760105000122 313760115000029 6507 
313760105000122 31376011500003 6054 
313760105000122 313760115000031 6818 
313760105000122 313760115000032 8378 
313760105000122 313760115000033 7889 
313760105000122 313760115000034 5112 
313760105000125 313760105000002 2281 
313760105000125 313760105000003 2834 
313760105000125 313760105000005 2318 
313760105000125 313760105000007 1942 
313760105000125 313760105000008 2255 
313760105000125 313760105000009 361 
313760105000125 31376010500001 3248 
313760105000125 313760105000011 2704 
313760105000125 313760105000012 3166 
313760105000125 313760105000013 324 
313760105000125 313760105000015 1453 
313760105000125 313760105000016 3901 
313760105000125 31376010500002 746 
313760105000125 313760105000021 436 
313760105000125 313760105000022 752 
313760105000125 313760105000024 3318 
313760105000125 313760105000026 788 
313760105000125 313760105000027 1447 
313760105000125 313760105000028 774 
313760105000125 313760105000029 934 
313760105000125 31376010500003 2049 
313760105000125 313760105000036 18 
313760105000125 313760105000037 2017 
313760105000125 313760105000039 4134 
313760105000125 31376010500004 4353 
313760105000125 313760105000043 5253 
313760105000125 313760105000045 463 
313760105000125 313760105000048 7473 
313760105000125 31376010500005 4462 
313760105000125 313760105000058 3274 
313760105000125 313760105000064 5813 
313760105000125 313760105000066 2235 
313760105000125 313760105000067 1985 
313760105000125 313760105000068 2426 
313760105000125 313760105000069 2404 
313760105000125 313760105000071 293 
313760105000125 313760105000072 2152 
313760105000125 313760105000074 2035 
313760105000125 313760105000075 2305 
313760105000125 313760105000076 2564 
313760105000125 313760105000077 2502 
313760105000125 313760105000078 3189 
313760105000125 31376010500008 2876 
313760105000125 313760105000081 3774 
313760105000125 313760105000082 3192 
313760105000125 313760105000083 2895 
313760105000125 313760105000084 2673 
313760105000125 313760105000085 2459 
313760105000125 313760105000086 225 
313760105000125 313760105000087 425 
313760105000125 313760105000088 4406 
313760105000125 313760105000089 3612 
313760105000125 31376010500009 3781 
313760105000125 313760105000091 3727 
313760105000125 313760105000092 4583 
313760105000125 313760105000094 3265 
313760105000125 313760105000095 2834 
313760105000125 313760105000096 2344 
313760105000125 313760105000097 2221 
313760105000125 313760105000098 2035 
313760105000125 313760105000099 1527 
313760105000125 313760105000101 3948 
313760105000125 313760105000102 3543 
313760105000125 313760105000103 4069 
313760105000125 313760105000105 434 
313760105000125 313760105000106 1349 
313760105000125 313760105000108 5 
313760105000125 313760105000109 262 
313760105000125 31376010500011 1049 
313760105000125 313760105000112 1806 
313760105000125 313760105000114 3451 
313760105000125 313760105000118 1987 
313760105000125 31376010500012 1134 
313760105000125 313760105000122 1006 
313760105000125 313760105000123 596 
313760105000125 313760105000124 262 
313760105000125 313760105000125  
313760105000125 313760105000126 1808 
313760105000125 313760105000127 1395 
313760105000125 313760105000128 1408 
313760105000125 313760105000129 1973 
313760105000125 313760105000132 1747 
313760105000125 313760105000133 2486 
313760105000125 313760105000134 2079 
313760105000125 313760105000135 3504 
313760105000125 313760105000136 401 
313760105000125 313760105000138 5253 
313760105000125 313760105000139 5156 
313760105000125 31376010500014 4887 
313760105000125 313760105000141 4504 
313760105000125 313760105000142 397 
313760105000125 313760105000144 5124 
313760105000125 313760105000145 5616 
313760105000125 313760105000146 7321 
313760105000125 313760105000147 3135 
313760105000125 31376010500015 5904 
313760105000125 313760105000151 6204 
313760105000125 313760105000152 8293 
313760105000125 313760105000161 1182 
313760105000125 313760105000162 5498 
313760105000125 313760105000163 5543 
313760105000125 313760105000164 5605 
313760105000125 313760105000165 32 
313760105000125 313760105000166 1649 
313760105000125 313760105000167 1439 
313760105000125 313760105000168 1566 
313760105000125 313760105000169 1354 
313760105000125 31376010500017 316 
313760105000125 313760105000171 3194 
313760105000125 313760105000172 3972 
313760105000125 313760105000173 2609 
313760105000125 313760105000174 3171 
313760105000125 313760105000175 1625 
313760105000125 313760105000176 1751 
313760105000125 313760105000177 1807 
313760105000125 313760105000178 1826 
313760105000125 313760105000179 1925 
313760105000125 31376010500018 191 
313760105000125 313760105000182 5722 
313760105000125 313760105000183 573 
313760105000125 313760105000184 5852 
313760105000125 313760105000185 5981 
313760105000125 313760105000186 5015 
313760105000125 313760105000187 4811 
313760105000125 313760105000188 2563 
313760105000125 313760105000189 2872 
313760105000125 31376010500019 6257 
313760105000125 313760105000191 6219 
313760105000125 313760105000192 6711 
313760105000125 313760105000193 607 
313760105000125 313760105000194 5942 
313760105000125 313760105000195 438 
313760105000125 313760105000196 3686 
313760105000125 313760105000198 2877 
313760105000125 313760105000199 3085 
313760105000125 3137601050002 2787 
313760105000125 313760105000201 3045 
313760105000125 313760105000202 3256 
313760105000125 313760105000203 59 
313760105000125 313760105000204 783 
313760105000125 313760105000205 1527 
313760105000125 313760105000206 143 
313760105000125 313760105000207 1446 
313760105000125 313760105000208 125 
313760105000125 313760105000209 5678 
313760105000125 31376010500021 601 
313760105000125 313760105000211 1814 
313760105000125 313760105000212 178 
313760105000125 313760105000213 3313 
313760105000125 313760105000214 3014 
313760105000125 313760105000215 3081 
313760105000125 313760105000216 2137 
313760105000125 313760105000217 1659 
313760105000125 313760105000218 1367 
313760105000125 313760105000219 3297 
313760105000125 31376010500022 4137 
313760105000125 313760105000221 3671 
313760105000125 313760105000222 5561 
313760105000125 313760105000223 5326 
313760105000125 313760105000224 5111 
313760105000125 313760105000225 4406 
313760105000125 313760105000226 4467 
313760105000125 313760105000227 4626 
313760105000125 313760105000228 4867 
313760105000125 313760105000229 4767 
313760105000125 31376010500023 3616 
313760105000125 313760105000231 3851 
313760105000125 313760105000232 3104 
313760105000125 313760105000233 433 
313760105000125 313760105000234 552 
313760105000125 313760105000235 901 
313760105000125 313760105000236 1189 
313760105000125 313760105000237 1245 
313760105000125 313760105000238 3587 
313760105000125 313760105000239 2639 
313760105000125 31376010500024 3403 
313760105000125 313760105000241 2751 
313760105000125 313760105000242 2348 
313760105000125 313760105000243 2111 
313760105000125 313760105000245 2008 
313760105000125 313760105000246 2214 
313760105000125 313760105000247 2139 
313760105000125 313760105000248 2197 
313760105000125 313760105000249 1865 
313760105000125 31376010500025 1115 
313760105000125 313760105000251 955 
313760105000125 313760105000252 1701 
313760105000125 313760105000253 1461 
313760105000125 313760105000254 426 
313760105000125 313760105000255 441 
313760105000125 313760105000256 2751 
313760105000125 313760105000257 2978 
313760105000125 313760105000258 2546 
313760105000125 313760105000259 2514 
313760105000125 31376010500026 3033 
313760105000125 313760105000261 3058 
313760105000125 313760105000262 2979 
313760105000125 313760105000263 2705 
313760105000125 313760105000264 6497 
313760105000125 313760105000265 1753 
313760105000125 313760105000266 5349 
313760105000125 313760105000267 5555 
313760105000125 313760105000268 5212 
313760105000125 313760105000269 5133 
313760105000125 31376010500027 4125 
313760105000125 313760105000271 4137 
313760105000125 313760105000272 4135 
313760105000125 313760105000273 429 
313760105000125 313760105000274 3974 
313760105000125 313760105000275 402 
313760105000125 313760105000276 3049 
313760105000125 313760105000277 3308 
313760105000125 313760105000278 1731 
313760105000125 313760105000279 1532 
313760105000125 31376010500028 7468 
313760105000125 313760105000281 5376 
313760105000125 313760105000282 4727 
313760105000125 313760105000283 4357 
313760105000125 313760105000284 4865 
313760105000125 313760105000285 2481 
313760105000125 313760114000002 7485 
313760105000125 313760114000007 7574 
313760105000125 313760114000008 7069 
313760105000125 313760114000009 6402 
313760105000125 31376011400001 9941 
313760105000125 313760115000001 926 
313760105000125 313760115000002 10239 
313760105000125 313760115000003 8228 
313760105000125 313760115000005 793 
313760105000125 313760115000006 11231 
313760105000125 313760115000007 10435 
313760105000125 313760115000008 9306 
313760105000125 313760115000009 8438 
313760105000125 31376011500001 10223 
313760105000125 313760115000011 9937 
313760105000125 313760115000014 6515 
313760105000125 313760115000015 5877 
313760105000125 313760115000018 8779 
313760105000125 313760115000019 9012 
313760105000125 31376011500002 7448 
313760105000125 313760115000021 7098 
313760105000125 313760115000022 7377 
313760105000125 313760115000023 7153 
313760105000125 313760115000024 7547 
313760105000125 313760115000025 7211 
313760105000125 313760115000026 7391 
313760105000125 313760115000027 7804 
313760105000125 313760115000029 7308 
313760105000125 31376011500003 6933 
313760105000125 313760115000031 7661 
313760105000125 313760115000032 9036 
313760105000125 313760115000033 859 
313760105000125 313760115000034 5861 
313760105000132 313760105000002 1375 
313760105000132 313760105000003 1567 
313760105000132 313760105000005 2209 
313760105000132 313760105000007 2049 
313760105000132 313760105000008 2325 
313760105000132 313760105000009 3648 
313760105000132 31376010500001 3607 
313760105000132 313760105000011 3412 
313760105000132 313760105000012 3757 
313760105000132 313760105000013 402 
313760105000132 313760105000015 2334 
313760105000132 313760105000016 5056 
313760105000132 31376010500002 245 
313760105000132 313760105000021 2181 
313760105000132 313760105000022 2491 
313760105000132 313760105000024 4774 
313760105000132 313760105000026 2411 
313760105000132 313760105000027 2055 
313760105000132 313760105000028 1399 
313760105000132 313760105000029 832 
313760105000132 31376010500003 965 
313760105000132 313760105000036 122 
313760105000132 313760105000037 38 
313760105000132 313760105000039 2522 
313760105000132 31376010500004 2781 
313760105000132 313760105000043 3555 
313760105000132 313760105000045 2932 
313760105000132 313760105000048 7598 
313760105000132 31376010500005 6037 
313760105000132 313760105000058 4449 
313760105000132 313760105000064 4108 
313760105000132 313760105000066 584 
313760105000132 313760105000067 481 
313760105000132 313760105000068 1178 
313760105000132 313760105000069 1078 
313760105000132 313760105000071 2256 
313760105000132 313760105000072 1871 
313760105000132 313760105000074 2357 
313760105000132 313760105000075 2595 
313760105000132 313760105000076 2819 
313760105000132 313760105000077 261 
313760105000132 313760105000078 3248 
313760105000132 31376010500008 3063 
313760105000132 313760105000081 4094 
313760105000132 313760105000082 3579 
313760105000132 313760105000083 3437 
313760105000132 313760105000084 3111 
313760105000132 313760105000085 2937 
313760105000132 313760105000086 2834 
313760105000132 313760105000087 4675 
313760105000132 313760105000088 4991 
313760105000132 313760105000089 42 
313760105000132 31376010500009 4518 
313760105000132 313760105000091 4644 
313760105000132 313760105000092 5529 
313760105000132 313760105000094 4338 
313760105000132 313760105000095 3858 
313760105000132 313760105000096 369 
313760105000132 313760105000097 3395 
313760105000132 313760105000098 3114 
313760105000132 313760105000099 2721 
313760105000132 313760105000101 5219 
313760105000132 313760105000102 5129 
313760105000132 313760105000103 5513 
313760105000132 313760105000105 5911 
313760105000132 313760105000106 3097 
313760105000132 313760105000108 2021 
313760105000132 313760105000109 1944 
313760105000132 31376010500011 2785 
313760105000132 313760105000112 347 
313760105000132 313760105000114 5179 
313760105000132 313760105000118 3397 
313760105000132 31376010500012 2801 
313760105000132 313760105000122 16 
313760105000132 313760105000123 1157 
313760105000132 313760105000124 166 
313760105000132 313760105000125 1747 
313760105000132 313760105000126 813 
313760105000132 313760105000127 743 
313760105000132 313760105000128 1036 
313760105000132 313760105000129 2074 
313760105000132 313760105000132  
313760105000132 313760105000133 771 
313760105000132 313760105000134 931 
313760105000132 313760105000135 1916 
313760105000132 313760105000136 2367 
313760105000132 313760105000138 3618 
313760105000132 313760105000139 3496 
313760105000132 31376010500014 3183 
313760105000132 313760105000141 2821 
313760105000132 313760105000142 2271 
313760105000132 313760105000144 5482 
313760105000132 313760105000145 6332 
313760105000132 313760105000146 6564 
313760105000132 313760105000147 323 
313760105000132 31376010500015 4185 
313760105000132 313760105000151 4502 
313760105000132 313760105000152 6562 
313760105000132 313760105000161 2678 
313760105000132 313760105000162 3809 
313760105000132 313760105000163 3858 
313760105000132 313760105000164 3902 
313760105000132 313760105000165 1862 
313760105000132 313760105000166 322 
313760105000132 313760105000167 3112 
313760105000132 313760105000168 522 
313760105000132 313760105000169 454 
313760105000132 31376010500017 4773 
313760105000132 313760105000171 4741 
313760105000132 313760105000172 3986 
313760105000132 313760105000173 3813 
313760105000132 313760105000174 4281 
313760105000132 313760105000175 156 
313760105000132 313760105000176 321 
313760105000132 313760105000177 1661 
313760105000132 313760105000178 1701 
313760105000132 313760105000179 1271 
313760105000132 31376010500018 1454 
313760105000132 313760105000182 4094 
313760105000132 313760105000183 4097 
313760105000132 313760105000184 4161 
313760105000132 313760105000185 4279 
313760105000132 313760105000186 3338 
313760105000132 313760105000187 3128 
313760105000132 313760105000188 836 
313760105000132 313760105000189 1127 
313760105000132 31376010500019 4525 
313760105000132 313760105000191 4489 
313760105000132 313760105000192 4969 
313760105000132 313760105000193 435 
313760105000132 313760105000194 4215 
313760105000132 313760105000195 2711 
313760105000132 313760105000196 2049 
313760105000132 313760105000198 4369 
313760105000132 313760105000199 449 
313760105000132 3137601050002 4193 
313760105000132 313760105000201 4524 
313760105000132 313760105000202 4764 
313760105000132 313760105000203 2335 
313760105000132 313760105000204 253 
313760105000132 313760105000205 295 
313760105000132 313760105000206 2689 
313760105000132 313760105000207 1896 
313760105000132 313760105000208 1739 
313760105000132 313760105000209 4 
313760105000132 31376010500021 4344 
313760105000132 313760105000211 1836 
313760105000132 313760105000212 2088 
313760105000132 313760105000213 4689 
313760105000132 313760105000214 4332 
313760105000132 313760105000215 4639 
313760105000132 313760105000216 3669 
313760105000132 313760105000217 1813 
313760105000132 313760105000218 1511 
313760105000132 313760105000219 1552 
313760105000132 31376010500022 2396 
313760105000132 313760105000221 1928 
313760105000132 313760105000222 3815 
313760105000132 313760105000223 359 
313760105000132 313760105000224 3365 
313760105000132 313760105000225 2669 
313760105000132 313760105000226 2719 
313760105000132 313760105000227 2893 
313760105000132 313760105000228 3129 
313760105000132 313760105000229 3019 
313760105000132 31376010500023 4896 
313760105000132 313760105000231 5032 
313760105000132 313760105000232 2194 
313760105000132 313760105000233 3025 
313760105000132 313760105000234 1863 
313760105000132 313760105000235 201 
313760105000132 313760105000236 581 
313760105000132 313760105000237 699 
313760105000132 313760105000238 34 
313760105000132 313760105000239 2421 
313760105000132 31376010500024 2957 
313760105000132 313760105000241 2334 
313760105000132 313760105000242 612 
313760105000132 313760105000243 367 
313760105000132 313760105000245 1595 
313760105000132 313760105000246 739 
313760105000132 313760105000247 821 
313760105000132 313760105000248 3041 
313760105000132 313760105000249 267 
313760105000132 31376010500025 1108 
313760105000132 313760105000251 1241 
313760105000132 313760105000252 981 
313760105000132 313760105000253 777 
313760105000132 313760105000254 2584 
313760105000132 313760105000255 2709 
313760105000132 313760105000256 277 
313760105000132 313760105000257 2953 
313760105000132 313760105000258 928 
313760105000132 313760105000259 1037 
313760105000132 31376010500026 1366 
313760105000132 313760105000261 1416 
313760105000132 313760105000262 1346 
313760105000132 313760105000263 1286 
313760105000132 313760105000264 5105 
313760105000132 313760105000265 3369 
313760105000132 313760105000266 3625 
313760105000132 313760105000267 3829 
313760105000132 313760105000268 3487 
313760105000132 313760105000269 3405 
313760105000132 31376010500027 4956 
313760105000132 313760105000271 4857 
313760105000132 313760105000272 588 
313760105000132 313760105000273 603 
313760105000132 313760105000274 5523 
313760105000132 313760105000275 5609 
313760105000132 313760105000276 1514 
313760105000132 313760105000277 1755 
313760105000132 313760105000278 395 
313760105000132 313760105000279 518 
313760105000132 31376010500028 5779 
313760105000132 313760105000281 3673 
313760105000132 313760105000282 3087 
313760105000132 313760105000283 2726 
313760105000132 313760105000284 6507 
313760105000132 313760105000285 4221 
313760105000132 313760114000002 8741 
313760105000132 313760114000007 8551 
313760105000132 313760114000008 8079 
313760105000132 313760114000009 7282 
313760105000132 31376011400001 1071 
313760105000132 313760115000001 8118 
313760105000132 313760115000002 9079 
313760105000132 313760115000003 657 
313760105000132 313760115000005 6986 
313760105000132 313760115000006 9767 
313760105000132 313760115000007 8729 
313760105000132 313760115000008 8042 
313760105000132 313760115000009 72 
313760105000132 31376011500001 8966 
313760105000132 313760115000011 86 
313760105000132 313760115000014 4861 
313760105000132 313760115000015 4594 
313760105000132 313760115000018 7419 
313760105000132 313760115000019 7495 
313760105000132 31376011500002 575 
313760105000132 313760115000021 5423 
313760105000132 313760115000022 5726 
313760105000132 313760115000023 5527 
313760105000132 313760115000024 5956 
313760105000132 313760115000025 5622 
313760105000132 313760115000026 5802 
313760105000132 313760115000027 6227 
313760105000132 313760115000029 5856 
313760105000132 31376011500003 565 
313760105000132 313760115000031 6281 
313760105000132 313760115000032 7393 
313760105000132 313760115000033 6991 
313760105000132 313760115000034 4359 
313760105000135 313760105000002 2875 
313760105000135 313760105000003 2608 
313760105000135 313760105000005 3916 
313760105000135 313760105000007 3856 
313760105000135 313760105000008 4083 
313760105000135 313760105000009 5247 
313760105000135 31376010500001 5352 
313760105000135 313760105000011 5269 
313760105000135 313760105000012 557 
313760105000135 313760105000013 5875 
313760105000135 313760105000015 4247 
313760105000135 313760105000016 6963 
313760105000135 31376010500002 4248 
313760105000135 313760105000021 3935 
313760105000135 313760105000022 4181 
313760105000135 313760105000024 5942 
313760105000135 313760105000026 3991 
313760105000135 313760105000027 3094 
313760105000135 313760105000028 289 
313760105000135 313760105000029 2694 
313760105000135 31376010500003 2542 
313760105000135 313760105000036 1814 
313760105000135 313760105000037 1552 
313760105000135 313760105000039 629 
313760105000135 31376010500004 866 
313760105000135 313760105000043 1816 
313760105000135 313760105000045 1227 
313760105000135 313760105000048 9048 
313760105000135 31376010500005 7289 
313760105000135 313760105000058 5343 
313760105000135 313760105000064 2377 
313760105000135 313760105000066 1824 
313760105000135 313760105000067 2061 
313760105000135 313760105000068 247 
313760105000135 313760105000069 2346 
313760105000135 313760105000071 363 
313760105000135 313760105000072 357 
313760105000135 313760105000074 4187 
313760105000135 313760105000075 4393 
313760105000135 313760105000076 4586 
313760105000135 313760105000077 4346 
313760105000135 313760105000078 4896 
313760105000135 31376010500008 4783 
313760105000135 313760105000081 5793 
313760105000135 313760105000082 5335 
313760105000135 313760105000083 5251 
313760105000135 313760105000084 4913 
313760105000135 313760105000085 4762 
313760105000135 313760105000086 469 
313760105000135 313760105000087 639 
313760105000135 313760105000088 6757 
313760105000135 313760105000089 5995 
313760105000135 31376010500009 6347 
313760105000135 313760105000091 6515 
313760105000135 313760105000092 7394 
313760105000135 313760105000094 624 
313760105000135 313760105000095 5759 
313760105000135 313760105000096 5603 
313760105000135 313760105000097 5311 
313760105000135 313760105000098 5027 
313760105000135 313760105000099 4636 
313760105000135 313760105000101 7134 
313760105000135 313760105000102 7006 
313760105000135 313760105000103 7424 
313760105000135 313760105000105 7796 
313760105000135 313760105000106 4807 
313760105000135 313760105000108 387 
313760105000135 313760105000109 3741 
313760105000135 31376010500011 4457 
313760105000135 313760105000112 4987 
313760105000135 313760105000114 6745 
313760105000135 313760105000118 4657 
313760105000135 31376010500012 4375 
313760105000135 313760105000122 2911 
313760105000135 313760105000123 2921 
313760105000135 313760105000124 3338 
313760105000135 313760105000125 3504 
313760105000135 313760105000126 2541 
313760105000135 313760105000127 2638 
313760105000135 313760105000128 2216 
313760105000135 313760105000129 2689 
313760105000135 313760105000132 1916 
313760105000135 313760105000133 1182 
313760105000135 313760105000134 1482 
313760105000135 313760105000135  
313760105000135 313760105000136 533 
313760105000135 313760105000138 1749 
313760105000135 313760105000139 1664 
313760105000135 31376010500014 1486 
313760105000135 313760105000141 107 
313760105000135 313760105000142 674 
313760105000135 313760105000144 7134 
313760105000135 313760105000145 8115 
313760105000135 313760105000146 7296 
313760105000135 313760105000147 3302 
313760105000135 31376010500015 2504 
313760105000135 313760105000151 2752 
313760105000135 313760105000152 4894 
313760105000135 313760105000161 4121 
313760105000135 313760105000162 2035 
313760105000135 313760105000163 2074 
313760105000135 313760105000164 2169 
313760105000135 313760105000165 3693 
313760105000135 313760105000166 4654 
313760105000135 313760105000167 4666 
313760105000135 313760105000168 2391 
313760105000135 313760105000169 2367 
313760105000135 31376010500017 6638 
313760105000135 313760105000171 6629 
313760105000135 313760105000172 376 
313760105000135 313760105000173 4821 
313760105000135 313760105000174 5132 
313760105000135 313760105000175 2072 
313760105000135 313760105000176 213 
313760105000135 313760105000177 2358 
313760105000135 313760105000178 2383 
313760105000135 313760105000179 1873 
313760105000135 31376010500018 205 
313760105000135 313760105000182 2217 
313760105000135 313760105000183 2225 
313760105000135 313760105000184 2389 
313760105000135 313760105000185 2533 
313760105000135 313760105000186 1546 
313760105000135 313760105000187 136 
313760105000135 313760105000188 1509 
313760105000135 313760105000189 1086 
313760105000135 31376010500019 2899 
313760105000135 313760105000191 2853 
313760105000135 313760105000192 3418 
313760105000135 313760105000193 2667 
313760105000135 313760105000194 2575 
313760105000135 313760105000195 2285 
313760105000135 313760105000196 2037 
313760105000135 313760105000198 6269 
313760105000135 313760105000199 6401 
313760105000135 3137601050002 6103 
313760105000135 313760105000201 6427 
313760105000135 313760105000202 6662 
313760105000135 313760105000203 4085 
313760105000135 313760105000204 4256 
313760105000135 313760105000205 4289 
313760105000135 313760105000206 3954 
313760105000135 313760105000207 2911 
313760105000135 313760105000208 2884 
313760105000135 313760105000209 2198 
313760105000135 31376010500021 2515 
313760105000135 313760105000211 365 
313760105000135 313760105000212 394 
313760105000135 313760105000213 6603 
313760105000135 313760105000214 6248 
313760105000135 313760105000215 594 
313760105000135 313760105000216 5016 
313760105000135 313760105000217 265 
313760105000135 313760105000218 2584 
313760105000135 313760105000219 947 
313760105000135 31376010500022 1122 
313760105000135 313760105000221 1292 
313760105000135 313760105000222 2377 
313760105000135 313760105000223 2045 
313760105000135 313760105000224 2138 
313760105000135 313760105000225 178 
313760105000135 313760105000226 1521 
313760105000135 313760105000227 1401 
313760105000135 313760105000228 1654 
313760105000135 313760105000229 1798 
313760105000135 31376010500023 5855 
313760105000135 313760105000231 587 
313760105000135 313760105000232 1522 
313760105000135 313760105000233 1338 
313760105000135 313760105000234 3409 
313760105000135 313760105000235 3392 
313760105000135 313760105000236 235 
313760105000135 313760105000237 2259 
313760105000135 313760105000238 49 
313760105000135 313760105000239 4043 
313760105000135 31376010500024 4351 
313760105000135 313760105000241 3864 
313760105000135 313760105000242 1563 
313760105000135 313760105000243 1593 
313760105000135 313760105000245 3304 
313760105000135 313760105000246 2097 
313760105000135 313760105000247 2291 
313760105000135 313760105000248 4934 
313760105000135 313760105000249 4568 
313760105000135 31376010500025 2489 
313760105000135 313760105000251 2675 
313760105000135 313760105000252 1916 
313760105000135 313760105000253 207 
313760105000135 313760105000254 829 
313760105000135 313760105000255 1039 
313760105000135 313760105000256 4451 
313760105000135 313760105000257 4593 
313760105000135 313760105000258 1846 
313760105000135 313760105000259 2124 
313760105000135 31376010500026 591 
313760105000135 313760105000261 512 
313760105000135 313760105000262 573 
313760105000135 313760105000263 843 
313760105000135 313760105000264 5023 
313760105000135 313760105000265 5225 
313760105000135 313760105000266 1992 
313760105000135 313760105000267 2198 
313760105000135 313760105000268 1872 
313760105000135 313760105000269 1815 
313760105000135 31376010500027 6801 
313760105000135 313760105000271 6673 
313760105000135 313760105000272 751 
313760105000135 313760105000273 7627 
313760105000135 313760105000274 7413 
313760105000135 313760105000275 7487 
313760105000135 313760105000276 2125 
313760105000135 313760105000277 2169 
313760105000135 313760105000278 1784 
313760105000135 313760105000279 1972 
313760105000135 31376010500028 4804 
313760105000135 313760105000281 284 
313760105000135 313760105000282 1227 
313760105000135 313760105000283 857 
313760105000135 313760105000284 836 
313760105000135 313760105000285 5849 
313760105000135 313760114000002 10648 
313760105000135 313760114000007 10398 
313760105000135 313760114000008 9939 
313760105000135 313760114000009 9109 
313760105000135 31376011400001 12465 
313760105000135 313760115000001 6348 
313760105000135 313760115000002 7288 
313760105000135 313760115000003 4724 
313760105000135 313760115000005 5397 
313760105000135 313760115000006 7852 
313760105000135 313760115000007 6962 
313760105000135 313760115000008 6199 
313760105000135 313760115000009 5381 
313760105000135 31376011500001 7121 
313760105000135 313760115000011 672 
313760105000135 313760115000014 3013 
313760105000135 313760115000015 2799 
313760105000135 313760115000018 5535 
313760105000135 313760115000019 5579 
313760105000135 31376011500002 3977 
313760105000135 313760115000021 3605 
313760105000135 313760115000022 3873 
313760105000135 313760115000023 3649 
313760105000135 313760115000024 4056 
313760105000135 313760115000025 3721 
313760105000135 313760115000026 3901 
313760105000135 313760115000027 4322 
313760105000135 313760115000029 3948 
313760105000135 31376011500003 3827 
313760105000135 313760115000031 4396 
313760105000135 313760115000032 5531 
313760105000135 313760115000033 5096 
313760105000135 313760115000034 2446 
313760105000139 313760105000002 4157 
313760105000139 313760105000003 3701 
313760105000139 313760105000005 5231 
313760105000139 313760105000007 5255 
313760105000139 313760105000008 543 
313760105000139 313760105000009 6405 
313760105000139 31376010500001 6637 
313760105000139 313760105000011 6681 
313760105000139 313760105000012 6923 
313760105000139 313760105000013 7273 
313760105000139 313760105000015 5775 
313760105000139 313760105000016 8446 
313760105000139 31376010500002 5895 
313760105000139 313760105000021 5589 
313760105000139 313760105000022 5843 
313760105000139 313760105000024 7529 
313760105000139 313760105000026 5656 
313760105000139 313760105000027 4719 
313760105000139 313760105000028 4554 
313760105000139 313760105000029 4311 
313760105000139 31376010500003 3912 
313760105000139 313760105000036 3409 
313760105000139 313760105000037 3161 
313760105000139 313760105000039 1042 
313760105000139 31376010500004 919 
313760105000139 313760105000043 353 
313760105000139 313760105000045 631 
313760105000139 313760105000048 9945 
313760105000139 31376010500005 8885 
313760105000139 313760105000058 6861 
313760105000139 313760105000064 779 
313760105000139 313760105000066 3249 
313760105000139 313760105000067 3522 
313760105000139 313760105000068 3723 
313760105000139 313760105000069 3618 
313760105000139 313760105000071 4741 
313760105000139 313760105000072 4902 
313760105000139 313760105000074 5596 
313760105000139 313760105000075 5764 
313760105000139 313760105000076 592 
313760105000139 313760105000077 5663 
313760105000139 313760105000078 6111 
313760105000139 31376010500008 6066 
313760105000139 313760105000081 7021 
313760105000139 313760105000082 6634 
313760105000139 313760105000083 6612 
313760105000139 313760105000084 6271 
313760105000139 313760105000085 6148 
313760105000139 313760105000086 6113 
313760105000139 313760105000087 7616 
313760105000139 313760105000088 8031 
313760105000139 313760105000089 7317 
313760105000139 31376010500009 7704 
313760105000139 313760105000091 7931 
313760105000139 313760105000092 879 
313760105000139 313760105000094 7716 
313760105000139 313760105000095 7239 
313760105000139 313760105000096 717 
313760105000139 313760105000097 6845 
313760105000139 313760105000098 6551 
313760105000139 313760105000099 6199 
313760105000139 313760105000101 8654 
313760105000139 313760105000102 8624 
313760105000139 313760105000103 8996 
313760105000139 313760105000105 9407 
313760105000139 313760105000106 6469 
313760105000139 313760105000108 55 
313760105000139 313760105000109 5386 
313760105000139 31376010500011 612 
313760105000139 313760105000112 6646 
313760105000139 313760105000114 8403 
313760105000139 313760105000118 6283 
313760105000139 31376010500012 6039 
313760105000139 313760105000122 457 
313760105000139 313760105000123 4566 
313760105000139 313760105000124 4997 
313760105000139 313760105000125 5156 
313760105000139 313760105000126 398 
313760105000139 313760105000127 4167 
313760105000139 313760105000128 3879 
313760105000139 313760105000129 4255 
313760105000139 313760105000132 3496 
313760105000139 313760105000133 2725 
313760105000139 313760105000134 3145 
313760105000139 313760105000135 1664 
313760105000139 313760105000136 1146 
313760105000139 313760105000138 212 
313760105000139 313760105000139  
313760105000139 31376010500014 492 
313760105000139 313760105000141 688 
313760105000139 313760105000142 1241 
313760105000139 313760105000144 8278 
313760105000139 313760105000145 9387 
313760105000139 313760105000146 7613 
313760105000139 313760105000147 4618 
313760105000139 31376010500015 956 
313760105000139 313760105000151 1112 
313760105000139 313760105000152 3265 
313760105000139 313760105000161 5778 
313760105000139 313760105000162 417 
313760105000139 313760105000163 437 
313760105000139 313760105000164 597 
313760105000139 313760105000165 5328 
313760105000139 313760105000166 6307 
313760105000139 313760105000167 6329 
313760105000139 313760105000168 3915 
313760105000139 313760105000169 395 
313760105000139 31376010500017 8264 
313760105000139 313760105000171 8237 
313760105000139 313760105000172 4864 
313760105000139 313760105000173 6387 
313760105000139 313760105000174 6641 
313760105000139 313760105000175 3647 
313760105000139 313760105000176 3652 
313760105000139 313760105000177 3967 
313760105000139 313760105000178 3988 
313760105000139 313760105000179 351 
313760105000139 31376010500018 367 
313760105000139 313760105000182 63 
313760105000139 313760105000183 623 
313760105000139 313760105000184 744 
313760105000139 313760105000185 906 
313760105000139 313760105000186 204 
313760105000139 313760105000187 403 
313760105000139 313760105000188 2879 
313760105000139 313760105000189 2447 
313760105000139 31376010500019 1376 
313760105000139 313760105000191 1322 
313760105000139 313760105000192 1932 
313760105000139 313760105000193 1099 
313760105000139 313760105000194 1076 
313760105000139 313760105000195 2458 
313760105000139 313760105000196 269 
313760105000139 313760105000198 7864 
313760105000139 313760105000199 7972 
313760105000139 3137601050002 7677 
313760105000139 313760105000201 8017 
313760105000139 313760105000202 8259 
313760105000139 313760105000203 574 
313760105000139 313760105000204 5914 
313760105000139 313760105000205 5932 
313760105000139 313760105000206 5592 
313760105000139 313760105000207 4539 
313760105000139 313760105000208 4529 
313760105000139 313760105000209 538 
313760105000139 31376010500021 854 
313760105000139 313760105000211 5064 
313760105000139 313760105000212 538 
313760105000139 313760105000213 8163 
313760105000139 313760105000214 7796 
313760105000139 313760105000215 756 
313760105000139 313760105000216 6653 
313760105000139 313760105000217 4264 
313760105000139 313760105000218 4231 
313760105000139 313760105000219 2072 
313760105000139 31376010500022 1357 
313760105000139 313760105000221 2 
313760105000139 313760105000222 1252 
313760105000139 313760105000223 886 
313760105000139 313760105000224 146 
313760105000139 313760105000225 1794 
313760105000139 313760105000226 1378 
313760105000139 313760105000227 941 
313760105000139 313760105000228 935 
313760105000139 313760105000229 1367 
313760105000139 31376010500023 7383 
313760105000139 313760105000231 7354 
313760105000139 313760105000232 2847 
313760105000139 313760105000233 1721 
313760105000139 313760105000234 5074 
313760105000139 313760105000235 5051 
313760105000139 313760105000236 3983 
313760105000139 313760105000237 3914 
313760105000139 313760105000238 5995 
313760105000139 313760105000239 5286 
313760105000139 31376010500024 5404 
313760105000139 313760105000241 5055 
313760105000139 313760105000242 3017 
313760105000139 313760105000243 3141 
313760105000139 313760105000245 4661 
313760105000139 313760105000246 3472 
313760105000139 313760105000247 3662 
313760105000139 313760105000248 6407 
313760105000139 313760105000249 6057 
313760105000139 31376010500025 4153 
313760105000139 313760105000251 434 
313760105000139 313760105000252 3578 
313760105000139 313760105000253 3733 
313760105000139 313760105000254 914 
313760105000139 313760105000255 838 
313760105000139 313760105000256 5717 
313760105000139 313760105000257 5818 
313760105000139 313760105000258 3136 
313760105000139 313760105000259 3379 
313760105000139 31376010500026 2135 
313760105000139 313760105000261 21 
313760105000139 313760105000262 2177 
313760105000139 313760105000263 2503 
313760105000139 313760105000264 4822 
313760105000139 313760105000265 6854 
313760105000139 313760105000266 681 
313760105000139 313760105000267 802 
313760105000139 313760105000268 676 
313760105000139 313760105000269 719 
313760105000139 31376010500027 8174 
313760105000139 313760105000271 8008 
313760105000139 313760105000272 9173 
313760105000139 313760105000273 9288 
313760105000139 313760105000274 9019 
313760105000139 313760105000275 9105 
313760105000139 313760105000276 3142 
313760105000139 313760105000277 3049 
313760105000139 313760105000278 3425 
313760105000139 313760105000279 3624 
313760105000139 31376010500028 3784 
313760105000139 313760105000281 2348 
313760105000139 313760105000282 442 
313760105000139 313760105000283 808 
313760105000139 313760105000284 9994 
313760105000139 313760105000285 7513 
313760105000139 313760114000002 12119 
313760105000139 313760114000007 11739 
313760105000139 313760114000008 11304 
313760105000139 313760114000009 10428 
313760105000139 31376011400001 13657 
313760105000139 313760115000001 5448 
313760105000139 313760115000002 6304 
313760105000139 313760115000003 3076 
313760105000139 313760115000005 4909 
313760105000139 313760115000006 6418 
313760105000139 313760115000007 5298 
313760105000139 313760115000008 5113 
313760105000139 313760115000009 4399 
313760105000139 31376011500001 6002 
313760105000139 313760115000011 5496 
313760105000139 313760115000014 1365 
313760105000139 313760115000015 2192 
313760105000139 313760115000018 4327 
313760105000139 313760115000019 411 
313760105000139 31376011500002 2315 
313760105000139 313760115000021 1943 
313760105000139 313760115000022 223 
313760105000139 313760115000023 2039 
313760105000139 313760115000024 2497 
313760105000139 313760115000025 2172 
313760105000139 313760115000026 2349 
313760105000139 313760115000027 278 
313760105000139 313760115000029 2674 
313760105000139 31376011500003 2949 
313760105000139 313760115000031 3235 
313760105000139 313760115000032 3896 
313760105000139 313760115000033 3513 
313760105000139 313760115000034 1281 
313760105000145 313760105000002 526 
313760105000145 313760105000003 5688 
313760105000145 313760105000005 42 
313760105000145 313760105000007 4286 
313760105000145 313760105000008 4035 
313760105000145 313760105000009 3018 
313760105000145 31376010500001 2766 
313760105000145 313760105000011 2969 
313760105000145 313760105000012 2577 
313760105000145 313760105000013 2386 
313760105000145 313760105000015 4213 
313760105000145 313760105000016 2158 
313760105000145 31376010500002 5171 
313760105000145 313760105000021 5454 
313760105000145 313760105000022 5594 
313760105000145 313760105000024 7632 
313760105000145 313760105000026 5966 
313760105000145 313760105000027 7058 
313760105000145 313760105000028 6339 
313760105000145 313760105000029 5824 
313760105000145 31376010500003 5573 
313760105000145 313760105000036 6453 
313760105000145 313760105000037 6709 
313760105000145 313760105000039 8627 
313760105000145 31376010500004 8925 
313760105000145 313760105000043 9292 
313760105000145 313760105000045 8755 
313760105000145 313760105000048 2818 
313760105000145 31376010500005 7973 
313760105000145 313760105000058 8178 
313760105000145 313760105000064 9736 
313760105000145 313760105000066 6291 
313760105000145 313760105000067 6067 
313760105000145 313760105000068 5687 
313760105000145 313760105000069 5802 
313760105000145 313760105000071 4662 
313760105000145 313760105000072 4545 
313760105000145 313760105000074 3975 
313760105000145 313760105000075 374 
313760105000145 313760105000076 3532 
313760105000145 313760105000077 3769 
313760105000145 313760105000078 3276 
313760105000145 31376010500008 3337 
313760105000145 313760105000081 2369 
313760105000145 313760105000082 278 
313760105000145 313760105000083 2896 
313760105000145 313760105000084 3222 
313760105000145 313760105000085 3397 
313760105000145 313760105000086 3524 
313760105000145 313760105000087 1781 
313760105000145 313760105000088 136 
313760105000145 313760105000089 2132 
313760105000145 31376010500009 185 
313760105000145 313760105000091 1923 
313760105000145 313760105000092 1237 
313760105000145 313760105000094 2473 
313760105000145 313760105000095 2816 
313760105000145 313760105000096 3552 
313760105000145 313760105000097 3461 
313760105000145 313760105000098 359 
313760105000145 313760105000099 4101 
313760105000145 313760105000101 2469 
313760105000145 313760105000102 3901 
313760105000145 313760105000103 3128 
313760105000145 313760105000105 384 
313760105000145 313760105000106 5396 
313760105000145 313760105000108 5125 
313760105000145 313760105000109 539 
313760105000145 31376010500011 5608 
313760105000145 313760105000112 615 
313760105000145 313760105000114 6294 
313760105000145 313760105000118 6901 
313760105000145 31376010500012 5946 
313760105000145 313760105000122 6613 
313760105000145 313760105000123 5875 
313760105000145 313760105000124 5877 
313760105000145 313760105000125 5616 
313760105000145 313760105000126 559 
313760105000145 313760105000127 5597 
313760105000145 313760105000128 679 
313760105000145 313760105000129 7581 
313760105000145 313760105000132 6332 
313760105000145 313760105000133 6953 
313760105000145 313760105000134 719 
313760105000145 313760105000135 8115 
313760105000145 313760105000136 8431 
313760105000145 313760105000138 9566 
313760105000145 313760105000139 9387 
313760105000145 31376010500014 8939 
313760105000145 313760105000141 8718 
313760105000145 313760105000142 8198 
313760105000145 313760105000144 1388 
313760105000145 313760105000145  
313760105000145 313760105000146 5518 
313760105000145 313760105000147 8749 
313760105000145 31376010500015 9718 
313760105000145 313760105000151 10105 
313760105000145 313760105000152 11709 
313760105000145 313760105000161 6331 
313760105000145 313760105000162 9558 
313760105000145 313760105000163 9617 
313760105000145 313760105000164 9568 
313760105000145 313760105000165 5296 
313760105000145 313760105000166 639 
313760105000145 313760105000167 6004 
313760105000145 313760105000168 5811 
313760105000145 313760105000169 5952 
313760105000145 31376010500017 4091 
313760105000145 313760105000171 3745 
313760105000145 313760105000172 9583 
313760105000145 313760105000173 7634 
313760105000145 313760105000174 8189 
313760105000145 313760105000175 6187 
313760105000145 313760105000176 6048 
313760105000145 313760105000177 7356 
313760105000145 313760105000178 7383 
313760105000145 313760105000179 7299 
313760105000145 31376010500018 7368 
313760105000145 313760105000182 10017 
313760105000145 313760105000183 10007 
313760105000145 313760105000184 9855 
313760105000145 313760105000185 9908 
313760105000145 313760105000186 919 
313760105000145 313760105000187 8983 
313760105000145 313760105000188 6616 
313760105000145 313760105000189 7056 
313760105000145 31376010500019 9899 
313760105000145 313760105000191 9889 
313760105000145 313760105000192 10118 
313760105000145 313760105000193 9856 
313760105000145 313760105000194 9673 
313760105000145 313760105000195 7287 
313760105000145 313760105000196 6784 
313760105000145 313760105000198 3619 
313760105000145 313760105000199 3254 
313760105000145 3137601050002 3402 
313760105000145 313760105000201 3512 
313760105000145 313760105000202 3563 
313760105000145 313760105000203 5416 
313760105000145 313760105000204 5455 
313760105000145 313760105000205 6617 
313760105000145 313760105000206 6755 
313760105000145 313760105000207 7062 
313760105000145 313760105000208 6863 
313760105000145 313760105000209 9772 
313760105000145 31376010500021 10128 
313760105000145 313760105000211 4498 
313760105000145 313760105000212 4252 
313760105000145 313760105000213 3064 
313760105000145 313760105000214 3066 
313760105000145 313760105000215 7162 
313760105000145 313760105000216 6725 
313760105000145 313760105000217 7259 
313760105000145 313760105000218 6935 
313760105000145 313760105000219 7356 
313760105000145 31376010500022 8036 
313760105000145 313760105000221 739 
313760105000145 313760105000222 907 
313760105000145 313760105000223 9056 
313760105000145 313760105000224 8507 
313760105000145 313760105000225 7799 
313760105000145 313760105000226 8129 
313760105000145 313760105000227 8512 
313760105000145 313760105000228 865 
313760105000145 313760105000229 8308 
313760105000145 31376010500023 8254 
313760105000145 313760105000231 862 
313760105000145 313760105000232 8444 
313760105000145 313760105000233 9345 
313760105000145 313760105000234 6139 
313760105000145 313760105000235 6473 
313760105000145 313760105000236 6175 
313760105000145 313760105000237 6417 
313760105000145 313760105000238 3475 
313760105000145 313760105000239 4105 
313760105000145 31376010500024 4069 
313760105000145 313760105000241 4332 
313760105000145 313760105000242 6554 
313760105000145 313760105000243 6574 
313760105000145 313760105000245 4812 
313760105000145 313760105000246 6019 
313760105000145 313760105000247 5825 
313760105000145 313760105000248 3438 
313760105000145 313760105000249 3802 
313760105000145 31376010500025 6555 
313760105000145 313760105000251 646 
313760105000145 313760105000252 6995 
313760105000145 313760105000253 669 
313760105000145 313760105000254 8535 
313760105000145 313760105000255 8554 
313760105000145 313760105000256 3679 
313760105000145 313760105000257 3569 
313760105000145 313760105000258 6303 
313760105000145 313760105000259 6038 
313760105000145 31376010500026 7524 
313760105000145 313760105000261 7608 
313760105000145 313760105000262 7558 
313760105000145 313760105000263 7616 
313760105000145 313760105000264 7324 
313760105000145 313760105000265 4475 
313760105000145 313760105000266 9201 
313760105000145 313760105000267 9355 
313760105000145 313760105000268 9071 
313760105000145 313760105000269 8977 
313760105000145 31376010500027 1499 
313760105000145 313760105000271 1495 
313760105000145 313760105000272 6193 
313760105000145 313760105000273 6441 
313760105000145 313760105000274 3679 
313760105000145 313760105000275 3926 
313760105000145 313760105000276 6249 
313760105000145 313760105000277 6369 
313760105000145 313760105000278 6638 
313760105000145 313760105000279 6575 
313760105000145 31376010500028 9595 
313760105000145 313760105000281 814 
313760105000145 313760105000282 9076 
313760105000145 313760105000283 8774 
313760105000145 313760105000284 4519 
313760105000145 313760105000285 577 
313760105000145 313760114000002 3387 
313760105000145 313760114000007 2412 
313760105000145 313760114000008 207 
313760105000145 313760114000009 1103 
313760105000145 31376011400001 4381 
313760105000145 313760115000001 14439 
313760105000145 313760115000002 15392 
313760105000145 313760115000003 12212 
313760105000145 313760115000005 13308 
313760105000145 313760115000006 15802 
313760105000145 313760115000007 13961 
313760105000145 313760115000008 14314 
313760105000145 313760115000009 13494 
313760105000145 31376011500001 15236 
313760105000145 313760115000011 14814 
313760105000145 313760115000014 10643 
313760105000145 313760115000015 10896 
313760105000145 313760115000018 13629 
313760105000145 313760115000019 13491 
313760105000145 31376011500002 1125 
313760105000145 313760115000021 11073 
313760105000145 313760115000022 11451 
313760105000145 313760115000023 11353 
313760105000145 313760115000024 11852 
313760105000145 313760115000025 11541 
313760105000145 313760115000026 11712 
313760105000145 313760115000027 12142 
313760105000145 313760115000029 12002 
313760105000145 31376011500003 11939 
313760105000145 313760115000031 12494 
313760105000145 313760115000032 13048 
313760105000145 313760115000033 12813 
313760105000145 313760115000034 105 
313760105000146 313760105000002 5255 
313760105000146 313760105000003 5018 
313760105000146 313760105000005 5022 
313760105000146 313760105000007 5414 
313760105000146 313760105000008 5134 
313760105000146 313760105000009 4091 
313760105000146 31376010500001 4751 
313760105000146 313760105000011 5521 
313760105000146 313760105000012 5176 
313760105000146 313760105000013 5548 
313760105000146 313760105000015 6191 
313760105000146 313760105000016 6642 
313760105000146 31376010500002 7469 
313760105000146 313760105000021 7512 
313760105000146 313760105000022 7852 
313760105000146 313760105000024 10542 
313760105000146 313760105000026 8071 
313760105000146 313760105000027 8445 
313760105000146 313760105000028 7611 
313760105000146 313760105000029 6758 
313760105000146 31376010500003 5639 
313760105000146 313760105000036 6654 
313760105000146 313760105000037 6764 
313760105000146 313760105000039 7449 
313760105000146 31376010500004 7722 
313760105000146 313760105000043 7336 
313760105000146 313760105000045 7105 
313760105000146 313760105000048 3765 
313760105000146 31376010500005 11462 
313760105000146 313760105000058 10596 
313760105000146 313760105000064 7497 
313760105000146 313760105000066 608 
313760105000146 313760105000067 6084 
313760105000146 313760105000068 5386 
313760105000146 313760105000069 5491 
313760105000146 313760105000071 4435 
313760105000146 313760105000072 5171 
313760105000146 313760105000074 5433 
313760105000146 313760105000075 5221 
313760105000146 313760105000076 5017 
313760105000146 313760105000077 4953 
313760105000146 313760105000078 4404 
313760105000146 31376010500008 4746 
313760105000146 313760105000081 4453 
313760105000146 313760105000082 482 
313760105000146 313760105000083 5187 
313760105000146 313760105000084 5143 
313760105000146 313760105000085 5303 
313760105000146 313760105000086 5527 
313760105000146 313760105000087 454 
313760105000146 313760105000088 4941 
313760105000146 313760105000089 5056 
313760105000146 31376010500009 5388 
313760105000146 313760105000091 5875 
313760105000146 313760105000092 6089 
313760105000146 313760105000094 6272 
313760105000146 313760105000095 6132 
313760105000146 313760105000096 6892 
313760105000146 313760105000097 6471 
313760105000146 313760105000098 6298 
313760105000146 313760105000099 6548 
313760105000146 313760105000101 707 
313760105000146 313760105000102 8233 
313760105000146 313760105000103 7823 
313760105000146 313760105000105 8599 
313760105000146 313760105000106 8118 
313760105000146 313760105000108 7074 
313760105000146 313760105000109 7271 
313760105000146 31376010500011 8067 
313760105000146 313760105000112 8889 
313760105000146 313760105000114 9987 
313760105000146 313760105000118 929 
313760105000146 31376010500012 832 
313760105000146 313760105000122 791 
313760105000146 313760105000123 7087 
313760105000146 313760105000124 7473 
313760105000146 313760105000125 7321 
313760105000146 313760105000126 5858 
313760105000146 313760105000127 621 
313760105000146 313760105000128 756 
313760105000146 313760105000129 8617 
313760105000146 313760105000132 6564 
313760105000146 313760105000133 6622 
313760105000146 313760105000134 7412 
313760105000146 313760105000135 7296 
313760105000146 313760105000136 7252 
313760105000146 313760105000138 7825 
313760105000146 313760105000139 7613 
313760105000146 31376010500014 7132 
313760105000146 313760105000141 7181 
313760105000146 313760105000142 6913 
313760105000146 313760105000144 4237 
313760105000146 313760105000145 5518 
313760105000146 313760105000146  
313760105000146 313760105000147 9795 
313760105000146 31376010500015 7366 
313760105000146 313760105000151 7726 
313760105000146 313760105000152 8424 
313760105000146 313760105000161 8491 
313760105000146 313760105000162 7531 
313760105000146 313760105000163 7585 
313760105000146 313760105000164 7429 
313760105000146 313760105000165 7112 
313760105000146 313760105000166 8881 
313760105000146 313760105000167 8564 
313760105000146 313760105000168 6223 
313760105000146 313760105000169 6521 
313760105000146 31376010500017 8174 
313760105000146 313760105000171 787 
313760105000146 313760105000172 10537 
313760105000146 313760105000173 993 
313760105000146 313760105000174 10487 
313760105000146 313760105000175 6518 
313760105000146 313760105000176 6271 
313760105000146 313760105000177 8216 
313760105000146 313760105000178 8256 
313760105000146 313760105000179 7828 
313760105000146 31376010500018 8018 
313760105000146 313760105000182 8112 
313760105000146 313760105000183 8083 
313760105000146 313760105000184 7664 
313760105000146 313760105000185 7618 
313760105000146 313760105000186 7423 
313760105000146 313760105000187 7292 
313760105000146 313760105000188 6131 
313760105000146 313760105000189 6376 
313760105000146 31376010500019 7306 
313760105000146 313760105000191 7327 
313760105000146 313760105000192 7215 
313760105000146 313760105000193 7429 
313760105000146 313760105000194 7247 
313760105000146 313760105000195 5198 
313760105000146 313760105000196 526 
313760105000146 313760105000198 7511 
313760105000146 313760105000199 7264 
313760105000146 3137601050002 7173 
313760105000146 313760105000201 7525 
313760105000146 313760105000202 7732 
313760105000146 313760105000203 7596 
313760105000146 313760105000204 777 
313760105000146 313760105000205 8841 
313760105000146 313760105000206 8744 
313760105000146 313760105000207 8327 
313760105000146 313760105000208 8129 
313760105000146 313760105000209 7712 
313760105000146 31376010500021 7983 
313760105000146 313760105000211 5513 
313760105000146 313760105000212 5617 
313760105000146 313760105000213 7236 
313760105000146 313760105000214 6953 
313760105000146 313760105000215 10207 
313760105000146 313760105000216 9365 
313760105000146 313760105000217 8325 
313760105000146 313760105000218 7986 
313760105000146 313760105000219 6356 
313760105000146 31376010500022 6483 
313760105000146 313760105000221 603 
313760105000146 313760105000222 6635 
313760105000146 313760105000223 6856 
313760105000146 313760105000224 6201 
313760105000146 313760105000225 5862 
313760105000146 313760105000226 6282 
313760105000146 313760105000227 6711 
313760105000146 313760105000228 6678 
313760105000146 313760105000229 6246 
313760105000146 31376010500023 10923 
313760105000146 313760105000231 11172 
313760105000146 313760105000232 8501 
313760105000146 313760105000233 8589 
313760105000146 313760105000234 781 
313760105000146 313760105000235 8123 
313760105000146 313760105000236 6893 
313760105000146 313760105000237 7145 
313760105000146 313760105000238 3877 
313760105000146 313760105000239 4699 
313760105000146 31376010500024 3923 
313760105000146 313760105000241 457 
313760105000146 313760105000242 6261 
313760105000146 313760105000243 6505 
313760105000146 313760105000245 5341 
313760105000146 313760105000246 5841 
313760105000146 313760105000247 5743 
313760105000146 313760105000248 5884 
313760105000146 313760105000249 5945 
313760105000146 31376010500025 7521 
313760105000146 313760105000251 7569 
313760105000146 313760105000252 7545 
313760105000146 313760105000253 7318 
313760105000146 313760105000254 7146 
313760105000146 313760105000255 7011 
313760105000146 313760105000256 4702 
313760105000146 313760105000257 4492 
313760105000146 313760105000258 5811 
313760105000146 313760105000259 5589 
313760105000146 31376010500026 6871 
313760105000146 313760105000261 6973 
313760105000146 313760105000262 698 
313760105000146 313760105000263 7385 
313760105000146 313760105000264 3176 
313760105000146 313760105000265 7543 
313760105000146 313760105000266 7074 
313760105000146 313760105000267 7116 
313760105000146 313760105000268 7002 
313760105000146 313760105000269 693 
313760105000146 31376010500027 5652 
313760105000146 313760105000271 5332 
313760105000146 313760105000272 1029 
313760105000146 313760105000273 10529 
313760105000146 313760105000274 8275 
313760105000146 313760105000275 8514 
313760105000146 313760105000276 5296 
313760105000146 313760105000277 5172 
313760105000146 313760105000278 6954 
313760105000146 313760105000279 707 
313760105000146 31376010500028 5654 
313760105000146 313760105000281 5389 
313760105000146 313760105000282 7552 
313760105000146 313760105000283 7445 
313760105000146 313760105000284 9388 
313760105000146 313760105000285 9096 
313760105000146 313760114000002 8858 
313760105000146 313760114000007 7531 
313760105000146 313760114000008 7388 
313760105000146 313760114000009 6464 
313760105000146 31376011400001 8141 
313760105000146 313760115000001 13027 
313760105000146 313760115000002 13828 
313760105000146 313760115000003 9426 
313760105000146 313760115000005 12484 
313760105000146 313760115000006 13248 
313760105000146 313760115000007 10425 
313760105000146 313760115000008 12596 
313760105000146 313760115000009 11964 
313760105000146 31376011500001 13423 
313760105000146 313760115000011 12817 
313760105000146 313760115000014 8367 
313760105000146 313760115000015 9746 
313760105000146 313760115000018 11735 
313760105000146 313760115000019 11091 
313760105000146 31376011500002 8461 
313760105000146 313760115000021 8515 
313760105000146 313760115000022 8919 
313760105000146 313760115000023 8989 
313760105000146 313760115000024 9508 
313760105000146 313760115000025 9292 
313760105000146 313760115000026 9417 
313760105000146 313760115000027 9783 
313760105000146 313760115000029 1014 
313760105000146 31376011500003 10562 
313760105000146 313760115000031 10746 
313760105000146 313760115000032 10149 
313760105000146 313760115000033 10196 
313760105000146 313760115000034 8892 
313760105000152 313760105000002 6838 
313760105000152 313760105000003 6241 
313760105000152 313760105000005 7851 
313760105000152 313760105000007 7986 
313760105000152 313760105000008 8078 
313760105000152 313760105000009 8707 
313760105000152 31376010500001 9115 
313760105000152 313760105000011 9354 
313760105000152 313760105000012 9489 
313760105000152 313760105000013 9897 
313760105000152 313760105000015 8668 
313760105000152 313760105000016 1118 
313760105000152 31376010500002 9011 
313760105000152 313760105000021 8729 
313760105000152 313760105000022 9013 
313760105000152 313760105000024 10794 
313760105000152 313760105000026 8859 
313760105000152 313760105000027 7978 
313760105000152 313760105000028 7757 
313760105000152 313760105000029 7395 
313760105000152 31376010500003 6717 
313760105000152 313760105000036 6497 
313760105000152 313760105000037 6276 
313760105000152 313760105000039 4294 
313760105000152 31376010500004 418 
313760105000152 313760105000043 3077 
313760105000152 313760105000045 3685 
313760105000152 313760105000048 11583 
313760105000152 31376010500005 1215 
313760105000152 313760105000058 10111 
313760105000152 313760105000064 2516 
313760105000152 313760105000066 6179 
313760105000152 313760105000067 646 
313760105000152 313760105000068 6427 
313760105000152 313760105000069 6355 
313760105000152 313760105000071 7145 
313760105000152 313760105000072 757 
313760105000152 313760105000074 8318 
313760105000152 313760105000075 8422 
313760105000152 313760105000076 8515 
313760105000152 313760105000077 8251 
313760105000152 313760105000078 852 
313760105000152 31376010500008 8578 
313760105000152 313760105000081 9385 
313760105000152 313760105000082 913 
313760105000152 313760105000083 9207 
313760105000152 313760105000084 8879 
313760105000152 313760105000085 8806 
313760105000152 313760105000086 883 
313760105000152 313760105000087 9943 
313760105000152 313760105000088 10413 
313760105000152 313760105000089 9813 
313760105000152 31376010500009 10242 
313760105000152 313760105000091 10558 
313760105000152 313760105000092 11353 
313760105000152 313760105000094 10457 
313760105000152 313760105000095 1 
313760105000152 313760105000096 10092 
313760105000152 313760105000097 9714 
313760105000152 313760105000098 941 
313760105000152 313760105000099 9136 
313760105000152 313760105000101 1145 
313760105000152 313760105000102 11633 
313760105000152 313760105000103 11895 
313760105000152 313760105000105 12391 
313760105000152 313760105000106 9634 
313760105000152 313760105000108 8579 
313760105000152 313760105000109 8503 
313760105000152 31376010500011 9299 
313760105000152 313760105000112 9874 
313760105000152 313760105000114 1163 
313760105000152 313760105000118 9543 
313760105000152 31376010500012 9248 
313760105000152 313760105000122 7801 
313760105000152 313760105000123 7697 
313760105000152 313760105000124 8163 
313760105000152 313760105000125 8293 
313760105000152 313760105000126 6855 
313760105000152 313760105000127 7136 
313760105000152 313760105000128 7099 
313760105000152 313760105000129 752 
313760105000152 313760105000132 6562 
313760105000152 313760105000133 5807 
313760105000152 313760105000134 6369 
313760105000152 313760105000135 4894 
313760105000152 313760105000136 436 
313760105000152 313760105000138 325 
313760105000152 313760105000139 3265 
313760105000152 31376010500014 3424 
313760105000152 313760105000141 383 
313760105000152 313760105000142 4335 
313760105000152 313760105000144 10433 
313760105000152 313760105000145 11709 
313760105000152 313760105000146 8424 
313760105000152 313760105000147 7804 
313760105000152 31376010500015 2398 
313760105000152 313760105000151 2152 
313760105000152 313760105000152  
313760105000152 313760105000161 9011 
313760105000152 313760105000162 2865 
313760105000152 313760105000163 2832 
313760105000152 313760105000164 2724 
313760105000152 313760105000165 8424 
313760105000152 313760105000166 9548 
313760105000152 313760105000167 9545 
313760105000152 313760105000168 6891 
313760105000152 313760105000169 6997 
313760105000152 31376010500017 11299 
313760105000152 313760105000171 11227 
313760105000152 313760105000172 7928 
313760105000152 313760105000173 965 
313760105000152 313760105000174 9889 
313760105000152 313760105000175 67 
313760105000152 313760105000176 6643 
313760105000152 313760105000177 7229 
313760105000152 313760105000178 7251 
313760105000152 313760105000179 6763 
313760105000152 31376010500018 6929 
313760105000152 313760105000182 2882 
313760105000152 313760105000183 2855 
313760105000152 313760105000184 252 
313760105000152 313760105000185 2365 
313760105000152 313760105000186 3352 
313760105000152 313760105000187 3534 
313760105000152 313760105000188 5809 
313760105000152 313760105000189 5438 
313760105000152 31376010500019 2036 
313760105000152 313760105000191 2073 
313760105000152 313760105000192 1637 
313760105000152 313760105000193 2232 
313760105000152 313760105000194 235 
313760105000152 313760105000195 4461 
313760105000152 313760105000196 5068 
313760105000152 313760105000198 1083 
313760105000152 313760105000199 10883 
313760105000152 3137601050002 10603 
313760105000152 313760105000201 10971 
313760105000152 313760105000202 11223 
313760105000152 313760105000203 8884 
313760105000152 313760105000204 907 
313760105000152 313760105000205 9182 
313760105000152 313760105000206 8846 
313760105000152 313760105000207 7797 
313760105000152 313760105000208 7777 
313760105000152 313760105000209 2729 
313760105000152 31376010500021 248 
313760105000152 313760105000211 7829 
313760105000152 313760105000212 816 
313760105000152 313760105000213 11049 
313760105000152 313760105000214 10668 
313760105000152 313760105000215 10822 
313760105000152 313760105000216 9908 
313760105000152 313760105000217 7526 
313760105000152 313760105000218 7477 
313760105000152 313760105000219 5015 
313760105000152 31376010500022 4169 
313760105000152 313760105000221 4716 
313760105000152 313760105000222 279 
313760105000152 313760105000223 2972 
313760105000152 313760105000224 3322 
313760105000152 313760105000225 4079 
313760105000152 313760105000226 3885 
313760105000152 313760105000227 3668 
313760105000152 313760105000228 3434 
313760105000152 313760105000229 3614 
313760105000152 31376010500023 10634 
313760105000152 313760105000231 1059 
313760105000152 313760105000232 6084 
313760105000152 313760105000233 4812 
313760105000152 313760105000234 8276 
313760105000152 313760105000235 8283 
313760105000152 313760105000236 7104 
313760105000152 313760105000237 7079 
313760105000152 313760105000238 8239 
313760105000152 313760105000239 7804 
313760105000152 31376010500024 7652 
313760105000152 313760105000241 7527 
313760105000152 313760105000242 5997 
313760105000152 313760105000243 6194 
313760105000152 313760105000245 7382 
313760105000152 313760105000246 6329 
313760105000152 313760105000247 6493 
313760105000152 313760105000248 9187 
313760105000152 313760105000249 8877 
313760105000152 31376010500025 736 
313760105000152 313760105000251 7546 
313760105000152 313760105000252 6805 
313760105000152 313760105000253 6929 
313760105000152 313760105000254 4075 
313760105000152 313760105000255 3898 
313760105000152 313760105000256 8229 
313760105000152 313760105000257 8263 
313760105000152 313760105000258 5961 
313760105000152 313760105000259 6136 
313760105000152 31376010500026 5274 
313760105000152 313760105000261 5264 
313760105000152 313760105000262 5344 
313760105000152 313760105000263 5736 
313760105000152 313760105000264 5247 
313760105000152 313760105000265 9915 
313760105000152 313760105000266 2945 
313760105000152 313760105000267 2738 
313760105000152 313760105000268 3081 
313760105000152 313760105000269 3159 
313760105000152 31376010500027 10717 
313760105000152 313760105000271 10494 
313760105000152 313760105000272 12382 
313760105000152 313760105000273 12509 
313760105000152 313760105000274 11993 
313760105000152 313760105000275 12108 
313760105000152 313760105000276 572 
313760105000152 313760105000277 5522 
313760105000152 313760105000278 6574 
313760105000152 313760105000279 6787 
313760105000152 31376010500028 2856 
313760105000152 313760105000281 3569 
313760105000152 313760105000282 3704 
313760105000152 313760105000283 4058 
313760105000152 313760105000284 13035 
313760105000152 313760105000285 10716 
313760105000152 313760114000002 14754 
313760105000152 313760114000007 14121 
313760105000152 313760114000008 13742 
313760105000152 313760114000009 12803 
313760105000152 31376011400001 15706 
313760105000152 313760115000001 5785 
313760105000152 313760115000002 626 
313760105000152 313760115000003 1358 
313760105000152 313760115000005 6199 
313760105000152 313760115000006 4917 
313760105000152 313760115000007 2259 
313760105000152 313760115000008 5068 
313760105000152 313760115000009 4836 
313760105000152 31376011500001 5651 
313760105000152 313760115000011 4942 
313760105000152 313760115000014 2133 
313760105000152 313760115000015 4309 
313760105000152 313760115000018 4183 
313760105000152 313760115000019 3074 
313760105000152 31376011500002 1083 
313760105000152 313760115000021 1552 
313760105000152 313760115000022 1615 
313760105000152 313760115000023 1953 
313760105000152 313760115000024 2136 
313760105000152 313760115000025 2235 
313760105000152 313760115000026 2189 
313760105000152 313760115000027 2235 
313760105000152 313760115000029 3231 
313760105000152 31376011500003 4231 
313760105000152 313760115000031 3731 
313760105000152 313760115000032 181 
313760105000152 313760115000033 2124 
313760105000152 313760115000034 3356 
313760105000168 313760105000002 969 
313760105000168 313760105000003 1346 
313760105000168 313760105000005 1695 
313760105000168 313760105000007 1526 
313760105000168 313760105000008 1804 
313760105000168 313760105000009 3142 
313760105000168 31376010500001 3085 
313760105000168 313760105000011 2898 
313760105000168 313760105000012 3236 
313760105000168 313760105000013 3507 
313760105000168 313760105000015 1864 
313760105000168 313760105000016 4571 
313760105000168 31376010500002 2189 
313760105000168 313760105000021 1972 
313760105000168 313760105000022 2316 
313760105000168 313760105000024 4791 
313760105000168 313760105000026 2317 
313760105000168 313760105000027 225 
313760105000168 313760105000028 1468 
313760105000168 313760105000029 66 
313760105000168 31376010500003 592 
313760105000168 313760105000036 644 
313760105000168 313760105000037 898 
313760105000168 313760105000039 2978 
313760105000168 31376010500004 325 
313760105000168 313760105000043 3943 
313760105000168 313760105000045 3326 
313760105000168 313760105000048 7103 
313760105000168 31376010500005 5999 
313760105000168 313760105000058 4571 
313760105000168 313760105000064 4483 
313760105000168 313760105000066 714 
313760105000168 313760105000067 438 
313760105000168 313760105000068 924 
313760105000168 313760105000069 87 
313760105000168 313760105000071 1832 
313760105000168 313760105000072 1362 
313760105000168 313760105000074 1837 
313760105000168 313760105000075 2072 
313760105000168 313760105000076 2297 
313760105000168 313760105000077 209 
313760105000168 313760105000078 2737 
313760105000168 31376010500008 2543 
313760105000168 313760105000081 3574 
313760105000168 313760105000082 3057 
313760105000168 313760105000083 2916 
313760105000168 313760105000084 2589 
313760105000168 313760105000085 2417 
313760105000168 313760105000086 2319 
313760105000168 313760105000087 4153 
313760105000168 313760105000088 4468 
313760105000168 313760105000089 3678 
313760105000168 31376010500009 3999 
313760105000168 313760105000091 4136 
313760105000168 313760105000092 5019 
313760105000168 313760105000094 3848 
313760105000168 313760105000095 3368 
313760105000168 313760105000096 3256 
313760105000168 313760105000097 2934 
313760105000168 313760105000098 2644 
313760105000168 313760105000099 2285 
313760105000168 313760105000101 4752 
313760105000168 313760105000102 4748 
313760105000168 313760105000103 5081 
313760105000168 313760105000105 5517 
313760105000168 313760105000106 2884 
313760105000168 313760105000108 1721 
313760105000168 313760105000109 1708 
313760105000168 31376010500011 2612 
313760105000168 313760105000112 3365 
313760105000168 313760105000114 5012 
313760105000168 313760105000118 3417 
313760105000168 31376010500012 2689 
313760105000168 313760105000122 1736 
313760105000168 313760105000123 1049 
313760105000168 313760105000124 1559 
313760105000168 313760105000125 1566 
313760105000168 313760105000126 365 
313760105000168 313760105000127 252 
313760105000168 313760105000128 1345 
313760105000168 313760105000129 2399 
313760105000168 313760105000132 522 
313760105000168 313760105000133 1212 
313760105000168 313760105000134 143 
313760105000168 313760105000135 2391 
313760105000168 313760105000136 2809 
313760105000168 313760105000138 4051 
313760105000168 313760105000139 3915 
313760105000168 31376010500014 3567 
313760105000168 313760105000141 323 
313760105000168 313760105000142 2675 
313760105000168 313760105000144 4964 
313760105000168 313760105000145 5811 
313760105000168 313760105000146 6223 
313760105000168 313760105000147 3605 
313760105000168 31376010500015 4544 
313760105000168 313760105000151 4879 
313760105000168 313760105000152 6891 
313760105000168 313760105000161 2646 
313760105000168 313760105000162 4203 
313760105000168 313760105000163 4255 
313760105000168 313760105000164 4281 
313760105000168 313760105000165 1594 
313760105000168 313760105000166 3167 
313760105000168 313760105000167 2999 
313760105000168 313760105000168  
313760105000168 313760105000169 302 
313760105000168 31376010500017 4408 
313760105000168 313760105000171 4348 
313760105000168 313760105000172 439 
313760105000168 313760105000173 3915 
313760105000168 313760105000174 4422 
313760105000168 313760105000175 386 
313760105000168 313760105000176 263 
313760105000168 313760105000177 201 
313760105000168 313760105000178 2049 
313760105000168 313760105000179 17 
313760105000168 31376010500018 1856 
313760105000168 313760105000182 4526 
313760105000168 313760105000183 4527 
313760105000168 313760105000184 4549 
313760105000168 313760105000185 4658 
313760105000168 313760105000186 3746 
313760105000168 313760105000187 3533 
313760105000168 313760105000188 1082 
313760105000168 313760105000189 1478 
313760105000168 31376010500019 4862 
313760105000168 313760105000191 483 
313760105000168 313760105000192 5275 
313760105000168 313760105000193 4707 
313760105000168 313760105000194 4561 
313760105000168 313760105000195 2817 
313760105000168 313760105000196 212 
313760105000168 313760105000198 3963 
313760105000168 313760105000199 4057 
313760105000168 3137601050002 3765 
313760105000168 313760105000201 4112 
313760105000168 313760105000202 4358 
313760105000168 313760105000203 2122 
313760105000168 313760105000204 2328 
313760105000168 313760105000205 2954 
313760105000168 313760105000206 2742 
313760105000168 313760105000207 2117 
313760105000168 313760105000208 1929 
313760105000168 313760105000209 4402 
313760105000168 31376010500021 4752 
313760105000168 313760105000211 1314 
313760105000168 313760105000212 157 
313760105000168 313760105000213 4248 
313760105000168 313760105000214 3882 
313760105000168 313760105000215 4605 
313760105000168 313760105000216 364 
313760105000168 313760105000217 2102 
313760105000168 313760105000218 1764 
313760105000168 313760105000219 1888 
313760105000168 31376010500022 2729 
313760105000168 313760105000221 2186 
313760105000168 313760105000222 4114 
313760105000168 313760105000223 3924 
313760105000168 313760105000224 3627 
313760105000168 313760105000225 2894 
313760105000168 313760105000226 3011 
313760105000168 313760105000227 3239 
313760105000168 313760105000228 3461 
313760105000168 313760105000229 3298 
313760105000168 31376010500023 4986 
313760105000168 313760105000231 5158 
313760105000168 313760105000232 2702 
313760105000168 313760105000233 3541 
313760105000168 313760105000234 1833 
313760105000168 313760105000235 206 
313760105000168 313760105000236 673 
313760105000168 313760105000237 922 
313760105000168 313760105000238 2914 
313760105000168 313760105000239 1922 
313760105000168 31376010500024 2504 
313760105000168 313760105000241 186 
313760105000168 313760105000242 905 
313760105000168 313760105000243 798 
313760105000168 313760105000245 109 
313760105000168 313760105000246 647 
313760105000168 313760105000247 589 
313760105000168 313760105000248 2544 
313760105000168 313760105000249 2177 
313760105000168 31376010500025 1304 
313760105000168 313760105000251 1375 
313760105000168 313760105000252 1388 
313760105000168 313760105000253 1119 
313760105000168 313760105000254 3001 
313760105000168 313760105000255 3103 
313760105000168 313760105000256 2256 
313760105000168 313760105000257 2445 
313760105000168 313760105000258 989 
313760105000168 313760105000259 95 
313760105000168 31376010500026 1817 
313760105000168 313760105000261 1882 
313760105000168 313760105000262 1817 
313760105000168 313760105000263 1805 
313760105000168 313760105000264 5002 
313760105000168 313760105000265 3027 
313760105000168 313760105000266 3982 
313760105000168 313760105000267 418 
313760105000168 313760105000268 3841 
313760105000168 313760105000269 3755 
313760105000168 31376010500027 4441 
313760105000168 313760105000271 4337 
313760105000168 313760105000272 567 
313760105000168 313760105000273 5836 
313760105000168 313760105000274 5124 
313760105000168 313760105000275 5226 
313760105000168 313760105000276 1484 
313760105000168 313760105000277 1743 
313760105000168 313760105000278 87 
313760105000168 313760105000279 897 
313760105000168 31376010500028 5906 
313760105000168 313760105000281 3822 
313760105000168 313760105000282 3522 
313760105000168 313760105000283 317 
313760105000168 313760105000284 6144 
313760105000168 313760105000285 4034 
313760105000168 313760114000002 8257 
313760105000168 313760114000007 8038 
313760105000168 313760114000008 7569 
313760105000168 313760114000009 6765 
313760105000168 31376011400001 10188 
313760105000168 313760115000001 8636 
313760105000168 313760115000002 9596 
313760105000168 313760115000003 6974 
313760105000168 313760115000005 7509 
313760105000168 313760115000006 1024 
313760105000168 313760115000007 9088 
313760105000168 313760115000008 855 
313760105000168 313760115000009 7712 
313760105000168 31376011500001 9475 
313760105000168 313760115000011 9099 
313760105000168 313760115000014 5275 
313760105000168 313760115000015 5106 
313760105000168 313760115000018 7916 
313760105000168 313760115000019 7958 
313760105000168 31376011500002 6125 
313760105000168 313760115000021 5819 
313760105000168 313760115000022 6137 
313760105000168 313760115000023 5954 
313760105000168 313760115000024 6397 
313760105000168 313760115000025 6065 
313760105000168 313760115000026 6245 
313760105000168 313760115000027 6672 
313760105000168 313760115000029 6339 
313760105000168 31376011500003 6161 
313760105000168 313760115000031 6777 
313760105000168 313760115000032 7803 
313760105000168 313760115000033 7425 
313760105000168 313760115000034 4837 
313760105000172 313760105000002 5345 
313760105000172 313760105000003 5518 
313760105000172 313760105000005 5968 
313760105000172 313760105000007 5673 
313760105000172 313760105000008 5997 
313760105000172 313760105000009 7404 
313760105000172 31376010500001 7158 
313760105000172 313760105000011 6672 
313760105000172 313760105000012 7126 
313760105000172 313760105000013 7212 
313760105000172 313760105000015 5412 
313760105000172 313760105000016 7752 
313760105000172 31376010500002 4449 
313760105000172 313760105000021 4141 
313760105000172 313760105000022 4062 
313760105000172 313760105000024 3747 
313760105000172 313760105000026 3685 
313760105000172 313760105000027 2526 
313760105000172 313760105000028 3297 
313760105000172 313760105000029 4013 
313760105000172 31376010500003 494 
313760105000172 313760105000036 3888 
313760105000172 313760105000037 3774 
313760105000172 313760105000039 4072 
313760105000172 31376010500004 4013 
313760105000172 313760105000043 5175 
313760105000172 313760105000045 4777 
313760105000172 313760105000048 11359 
313760105000172 31376010500005 4974 
313760105000172 313760105000058 2789 
313760105000172 313760105000064 5629 
313760105000172 313760105000066 4458 
313760105000172 313760105000067 446 
313760105000172 313760105000068 5156 
313760105000172 313760105000069 5047 
313760105000172 313760105000071 6221 
313760105000172 313760105000072 5681 
313760105000172 313760105000074 5874 
313760105000172 313760105000075 6151 
313760105000172 313760105000076 6411 
313760105000172 313760105000077 6281 
313760105000172 313760105000078 6979 
313760105000172 31376010500008 671 
313760105000172 313760105000081 7684 
313760105000172 313760105000082 7108 
313760105000172 313760105000083 6842 
313760105000172 313760105000084 6588 
313760105000172 313760105000085 6376 
313760105000172 313760105000086 6186 
313760105000172 313760105000087 8195 
313760105000172 313760105000088 8376 
313760105000172 313760105000089 7577 
313760105000172 31376010500009 7753 
313760105000172 313760105000091 7678 
313760105000172 313760105000092 8511 
313760105000172 313760105000094 7182 
313760105000172 313760105000095 678 
313760105000172 313760105000096 6166 
313760105000172 313760105000097 6145 
313760105000172 313760105000098 5993 
313760105000172 313760105000099 5482 
313760105000172 313760105000101 7713 
313760105000172 313760105000102 6881 
313760105000172 313760105000103 7625 
313760105000172 313760105000105 7623 
313760105000172 313760105000106 4458 
313760105000172 313760105000108 4458 
313760105000172 313760105000109 4193 
313760105000172 31376010500011 414 
313760105000172 313760105000112 399 
313760105000172 313760105000114 5337 
313760105000172 313760105000118 32 
313760105000172 31376010500012 383 
313760105000172 313760105000122 3 
313760105000172 313760105000123 382 
313760105000172 313760105000124 3715 
313760105000172 313760105000125 3972 
313760105000172 313760105000126 4749 
313760105000172 313760105000127 4475 
313760105000172 313760105000128 306 
313760105000172 313760105000129 2061 
313760105000172 313760105000132 3986 
313760105000172 313760105000133 3968 
313760105000172 313760105000134 3128 
313760105000172 313760105000135 376 
313760105000172 313760105000136 4149 
313760105000172 313760105000138 4795 
313760105000172 313760105000139 4864 
313760105000172 31376010500014 4984 
313760105000172 313760105000141 4607 
313760105000172 313760105000142 4413 
313760105000172 313760105000144 9063 
313760105000172 313760105000145 9583 
313760105000172 313760105000146 10537 
313760105000172 313760105000147 837 
313760105000172 31376010500015 5818 
313760105000172 313760105000151 5891 
313760105000172 313760105000152 7928 
313760105000172 313760105000161 3403 
313760105000172 313760105000162 5275 
313760105000172 313760105000163 5282 
313760105000172 313760105000164 546 
313760105000172 313760105000165 4291 
313760105000172 313760105000166 3606 
313760105000172 313760105000167 3917 
313760105000172 313760105000168 439 
313760105000172 313760105000169 4113 
313760105000172 31376010500017 648 
313760105000172 313760105000171 6664 
313760105000172 313760105000172  
313760105000172 313760105000173 2732 
313760105000172 313760105000174 2577 
313760105000172 313760105000175 4051 
313760105000172 313760105000176 4293 
313760105000172 313760105000177 2395 
313760105000172 313760105000178 2358 
313760105000172 313760105000179 2714 
313760105000172 31376010500018 2538 
313760105000172 313760105000182 5073 
313760105000172 313760105000183 5104 
313760105000172 313760105000184 5551 
313760105000172 313760105000185 5723 
313760105000172 313760105000186 4877 
313760105000172 313760105000187 4789 
313760105000172 313760105000188 4445 
313760105000172 313760105000189 4302 
313760105000172 31376010500019 6236 
313760105000172 313760105000191 6181 
313760105000172 313760105000192 6792 
313760105000172 313760105000193 5951 
313760105000172 313760105000194 5941 
313760105000172 313760105000195 5977 
313760105000172 313760105000196 5549 
313760105000172 313760105000198 6481 
313760105000172 313760105000199 6781 
313760105000172 3137601050002 6512 
313760105000172 313760105000201 6649 
313760105000172 313760105000202 6788 
313760105000172 313760105000203 4198 
313760105000172 313760105000204 4203 
313760105000172 313760105000205 3228 
313760105000172 313760105000206 2967 
313760105000172 313760105000207 2537 
313760105000172 313760105000208 2744 
313760105000172 313760105000209 5329 
313760105000172 31376010500021 549 
313760105000172 313760105000211 5485 
313760105000172 313760105000212 5589 
313760105000172 313760105000213 7021 
313760105000172 313760105000214 68 
313760105000172 313760105000215 4048 
313760105000172 313760105000216 358 
313760105000172 313760105000217 239 
313760105000172 313760105000218 2742 
313760105000172 313760105000219 4489 
313760105000172 31376010500022 4881 
313760105000172 313760105000221 4948 
313760105000172 313760105000222 5972 
313760105000172 313760105000223 5597 
313760105000172 313760105000224 5856 
313760105000172 313760105000225 5535 
313760105000172 313760105000226 5275 
313760105000172 313760105000227 508 
313760105000172 313760105000228 5309 
313760105000172 313760105000229 5536 
313760105000172 31376010500023 326 
313760105000172 313760105000231 3045 
313760105000172 313760105000232 2244 
313760105000172 313760105000233 3157 
313760105000172 313760105000234 3443 
313760105000172 313760105000235 3112 
313760105000172 313760105000236 3762 
313760105000172 313760105000237 3491 
313760105000172 313760105000238 7256 
313760105000172 313760105000239 6248 
313760105000172 31376010500024 689 
313760105000172 313760105000241 6234 
313760105000172 313760105000242 4291 
313760105000172 313760105000243 4034 
313760105000172 313760105000245 5433 
313760105000172 313760105000246 4697 
313760105000172 313760105000247 4805 
313760105000172 313760105000248 6169 
313760105000172 313760105000249 5828 
313760105000172 31376010500025 3194 
313760105000172 313760105000251 3228 
313760105000172 313760105000252 3011 
313760105000172 313760105000253 3271 
313760105000172 313760105000254 4435 
313760105000172 313760105000255 4667 
313760105000172 313760105000256 6501 
313760105000172 313760105000257 6716 
313760105000172 313760105000258 4741 
313760105000172 313760105000259 495 
313760105000172 31376010500026 391 
313760105000172 313760105000261 3825 
313760105000172 313760105000262 3784 
313760105000172 313760105000263 3281 
313760105000172 313760105000264 8698 
313760105000172 313760105000265 5338 
313760105000172 313760105000266 5463 
313760105000172 313760105000267 5635 
313760105000172 313760105000268 5383 
313760105000172 313760105000269 5362 
313760105000172 31376010500027 8087 
313760105000172 313760105000271 8108 
313760105000172 313760105000272 6155 
313760105000172 313760105000273 6148 
313760105000172 313760105000274 7347 
313760105000172 313760105000275 7291 
313760105000172 313760105000276 5295 
313760105000172 313760105000277 547 
313760105000172 313760105000278 3591 
313760105000172 313760105000279 35 
313760105000172 31376010500028 8506 
313760105000172 313760105000281 66 
313760105000172 313760105000282 45 
313760105000172 313760105000283 426 
313760105000172 313760105000284 7868 
313760105000172 313760105000285 4866 
313760105000172 313760114000002 11123 
313760105000172 313760114000007 1144 
313760105000172 313760114000008 10924 
313760105000172 313760114000009 10326 
313760105000172 31376011400001 13875 
313760105000172 313760115000001 6298 
313760105000172 313760115000002 7243 
313760105000172 313760115000003 722 
313760105000172 313760115000005 4689 
313760105000172 313760115000006 9015 
313760105000172 313760115000007 956 
313760105000172 313760115000008 6638 
313760105000172 313760115000009 5793 
313760105000172 31376011500001 7458 
313760105000172 313760115000011 7414 
313760105000172 313760115000014 5795 
313760105000172 313760115000015 3894 
313760105000172 313760115000018 6441 
313760105000172 313760115000019 7196 
313760105000172 31376011500002 6857 
313760105000172 313760115000021 6393 
313760105000172 313760115000022 6464 
313760105000172 313760115000023 6134 
313760105000172 313760115000024 6277 
313760105000172 313760115000025 5995 
313760105000172 313760115000026 6139 
313760105000172 313760115000027 6426 
313760105000172 313760115000029 5505 
313760105000172 31376011500003 4662 
313760105000172 313760115000031 5545 
313760105000172 313760115000032 7832 
313760105000172 313760115000033 7201 
313760105000172 313760115000034 4609 
313760105000186 313760105000002 3966 
313760105000186 313760105000003 3502 
313760105000186 313760105000005 504 
313760105000186 313760105000007 5069 
313760105000186 313760105000008 524 
313760105000186 313760105000009 6205 
313760105000186 31376010500001 6442 
313760105000186 313760105000011 6495 
313760105000186 313760105000012 6731 
313760105000186 313760105000013 7085 
313760105000186 313760105000015 5602 
313760105000186 313760105000016 8265 
313760105000186 31376010500002 5751 
313760105000186 313760105000021 545 
313760105000186 313760105000022 5711 
313760105000186 313760105000024 7453 
313760105000186 313760105000026 5533 
313760105000186 313760105000027 4626 
313760105000186 313760105000028 443 
313760105000186 313760105000029 4158 
313760105000186 31376010500003 3728 
313760105000186 313760105000036 3254 
313760105000186 313760105000037 3011 
313760105000186 313760105000039 943 
313760105000186 31376010500004 879 
313760105000186 313760105000043 301 
313760105000186 313760105000045 436 
313760105000186 313760105000048 9741 
313760105000186 31376010500005 8806 
313760105000186 313760105000058 6804 
313760105000186 313760105000064 837 
313760105000186 313760105000066 3073 
313760105000186 313760105000067 3348 
313760105000186 313760105000068 3531 
313760105000186 313760105000069 3428 
313760105000186 313760105000071 4541 
313760105000186 313760105000072 4712 
313760105000186 313760105000074 541 
313760105000186 313760105000075 5575 
313760105000186 313760105000076 5728 
313760105000186 313760105000077 5471 
313760105000186 313760105000078 5913 
313760105000186 31376010500008 5871 
313760105000186 313760105000081 6823 
313760105000186 313760105000082 6439 
313760105000186 313760105000083 6421 
313760105000186 313760105000084 608 
313760105000186 313760105000085 5959 
313760105000186 313760105000086 5928 
313760105000186 313760105000087 7418 
313760105000186 313760105000088 7834 
313760105000186 313760105000089 7123 
313760105000186 31376010500009 7513 
313760105000186 313760105000091 7743 
313760105000186 313760105000092 86 
313760105000186 313760105000094 7535 
313760105000186 313760105000095 7058 
313760105000186 313760105000096 7003 
313760105000186 313760105000097 6672 
313760105000186 313760105000098 6376 
313760105000186 313760105000099 6031 
313760105000186 313760105000101 8477 
313760105000186 313760105000102 8467 
313760105000186 313760105000103 8828 
313760105000186 313760105000105 9248 
313760105000186 313760105000106 6336 
313760105000186 313760105000108 5349 
313760105000186 313760105000109 5242 
313760105000186 31376010500011 5991 
313760105000186 313760105000112 6533 
313760105000186 313760105000114 8291 
313760105000186 313760105000118 6191 
313760105000186 31376010500012 5919 
313760105000186 313760105000122 4458 
313760105000186 313760105000123 4423 
313760105000186 313760105000124 4863 
313760105000186 313760105000125 5015 
313760105000186 313760105000126 3802 
313760105000186 313760105000127 3998 
313760105000186 313760105000128 3761 
313760105000186 313760105000129 4181 
313760105000186 313760105000132 3338 
313760105000186 313760105000133 2567 
313760105000186 313760105000134 3028 
313760105000186 313760105000135 1546 
313760105000186 313760105000136 1016 
313760105000186 313760105000138 411 
313760105000186 313760105000139 204 
313760105000186 31376010500014 292 
313760105000186 313760105000141 517 
313760105000186 313760105000142 1071 
313760105000186 313760105000144 8077 
313760105000186 313760105000145 919 
313760105000186 313760105000146 7423 
313760105000186 313760105000147 4596 
313760105000186 31376010500015 986 
313760105000186 313760105000151 1206 
313760105000186 313760105000152 3352 
313760105000186 313760105000161 5667 
313760105000186 313760105000162 489 
313760105000186 313760105000163 53 
313760105000186 313760105000164 634 
313760105000186 313760105000165 518 
313760105000186 313760105000166 62 
313760105000186 313760105000167 6211 
313760105000186 313760105000168 3746 
313760105000186 313760105000169 3791 
313760105000186 31376010500017 8111 
313760105000186 313760105000171 8078 
313760105000186 313760105000172 4877 
313760105000186 313760105000173 6317 
313760105000186 313760105000174 6586 
313760105000186 313760105000175 3488 
313760105000186 313760105000176 3484 
313760105000186 313760105000177 3879 
313760105000186 313760105000178 3902 
313760105000186 313760105000179 3411 
313760105000186 31376010500018 3577 
313760105000186 313760105000182 827 
313760105000186 313760105000183 817 
313760105000186 313760105000184 843 
313760105000186 313760105000185 988 
313760105000186 313760105000186  
313760105000186 313760105000187 213 
313760105000186 313760105000188 2701 
313760105000186 313760105000189 2273 
313760105000186 31376010500019 1401 
313760105000186 313760105000191 135 
313760105000186 313760105000192 1949 
313760105000186 313760105000193 1143 
313760105000186 313760105000194 1086 
313760105000186 313760105000195 2258 
313760105000186 313760105000196 2485 
313760105000186 313760105000198 7702 
313760105000186 313760105000199 7804 
313760105000186 3137601050002 7511 
313760105000186 313760105000201 7854 
313760105000186 313760105000202 8097 
313760105000186 313760105000203 5602 
313760105000186 313760105000204 5779 
313760105000186 313760105000205 5831 
313760105000186 313760105000206 5494 
313760105000186 313760105000207 4445 
313760105000186 313760105000208 4426 
313760105000186 313760105000209 663 
313760105000186 31376010500021 1006 
313760105000186 313760105000211 488 
313760105000186 313760105000212 5198 
313760105000186 313760105000213 7993 
313760105000186 313760105000214 7625 
313760105000186 313760105000215 7471 
313760105000186 313760105000216 6556 
313760105000186 313760105000217 4175 
313760105000186 313760105000218 4127 
313760105000186 313760105000219 1889 
313760105000186 31376010500022 1156 
313760105000186 313760105000221 18 
313760105000186 313760105000222 1152 
313760105000186 313760105000223 772 
313760105000186 313760105000224 1296 
313760105000186 313760105000225 1593 
313760105000186 313760105000226 1175 
313760105000186 313760105000227 737 
313760105000186 313760105000228 748 
313760105000186 313760105000229 1177 
313760105000186 31376010500023 7324 
313760105000186 313760105000231 7306 
313760105000186 313760105000232 2809 
313760105000186 313760105000233 1763 
313760105000186 313760105000234 495 
313760105000186 313760105000235 4939 
313760105000186 313760105000236 3837 
313760105000186 313760105000237 3778 
313760105000186 313760105000238 5793 
313760105000186 313760105000239 5091 
313760105000186 31376010500024 5202 
313760105000186 313760105000241 4857 
313760105000186 313760105000242 2845 
313760105000186 313760105000243 298 
313760105000186 313760105000245 4474 
313760105000186 313760105000246 3289 
313760105000186 313760105000247 3478 
313760105000186 313760105000248 6226 
313760105000186 313760105000249 5879 
313760105000186 31376010500025 403 
313760105000186 313760105000251 4217 
313760105000186 313760105000252 3462 
313760105000186 313760105000253 3606 
313760105000186 313760105000254 756 
313760105000186 313760105000255 65 
313760105000186 313760105000256 5522 
313760105000186 313760105000257 562 
313760105000186 313760105000258 295 
313760105000186 313760105000259 3189 
313760105000186 31376010500026 1985 
313760105000186 313760105000261 1957 
313760105000186 313760105000262 2035 
313760105000186 313760105000263 2389 
313760105000186 313760105000264 4657 
313760105000186 313760105000265 6703 
313760105000186 313760105000266 595 
313760105000186 313760105000267 758 
313760105000186 313760105000268 551 
313760105000186 313760105000269 573 
313760105000186 31376010500027 7983 
313760105000186 313760105000271 7814 
313760105000186 313760105000272 9054 
313760105000186 313760105000273 9173 
313760105000186 313760105000274 8858 
313760105000186 313760105000275 8948 
313760105000186 313760105000276 2942 
313760105000186 313760105000277 2846 
313760105000186 313760105000278 3284 
313760105000186 313760105000279 3486 
313760105000186 31376010500028 3708 
313760105000186 313760105000281 2187 
313760105000186 313760105000282 381 
313760105000186 313760105000283 708 
313760105000186 313760105000284 9843 
313760105000186 313760105000285 7392 
313760105000186 313760114000002 11935 
313760105000186 313760114000007 11545 
313760105000186 313760114000008 11111 
313760105000186 313760114000009 10233 
313760105000186 31376011400001 13455 
313760105000186 313760115000001 5648 
313760105000186 313760115000002 6507 
313760105000186 313760115000003 3232 
313760105000186 313760115000005 5087 
313760105000186 313760115000006 6614 
313760105000186 313760115000007 5424 
313760105000186 313760115000008 5317 
313760105000186 313760115000009 46 
313760105000186 31376011500001 6206 
313760105000186 313760115000011 57 
313760105000186 313760115000014 1528 
313760105000186 313760115000015 2361 
313760105000186 313760115000018 4532 
313760105000186 313760115000019 4304 
313760105000186 31376011500002 2437 
313760105000186 313760115000021 2086 
313760105000186 313760115000022 2391 
313760105000186 313760115000023 2215 
313760105000186 313760115000024 2683 
313760105000186 313760115000025 2361 
313760105000186 313760115000026 2537 
313760105000186 313760115000027 2969 
313760105000186 313760115000029 2879 
313760105000186 31376011500003 3143 
313760105000186 313760115000031 3439 
313760105000186 313760115000032 4058 
313760105000186 313760115000033 3692 
313760105000186 313760115000034 1478 
313760105000201 313760105000002 4192 
313760105000201 313760105000003 4833 
313760105000201 313760105000005 3347 
313760105000201 313760105000007 3086 
313760105000201 313760105000008 3115 
313760105000201 313760105000009 3494 
313760105000201 31376010500001 2809 
313760105000201 313760105000011 2093 
313760105000201 313760105000012 2357 
313760105000201 313760105000013 198 
313760105000201 313760105000015 2306 
313760105000201 313760105000016 1356 
313760105000201 31376010500002 234 
313760105000201 313760105000021 2687 
313760105000201 313760105000022 2635 
313760105000201 313760105000024 4149 
313760105000201 313760105000026 2998 
313760105000201 313760105000027 4264 
313760105000201 313760105000028 3808 
313760105000201 313760105000029 3734 
313760105000201 31376010500003 4258 
313760105000201 313760105000036 4618 
313760105000201 313760105000037 4876 
313760105000201 313760105000039 7043 
313760105000201 31376010500004 7293 
313760105000201 313760105000043 8055 
313760105000201 313760105000045 7437 
313760105000201 313760105000048 6115 
313760105000201 31376010500005 4477 
313760105000201 313760105000058 4785 
313760105000201 313760105000064 8595 
313760105000201 313760105000066 481 
313760105000201 313760105000067 4528 
313760105000201 313760105000068 4572 
313760105000201 313760105000069 463 
313760105000201 313760105000071 4214 
313760105000201 313760105000072 3531 
313760105000201 313760105000074 2798 
313760105000201 313760105000075 2813 
313760105000201 313760105000076 2866 
313760105000201 313760105000077 3077 
313760105000201 313760105000078 3296 
313760105000201 31376010500008 3011 
313760105000201 313760105000081 3074 
313760105000201 313760105000082 2744 
313760105000201 313760105000083 241 
313760105000201 313760105000084 2579 
313760105000201 313760105000085 2514 
313760105000201 313760105000086 2371 
313760105000201 313760105000087 3115 
313760105000201 313760105000088 2895 
313760105000201 313760105000089 2491 
313760105000201 31376010500009 2251 
313760105000201 313760105000091 1826 
313760105000201 313760105000092 2275 
313760105000201 313760105000094 1296 
313760105000201 313760105000095 1404 
313760105000201 313760105000096 887 
313760105000201 313760105000097 1317 
313760105000201 313760105000098 1615 
313760105000201 313760105000099 1835 
313760105000201 313760105000101 1133 
313760105000201 313760105000102 752 
313760105000201 313760105000103 1024 
313760105000201 313760105000105 1425 
313760105000201 313760105000106 2192 
313760105000201 313760105000108 2594 
313760105000201 313760105000109 2784 
313760105000201 31376010500011 2513 
313760105000201 313760105000112 2805 
313760105000201 313760105000114 2804 
313760105000201 313760105000118 3615 
313760105000201 31376010500012 2819 
313760105000201 313760105000122 3983 
313760105000201 313760105000123 3559 
313760105000201 313760105000124 3282 
313760105000201 313760105000125 3045 
313760105000201 313760105000126 4116 
313760105000201 313760105000127 3861 
313760105000201 313760105000128 4452 
313760105000201 313760105000129 4882 
313760105000201 313760105000132 4524 
313760105000201 313760105000133 5292 
313760105000201 313760105000134 5089 
313760105000201 313760105000135 6427 
313760105000201 313760105000136 6891 
313760105000201 313760105000138 8143 
313760105000201 313760105000139 8017 
313760105000201 31376010500014 768 
313760105000201 313760105000141 7337 
313760105000201 313760105000142 6783 
313760105000201 313760105000144 3802 
313760105000201 313760105000145 3512 
313760105000201 313760105000146 7525 
313760105000201 313760105000147 5862 
313760105000201 31376010500015 8651 
313760105000201 313760105000151 899 
313760105000201 313760105000152 10971 
313760105000201 313760105000161 3245 
313760105000201 313760105000162 8315 
313760105000201 313760105000163 8367 
313760105000201 313760105000164 8394 
313760105000201 313760105000165 2785 
313760105000201 313760105000166 3124 
313760105000201 313760105000167 2764 
313760105000201 313760105000168 4112 
313760105000201 313760105000169 407 
313760105000201 31376010500017 661 
313760105000201 313760105000171 347 
313760105000201 313760105000172 6649 
313760105000201 313760105000173 4315 
313760105000201 313760105000174 483 
313760105000201 313760105000175 4371 
313760105000201 313760105000176 4372 
313760105000201 313760105000177 4811 
313760105000201 313760105000178 4823 
313760105000201 313760105000179 4971 
313760105000201 31376010500018 4948 
313760105000201 313760105000182 8618 
313760105000201 313760105000183 8622 
313760105000201 313760105000184 8662 
313760105000201 313760105000185 877 
313760105000201 313760105000186 7854 
313760105000201 313760105000187 7642 
313760105000201 313760105000188 5185 
313760105000201 313760105000189 559 
313760105000201 31376010500019 8956 
313760105000201 313760105000191 8926 
313760105000201 313760105000192 934 
313760105000201 313760105000193 8813 
313760105000201 313760105000194 8661 
313760105000201 313760105000195 6655 
313760105000201 313760105000196 5975 
313760105000201 313760105000198 171 
313760105000201 313760105000199 281 
313760105000201 3137601050002 399 
313760105000201 313760105000201  
313760105000201 313760105000202 258 
313760105000201 313760105000203 2575 
313760105000201 313760105000204 2502 
313760105000201 313760105000205 3446 
313760105000201 313760105000206 3682 
313760105000201 313760105000207 4339 
313760105000201 313760105000208 4187 
313760105000201 313760105000209 8512 
313760105000201 31376010500021 8861 
313760105000201 313760105000211 3201 
313760105000201 313760105000212 2875 
313760105000201 313760105000213 45 
313760105000201 313760105000214 577 
313760105000201 313760105000215 367 
313760105000201 313760105000216 3359 
313760105000201 313760105000217 461 
313760105000201 313760105000218 4375 
313760105000201 313760105000219 5999 
313760105000201 31376010500022 6833 
313760105000201 313760105000221 6256 
313760105000201 313760105000222 8181 
313760105000201 313760105000223 802 
313760105000201 313760105000224 7662 
313760105000201 313760105000225 6907 
313760105000201 313760105000226 7087 
313760105000201 313760105000227 7345 
313760105000201 313760105000228 7559 
313760105000201 313760105000229 7357 
313760105000201 31376010500023 4796 
313760105000201 313760105000231 5176 
313760105000201 313760105000232 6147 
313760105000201 313760105000233 7363 
313760105000201 313760105000234 3405 
313760105000201 313760105000235 3658 
313760105000201 313760105000236 4089 
313760105000201 313760105000237 4231 
313760105000201 313760105000238 3842 
313760105000201 313760105000239 3542 
313760105000201 31376010500024 4137 
313760105000201 313760105000241 3827 
313760105000201 313760105000242 5017 
313760105000201 313760105000243 4876 
313760105000201 313760105000245 3655 
313760105000201 313760105000246 4642 
313760105000201 313760105000247 4477 
313760105000201 313760105000248 1949 
313760105000201 313760105000249 2162 
313760105000201 31376010500025 416 
313760105000201 313760105000251 4 
313760105000201 313760105000252 4738 
313760105000201 313760105000253 4477 
313760105000201 313760105000254 7103 
313760105000201 313760105000255 7214 
313760105000201 313760105000256 3242 
313760105000201 313760105000257 3361 
313760105000201 313760105000258 501 
313760105000201 313760105000259 4841 
313760105000201 31376010500026 589 
313760105000201 313760105000261 5938 
313760105000201 313760105000262 5865 
313760105000201 313760105000263 5685 
313760105000201 313760105000264 7967 
313760105000201 313760105000265 1337 
313760105000201 313760105000266 8089 
313760105000201 313760105000267 8284 
313760105000201 313760105000268 7949 
313760105000201 313760105000269 7861 
313760105000201 31376010500027 2219 
313760105000201 313760105000271 2461 
313760105000201 313760105000272 285 
313760105000201 313760105000273 31 
313760105000201 313760105000274 1024 
313760105000201 313760105000275 1173 
313760105000201 313760105000276 5295 
313760105000201 313760105000277 5523 
313760105000201 313760105000278 4655 
313760105000201 313760105000279 4493 
313760105000201 31376010500028 961 
313760105000201 313760105000281 7672 
313760105000201 313760105000282 7612 
313760105000201 313760105000283 725 
313760105000201 313760105000284 2139 
313760105000201 313760105000285 2275 
313760105000201 313760114000002 4495 
313760105000201 313760114000007 4862 
313760105000201 313760114000008 434 
313760105000201 313760114000009 3909 
313760105000201 31376011400001 7399 
313760105000201 313760115000001 12297 
313760105000201 313760115000002 13277 
313760105000201 313760115000003 11085 
313760105000201 313760115000005 10929 
313760105000201 313760115000006 14244 
313760105000201 313760115000007 13188 
313760105000201 313760115000008 12352 
313760105000201 313760115000009 11483 
313760105000201 31376011500001 13268 
313760105000201 313760115000011 12979 
313760105000201 313760115000014 9381 
313760105000201 313760115000015 8919 
313760105000201 313760115000018 11816 
313760105000201 313760115000019 11997 
313760105000201 31376011500002 10235 
313760105000201 313760115000021 9931 
313760105000201 313760115000022 10245 
313760105000201 313760115000023 10052 
313760105000201 313760115000024 10479 
313760105000201 313760115000025 10145 
313760105000201 313760115000026 10325 
313760105000201 313760115000027 10748 
313760105000201 313760115000029 10319 
313760105000201 31376011500003 9977 
313760105000201 313760115000031 10693 
313760105000201 313760115000032 11912 
313760105000201 313760115000033 11515 
313760105000201 313760115000034 8847 
313760105000206 313760105000002 3609 
313760105000206 313760105000003 4086 
313760105000206 313760105000005 3749 
313760105000206 313760105000007 3372 
313760105000206 313760105000008 3682 
313760105000206 313760105000009 5017 
313760105000206 31376010500001 4604 
313760105000206 313760105000011 3982 
313760105000206 313760105000012 4458 
313760105000206 313760105000013 4448 
313760105000206 313760105000015 2796 
313760105000206 313760105000016 4821 
313760105000206 31376010500002 1593 
313760105000206 313760105000021 1364 
313760105000206 313760105000022 1161 
313760105000206 313760105000024 2087 
313760105000206 313760105000026 797 
313760105000206 313760105000027 883 
313760105000206 313760105000028 1294 
313760105000206 313760105000029 2094 
313760105000206 31376010500003 3309 
313760105000206 313760105000036 2681 
313760105000206 313760105000037 2793 
313760105000206 313760105000039 4553 
313760105000206 31376010500004 4697 
313760105000206 313760105000043 5771 
313760105000206 313760105000045 5176 
313760105000206 313760105000048 8811 
313760105000206 31376010500005 3382 
313760105000206 313760105000058 1859 
313760105000206 313760105000064 6329 
313760105000206 313760105000066 3267 
313760105000206 313760105000067 3081 
313760105000206 313760105000068 3664 
313760105000206 313760105000069 3612 
313760105000206 313760105000071 433 
313760105000206 313760105000072 3573 
313760105000206 313760105000074 3447 
313760105000206 313760105000075 3712 
313760105000206 313760105000076 3966 
313760105000206 313760105000077 3923 
313760105000206 313760105000078 4601 
313760105000206 31376010500008 4278 
313760105000206 313760105000081 5123 
313760105000206 313760105000082 4544 
313760105000206 313760105000083 4218 
313760105000206 313760105000084 4036 
313760105000206 313760105000085 3823 
313760105000206 313760105000086 36 
313760105000206 313760105000087 5553 
313760105000206 313760105000088 5646 
313760105000206 313760105000089 4882 
313760105000206 31376010500009 498 
313760105000206 313760105000091 4831 
313760105000206 313760105000092 5623 
313760105000206 313760105000094 43 
313760105000206 313760105000095 394 
313760105000206 313760105000096 3246 
313760105000206 313760105000097 3295 
313760105000206 313760105000098 32 
313760105000206 313760105000099 2707 
313760105000206 313760105000101 4756 
313760105000206 313760105000102 3935 
313760105000206 313760105000103 4659 
313760105000206 313760105000105 4697 
313760105000206 313760105000106 149 
313760105000206 313760105000108 1783 
313760105000206 313760105000109 1535 
313760105000206 31376010500011 1181 
313760105000206 313760105000112 116 
313760105000206 313760105000114 286 
313760105000206 313760105000118 72 
313760105000206 31376010500012 862 
313760105000206 313760105000122 1109 
313760105000206 313760105000123 1715 
313760105000206 313760105000124 1272 
313760105000206 313760105000125 143 
313760105000206 313760105000126 3061 
313760105000206 313760105000127 2651 
313760105000206 313760105000128 1803 
313760105000206 313760105000129 1464 
313760105000206 313760105000132 2689 
313760105000206 313760105000133 325 
313760105000206 313760105000134 25 
313760105000206 313760105000135 3954 
313760105000206 313760105000136 4488 
313760105000206 313760105000138 5639 
313760105000206 313760105000139 5592 
313760105000206 31376010500014 5437 
313760105000206 313760105000141 5023 
313760105000206 313760105000142 4555 
313760105000206 313760105000144 6426 
313760105000206 313760105000145 6755 
313760105000206 313760105000146 8744 
313760105000206 313760105000147 2196 
313760105000206 31376010500015 6458 
313760105000206 313760105000151 6698 
313760105000206 313760105000152 8846 
313760105000206 313760105000161 438 
313760105000206 313760105000162 5982 
313760105000206 313760105000163 6017 
313760105000206 313760105000164 6123 
313760105000206 313760105000165 1684 
313760105000206 313760105000166 767 
313760105000206 313760105000167 978 
313760105000206 313760105000168 2742 
313760105000206 313760105000169 2457 
313760105000206 31376010500017 3532 
313760105000206 313760105000171 37 
313760105000206 313760105000172 2967 
313760105000206 313760105000173 1193 
313760105000206 313760105000174 1743 
313760105000206 313760105000175 2628 
313760105000206 313760105000176 2836 
313760105000206 313760105000177 164 
313760105000206 313760105000178 1625 
313760105000206 313760105000179 2083 
313760105000206 31376010500018 1924 
313760105000206 313760105000182 6074 
313760105000206 313760105000183 6091 
313760105000206 313760105000184 6331 
313760105000206 313760105000185 6482 
313760105000206 313760105000186 5494 
313760105000206 313760105000187 5314 
313760105000206 313760105000188 3508 
313760105000206 313760105000189 3684 
313760105000206 31376010500019 685 
313760105000206 313760105000191 6805 
313760105000206 313760105000192 7357 
313760105000206 313760105000193 6622 
313760105000206 313760105000194 6527 
313760105000206 313760105000195 5392 
313760105000206 313760105000196 4738 
313760105000206 313760105000198 3514 
313760105000206 313760105000199 382 
313760105000206 3137601050002 3558 
313760105000206 313760105000201 3682 
313760105000206 313760105000202 3821 
313760105000206 313760105000203 136 
313760105000206 313760105000204 13 
313760105000206 313760105000205 352 
313760105000206 313760105000206  
313760105000206 313760105000207 1056 
313760105000206 313760105000208 1073 
313760105000206 313760105000209 6131 
313760105000206 31376010500021 6424 
313760105000206 313760105000211 3244 
313760105000206 313760105000212 3203 
313760105000206 313760105000213 406 
313760105000206 313760105000214 3857 
313760105000206 313760105000215 2 
313760105000206 313760105000216 1061 
313760105000206 313760105000217 1346 
313760105000206 313760105000218 1373 
313760105000206 313760105000219 4077 
313760105000206 31376010500022 4847 
313760105000206 313760105000221 4524 
313760105000206 313760105000222 626 
313760105000206 313760105000223 5966 
313760105000206 313760105000224 5894 
313760105000206 313760105000225 527 
313760105000206 313760105000226 5227 
313760105000206 313760105000227 5278 
313760105000206 313760105000228 5533 
313760105000206 313760105000229 5536 
313760105000206 31376010500023 2246 
313760105000206 313760105000231 2444 
313760105000206 313760105000232 2983 
313760105000206 313760105000233 4365 
313760105000206 313760105000234 941 
313760105000206 313760105000235 684 
313760105000206 313760105000236 2133 
313760105000206 313760105000237 1996 
313760105000206 313760105000238 5014 
313760105000206 313760105000239 407 
313760105000206 31376010500024 4831 
313760105000206 313760105000241 4174 
313760105000206 313760105000242 3283 
313760105000206 313760105000243 2991 
313760105000206 313760105000245 341 
313760105000206 313760105000246 3345 
313760105000206 313760105000247 3328 
313760105000206 313760105000248 3463 
313760105000206 313760105000249 3182 
313760105000206 31376010500025 1606 
313760105000206 313760105000251 1451 
313760105000206 313760105000252 2069 
313760105000206 313760105000253 2028 
313760105000206 313760105000254 478 
313760105000206 313760105000255 4974 
313760105000206 313760105000256 4174 
313760105000206 313760105000257 4401 
313760105000206 313760105000258 3609 
313760105000206 313760105000259 3661 
313760105000206 31376010500026 3649 
313760105000206 313760105000261 3633 
313760105000206 313760105000262 3555 
313760105000206 313760105000263 3114 
313760105000206 313760105000264 7742 
313760105000206 313760105000265 2381 
313760105000206 313760105000266 5938 
313760105000206 313760105000267 6145 
313760105000206 313760105000268 5811 
313760105000206 313760105000269 5746 
313760105000206 31376010500027 5257 
313760105000206 313760105000271 5326 
313760105000206 313760105000272 3669 
313760105000206 313760105000273 3748 
313760105000206 313760105000274 44 
313760105000206 313760105000275 4364 
313760105000206 313760105000276 4178 
313760105000206 313760105000277 443 
313760105000206 313760105000278 2467 
313760105000206 313760105000279 2248 
313760105000206 31376010500028 8429 
313760105000206 313760105000281 6323 
313760105000206 313760105000282 515 
313760105000206 313760105000283 4789 
313760105000206 313760105000284 5023 
313760105000206 313760105000285 2097 
313760105000206 313760114000002 8158 
313760105000206 313760114000007 8496 
313760105000206 313760114000008 7977 
313760105000206 313760114000009 7421 
313760105000206 31376011400001 10968 
313760105000206 313760115000001 8879 
313760105000206 313760115000002 9856 
313760105000206 313760115000003 8565 
313760105000206 313760115000005 74 
313760105000206 313760115000006 11189 
313760105000206 313760115000007 10866 
313760105000206 313760115000008 9052 
313760105000206 313760115000009 8176 
313760105000206 31376011500001 9942 
313760105000206 313760115000011 9754 
313760105000206 313760115000014 6887 
313760105000206 313760115000015 5769 
313760105000206 313760115000018 8648 
313760105000206 313760115000019 9083 
313760105000206 31376011500002 7901 
313760105000206 313760115000021 75 
313760105000206 313760115000022 7719 
313760105000206 313760115000023 745 
313760105000206 313760115000024 7772 
313760105000206 313760115000025 7443 
313760105000206 313760115000026 7617 
313760105000206 313760115000027 8 
313760105000206 313760115000029 7334 
313760105000206 31376011500003 6772 
313760105000206 313760115000031 7584 
313760105000206 313760115000032 9326 
313760105000206 313760115000033 8805 
313760105000206 313760115000034 6012 
313760105000219 313760105000002 21 
313760105000219 313760105000003 1724 
313760105000219 313760105000005 3172 
313760105000219 313760105000007 3183 
313760105000219 313760105000008 3365 
313760105000219 313760105000009 4418 
313760105000219 31376010500001 4594 
313760105000219 313760105000011 4609 
313760105000219 313760105000012 486 
313760105000219 313760105000013 5203 
313760105000219 313760105000015 3724 
313760105000219 313760105000016 6376 
313760105000219 31376010500002 4002 
313760105000219 313760105000021 3732 
313760105000219 313760105000022 4034 
313760105000219 313760105000024 6149 
313760105000219 313760105000026 3925 
313760105000219 313760105000027 3298 
313760105000219 313760105000028 2851 
313760105000219 313760105000029 2383 
313760105000219 31376010500003 1839 
313760105000219 313760105000036 1498 
313760105000219 313760105000037 1309 
313760105000219 313760105000039 1293 
313760105000219 31376010500004 1597 
313760105000219 313760105000043 2063 
313760105000219 313760105000045 1458 
313760105000219 313760105000048 8145 
313760105000219 31376010500005 746 
313760105000219 313760105000058 568 
313760105000219 313760105000064 2596 
313760105000219 313760105000066 1192 
313760105000219 313760105000067 1471 
313760105000219 313760105000068 1669 
313760105000219 313760105000069 1557 
313760105000219 313760105000071 2768 
313760105000219 313760105000072 2837 
313760105000219 313760105000074 3523 
313760105000219 313760105000075 3695 
313760105000219 313760105000076 3859 
313760105000219 313760105000077 3606 
313760105000219 313760105000078 4094 
313760105000219 31376010500008 4021 
313760105000219 313760105000081 5002 
313760105000219 313760105000082 4586 
313760105000219 313760105000083 4547 
313760105000219 313760105000084 4205 
313760105000219 313760105000085 4077 
313760105000219 313760105000086 404 
313760105000219 313760105000087 56 
313760105000219 313760105000088 5995 
313760105000219 313760105000089 5263 
313760105000219 31376010500009 5642 
313760105000219 313760105000091 5859 
313760105000219 313760105000092 6721 
313760105000219 313760105000094 5645 
313760105000219 313760105000095 5168 
313760105000219 313760105000096 5135 
313760105000219 313760105000097 4792 
313760105000219 313760105000098 4494 
313760105000219 313760105000099 4166 
313760105000219 313760105000101 6591 
313760105000219 313760105000102 6636 
313760105000219 313760105000103 6958 
313760105000219 313760105000105 7406 
313760105000219 313760105000106 4646 
313760105000219 313760105000108 3564 
313760105000219 313760105000109 3496 
313760105000219 31376010500011 4327 
313760105000219 313760105000112 4975 
313760105000219 313760105000114 6707 
313760105000219 313760105000118 4797 
313760105000219 31376010500012 4318 
313760105000219 313760105000122 2971 
313760105000219 313760105000123 2703 
313760105000219 313760105000124 3193 
313760105000219 313760105000125 3297 
313760105000219 313760105000126 1914 
313760105000219 313760105000127 2138 
313760105000219 313760105000128 2276 
313760105000219 313760105000129 3056 
313760105000219 313760105000132 1552 
313760105000219 313760105000133 834 
313760105000219 313760105000134 1642 
313760105000219 313760105000135 947 
313760105000219 313760105000136 1087 
313760105000219 313760105000138 2232 
313760105000219 313760105000139 2072 
313760105000219 31376010500014 1687 
313760105000219 313760105000141 1385 
313760105000219 313760105000142 845 
313760105000219 313760105000144 6307 
313760105000219 313760105000145 7356 
313760105000219 313760105000146 6356 
313760105000219 313760105000147 3917 
313760105000219 31376010500015 2655 
313760105000219 313760105000151 2992 
313760105000219 313760105000152 5015 
313760105000219 313760105000161 4146 
313760105000219 313760105000162 2327 
313760105000219 313760105000163 2381 
313760105000219 313760105000164 2396 
313760105000219 313760105000165 3412 
313760105000219 313760105000166 4693 
313760105000219 313760105000167 4626 
313760105000219 313760105000168 1888 
313760105000219 313760105000169 1982 
313760105000219 31376010500017 6293 
313760105000219 313760105000171 6237 
313760105000219 313760105000172 4489 
313760105000219 313760105000173 5095 
313760105000219 313760105000174 5485 
313760105000219 313760105000175 1686 
313760105000219 313760105000176 1634 
313760105000219 313760105000177 2658 
313760105000219 313760105000178 2692 
313760105000219 313760105000179 2138 
313760105000219 31376010500018 2352 
313760105000219 313760105000182 27 
313760105000219 313760105000183 2695 
313760105000219 313760105000184 2668 
313760105000219 313760105000185 2771 
313760105000219 313760105000186 1889 
313760105000219 313760105000187 1676 
313760105000219 313760105000188 816 
313760105000219 313760105000189 425 
313760105000219 31376010500019 298 
313760105000219 313760105000191 2946 
313760105000219 313760105000192 3416 
313760105000219 313760105000193 2819 
313760105000219 313760105000194 2675 
313760105000219 313760105000195 1496 
313760105000219 313760105000196 111 
313760105000219 313760105000198 5851 
313760105000219 313760105000199 5936 
313760105000219 3137601050002 5646 
313760105000219 313760105000201 5999 
313760105000219 313760105000202 6246 
313760105000219 313760105000203 3886 
313760105000219 313760105000204 408 
313760105000219 313760105000205 4378 
313760105000219 313760105000206 4077 
313760105000219 313760105000207 3116 
313760105000219 313760105000208 3025 
313760105000219 313760105000209 2531 
313760105000219 31376010500021 2886 
313760105000219 313760105000211 2991 
313760105000219 313760105000212 3308 
313760105000219 313760105000213 6119 
313760105000219 313760105000214 5747 
313760105000219 313760105000215 6073 
313760105000219 313760105000216 5111 
313760105000219 313760105000217 2917 
313760105000219 313760105000218 2736 
313760105000219 313760105000219  
313760105000219 31376010500022 846 
313760105000219 313760105000221 479 
313760105000219 313760105000222 2263 
313760105000219 313760105000223 2043 
313760105000219 313760105000224 1832 
313760105000219 313760105000225 12 
313760105000219 313760105000226 1173 
313760105000219 313760105000227 1352 
313760105000219 313760105000228 158 
313760105000219 313760105000229 1479 
313760105000219 31376010500023 6168 
313760105000219 313760105000231 624 
313760105000219 313760105000232 2267 
313760105000219 313760105000233 2278 
313760105000219 313760105000234 3355 
313760105000219 313760105000235 3435 
313760105000219 313760105000236 2113 
313760105000219 313760105000237 2136 
313760105000219 313760105000238 4042 
313760105000219 313760105000239 3252 
313760105000219 31376010500024 3473 
313760105000219 313760105000241 3042 
313760105000219 313760105000242 985 
313760105000219 313760105000243 1186 
313760105000219 313760105000245 2591 
313760105000219 313760105000246 14 
313760105000219 313760105000247 1589 
313760105000219 313760105000248 4337 
313760105000219 313760105000249 3991 
313760105000219 31376010500025 2482 
313760105000219 313760105000251 2655 
313760105000219 313760105000252 2034 
313760105000219 313760105000253 2051 
313760105000219 313760105000254 1183 
313760105000219 313760105000255 1238 
313760105000219 313760105000256 3676 
313760105000219 313760105000257 3795 
313760105000219 313760105000258 1066 
313760105000219 313760105000259 1319 
313760105000219 31376010500026 578 
313760105000219 313760105000261 666 
313760105000219 313760105000262 705 
313760105000219 313760105000263 1222 
313760105000219 313760105000264 421 
313760105000219 313760105000265 4901 
313760105000219 313760105000266 2093 
313760105000219 313760105000267 2292 
313760105000219 313760105000268 1953 
313760105000219 313760105000269 1867 
313760105000219 31376010500027 6109 
313760105000219 313760105000271 5952 
313760105000219 313760105000272 7424 
313760105000219 313760105000273 7568 
313760105000219 313760105000274 7012 
313760105000219 313760105000275 7114 
313760105000219 313760105000276 1203 
313760105000219 313760105000277 1224 
313760105000219 313760105000278 163 
313760105000219 313760105000279 1853 
313760105000219 31376010500028 4371 
313760105000219 313760105000281 2282 
313760105000219 313760105000282 1725 
313760105000219 313760105000283 1419 
313760105000219 313760105000284 8029 
313760105000219 313760105000285 576 
313760105000219 313760114000002 10046 
313760105000219 313760114000007 9686 
313760105000219 313760114000008 9244 
313760105000219 313760114000009 8381 
313760105000219 31376011400001 11668 
313760105000219 313760115000001 72 
313760105000219 313760115000002 8121 
313760105000219 313760115000003 5097 
313760105000219 313760115000005 632 
313760105000219 313760115000006 8478 
313760105000219 313760115000007 72 
313760105000219 313760115000008 6993 
313760105000219 313760115000009 6204 
313760105000219 31376011500001 7908 
313760105000219 313760115000011 7462 
313760105000219 313760115000014 3412 
313760105000219 313760115000015 3669 
313760105000219 313760115000018 6278 
313760105000219 313760115000019 6174 
313760105000219 31376011500002 4236 
313760105000219 313760115000021 3939 
313760105000219 313760115000022 4268 
313760105000219 313760115000023 4105 
313760105000219 313760115000024 457 
313760105000219 313760115000025 4245 
313760105000219 313760115000026 4422 
313760105000219 313760115000027 4853 
313760105000219 313760115000029 4646 
313760105000219 31376011500003 466 
313760105000219 313760115000031 5147 
313760105000219 313760115000032 5931 
313760105000219 313760115000033 5581 
313760105000219 313760115000034 3146 
31376010500022 313760105000002 2833 
31376010500022 313760105000003 2348 
31376010500022 313760105000005 3903 
31376010500022 313760105000007 3957 
31376010500022 313760105000008 411 
31376010500022 313760105000009 5049 
31376010500022 31376010500001 5295 
31376010500022 313760105000011 5375 
31376010500022 313760105000012 5595 
31376010500022 313760105000013 5958 
31376010500022 313760105000015 4548 
31376010500022 313760105000016 7166 
31376010500022 31376010500002 4846 
31376010500022 313760105000021 4572 
31376010500022 313760105000022 4869 
31376010500022 313760105000024 6897 
31376010500022 313760105000026 4746 
31376010500022 313760105000027 4031 
31376010500022 313760105000028 3658 
31376010500022 313760105000029 3228 
31376010500022 31376010500003 2627 
31376010500022 313760105000036 2336 
31376010500022 313760105000037 2131 
31376010500022 313760105000039 987 
31376010500022 31376010500004 1241 
31376010500022 313760105000043 1268 
31376010500022 313760105000045 728 
31376010500022 313760105000048 8618 
31376010500022 31376010500005 8224 
31376010500022 313760105000058 6367 
31376010500022 313760105000064 1773 
31376010500022 313760105000066 2023 
31376010500022 313760105000067 2305 
31376010500022 313760105000068 2399 
31376010500022 313760105000069 2303 
31376010500022 313760105000071 3385 
31376010500022 313760105000072 3582 
31376010500022 313760105000074 4297 
31376010500022 313760105000075 4449 
31376010500022 313760105000076 4592 
31376010500022 313760105000077 4332 
31376010500022 313760105000078 476 
31376010500022 31376010500008 4725 
31376010500022 313760105000081 5669 
31376010500022 313760105000082 5293 
31376010500022 313760105000083 5288 
31376010500022 313760105000084 4947 
31376010500022 313760105000085 4835 
31376010500022 313760105000086 4817 
31376010500022 313760105000087 6263 
31376010500022 313760105000088 6682 
31376010500022 313760105000089 5979 
31376010500022 31376010500009 6375 
31376010500022 313760105000091 662 
31376010500022 313760105000092 7468 
31376010500022 313760105000094 6435 
31376010500022 313760105000095 5962 
31376010500022 313760105000096 5965 
31376010500022 313760105000097 5611 
31376010500022 313760105000098 531 
31376010500022 313760105000099 4999 
31376010500022 313760105000101 7396 
31376010500022 313760105000102 7477 
31376010500022 313760105000103 7784 
31376010500022 313760105000105 8245 
31376010500022 313760105000106 5484 
31376010500022 313760105000108 441 
31376010500022 313760105000109 434 
31376010500022 31376010500011 516 
31376010500022 313760105000112 5788 
31376010500022 313760105000114 7529 
31376010500022 313760105000118 5565 
31376010500022 31376010500012 5138 
31376010500022 313760105000122 3752 
31376010500022 313760105000123 3541 
31376010500022 313760105000124 4024 
31376010500022 313760105000125 4137 
31376010500022 313760105000126 2729 
31376010500022 313760105000127 2977 
31376010500022 313760105000128 3046 
31376010500022 313760105000129 3711 
31376010500022 313760105000132 2396 
31376010500022 313760105000133 1655 
31376010500022 313760105000134 2357 
31376010500022 313760105000135 1122 
31376010500022 313760105000136 814 
31376010500022 313760105000138 1548 
31376010500022 313760105000139 1357 
31376010500022 31376010500014 904 
31376010500022 313760105000141 736 
31376010500022 313760105000142 487 
31376010500022 313760105000144 6921 
31376010500022 313760105000145 8036 
31376010500022 313760105000146 6483 
31376010500022 313760105000147 4416 
31376010500022 31376010500015 1818 
31376010500022 313760105000151 2167 
31376010500022 313760105000152 4169 
31376010500022 313760105000161 4946 
31376010500022 313760105000162 1536 
31376010500022 313760105000163 1593 
31376010500022 313760105000164 158 
31376010500022 313760105000165 4257 
31376010500022 313760105000166 5492 
31376010500022 313760105000167 5443 
31376010500022 313760105000168 2729 
31376010500022 313760105000169 2828 
31376010500022 31376010500017 7137 
31376010500022 313760105000171 7077 
31376010500022 313760105000172 4881 
31376010500022 313760105000173 5811 
31376010500022 313760105000174 6163 
31376010500022 313760105000175 2532 
31376010500022 313760105000176 2477 
31376010500022 313760105000177 3341 
31376010500022 313760105000178 3372 
31376010500022 313760105000179 2827 
31376010500022 31376010500018 3028 
31376010500022 313760105000182 1983 
31376010500022 313760105000183 1971 
31376010500022 313760105000184 1861 
31376010500022 313760105000185 195 
31376010500022 313760105000186 1156 
31376010500022 313760105000187 956 
31376010500022 313760105000188 1649 
31376010500022 313760105000189 1269 
31376010500022 31376010500019 2134 
31376010500022 313760105000191 2101 
31376010500022 313760105000192 2574 
31376010500022 313760105000193 1979 
31376010500022 313760105000194 1831 
31376010500022 313760105000195 1301 
31376010500022 313760105000196 1353 
31376010500022 313760105000198 6687 
31376010500022 313760105000199 6764 
31376010500022 3137601050002 6476 
31376010500022 313760105000201 6833 
31376010500022 313760105000202 7082 
31376010500022 313760105000203 4727 
31376010500022 313760105000204 4918 
31376010500022 313760105000205 516 
31376010500022 313760105000206 4847 
31376010500022 313760105000207 3847 
31376010500022 313760105000208 3779 
31376010500022 313760105000209 1748 
31376010500022 31376010500021 2106 
31376010500022 313760105000211 3775 
31376010500022 313760105000212 4099 
31376010500022 313760105000213 6942 
31376010500022 313760105000214 6567 
31376010500022 313760105000215 6847 
31376010500022 313760105000216 5895 
31376010500022 313760105000217 3619 
31376010500022 313760105000218 3483 
31376010500022 313760105000219 846 
31376010500022 31376010500022  
31376010500022 313760105000221 646 
31376010500022 313760105000222 1429 
31376010500022 313760105000223 1197 
31376010500022 313760105000224 106 
31376010500022 313760105000225 691 
31376010500022 313760105000226 405 
31376010500022 313760105000227 512 
31376010500022 313760105000228 734 
31376010500022 313760105000229 704 
31376010500022 31376010500023 6869 
31376010500022 313760105000231 6911 
31376010500022 313760105000232 2644 
31376010500022 313760105000233 2166 
31376010500022 313760105000234 4169 
31376010500022 313760105000235 4225 
31376010500022 313760105000236 2949 
31376010500022 313760105000237 2953 
31376010500022 313760105000238 4638 
31376010500022 313760105000239 3942 
31376010500022 31376010500024 4048 
31376010500022 313760105000241 3704 
31376010500022 313760105000242 183 
31376010500022 313760105000243 2029 
31376010500022 313760105000245 3354 
31376010500022 313760105000246 2204 
31376010500022 313760105000247 2384 
31376010500022 313760105000248 5133 
31376010500022 313760105000249 4797 
31376010500022 31376010500025 3276 
31376010500022 313760105000251 3455 
31376010500022 313760105000252 278 
31376010500022 313760105000253 284 
31376010500022 313760105000254 662 
31376010500022 313760105000255 559 
31376010500022 313760105000256 4374 
31376010500022 313760105000257 4468 
31376010500022 313760105000258 1847 
31376010500022 313760105000259 2067 
31376010500022 31376010500026 1201 
31376010500022 313760105000261 1231 
31376010500022 313760105000262 1305 
31376010500022 313760105000263 1807 
31376010500022 313760105000264 3982 
31376010500022 313760105000265 5747 
31376010500022 313760105000266 1256 
31376010500022 313760105000267 1451 
31376010500022 313760105000268 1116 
31376010500022 313760105000269 1027 
31376010500022 31376010500027 6847 
31376010500022 313760105000271 6671 
31376010500022 313760105000272 8256 
31376010500022 313760105000273 8395 
31376010500022 313760105000274 7849 
31376010500022 313760105000275 7955 
31376010500022 313760105000276 1788 
31376010500022 313760105000277 1692 
31376010500022 313760105000278 2444 
31376010500022 313760105000279 2664 
31376010500022 31376010500028 3706 
31376010500022 313760105000281 1719 
31376010500022 313760105000282 1122 
31376010500022 313760105000283 962 
31376010500022 313760105000284 8873 
31376010500022 313760105000285 659 
31376010500022 313760114000002 10821 
31376010500022 313760114000007 10398 
31376010500022 313760114000008 9968 
31376010500022 313760114000009 9084 
31376010500022 31376011400001 12299 
31376010500022 313760115000001 6724 
31376010500022 313760115000002 7609 
31376010500022 313760115000003 4287 
31376010500022 313760115000005 6013 
31376010500022 313760115000006 7765 
31376010500022 313760115000007 6358 
31376010500022 313760115000008 6439 
31376010500022 313760115000009 5693 
31376010500022 31376011500001 7337 
31376010500022 313760115000011 6847 
31376010500022 313760115000014 263 
31376010500022 313760115000015 3285 
31376010500022 313760115000018 5673 
31376010500022 313760115000019 5455 
31376010500022 31376011500002 3404 
31376010500022 313760115000021 3127 
31376010500022 313760115000022 3472 
31376010500022 313760115000023 3335 
31376010500022 313760115000024 3821 
31376010500022 313760115000025 3506 
31376010500022 313760115000026 3679 
31376010500022 313760115000027 411 
31376010500022 313760115000029 4022 
31376010500022 31376011500003 4188 
31376010500022 313760115000031 4566 
31376010500022 313760115000032 5125 
31376010500022 313760115000033 4809 
31376010500022 313760115000034 2569 
313760105000221 313760105000002 2197 
313760105000221 313760105000003 1702 
313760105000221 313760105000005 3264 
313760105000221 313760105000007 333 
313760105000221 313760105000008 3473 
313760105000221 313760105000009 4405 
313760105000221 31376010500001 4649 
313760105000221 313760105000011 4743 
313760105000221 313760105000012 4953 
313760105000221 313760105000013 5322 
313760105000221 313760105000015 3957 
313760105000221 313760105000016 6543 
313760105000221 31376010500002 4353 
313760105000221 313760105000021 4101 
313760105000221 313760105000022 4418 
313760105000221 313760105000024 6603 
313760105000221 313760105000026 4333 
313760105000221 313760105000027 3762 
313760105000221 313760105000028 3277 
313760105000221 313760105000029 2742 
313760105000221 31376010500003 2015 
313760105000221 313760105000036 1893 
313760105000221 313760105000037 1735 
313760105000221 313760105000039 1449 
313760105000221 31376010500004 1743 
313760105000221 313760105000043 191 
313760105000221 313760105000045 1369 
313760105000221 313760105000048 8011 
313760105000221 31376010500005 7905 
313760105000221 313760105000058 6151 
313760105000221 313760105000064 2396 
313760105000221 313760105000066 1472 
313760105000221 313760105000067 175 
313760105000221 313760105000068 1765 
313760105000221 313760105000069 1675 
313760105000221 313760105000071 274 
313760105000221 313760105000072 2947 
313760105000221 313760105000074 367 
313760105000221 313760105000075 3814 
313760105000221 313760105000076 3951 
313760105000221 313760105000077 3691 
313760105000221 313760105000078 4113 
313760105000221 31376010500008 408 
313760105000221 313760105000081 5023 
313760105000221 313760105000082 4648 
313760105000221 313760105000083 4648 
313760105000221 313760105000084 4308 
313760105000221 313760105000085 42 
313760105000221 313760105000086 4189 
313760105000221 313760105000087 5617 
313760105000221 313760105000088 6036 
313760105000221 313760105000089 5335 
313760105000221 31376010500009 5733 
313760105000221 313760105000091 5984 
313760105000221 313760105000092 6828 
313760105000221 313760105000094 5813 
313760105000221 313760105000095 5343 
313760105000221 313760105000096 538 
313760105000221 313760105000097 5013 
313760105000221 313760105000098 471 
313760105000221 313760105000099 442 
313760105000221 313760105000101 6782 
313760105000221 313760105000102 6917 
313760105000221 313760105000103 7191 
313760105000221 313760105000105 7674 
313760105000221 313760105000106 502 
313760105000221 313760105000108 39 
313760105000221 313760105000109 3855 
313760105000221 31376010500011 4713 
313760105000221 313760105000112 5389 
313760105000221 313760105000114 7107 
313760105000221 313760105000118 5244 
313760105000221 31376010500012 4724 
313760105000221 313760105000122 3415 
313760105000221 313760105000123 3085 
313760105000221 313760105000124 3587 
313760105000221 313760105000125 3671 
313760105000221 313760105000126 214 
313760105000221 313760105000127 2426 
313760105000221 313760105000128 2729 
313760105000221 313760105000129 3534 
313760105000221 313760105000132 1928 
313760105000221 313760105000133 1274 
313760105000221 313760105000134 2116 
313760105000221 313760105000135 1292 
313760105000221 313760105000136 1242 
313760105000221 313760105000138 2187 
313760105000221 313760105000139 2 
313760105000221 31376010500014 1549 
313760105000221 313760105000141 1353 
313760105000221 313760105000142 918 
313760105000221 313760105000144 628 
313760105000221 313760105000145 739 
313760105000221 313760105000146 603 
313760105000221 313760105000147 4391 
313760105000221 31376010500015 2421 
313760105000221 313760105000151 2785 
313760105000221 313760105000152 4716 
313760105000221 313760105000161 4573 
313760105000221 313760105000162 2178 
313760105000221 313760105000163 2235 
313760105000221 313760105000164 221 
313760105000221 313760105000165 3758 
313760105000221 313760105000166 512 
313760105000221 313760105000167 5034 
313760105000221 313760105000168 2186 
313760105000221 313760105000169 2327 
313760105000221 31376010500017 6586 
313760105000221 313760105000171 651 
313760105000221 313760105000172 4948 
313760105000221 313760105000173 5561 
313760105000221 313760105000174 5959 
313760105000221 313760105000175 2046 
313760105000221 313760105000176 195 
313760105000221 313760105000177 3133 
313760105000221 313760105000178 3169 
313760105000221 313760105000179 2615 
313760105000221 31376010500018 2829 
313760105000221 313760105000182 2628 
313760105000221 313760105000183 2617 
313760105000221 313760105000184 2494 
313760105000221 313760105000185 2572 
313760105000221 313760105000186 18 
313760105000221 313760105000187 1597 
313760105000221 313760105000188 1113 
313760105000221 313760105000189 839 
313760105000221 31376010500019 2702 
313760105000221 313760105000191 2675 
313760105000221 313760105000192 3092 
313760105000221 313760105000193 2577 
313760105000221 313760105000194 2416 
313760105000221 313760105000195 1028 
313760105000221 313760105000196 782 
313760105000221 313760105000198 6114 
313760105000221 313760105000199 6174 
313760105000221 3137601050002 5891 
313760105000221 313760105000201 6256 
313760105000221 313760105000202 6507 
313760105000221 313760105000203 4255 
313760105000221 313760105000204 4454 
313760105000221 313760105000205 4817 
313760105000221 313760105000206 4524 
313760105000221 313760105000207 358 
313760105000221 313760105000208 3482 
313760105000221 313760105000209 2391 
313760105000221 31376010500021 2748 
313760105000221 313760105000211 3154 
313760105000221 313760105000212 3482 
313760105000221 313760105000213 6347 
313760105000221 313760105000214 5969 
313760105000221 313760105000215 6514 
313760105000221 313760105000216 5548 
313760105000221 313760105000217 3389 
313760105000221 313760105000218 3198 
313760105000221 313760105000219 479 
313760105000221 31376010500022 646 
313760105000221 313760105000221  
313760105000221 313760105000222 193 
313760105000221 313760105000223 1772 
313760105000221 313760105000224 1443 
313760105000221 313760105000225 747 
313760105000221 313760105000226 831 
313760105000221 313760105000227 1137 
313760105000221 313760105000228 1318 
313760105000221 313760105000229 1111 
313760105000221 31376010500023 6637 
313760105000221 313760105000231 6714 
313760105000221 313760105000232 2714 
313760105000221 313760105000233 2559 
313760105000221 313760105000234 3771 
313760105000221 313760105000235 3872 
313760105000221 313760105000236 2505 
313760105000221 313760105000237 2558 
313760105000221 313760105000238 3997 
313760105000221 313760105000239 3297 
313760105000221 31376010500024 341 
313760105000221 313760105000241 3058 
313760105000221 313760105000242 1323 
313760105000221 313760105000243 1573 
313760105000221 313760105000245 2725 
313760105000221 313760105000246 1613 
313760105000221 313760105000247 1782 
313760105000221 313760105000248 4516 
313760105000221 313760105000249 4188 
313760105000221 31376010500025 2921 
313760105000221 313760105000251 3089 
313760105000221 313760105000252 2499 
313760105000221 313760105000253 2495 
313760105000221 313760105000254 1217 
313760105000221 313760105000255 118 
313760105000221 313760105000256 3729 
313760105000221 313760105000257 3822 
313760105000221 313760105000258 1246 
313760105000221 313760105000259 1443 
313760105000221 31376010500026 1047 
313760105000221 313760105000261 1125 
313760105000221 313760105000262 1173 
313760105000221 313760105000263 1697 
313760105000221 313760105000264 376 
313760105000221 313760105000265 5214 
313760105000221 313760105000266 1867 
313760105000221 313760105000267 205 
313760105000221 313760105000268 1728 
313760105000221 313760105000269 1636 
313760105000221 31376010500027 6205 
313760105000221 313760105000271 6027 
313760105000221 313760105000272 7807 
313760105000221 313760105000273 7958 
313760105000221 313760105000274 7277 
313760105000221 313760105000275 7391 
313760105000221 313760105000276 1142 
313760105000221 313760105000277 1059 
313760105000221 313760105000278 2061 
313760105000221 313760105000279 2283 
313760105000221 31376010500028 3909 
313760105000221 313760105000281 1811 
313760105000221 313760105000282 1733 
313760105000221 313760105000283 1503 
313760105000221 313760105000284 8321 
313760105000221 313760105000285 6149 
313760105000221 313760114000002 10189 
313760105000221 313760114000007 9752 
313760105000221 313760114000008 9324 
313760105000221 313760114000009 8438 
313760105000221 31376011400001 11657 
313760105000221 313760115000001 7317 
313760105000221 313760115000002 8216 
313760105000221 313760115000003 4912 
313760105000221 313760115000005 6534 
313760105000221 313760115000006 8411 
313760105000221 313760115000007 6935 
313760105000221 313760115000008 7058 
313760105000221 313760115000009 6297 
313760105000221 31376011500001 7961 
313760105000221 313760115000011 7481 
313760105000221 313760115000014 327 
313760105000221 313760115000015 3832 
313760105000221 313760115000018 6304 
313760105000221 313760115000019 6101 
313760105000221 31376011500002 4008 
313760105000221 313760115000021 3752 
313760105000221 313760115000022 4106 
313760105000221 313760115000023 3977 
313760105000221 313760115000024 4466 
313760105000221 313760115000025 4152 
313760105000221 313760115000026 4324 
313760105000221 313760115000027 4755 
313760105000221 313760115000029 4656 
313760105000221 31376011500003 4775 
313760105000221 313760115000031 519 
313760105000221 313760115000032 5751 
313760105000221 313760115000033 5449 
313760105000221 313760115000034 3187 
313760105000225 313760105000002 276 
313760105000225 313760105000003 2177 
313760105000225 313760105000005 3787 
313760105000225 313760105000007 3908 
313760105000225 313760105000008 401 
313760105000225 313760105000009 4783 
313760105000225 31376010500001 5109 
313760105000225 313760105000011 5288 
313760105000225 313760105000012 5452 
313760105000225 313760105000013 5845 
313760105000225 313760105000015 4601 
313760105000225 313760105000016 7109 
313760105000225 31376010500002 5076 
313760105000225 313760105000021 4833 
313760105000225 313760105000022 5155 
313760105000225 313760105000024 7346 
313760105000225 313760105000026 5077 
313760105000225 313760105000027 4498 
313760105000225 313760105000028 4024 
313760105000225 313760105000029 3474 
313760105000225 31376010500003 2649 
313760105000225 313760105000036 2638 
313760105000225 313760105000037 2483 
313760105000225 313760105000039 1669 
313760105000225 31376010500004 1904 
313760105000225 313760105000043 1581 
313760105000225 313760105000045 1244 
313760105000225 313760105000048 8176 
313760105000225 31376010500005 8651 
313760105000225 313760105000058 6878 
313760105000225 313760105000064 1949 
313760105000225 313760105000066 2184 
313760105000225 313760105000067 2456 
313760105000225 313760105000068 2348 
313760105000225 313760105000069 228 
313760105000225 313760105000071 3145 
313760105000225 313760105000072 3496 
313760105000225 313760105000074 4241 
313760105000225 313760105000075 4355 
313760105000225 313760105000076 4462 
313760105000225 313760105000077 4199 
313760105000225 313760105000078 4538 
313760105000225 31376010500008 4553 
313760105000225 313760105000081 5435 
313760105000225 313760105000082 5116 
313760105000225 313760105000083 5159 
313760105000225 313760105000084 4826 
313760105000225 313760105000085 474 
313760105000225 313760105000086 4755 
313760105000225 313760105000087 6018 
313760105000225 313760105000088 6462 
313760105000225 313760105000089 5805 
313760105000225 31376010500009 6221 
313760105000225 313760105000091 6509 
313760105000225 313760105000092 7328 
313760105000225 313760105000094 6384 
313760105000225 313760105000095 5923 
313760105000225 313760105000096 6024 
313760105000225 313760105000097 5639 
313760105000225 313760105000098 5333 
313760105000225 313760105000099 5078 
313760105000225 313760105000101 7372 
313760105000225 313760105000102 7586 
313760105000225 313760105000103 7818 
313760105000225 313760105000105 8331 
313760105000225 313760105000106 5752 
313760105000225 313760105000108 4615 
313760105000225 313760105000109 4583 
313760105000225 31376010500011 5451 
313760105000225 313760105000112 6134 
313760105000225 313760105000114 7848 
313760105000225 313760105000118 5989 
313760105000225 31376010500012 5469 
313760105000225 313760105000122 4161 
313760105000225 313760105000123 3824 
313760105000225 313760105000124 4329 
313760105000225 313760105000125 4406 
313760105000225 313760105000126 2805 
313760105000225 313760105000127 3125 
313760105000225 313760105000128 3472 
313760105000225 313760105000129 4244 
313760105000225 313760105000132 2669 
313760105000225 313760105000133 2019 
313760105000225 313760105000134 2839 
313760105000225 313760105000135 178 
313760105000225 313760105000136 1504 
313760105000225 313760105000138 2004 
313760105000225 313760105000139 1794 
313760105000225 31376010500014 1301 
313760105000225 313760105000141 1323 
313760105000225 313760105000142 1177 
313760105000225 313760105000144 6616 
313760105000225 313760105000145 7799 
313760105000225 313760105000146 5862 
313760105000225 313760105000147 5034 
313760105000225 31376010500015 1918 
313760105000225 313760105000151 2307 
313760105000225 313760105000152 4079 
313760105000225 313760105000161 5321 
313760105000225 313760105000162 1827 
313760105000225 313760105000163 1887 
313760105000225 313760105000164 1798 
313760105000225 313760105000165 4481 
313760105000225 313760105000166 5867 
313760105000225 313760105000167 5779 
313760105000225 313760105000168 2894 
313760105000225 313760105000169 3055 
313760105000225 31376010500017 7267 
313760105000225 313760105000171 7174 
313760105000225 313760105000172 5535 
313760105000225 313760105000173 6295 
313760105000225 313760105000174 6682 
313760105000225 313760105000175 2782 
313760105000225 313760105000176 2669 
313760105000225 313760105000177 3852 
313760105000225 313760105000178 3886 
313760105000225 313760105000179 3332 
313760105000225 31376010500018 3543 
313760105000225 313760105000182 2368 
313760105000225 313760105000183 2347 
313760105000225 313760105000184 2081 
313760105000225 313760105000185 2117 
313760105000225 313760105000186 1593 
313760105000225 313760105000187 144 
313760105000225 313760105000188 1842 
313760105000225 313760105000189 1586 
313760105000225 31376010500019 2122 
313760105000225 313760105000191 2105 
313760105000225 313760105000192 2442 
313760105000225 313760105000193 2057 
313760105000225 313760105000194 1876 
313760105000225 313760105000195 668 
313760105000225 313760105000196 1019 
313760105000225 313760105000198 6771 
313760105000225 313760105000199 6811 
313760105000225 3137601050002 6534 
313760105000225 313760105000201 6907 
313760105000225 313760105000202 7162 
313760105000225 313760105000203 4987 
313760105000225 313760105000204 5187 
313760105000225 313760105000205 5564 
313760105000225 313760105000206 527 
313760105000225 313760105000207 4316 
313760105000225 313760105000208 4223 
313760105000225 313760105000209 2038 
313760105000225 31376010500021 2377 
313760105000225 313760105000211 3749 
313760105000225 313760105000212 4081 
313760105000225 313760105000213 6972 
313760105000225 313760105000214 659 
313760105000225 313760105000215 7261 
313760105000225 313760105000216 6296 
313760105000225 313760105000217 4115 
313760105000225 313760105000218 3936 
313760105000225 313760105000219 12 
313760105000225 31376010500022 691 
313760105000225 313760105000221 747 
313760105000225 313760105000222 1302 
313760105000225 313760105000223 1258 
313760105000225 313760105000224 757 
313760105000225 313760105000225  
313760105000225 313760105000226 422 
313760105000225 313760105000227 859 
313760105000225 313760105000228 894 
313760105000225 313760105000229 509 
313760105000225 31376010500023 7368 
313760105000225 313760105000231 7435 
313760105000225 313760105000232 3292 
313760105000225 313760105000233 2851 
313760105000225 313760105000234 4517 
313760105000225 313760105000235 4619 
313760105000225 313760105000236 3248 
313760105000225 313760105000237 3305 
313760105000225 313760105000238 4342 
313760105000225 313760105000239 3769 
313760105000225 31376010500024 3744 
313760105000225 313760105000241 3505 
313760105000225 313760105000242 2059 
313760105000225 313760105000243 2318 
313760105000225 313760105000245 3303 
313760105000225 313760105000246 2287 
313760105000225 313760105000247 2437 
313760105000225 313760105000248 5108 
313760105000225 313760105000249 4799 
313760105000225 31376010500025 3668 
313760105000225 313760105000251 3836 
313760105000225 313760105000252 3235 
313760105000225 313760105000253 3241 
313760105000225 313760105000254 1321 
313760105000225 313760105000255 1157 
313760105000225 313760105000256 4201 
313760105000225 313760105000257 4262 
313760105000225 313760105000258 1919 
313760105000225 313760105000259 2066 
313760105000225 31376010500026 1718 
313760105000225 313760105000261 1776 
313760105000225 313760105000262 1839 
313760105000225 313760105000263 2365 
313760105000225 313760105000264 3291 
313760105000225 313760105000265 5911 
313760105000225 313760105000266 142 
313760105000225 313760105000267 1559 
313760105000225 313760105000268 1301 
313760105000225 313760105000269 121 
313760105000225 31376010500027 6697 
313760105000225 313760105000271 6495 
313760105000225 313760105000272 8541 
313760105000225 313760105000273 8695 
313760105000225 313760105000274 7931 
313760105000225 313760105000275 8056 
313760105000225 313760105000276 1642 
313760105000225 313760105000277 1459 
313760105000225 313760105000278 2808 
313760105000225 313760105000279 3031 
313760105000225 31376010500028 3171 
313760105000225 313760105000281 1094 
313760105000225 313760105000282 169 
313760105000225 313760105000283 1613 
313760105000225 313760105000284 8996 
313760105000225 313760105000285 6886 
313760105000225 313760114000002 10716 
313760105000225 313760114000007 1019 
313760105000225 313760114000008 9781 
313760105000225 313760114000009 887 
313760105000225 31376011400001 11988 
313760105000225 313760115000001 7241 
313760105000225 313760115000002 8097 
313760105000225 313760115000003 4416 
313760105000225 313760115000005 6622 
313760105000225 313760115000006 805 
313760105000225 313760115000007 6324 
313760105000225 313760115000008 69 
313760105000225 313760115000009 6193 
313760105000225 31376011500001 7781 
313760105000225 313760115000011 7252 
313760105000225 313760115000014 2872 
313760105000225 313760115000015 3884 
313760105000225 313760115000018 6097 
313760105000225 313760115000019 5748 
313760105000225 31376011500002 3467 
313760105000225 313760115000021 3274 
313760105000225 313760115000022 3655 
313760105000225 313760115000023 3579 
313760105000225 313760115000024 4092 
313760105000225 313760115000025 3801 
313760105000225 313760115000026 3962 
313760105000225 313760115000027 4385 
313760105000225 313760115000029 4448 
313760105000225 31376011500003 4729 
313760105000225 313760115000031 5022 
313760105000225 313760115000032 5254 
313760105000225 313760115000033 502 
313760105000225 313760115000034 307 
313760105000226 313760105000002 3003 
313760105000226 313760105000003 2461 
313760105000226 313760105000005 4057 
313760105000226 313760105000007 4145 
313760105000226 313760105000008 4273 
313760105000226 313760105000009 512 
313760105000226 31376010500001 5413 
313760105000226 313760105000011 5548 
313760105000226 313760105000012 5738 
313760105000226 313760105000013 6119 
313760105000226 313760105000015 4788 
313760105000226 313760105000016 7357 
313760105000226 31376010500002 5163 
313760105000226 313760105000021 49 
313760105000226 313760105000022 5207 
313760105000226 313760105000024 7285 
313760105000226 313760105000026 5099 
313760105000226 313760105000027 4421 
313760105000226 313760105000028 402 
313760105000226 313760105000029 3546 
313760105000226 31376010500003 2843 
313760105000226 313760105000036 267 
313760105000226 313760105000037 2482 
313760105000226 313760105000039 1303 
313760105000226 31376010500004 1514 
313760105000226 313760105000043 1188 
313760105000226 313760105000045 823 
313760105000226 313760105000048 8575 
313760105000226 31376010500005 8608 
313760105000226 313760105000058 6767 
313760105000226 313760105000064 1609 
313760105000226 313760105000066 2297 
313760105000226 313760105000067 2577 
313760105000226 313760105000068 2577 
313760105000226 313760105000069 2493 
313760105000226 313760105000071 3467 
313760105000226 313760105000072 375 
313760105000226 313760105000074 4483 
313760105000226 313760105000075 4616 
313760105000226 313760105000076 474 
313760105000226 313760105000077 4478 
313760105000226 313760105000078 4857 
313760105000226 31376010500008 4851 
313760105000226 313760105000081 5761 
313760105000226 313760105000082 5417 
313760105000226 313760105000083 5439 
313760105000226 313760105000084 5101 
313760105000226 313760105000085 5002 
313760105000226 313760105000086 5002 
313760105000226 313760105000087 6349 
313760105000226 313760105000088 6783 
313760105000226 313760105000089 6106 
313760105000226 31376010500009 6513 
313760105000226 313760105000091 6782 
313760105000226 313760105000092 7616 
313760105000226 313760105000094 6628 
313760105000226 313760105000095 6161 
313760105000226 313760105000096 6211 
313760105000226 313760105000097 5842 
313760105000226 313760105000098 5538 
313760105000226 313760105000099 5252 
313760105000226 313760105000101 7604 
313760105000226 313760105000102 7748 
313760105000226 313760105000103 8021 
313760105000226 313760105000105 8506 
313760105000226 313760105000106 5816 
313760105000226 313760105000108 4716 
313760105000226 313760105000109 466 
313760105000226 31376010500011 55 
313760105000226 313760105000112 6147 
313760105000226 313760105000114 7881 
313760105000226 313760105000118 5946 
313760105000226 31376010500012 5492 
313760105000226 313760105000122 4127 
313760105000226 313760105000123 3874 
313760105000226 313760105000124 4366 
313760105000226 313760105000125 4467 
313760105000226 313760105000126 2971 
313760105000226 313760105000127 3253 
313760105000226 313760105000128 3424 
313760105000226 313760105000129 4113 
313760105000226 313760105000132 2719 
313760105000226 313760105000133 2005 
313760105000226 313760105000134 2747 
313760105000226 313760105000135 1521 
313760105000226 313760105000136 116 
313760105000226 313760105000138 1587 
313760105000226 313760105000139 1378 
313760105000226 31376010500014 886 
313760105000226 313760105000141 909 
313760105000226 313760105000142 863 
313760105000226 313760105000144 6971 
313760105000226 313760105000145 8129 
313760105000226 313760105000146 6282 
313760105000226 313760105000147 482 
313760105000226 31376010500015 161 
313760105000226 313760105000151 1987 
313760105000226 313760105000152 3885 
313760105000226 313760105000161 5313 
313760105000226 313760105000162 1445 
313760105000226 313760105000163 1504 
313760105000226 313760105000164 1439 
313760105000226 313760105000165 457 
313760105000226 313760105000166 5859 
313760105000226 313760105000167 5799 
313760105000226 313760105000168 3011 
313760105000226 313760105000169 3136 
313760105000226 31376010500017 7416 
313760105000226 313760105000171 7342 
313760105000226 313760105000172 5275 
313760105000226 313760105000173 6206 
313760105000226 313760105000174 6564 
313760105000226 313760105000175 2847 
313760105000226 313760105000176 2769 
313760105000226 313760105000177 3739 
313760105000226 313760105000178 377 
313760105000226 313760105000179 3223 
313760105000226 31376010500018 3427 
313760105000226 313760105000182 1966 
313760105000226 313760105000183 1947 
313760105000226 313760105000184 1726 
313760105000226 313760105000185 1782 
313760105000226 313760105000186 1175 
313760105000226 313760105000187 1018 
313760105000226 313760105000188 1931 
313760105000226 313760105000189 1595 
313760105000226 31376010500019 1872 
313760105000226 313760105000191 1846 
313760105000226 313760105000192 2264 
313760105000226 313760105000193 1761 
313760105000226 313760105000194 1593 
313760105000226 313760105000195 109 
313760105000226 313760105000196 1353 
313760105000226 313760105000198 6946 
313760105000226 313760105000199 7005 
313760105000226 3137601050002 6722 
313760105000226 313760105000201 7087 
313760105000226 313760105000202 7339 
313760105000226 313760105000203 5055 
313760105000226 313760105000204 525 
313760105000226 313760105000205 5536 
313760105000226 313760105000206 5227 
313760105000226 313760105000207 4237 
313760105000226 313760105000208 4163 
313760105000226 313760105000209 1658 
313760105000226 31376010500021 2007 
313760105000226 313760105000211 3975 
313760105000226 313760105000212 4304 
313760105000226 313760105000213 7176 
313760105000226 313760105000214 6797 
313760105000226 313760105000215 7227 
313760105000226 313760105000216 627 
313760105000226 313760105000217 4014 
313760105000226 313760105000218 3869 
313760105000226 313760105000219 1173 
313760105000226 31376010500022 405 
313760105000226 313760105000221 831 
313760105000226 313760105000222 1102 
313760105000226 313760105000223 95 
313760105000226 313760105000224 667 
313760105000226 313760105000225 422 
313760105000226 313760105000226  
313760105000226 313760105000227 438 
313760105000226 313760105000228 521 
313760105000226 313760105000229 308 
313760105000226 31376010500023 7267 
313760105000226 313760105000231 7313 
313760105000226 313760105000232 3043 
313760105000226 313760105000233 2479 
313760105000226 313760105000234 4526 
313760105000226 313760105000235 4597 
313760105000226 313760105000236 3286 
313760105000226 313760105000237 3308 
313760105000226 313760105000238 469 
313760105000226 313760105000239 4064 
313760105000226 31376010500024 4094 
313760105000226 313760105000241 3811 
313760105000226 313760105000242 213 
313760105000226 313760105000243 2355 
313760105000226 313760105000245 3539 
313760105000226 313760105000246 2445 
313760105000226 313760105000247 2612 
313760105000226 313760105000248 5337 
313760105000226 313760105000249 5013 
313760105000226 31376010500025 3645 
313760105000226 313760105000251 3821 
313760105000226 313760105000252 3164 
313760105000226 313760105000253 321 
313760105000226 313760105000254 938 
313760105000226 313760105000255 752 
313760105000226 313760105000256 4498 
313760105000226 313760105000257 4573 
313760105000226 313760105000258 2077 
313760105000226 313760105000259 2265 
313760105000226 31376010500026 1593 
313760105000226 313760105000261 1629 
313760105000226 313760105000262 1702 
313760105000226 313760105000263 221 
313760105000226 313760105000264 3663 
313760105000226 313760105000265 6039 
313760105000226 313760105000266 1072 
313760105000226 313760105000267 1239 
313760105000226 313760105000268 941 
313760105000226 313760105000269 848 
313760105000226 31376010500027 6988 
313760105000226 313760105000271 6798 
313760105000226 313760105000272 8597 
313760105000226 313760105000273 8741 
313760105000226 313760105000274 8108 
313760105000226 313760105000275 8222 
313760105000226 313760105000276 1907 
313760105000226 313760105000277 176 
313760105000226 313760105000278 2801 
313760105000226 313760105000279 3023 
313760105000226 31376010500028 33 
313760105000226 313760105000281 1329 
313760105000226 313760105000282 127 
313760105000226 313760105000283 1218 
313760105000226 313760105000284 9151 
313760105000226 313760105000285 6934 
313760105000226 313760114000002 1099 
313760105000226 313760114000007 10509 
313760105000226 313760114000008 10091 
313760105000226 313760114000009 9191 
313760105000226 31376011400001 12348 
313760105000226 313760115000001 6822 
313760105000226 313760115000002 7683 
313760105000226 313760115000003 4112 
313760105000226 313760115000005 6202 
313760105000226 313760115000006 769 
313760105000226 313760115000007 6104 
313760105000226 313760115000008 649 
313760105000226 313760115000009 5776 
313760105000226 31376011500001 7375 
313760105000226 313760115000011 6854 
313760105000226 313760115000014 2516 
313760105000226 313760115000015 3464 
313760105000226 313760115000018 5694 
313760105000226 313760115000019 5383 
313760105000226 31376011500002 3191 
313760105000226 313760115000021 2958 
313760105000226 313760115000022 3326 
313760105000226 313760115000023 3226 
313760105000226 313760115000024 3731 
313760105000226 313760115000025 3431 
313760105000226 313760115000026 3597 
313760105000226 313760115000027 4024 
313760105000226 313760115000029 4043 
313760105000226 31376011500003 4307 
313760105000226 313760115000031 4611 
313760105000226 313760115000032 4953 
313760105000226 313760115000033 4684 
313760105000226 313760115000034 2651 
313760105000229 313760105000002 324 
313760105000229 313760105000003 2673 
313760105000229 313760105000005 428 
313760105000229 313760105000007 4387 
313760105000229 313760105000008 4501 
313760105000229 313760105000009 5292 
313760105000229 31376010500001 5614 
313760105000229 313760105000011 5778 
313760105000229 313760105000012 5952 
313760105000229 313760105000013 6341 
313760105000229 313760105000015 5054 
313760105000229 313760105000016 7595 
313760105000229 31376010500002 5459 
313760105000229 313760105000021 52 
313760105000229 313760105000022 5509 
313760105000229 313760105000024 7593 
313760105000229 313760105000026 5405 
313760105000229 313760105000027 4729 
313760105000229 313760105000028 4327 
313760105000229 313760105000029 3844 
313760105000229 31376010500003 3103 
313760105000229 313760105000036 2973 
313760105000229 313760105000037 2788 
313760105000229 313760105000039 1509 
313760105000229 31376010500004 1681 
313760105000229 313760105000043 1111 
313760105000229 313760105000045 916 
313760105000229 313760105000048 8663 
313760105000229 31376010500005 8916 
313760105000229 313760105000058 7071 
313760105000229 313760105000064 1441 
313760105000229 313760105000066 2583 
313760105000229 313760105000067 2862 
313760105000229 313760105000068 282 
313760105000229 313760105000069 2744 
313760105000229 313760105000071 3653 
313760105000229 313760105000072 3982 
313760105000229 313760105000074 4723 
313760105000229 313760105000075 4845 
313760105000229 313760105000076 4959 
313760105000229 313760105000077 4696 
313760105000229 313760105000078 5046 
313760105000229 31376010500008 5056 
313760105000229 313760105000081 5943 
313760105000229 313760105000082 562 
313760105000229 313760105000083 5657 
313760105000229 313760105000084 5322 
313760105000229 313760105000085 5231 
313760105000229 313760105000086 5239 
313760105000229 313760105000087 6527 
313760105000229 313760105000088 697 
313760105000229 313760105000089 6309 
313760105000229 31376010500009 6723 
313760105000229 313760105000091 7005 
313760105000229 313760105000092 7829 
313760105000229 313760105000094 6868 
313760105000229 313760105000095 6404 
313760105000229 313760105000096 6478 
313760105000229 313760105000097 6101 
313760105000229 313760105000098 5797 
313760105000229 313760105000099 5523 
313760105000229 313760105000101 7851 
313760105000229 313760105000102 8024 
313760105000229 313760105000103 8281 
313760105000229 313760105000105 8778 
313760105000229 313760105000106 6116 
313760105000229 313760105000108 5009 
313760105000229 313760105000109 4958 
313760105000229 31376010500011 5803 
313760105000229 313760105000112 6454 
313760105000229 313760105000114 8186 
313760105000229 313760105000118 6255 
313760105000229 31376010500012 5797 
313760105000229 313760105000122 4436 
313760105000229 313760105000123 4176 
313760105000229 313760105000124 467 
313760105000229 313760105000125 4767 
313760105000229 313760105000126 3242 
313760105000229 313760105000127 3537 
313760105000229 313760105000128 3733 
313760105000229 313760105000129 4415 
313760105000229 313760105000132 3019 
313760105000229 313760105000133 2312 
313760105000229 313760105000134 3055 
313760105000229 313760105000135 1798 
313760105000229 313760105000136 1394 
313760105000229 313760105000138 1579 
313760105000229 313760105000139 1367 
313760105000229 31376010500014 889 
313760105000229 313760105000141 1045 
313760105000229 313760105000142 1128 
313760105000229 313760105000144 7125 
313760105000229 313760105000145 8308 
313760105000229 313760105000146 6246 
313760105000229 313760105000147 5101 
313760105000229 31376010500015 1409 
313760105000229 313760105000151 1798 
313760105000229 313760105000152 3614 
313760105000229 313760105000161 5621 
313760105000229 313760105000162 1342 
313760105000229 313760105000163 1401 
313760105000229 313760105000164 1298 
313760105000229 313760105000165 4865 
313760105000229 313760105000166 6168 
313760105000229 313760105000167 6105 
313760105000229 313760105000168 3298 
313760105000229 313760105000169 3432 
313760105000229 31376010500017 7696 
313760105000229 313760105000171 7616 
313760105000229 313760105000172 5536 
313760105000229 313760105000173 6512 
313760105000229 313760105000174 6867 
313760105000229 313760105000175 3145 
313760105000229 313760105000176 3059 
313760105000229 313760105000177 4044 
313760105000229 313760105000178 4075 
313760105000229 313760105000179 3529 
313760105000229 31376010500018 3732 
313760105000229 313760105000182 1901 
313760105000229 313760105000183 1877 
313760105000229 313760105000184 1578 
313760105000229 313760105000185 1608 
313760105000229 313760105000186 1177 
313760105000229 313760105000187 1065 
313760105000229 313760105000188 2222 
313760105000229 313760105000189 1899 
313760105000229 31376010500019 1626 
313760105000229 313760105000191 1606 
313760105000229 313760105000192 1984 
313760105000229 313760105000193 1549 
313760105000229 313760105000194 137 
313760105000229 313760105000195 1121 
313760105000229 313760105000196 1525 
313760105000229 313760105000198 7217 
313760105000229 313760105000199 7269 
313760105000229 3137601050002 6988 
313760105000229 313760105000201 7357 
313760105000229 313760105000202 761 
313760105000229 313760105000203 5354 
313760105000229 313760105000204 555 
313760105000229 313760105000205 5845 
313760105000229 313760105000206 5536 
313760105000229 313760105000207 4545 
313760105000229 313760105000208 4472 
313760105000229 313760105000209 1548 
313760105000229 31376010500021 1879 
313760105000229 313760105000211 4223 
313760105000229 313760105000212 4553 
313760105000229 313760105000213 7436 
313760105000229 313760105000214 7056 
313760105000229 313760105000215 7536 
313760105000229 313760105000216 6579 
313760105000229 313760105000217 4321 
313760105000229 313760105000218 4177 
313760105000229 313760105000219 1479 
313760105000229 31376010500022 704 
313760105000229 313760105000221 1111 
313760105000229 313760105000222 824 
313760105000229 313760105000223 749 
313760105000229 313760105000224 358 
313760105000229 313760105000225 509 
313760105000229 313760105000226 308 
313760105000229 313760105000227 515 
313760105000229 313760105000228 431 
313760105000229 313760105000229  
313760105000229 31376010500023 7572 
313760105000229 313760105000231 7615 
313760105000229 313760105000232 3314 
313760105000229 313760105000233 2661 
313760105000229 313760105000234 4833 
313760105000229 313760105000235 4905 
313760105000229 313760105000236 3589 
313760105000229 313760105000237 3615 
313760105000229 313760105000238 4852 
313760105000229 313760105000239 4271 
313760105000229 31376010500024 4254 
313760105000229 313760105000241 4009 
313760105000229 313760105000242 2425 
313760105000229 313760105000243 2657 
313760105000229 313760105000245 3781 
313760105000229 313760105000246 2717 
313760105000229 313760105000247 2879 
313760105000229 313760105000248 5584 
313760105000229 313760105000249 5267 
313760105000229 31376010500025 3953 
313760105000229 313760105000251 4129 
313760105000229 313760105000252 3473 
313760105000229 313760105000253 3519 
313760105000229 313760105000254 1135 
313760105000229 313760105000255 918 
313760105000229 313760105000256 4703 
313760105000229 313760105000257 4768 
313760105000229 313760105000258 2348 
313760105000229 313760105000259 2522 
313760105000229 31376010500026 19 
313760105000229 313760105000261 1934 
313760105000229 313760105000262 2007 
313760105000229 313760105000263 2511 
313760105000229 313760105000264 3521 
313760105000229 313760105000265 6325 
313760105000229 313760105000266 917 
313760105000229 313760105000267 105 
313760105000229 313760105000268 806 
313760105000229 313760105000269 719 
313760105000229 31376010500027 7198 
313760105000229 313760105000271 7 
313760105000229 313760105000272 8899 
313760105000229 313760105000273 9045 
313760105000229 313760105000274 8379 
313760105000229 313760105000275 8497 
313760105000229 313760105000276 2129 
313760105000229 313760105000277 1959 
313760105000229 313760105000278 3108 
313760105000229 313760105000279 333 
313760105000229 31376010500028 3008 
313760105000229 313760105000281 1106 
313760105000229 313760105000282 1358 
313760105000229 313760105000283 1386 
313760105000229 313760105000284 943 
313760105000229 313760105000285 7237 
313760105000229 313760114000002 11213 
313760105000229 313760114000007 10698 
313760105000229 313760114000008 10287 
313760105000229 313760114000009 9379 
313760105000229 31376011400001 12495 
313760105000229 313760115000001 6805 
313760105000229 313760115000002 7645 
313760105000229 313760115000003 3908 
313760105000229 313760115000005 626 
313760105000229 313760115000006 7544 
313760105000229 313760115000007 5847 
313760105000229 313760115000008 6438 
313760105000229 313760115000009 575 
313760105000229 31376011500001 731 
313760105000229 313760115000011 6769 
313760105000229 313760115000014 2367 
313760105000229 313760115000015 3527 
313760105000229 313760115000018 5622 
313760105000229 313760115000019 5244 
313760105000229 31376011500002 2965 
313760105000229 313760115000021 2764 
313760105000229 313760115000022 3145 
313760105000229 313760115000023 3072 
313760105000229 313760115000024 3588 
313760105000229 313760115000025 33 
313760105000229 313760115000026 346 
313760105000229 313760115000027 3881 
313760105000229 313760115000029 3978 
313760105000229 31376011500003 4317 
313760105000229 313760115000031 4562 
313760105000229 313760115000032 4747 
313760105000229 313760115000033 4511 
313760105000229 313760115000034 2647 
313760105000231 313760105000002 605 
313760105000231 313760105000003 6504 
313760105000231 313760105000005 6157 
313760105000231 313760105000007 577 
313760105000231 313760105000008 6068 
313760105000231 313760105000009 734 
313760105000231 31376010500001 6851 
313760105000231 313760105000011 6149 
313760105000231 313760105000012 6621 
313760105000231 313760105000013 6511 
313760105000231 313760105000015 5091 
313760105000231 313760105000016 6506 
313760105000231 31376010500002 3792 
313760105000231 313760105000021 3682 
313760105000231 313760105000022 3369 
313760105000231 313760105000024 1091 
313760105000231 313760105000026 3108 
313760105000231 313760105000027 2985 
313760105000231 313760105000028 369 
313760105000231 313760105000029 4525 
313760105000231 31376010500003 5737 
313760105000231 313760105000036 5 
313760105000231 313760105000037 5054 
313760105000231 313760105000039 6381 
313760105000231 31376010500004 6437 
313760105000231 313760105000043 7604 
313760105000231 313760105000045 7075 
313760105000231 313760105000048 10957 
313760105000231 31376010500005 1978 
313760105000231 313760105000058 587 
313760105000231 313760105000064 8131 
313760105000231 313760105000066 5616 
313760105000231 313760105000067 5464 
313760105000231 313760105000068 6082 
313760105000231 313760105000069 6021 
313760105000231 313760105000071 6772 
313760105000231 313760105000072 6003 
313760105000231 313760105000074 5804 
313760105000231 313760105000075 6053 
313760105000231 313760105000076 6295 
313760105000231 313760105000077 6288 
313760105000231 313760105000078 6938 
313760105000231 31376010500008 6602 
313760105000231 313760105000081 7345 
313760105000231 313760105000082 6785 
313760105000231 313760105000083 643 
313760105000231 313760105000084 6305 
313760105000231 313760105000085 6101 
313760105000231 313760105000086 5869 
313760105000231 313760105000087 7698 
313760105000231 313760105000088 7696 
313760105000231 313760105000089 7002 
313760105000231 31376010500009 7002 
313760105000231 313760105000091 6743 
313760105000231 313760105000092 7403 
313760105000231 313760105000094 6168 
313760105000231 313760105000095 5919 
313760105000231 313760105000096 5097 
313760105000231 313760105000097 5305 
313760105000231 313760105000098 5306 
313760105000231 313760105000099 4876 
313760105000231 313760105000101 6307 
313760105000231 313760105000102 5082 
313760105000231 313760105000103 5941 
313760105000231 313760105000105 5658 
313760105000231 313760105000106 3303 
313760105000231 313760105000108 4123 
313760105000231 313760105000109 3908 
313760105000231 31376010500011 3212 
313760105000231 313760105000112 25 
313760105000231 313760105000114 287 
313760105000231 313760105000118 1897 
313760105000231 31376010500012 2909 
313760105000231 313760105000122 344 
313760105000231 313760105000123 4154 
313760105000231 313760105000124 3714 
313760105000231 313760105000125 3851 
313760105000231 313760105000126 5491 
313760105000231 313760105000127 5086 
313760105000231 313760105000128 4034 
313760105000231 313760105000129 3199 
313760105000231 313760105000132 5032 
313760105000231 313760105000133 5463 
313760105000231 313760105000134 4598 
313760105000231 313760105000135 587 
313760105000231 313760105000136 6377 
313760105000231 313760105000138 7345 
313760105000231 313760105000139 7354 
313760105000231 31376010500014 7323 
313760105000231 313760105000141 6907 
313760105000231 313760105000142 6533 
313760105000231 313760105000144 8547 
313760105000231 313760105000145 862 
313760105000231 313760105000146 11172 
313760105000231 313760105000147 2831 
313760105000231 31376010500015 8293 
313760105000231 313760105000151 8457 
313760105000231 313760105000152 1059 
313760105000231 313760105000161 2684 
313760105000231 313760105000162 7769 
313760105000231 313760105000163 7792 
313760105000231 313760105000164 7936 
313760105000231 313760105000165 4065 
313760105000231 313760105000166 236 
313760105000231 313760105000167 2731 
313760105000231 313760105000168 5158 
313760105000231 313760105000169 4864 
313760105000231 31376010500017 4742 
313760105000231 313760105000171 5038 
313760105000231 313760105000172 3045 
313760105000231 313760105000173 125 
313760105000231 313760105000174 756 
313760105000231 313760105000175 4997 
313760105000231 313760105000176 5223 
313760105000231 313760105000177 3583 
313760105000231 313760105000178 3549 
313760105000231 313760105000179 4103 
313760105000231 31376010500018 3892 
313760105000231 313760105000182 7713 
313760105000231 313760105000183 7739 
313760105000231 313760105000184 8093 
313760105000231 313760105000185 826 
313760105000231 313760105000186 7306 
313760105000231 313760105000187 7162 
313760105000231 313760105000188 5804 
313760105000231 313760105000189 5894 
313760105000231 31376010500019 8708 
313760105000231 313760105000191 8657 
313760105000231 313760105000192 925 
313760105000231 313760105000193 8446 
313760105000231 313760105000194 8389 
313760105000231 313760105000195 7661 
313760105000231 313760105000196 705 
313760105000231 313760105000198 5041 
313760105000231 313760105000199 5403 
313760105000231 3137601050002 5222 
313760105000231 313760105000201 5176 
313760105000231 313760105000202 5207 
313760105000231 313760105000203 362 
313760105000231 313760105000204 3475 
313760105000231 313760105000205 2333 
313760105000231 313760105000206 2444 
313760105000231 313760105000207 3157 
313760105000231 313760105000208 3294 
313760105000231 313760105000209 7876 
313760105000231 31376010500021 811 
313760105000231 313760105000211 566 
313760105000231 313760105000212 5583 
313760105000231 313760105000213 5621 
313760105000231 313760105000214 5558 
313760105000231 313760105000215 1572 
313760105000231 313760105000216 1932 
313760105000231 313760105000217 3325 
313760105000231 313760105000218 3548 
313760105000231 313760105000219 624 
313760105000231 31376010500022 6911 
313760105000231 313760105000221 6714 
313760105000231 313760105000222 8247 
313760105000231 313760105000223 7909 
313760105000231 313760105000224 797 
313760105000231 313760105000225 7435 
313760105000231 313760105000226 7313 
313760105000231 313760105000227 7268 
313760105000231 313760105000228 7523 
313760105000231 313760105000229 7615 
313760105000231 31376010500023 393 
313760105000231 313760105000231  
313760105000231 313760105000232 4509 
313760105000231 313760105000233 5806 
313760105000231 313760105000234 3385 
313760105000231 313760105000235 3106 
313760105000231 313760105000236 4517 
313760105000231 313760105000237 4334 
313760105000231 313760105000238 7389 
313760105000231 313760105000239 648 
313760105000231 31376010500024 725 
313760105000231 313760105000241 6602 
313760105000231 313760105000242 5586 
313760105000231 313760105000243 5285 
313760105000231 313760105000245 5851 
313760105000231 313760105000246 5732 
313760105000231 313760105000247 5737 
313760105000231 313760105000248 5647 
313760105000231 313760105000249 5432 
313760105000231 31376010500025 3923 
313760105000231 313760105000251 3805 
313760105000231 313760105000252 4224 
313760105000231 313760105000253 4291 
313760105000231 313760105000254 6683 
313760105000231 313760105000255 6904 
313760105000231 313760105000256 6543 
313760105000231 313760105000257 6767 
313760105000231 313760105000258 5959 
313760105000231 313760105000259 6046 
313760105000231 31376010500026 5728 
313760105000231 313760105000261 5684 
313760105000231 313760105000262 5614 
313760105000231 313760105000263 5103 
313760105000231 313760105000264 10133 
313760105000231 313760105000265 4176 
313760105000231 313760105000266 7833 
313760105000231 313760105000267 8031 
313760105000231 313760105000268 7723 
313760105000231 313760105000269 7675 
313760105000231 31376010500027 7179 
313760105000231 313760105000271 732 
313760105000231 313760105000272 3572 
313760105000231 313760105000273 3483 
313760105000231 313760105000274 5506 
313760105000231 313760105000275 5363 
313760105000231 313760105000276 6545 
313760105000231 313760105000277 6787 
313760105000231 313760105000278 4743 
313760105000231 313760105000279 4541 
313760105000231 31376010500028 106 
313760105000231 313760105000281 8523 
313760105000231 313760105000282 6931 
313760105000231 313760105000283 6609 
313760105000231 313760105000284 5641 
313760105000231 313760105000285 2919 
313760105000231 313760114000002 9264 
313760105000231 313760114000007 997 
313760105000231 313760114000008 9451 
313760105000231 313760114000009 9084 
313760105000231 31376011400001 12543 
313760105000231 313760115000001 9297 
313760105000231 313760115000002 1022 
313760105000231 313760115000003 10059 
313760105000231 313760115000005 7649 
313760105000231 313760115000006 1206 
313760105000231 313760115000007 12409 
313760105000231 313760115000008 9674 
313760105000231 313760115000009 8835 
313760105000231 31376011500001 10476 
313760105000231 313760115000011 10455 
313760105000231 313760115000014 8499 
313760105000231 313760115000015 6852 
313760105000231 313760115000018 9485 
313760105000231 313760115000019 10201 
313760105000231 31376011500002 9562 
313760105000231 313760115000021 9118 
313760105000231 313760115000022 9255 
313760105000231 313760115000023 8944 
313760105000231 313760115000024 9159 
313760105000231 313760115000025 8854 
313760105000231 313760115000026 9012 
313760105000231 313760115000027 9337 
313760105000231 313760115000029 848 
313760105000231 31376011500003 7687 
313760105000231 313760115000031 8566 
313760105000231 313760115000032 10733 
313760105000231 313760115000033 10131 
313760105000231 313760115000034 7418 
313760105000235 313760105000002 2945 
313760105000235 313760105000003 3406 
313760105000235 313760105000005 3169 
313760105000235 313760105000007 2808 
313760105000235 313760105000008 3128 
313760105000235 313760105000009 4502 
313760105000235 31376010500001 415 
313760105000235 313760105000011 3594 
313760105000235 313760105000012 406 
313760105000235 313760105000013 4112 
313760105000235 313760105000015 2351 
313760105000235 313760105000016 4664 
313760105000235 31376010500002 1354 
313760105000235 313760105000021 1031 
313760105000235 313760105000022 1025 
313760105000235 313760105000024 2764 
313760105000235 313760105000026 691 
313760105000235 313760105000027 61 
313760105000235 313760105000028 612 
313760105000235 313760105000029 1419 
313760105000235 31376010500003 2632 
313760105000235 313760105000036 2008 
313760105000235 313760105000037 2136 
313760105000235 313760105000039 4008 
313760105000235 31376010500004 4178 
313760105000235 313760105000043 5206 
313760105000235 313760105000045 4599 
313760105000235 313760105000048 8375 
313760105000235 31376010500005 4036 
313760105000235 313760105000058 2519 
313760105000235 313760105000064 5768 
313760105000235 313760105000066 2586 
313760105000235 313760105000067 2397 
313760105000235 313760105000068 2984 
313760105000235 313760105000069 293 
313760105000235 313760105000071 3694 
313760105000235 313760105000072 2964 
313760105000235 313760105000074 2927 
313760105000235 313760105000075 32 
313760105000235 313760105000076 346 
313760105000235 313760105000077 3386 
313760105000235 313760105000078 4079 
313760105000235 31376010500008 3771 
313760105000235 313760105000081 4676 
313760105000235 313760105000082 4094 
313760105000235 313760105000083 3794 
313760105000235 313760105000084 3575 
313760105000235 313760105000085 336 
313760105000235 313760105000086 3151 
313760105000235 313760105000087 5147 
313760105000235 313760105000088 5291 
313760105000235 313760105000089 4502 
313760105000235 31376010500009 4652 
313760105000235 313760105000091 4565 
313760105000235 313760105000092 5401 
313760105000235 313760105000094 4072 
313760105000235 313760105000095 3667 
313760105000235 313760105000096 3078 
313760105000235 313760105000097 3033 
313760105000235 313760105000098 2882 
313760105000235 313760105000099 2372 
313760105000235 313760105000101 4659 
313760105000235 313760105000102 4033 
313760105000235 313760105000103 4672 
313760105000235 313760105000105 4823 
313760105000235 313760105000106 158 
313760105000235 313760105000108 1358 
313760105000235 313760105000109 1091 
313760105000235 31376010500011 121 
313760105000235 313760105000112 1595 
313760105000235 313760105000114 3352 
313760105000235 313760105000118 1386 
313760105000235 31376010500012 1023 
313760105000235 313760105000122 481 
313760105000235 313760105000123 1049 
313760105000235 313760105000124 677 
313760105000235 313760105000125 901 
313760105000235 313760105000126 2386 
313760105000235 313760105000127 1979 
313760105000235 313760105000128 1186 
313760105000235 313760105000129 1225 
313760105000235 313760105000132 201 
313760105000235 313760105000133 2602 
313760105000235 313760105000134 1913 
313760105000235 313760105000135 3392 
313760105000235 313760105000136 3924 
313760105000235 313760105000138 5114 
313760105000235 313760105000139 5051 
313760105000235 31376010500014 4861 
313760105000235 313760105000141 4453 
313760105000235 313760105000142 3962 
313760105000235 313760105000144 6022 
313760105000235 313760105000145 6473 
313760105000235 313760105000146 8123 
313760105000235 313760105000147 2283 
313760105000235 31376010500015 5886 
313760105000235 313760105000151 6145 
313760105000235 313760105000152 8283 
313760105000235 313760105000161 728 
313760105000235 313760105000162 5428 
313760105000235 313760105000163 5467 
313760105000235 313760105000164 556 
313760105000235 313760105000165 1208 
313760105000235 313760105000166 1268 
313760105000235 313760105000167 1288 
313760105000235 313760105000168 206 
313760105000235 313760105000169 1774 
313760105000235 31376010500017 3631 
313760105000235 313760105000171 374 
313760105000235 313760105000172 3112 
313760105000235 313760105000173 1858 
313760105000235 313760105000174 2383 
313760105000235 313760105000175 1946 
313760105000235 313760105000176 2152 
313760105000235 313760105000177 1222 
313760105000235 313760105000178 1223 
313760105000235 313760105000179 1561 
313760105000235 31376010500018 1447 
313760105000235 313760105000182 5563 
313760105000235 313760105000183 5578 
313760105000235 313760105000184 5781 
313760105000235 313760105000185 5926 
313760105000235 313760105000186 4939 
313760105000235 313760105000187 475 
313760105000235 313760105000188 2836 
313760105000235 313760105000189 3033 
313760105000235 31376010500019 6269 
313760105000235 313760105000191 6226 
313760105000235 313760105000192 6763 
313760105000235 313760105000193 6051 
313760105000235 313760105000194 5947 
313760105000235 313760105000195 4719 
313760105000235 313760105000196 4059 
313760105000235 313760105000198 3487 
313760105000235 313760105000199 3749 
313760105000235 3137601050002 3464 
313760105000235 313760105000201 3658 
313760105000235 313760105000202 3835 
313760105000235 313760105000203 1104 
313760105000235 313760105000204 1156 
313760105000235 313760105000205 945 
313760105000235 313760105000206 684 
313760105000235 313760105000207 686 
313760105000235 313760105000208 571 
313760105000235 313760105000209 5588 
313760105000235 31376010500021 5894 
313760105000235 313760105000211 266 
313760105000235 313760105000212 2663 
313760105000235 313760105000213 3987 
313760105000235 313760105000214 3731 
313760105000235 313760105000215 2642 
313760105000235 313760105000216 1677 
313760105000235 313760105000217 974 
313760105000235 313760105000218 84 
313760105000235 313760105000219 3435 
313760105000235 31376010500022 4225 
313760105000235 313760105000221 3872 
313760105000235 313760105000222 5649 
313760105000235 313760105000223 5368 
313760105000235 313760105000224 5262 
313760105000235 313760105000225 4619 
313760105000235 313760105000226 4597 
313760105000235 313760105000227 4674 
313760105000235 313760105000228 4927 
313760105000235 313760105000229 4905 
313760105000235 31376010500023 2925 
313760105000235 313760105000231 3106 
313760105000235 313760105000232 2613 
313760105000235 313760105000233 3955 
313760105000235 313760105000234 349 
313760105000235 313760105000235  
313760105000235 313760105000236 145 
313760105000235 313760105000237 1323 
313760105000235 313760105000238 4456 
313760105000235 313760105000239 3485 
313760105000235 31376010500024 4229 
313760105000235 313760105000241 3565 
313760105000235 313760105000242 261 
313760105000235 313760105000243 2321 
313760105000235 313760105000245 2781 
313760105000235 313760105000246 266 
313760105000235 313760105000247 2646 
313760105000235 313760105000248 3081 
313760105000235 313760105000249 276 
313760105000235 31376010500025 952 
313760105000235 313760105000251 783 
313760105000235 313760105000252 1477 
313760105000235 313760105000253 1386 
313760105000235 313760105000254 4207 
313760105000235 313760105000255 4391 
313760105000235 313760105000256 3631 
313760105000235 313760105000257 3857 
313760105000235 313760105000258 2927 
313760105000235 313760105000259 2977 
313760105000235 31376010500026 3038 
313760105000235 313760105000261 3032 
313760105000235 313760105000262 2952 
313760105000235 313760105000263 2549 
313760105000235 313760105000264 7058 
313760105000235 313760105000265 2321 
313760105000235 313760105000266 5354 
313760105000235 313760105000267 5562 
313760105000235 313760105000268 5224 
313760105000235 313760105000269 5154 
313760105000235 31376010500027 4975 
313760105000235 313760105000271 5006 
313760105000235 313760105000272 4128 
313760105000235 313760105000273 4237 
313760105000235 313760105000274 4489 
313760105000235 313760105000275 4491 
313760105000235 313760105000276 3495 
313760105000235 313760105000277 3746 
313760105000235 313760105000278 181 
313760105000235 313760105000279 1588 
313760105000235 31376010500028 7769 
313760105000235 313760105000281 5662 
313760105000235 313760105000282 4609 
313760105000235 313760105000283 4243 
313760105000235 313760105000284 5243 
313760105000235 313760105000285 2482 
313760105000235 313760114000002 8151 
313760105000235 313760114000007 8353 
313760105000235 313760114000008 7841 
313760105000235 313760114000009 7217 
313760105000235 31376011400001 10765 
313760105000235 313760115000001 8686 
313760105000235 313760115000002 9666 
313760105000235 313760115000003 807 
313760105000235 313760115000005 7278 
313760105000235 313760115000006 10846 
313760105000235 313760115000007 10345 
313760105000235 313760115000008 8798 
313760105000235 313760115000009 7923 
313760105000235 31376011500001 9703 
313760105000235 313760115000011 947 
313760105000235 313760115000014 6374 
313760105000235 313760115000015 5434 
313760105000235 313760115000018 8337 
313760105000235 313760115000019 8689 
313760105000235 31376011500002 7366 
313760105000235 313760115000021 698 
313760105000235 313760115000022 722 
313760105000235 313760115000023 6965 
313760105000235 313760115000024 7314 
313760105000235 313760115000025 6981 
313760105000235 313760115000026 7158 
313760105000235 313760115000027 7554 
313760105000235 313760115000029 6951 
313760105000235 31376011500003 6467 
313760105000235 313760115000031 7246 
313760105000235 313760115000032 885 
313760105000235 313760115000033 8354 
313760105000235 313760115000034 5573 
313760105000239 313760105000002 1168 
313760105000239 313760105000003 1603 
313760105000239 313760105000005 323 
313760105000239 313760105000007 715 
313760105000239 313760105000008 473 
313760105000239 313760105000009 123 
313760105000239 31376010500001 1352 
313760105000239 313760105000011 1587 
313760105000239 313760105000012 1686 
313760105000239 313760105000013 2095 
313760105000239 313760105000015 156 
313760105000239 313760105000016 3409 
313760105000239 31376010500002 2784 
313760105000239 313760105000021 2813 
313760105000239 313760105000022 3155 
313760105000239 313760105000024 585 
313760105000239 313760105000026 3374 
313760105000239 313760105000027 3891 
313760105000239 313760105000028 3043 
313760105000239 313760105000029 2241 
313760105000239 31376010500003 1524 
313760105000239 313760105000036 2542 
313760105000239 313760105000037 2765 
313760105000239 313760105000039 453 
313760105000239 31376010500004 483 
313760105000239 313760105000043 5206 
313760105000239 313760105000045 4655 
313760105000239 313760105000048 518 
313760105000239 31376010500005 683 
313760105000239 313760105000058 5908 
313760105000239 313760105000064 5672 
313760105000239 313760105000066 2238 
313760105000239 313760105000067 2054 
313760105000239 313760105000068 1585 
313760105000239 313760105000069 1703 
313760105000239 313760105000071 691 
313760105000239 313760105000072 568 
313760105000239 313760105000074 813 
313760105000239 313760105000075 728 
313760105000239 313760105000076 726 
313760105000239 313760105000077 475 
313760105000239 313760105000078 853 
313760105000239 31376010500008 786 
313760105000239 313760105000081 1753 
313760105000239 313760105000082 1353 
313760105000239 313760105000083 1404 
313760105000239 313760105000084 1086 
313760105000239 313760105000085 1059 
313760105000239 313760105000086 117 
313760105000239 313760105000087 2351 
313760105000239 313760105000088 2745 
313760105000239 313760105000089 2041 
313760105000239 31376010500009 2452 
313760105000239 313760105000091 2754 
313760105000239 313760105000092 3559 
313760105000239 313760105000094 2709 
313760105000239 313760105000095 2292 
313760105000239 313760105000096 2689 
313760105000239 313760105000097 2235 
313760105000239 313760105000098 1958 
313760105000239 313760105000099 2003 
313760105000239 313760105000101 3723 
313760105000239 313760105000102 4289 
313760105000239 313760105000103 4285 
313760105000239 313760105000105 4924 
313760105000239 313760105000106 3464 
313760105000239 313760105000108 2375 
313760105000239 313760105000109 2574 
313760105000239 31376010500011 3379 
313760105000239 313760105000112 4207 
313760105000239 313760105000114 5472 
313760105000239 313760105000118 4593 
313760105000239 31376010500012 3623 
313760105000239 313760105000122 3353 
313760105000239 313760105000123 2499 
313760105000239 313760105000124 2815 
313760105000239 313760105000125 2639 
313760105000239 313760105000126 1611 
313760105000239 313760105000127 1786 
313760105000239 313760105000128 3192 
313760105000239 313760105000129 4201 
313760105000239 313760105000132 2421 
313760105000239 313760105000133 2916 
313760105000239 313760105000134 3349 
313760105000239 313760105000135 4043 
313760105000239 313760105000136 4331 
313760105000239 313760105000138 5463 
313760105000239 313760105000139 5286 
313760105000239 31376010500014 4846 
313760105000239 313760105000141 4614 
313760105000239 313760105000142 4093 
313760105000239 313760105000144 3098 
313760105000239 313760105000145 4105 
313760105000239 313760105000146 4699 
313760105000239 313760105000147 5435 
313760105000239 31376010500015 5671 
313760105000239 313760105000151 6051 
313760105000239 313760105000152 7804 
313760105000239 313760105000161 3796 
313760105000239 313760105000162 5473 
313760105000239 313760105000163 5531 
313760105000239 313760105000164 5495 
313760105000239 313760105000165 2415 
313760105000239 313760105000166 4183 
313760105000239 313760105000167 3873 
313760105000239 313760105000168 1922 
313760105000239 313760105000169 216 
313760105000239 31376010500017 4073 
313760105000239 313760105000171 3868 
313760105000239 313760105000172 6248 
313760105000239 313760105000173 5245 
313760105000239 313760105000174 581 
313760105000239 313760105000175 2303 
313760105000239 313760105000176 2104 
313760105000239 313760105000177 3853 
313760105000239 313760105000178 3889 
313760105000239 313760105000179 3608 
313760105000239 31376010500018 3746 
313760105000239 313760105000182 5917 
313760105000239 313760105000183 5908 
313760105000239 313760105000184 5781 
313760105000239 313760105000185 5846 
313760105000239 313760105000186 5091 
313760105000239 313760105000187 4882 
313760105000239 313760105000188 2533 
313760105000239 313760105000189 2967 
313760105000239 31376010500019 5891 
313760105000239 313760105000191 5874 
313760105000239 313760105000192 6175 
313760105000239 313760105000193 5817 
313760105000239 313760105000194 564 
313760105000239 313760105000195 3346 
313760105000239 313760105000196 2752 
313760105000239 313760105000198 345 
313760105000239 313760105000199 3364 
313760105000239 3137601050002 3142 
313760105000239 313760105000201 3542 
313760105000239 313760105000202 3797 
313760105000239 313760105000203 2899 
313760105000239 313760105000204 3077 
313760105000239 313760105000205 4147 
313760105000239 313760105000206 407 
313760105000239 313760105000207 3807 
313760105000239 313760105000208 3597 
313760105000239 313760105000209 5687 
313760105000239 31376010500021 6043 
313760105000239 313760105000211 826 
313760105000239 313760105000212 929 
313760105000239 313760105000213 3466 
313760105000239 313760105000214 3086 
313760105000239 313760105000215 5531 
313760105000239 313760105000216 4668 
313760105000239 313760105000217 3879 
313760105000239 313760105000218 3524 
313760105000239 313760105000219 3252 
313760105000239 31376010500022 3942 
313760105000239 313760105000221 3297 
313760105000239 313760105000222 5067 
313760105000239 313760105000223 5008 
313760105000239 313760105000224 4509 
313760105000239 313760105000225 3769 
313760105000239 313760105000226 4064 
313760105000239 313760105000227 4428 
313760105000239 313760105000228 4583 
313760105000239 313760105000229 4271 
313760105000239 31376010500023 6224 
313760105000239 313760105000231 648 
313760105000239 313760105000232 4616 
313760105000239 313760105000233 5321 
313760105000239 313760105000234 3154 
313760105000239 313760105000235 3485 
313760105000239 313760105000236 2491 
313760105000239 313760105000237 2762 
313760105000239 313760105000238 1008 
313760105000239 313760105000239  
313760105000239 31376010500024 778 
313760105000239 313760105000241 292 
313760105000239 313760105000242 25 
313760105000239 313760105000243 2579 
313760105000239 313760105000245 832 
313760105000239 313760105000246 1953 
313760105000239 313760105000247 1764 
313760105000239 313760105000248 1592 
313760105000239 313760105000249 1448 
313760105000239 31376010500025 306 
313760105000239 313760105000251 3054 
313760105000239 313760105000252 3292 
313760105000239 313760105000253 3003 
313760105000239 313760105000254 443 
313760105000239 313760105000255 4451 
313760105000239 313760105000256 433 
313760105000239 313760105000257 55 
313760105000239 313760105000258 2207 
313760105000239 313760105000259 1937 
313760105000239 31376010500026 3455 
313760105000239 313760105000261 3545 
313760105000239 313760105000262 3503 
313760105000239 313760105000263 3644 
313760105000239 313760105000264 4445 
313760105000239 313760105000265 3046 
313760105000239 313760105000266 5136 
313760105000239 313760105000267 5302 
313760105000239 313760105000268 5002 
313760105000239 313760105000269 4909 
313760105000239 31376010500027 2927 
313760105000239 313760105000271 2733 
313760105000239 313760105000272 5922 
313760105000239 313760105000273 6139 
313760105000239 313760105000274 4529 
313760105000239 313760105000275 4709 
313760105000239 313760105000276 2161 
313760105000239 313760105000277 2311 
313760105000239 313760105000278 2792 
313760105000239 313760105000279 2808 
313760105000239 31376010500028 6123 
313760105000239 313760105000281 431 
313760105000239 313760105000282 4971 
313760105000239 313760105000283 4671 
313760105000239 313760105000284 5676 
313760105000239 313760105000285 4521 
313760105000239 313760114000002 6953 
313760105000239 313760114000007 6455 
313760105000239 313760114000008 6029 
313760105000239 313760114000009 5142 
313760105000239 31376011400001 8425 
313760105000239 313760115000001 1039 
313760105000239 313760115000002 11331 
313760105000239 313760115000003 8175 
313760105000239 313760115000005 9358 
313760105000239 313760115000006 11705 
313760105000239 313760115000007 10062 
313760105000239 313760115000008 10229 
313760105000239 313760115000009 9422 
313760105000239 31376011500001 11148 
313760105000239 313760115000011 10713 
313760105000239 313760115000014 6564 
313760105000239 313760115000015 684 
313760105000239 313760115000018 9529 
313760105000239 313760115000019 9395 
313760105000239 31376011500002 7236 
313760105000239 313760115000021 7022 
313760105000239 313760115000022 7389 
313760105000239 313760115000023 7272 
313760105000239 313760115000024 7763 
313760105000239 313760115000025 7448 
313760105000239 313760115000026 7621 
313760105000239 313760115000027 8052 
313760105000239 313760115000029 7898 
313760105000239 31376011500003 7869 
313760105000239 313760115000031 8396 
313760105000239 313760115000032 9015 
313760105000239 313760115000033 8741 
313760105000239 313760115000034 6398 
313760105000257 313760105000002 1718 
313760105000257 313760105000003 212 
313760105000257 313760105000005 756 
313760105000257 313760105000007 1056 
313760105000257 313760105000008 731 
313760105000257 313760105000009 698 
313760105000257 31376010500001 851 
313760105000257 313760105000011 1289 
313760105000257 313760105000012 1253 
313760105000257 313760105000013 1694 
313760105000257 313760105000015 1704 
313760105000257 313760105000016 3038 
313760105000257 31376010500002 2999 
313760105000257 313760105000021 3086 
313760105000257 313760105000022 3404 
313760105000257 313760105000024 607 
313760105000257 313760105000026 3664 
313760105000257 313760105000027 4306 
313760105000257 313760105000028 3464 
313760105000257 313760105000029 2703 
313760105000257 31376010500003 2073 
313760105000257 313760105000036 3075 
313760105000257 313760105000037 3304 
313760105000257 313760105000039 5077 
313760105000257 31376010500004 5378 
313760105000257 313760105000043 5727 
313760105000257 313760105000045 5186 
313760105000257 313760105000048 4668 
313760105000257 31376010500005 697 
313760105000257 313760105000058 6207 
313760105000257 313760105000064 6182 
313760105000257 313760105000066 2788 
313760105000257 313760105000067 26 
313760105000257 313760105000068 2132 
313760105000257 313760105000069 2252 
313760105000257 313760105000071 112 
313760105000257 313760105000072 1083 
313760105000257 313760105000074 963 
313760105000257 313760105000075 73 
313760105000257 313760105000076 536 
313760105000257 313760105000077 479 
313760105000257 313760105000078 302 
313760105000257 31376010500008 359 
313760105000257 313760105000081 1207 
313760105000257 313760105000082 868 
313760105000257 313760105000083 1025 
313760105000257 313760105000084 783 
313760105000257 313760105000085 867 
313760105000257 313760105000086 1066 
313760105000257 313760105000087 1805 
313760105000257 313760105000088 2214 
313760105000257 313760105000089 155 
313760105000257 31376010500009 198 
313760105000257 313760105000091 2331 
313760105000257 313760105000092 309 
313760105000257 313760105000094 2376 
313760105000257 313760105000095 2015 
313760105000257 313760105000096 2565 
313760105000257 313760105000097 2111 
313760105000257 313760105000098 1877 
313760105000257 313760105000099 2061 
313760105000257 313760105000101 3386 
313760105000257 313760105000102 4113 
313760105000257 313760105000103 4005 
313760105000257 313760105000105 4689 
313760105000257 313760105000106 3628 
313760105000257 313760105000108 2644 
313760105000257 313760105000109 2872 
313760105000257 31376010500011 3597 
313760105000257 313760105000112 4408 
313760105000257 313760105000114 5531 
313760105000257 313760105000118 487 
313760105000257 31376010500012 3871 
313760105000257 313760105000122 3775 
313760105000257 313760105000123 2922 
313760105000257 313760105000124 318 
313760105000257 313760105000125 2978 
313760105000257 313760105000126 2149 
313760105000257 313760105000127 229 
313760105000257 313760105000128 3676 
313760105000257 313760105000129 4659 
313760105000257 313760105000132 2953 
313760105000257 313760105000133 3466 
313760105000257 313760105000134 3876 
313760105000257 313760105000135 4593 
313760105000257 313760105000136 4877 
313760105000257 313760105000138 5997 
313760105000257 313760105000139 5818 
313760105000257 31376010500014 5371 
313760105000257 313760105000141 5149 
313760105000257 313760105000142 4634 
313760105000257 313760105000144 2548 
313760105000257 313760105000145 3569 
313760105000257 313760105000146 4492 
313760105000257 313760105000147 5894 
313760105000257 31376010500015 6174 
313760105000257 313760105000151 6557 
313760105000257 313760105000152 8263 
313760105000257 313760105000161 4091 
313760105000257 313760105000162 5994 
313760105000257 313760105000163 6052 
313760105000257 313760105000164 601 
313760105000257 313760105000165 2719 
313760105000257 313760105000166 4431 
313760105000257 313760105000167 4095 
313760105000257 313760105000168 2445 
313760105000257 313760105000169 2666 
313760105000257 31376010500017 3942 
313760105000257 313760105000171 3701 
313760105000257 313760105000172 6716 
313760105000257 313760105000173 5551 
313760105000257 313760105000174 6125 
313760105000257 313760105000175 283 
313760105000257 313760105000176 264 
313760105000257 313760105000177 4328 
313760105000257 313760105000178 4363 
313760105000257 313760105000179 4113 
313760105000257 31376010500018 424 
313760105000257 313760105000182 6448 
313760105000257 313760105000183 6438 
313760105000257 313760105000184 6296 
313760105000257 313760105000185 6356 
313760105000257 313760105000186 562 
313760105000257 313760105000187 5414 
313760105000257 313760105000188 3084 
313760105000257 313760105000189 3516 
313760105000257 31376010500019 638 
313760105000257 313760105000191 6365 
313760105000257 313760105000192 6642 
313760105000257 313760105000193 6317 
313760105000257 313760105000194 6137 
313760105000257 313760105000195 3802 
313760105000257 313760105000196 3243 
313760105000257 313760105000198 3293 
313760105000257 313760105000199 3152 
313760105000257 3137601050002 2966 
313760105000257 313760105000201 3361 
313760105000257 313760105000202 3607 
313760105000257 313760105000203 315 
313760105000257 313760105000204 3309 
313760105000257 313760105000205 4441 
313760105000257 313760105000206 4401 
313760105000257 313760105000207 4237 
313760105000257 313760105000208 4025 
313760105000257 313760105000209 6208 
313760105000257 31376010500021 6564 
313760105000257 313760105000211 1232 
313760105000257 313760105000212 1198 
313760105000257 313760105000213 322 
313760105000257 313760105000214 2855 
313760105000257 313760105000215 572 
313760105000257 313760105000216 4904 
313760105000257 313760105000217 4333 
313760105000257 313760105000218 3978 
313760105000257 313760105000219 3795 
313760105000257 31376010500022 4468 
313760105000257 313760105000221 3822 
313760105000257 313760105000222 5552 
313760105000257 313760105000223 5511 
313760105000257 313760105000224 4991 
313760105000257 313760105000225 4262 
313760105000257 313760105000226 4573 
313760105000257 313760105000227 4948 
313760105000257 313760105000228 5094 
313760105000257 313760105000229 4768 
313760105000257 31376010500023 649 
313760105000257 313760105000231 6767 
313760105000257 313760105000232 5146 
313760105000257 313760105000233 5871 
313760105000257 313760105000234 3515 
313760105000257 313760105000235 3857 
313760105000257 313760105000236 2981 
313760105000257 313760105000237 3251 
313760105000257 313760105000238 624 
313760105000257 313760105000239 55 
313760105000257 31376010500024 779 
313760105000257 313760105000241 764 
313760105000257 313760105000242 3051 
313760105000257 313760105000243 3124 
313760105000257 313760105000245 1358 
313760105000257 313760105000246 2504 
313760105000257 313760105000247 2314 
313760105000257 313760105000248 1469 
313760105000257 313760105000249 146 
313760105000257 31376010500025 3522 
313760105000257 313760105000251 3498 
313760105000257 313760105000252 3796 
313760105000257 313760105000253 35 
313760105000257 313760105000254 497 
313760105000257 313760105000255 4985 
313760105000257 313760105000256 226 
313760105000257 313760105000257  
313760105000257 313760105000258 2755 
313760105000257 313760105000259 2483 
313760105000257 31376010500026 4006 
313760105000257 313760105000261 4096 
313760105000257 313760105000262 4053 
313760105000257 313760105000263 4189 
313760105000257 313760105000264 4621 
313760105000257 313760105000265 308 
313760105000257 313760105000266 5646 
313760105000257 313760105000267 5807 
313760105000257 313760105000268 5514 
313760105000257 313760105000269 5421 
313760105000257 31376010500027 2454 
313760105000257 313760105000271 2235 
313760105000257 313760105000272 5912 
313760105000257 313760105000273 614 
313760105000257 313760105000274 4303 
313760105000257 313760105000275 4502 
313760105000257 313760105000276 2681 
313760105000257 313760105000277 2813 
313760105000257 313760105000278 3316 
313760105000257 313760105000279 3318 
313760105000257 31376010500028 6463 
313760105000257 313760105000281 4735 
313760105000257 313760105000282 551 
313760105000257 313760105000283 5214 
313760105000257 313760105000284 5462 
313760105000257 313760105000285 4614 
313760105000257 313760114000002 6494 
313760105000257 313760114000007 5936 
313760105000257 313760114000008 5519 
313760105000257 313760114000009 4619 
313760105000257 31376011400001 7877 
313760105000257 313760115000001 10941 
313760105000257 313760115000002 11881 
313760105000257 313760115000003 8676 
313760105000257 313760115000005 9906 
313760105000257 313760115000006 12234 
313760105000257 313760115000007 10523 
313760105000257 313760115000008 10778 
313760105000257 313760115000009 9972 
313760105000257 31376011500001 11695 
313760105000257 313760115000011 11257 
313760105000257 313760115000014 7082 
313760105000257 313760115000015 7391 
313760105000257 313760115000018 10073 
313760105000257 313760115000019 9923 
313760105000257 31376011500002 7728 
313760105000257 313760115000021 7528 
313760105000257 313760115000022 79 
313760105000257 313760115000023 7791 
313760105000257 313760115000024 8286 
313760105000257 313760115000025 7974 
313760105000257 313760115000026 8146 
313760105000257 313760115000027 8576 
313760105000257 313760115000029 844 
313760105000257 31376011500003 8419 
313760105000257 313760115000031 8941 
313760105000257 313760115000032 9515 
313760105000257 313760115000033 9257 
313760105000257 313760115000034 6942 
313760105000259 313760105000002 78 
313760105000259 313760105000003 574 
313760105000259 313760105000005 1853 
313760105000259 313760105000007 189 
313760105000259 313760105000008 205 
313760105000259 313760105000009 3125 
313760105000259 31376010500001 3274 
313760105000259 313760105000011 3309 
313760105000259 313760105000012 3544 
313760105000259 313760105000013 3895 
313760105000259 313760105000015 2535 
313760105000259 313760105000016 5101 
313760105000259 31376010500002 3105 
313760105000259 313760105000021 2911 
313760105000259 313760105000022 3261 
313760105000259 313760105000024 5728 
313760105000259 313760105000026 3267 
313760105000259 313760105000027 3084 
313760105000259 313760105000028 2369 
313760105000259 313760105000029 1608 
313760105000259 31376010500003 582 
313760105000259 313760105000036 1101 
313760105000259 313760105000037 1176 
313760105000259 313760105000039 2593 
313760105000259 31376010500004 2894 
313760105000259 313760105000043 3334 
313760105000259 313760105000045 2754 
313760105000259 313760105000048 6948 
313760105000259 31376010500005 6947 
313760105000259 313760105000058 5461 
313760105000259 313760105000064 3836 
313760105000259 313760105000066 492 
313760105000259 313760105000067 582 
313760105000259 313760105000068 351 
313760105000259 313760105000069 238 
313760105000259 313760105000071 1514 
313760105000259 313760105000072 1522 
313760105000259 313760105000074 223 
313760105000259 313760105000075 2386 
313760105000259 313760105000076 2541 
313760105000259 313760105000077 2286 
313760105000259 313760105000078 2784 
313760105000259 31376010500008 2701 
313760105000259 313760105000081 369 
313760105000259 313760105000082 3266 
313760105000259 313760105000083 3232 
313760105000259 313760105000084 2891 
313760105000259 313760105000085 277 
313760105000259 313760105000086 2749 
313760105000259 313760105000087 4288 
313760105000259 313760105000088 4677 
313760105000259 313760105000089 3943 
313760105000259 31376010500009 4325 
313760105000259 313760105000091 4555 
313760105000259 313760105000092 541 
313760105000259 313760105000094 4371 
313760105000259 313760105000095 39 
313760105000259 313760105000096 3959 
313760105000259 313760105000097 3579 
313760105000259 313760105000098 3275 
313760105000259 313760105000099 3012 
313760105000259 313760105000101 534 
313760105000259 313760105000102 5521 
313760105000259 313760105000103 5759 
313760105000259 313760105000105 6264 
313760105000259 313760105000106 3815 
313760105000259 313760105000108 2626 
313760105000259 313760105000109 2643 
313760105000259 31376010500011 3555 
313760105000259 313760105000112 4316 
313760105000259 313760105000114 595 
313760105000259 313760105000118 435 
313760105000259 31376010500012 364 
313760105000259 313760105000122 2606 
313760105000259 313760105000123 1995 
313760105000259 313760105000124 2509 
313760105000259 313760105000125 2514 
313760105000259 313760105000126 756 
313760105000259 313760105000127 1131 
313760105000259 313760105000128 2073 
313760105000259 313760105000129 3103 
313760105000259 313760105000132 1037 
313760105000259 313760105000133 1092 
313760105000259 313760105000134 1823 
313760105000259 313760105000135 2124 
313760105000259 313760105000136 2394 
313760105000259 313760105000138 3547 
313760105000259 313760105000139 3379 
313760105000259 31376010500014 2963 
313760105000259 313760105000141 2697 
313760105000259 313760105000142 2164 
313760105000259 313760105000144 5014 
313760105000259 313760105000145 6038 
313760105000259 313760105000146 5589 
313760105000259 313760105000147 4227 
313760105000259 31376010500015 3864 
313760105000259 313760105000151 4227 
313760105000259 313760105000152 6136 
313760105000259 313760105000161 359 
313760105000259 313760105000162 3602 
313760105000259 313760105000163 3658 
313760105000259 313760105000164 3646 
313760105000259 313760105000165 2519 
313760105000259 313760105000166 4115 
313760105000259 313760105000167 3949 
313760105000259 313760105000168 95 
313760105000259 313760105000169 1209 
313760105000259 31376010500017 5207 
313760105000259 313760105000171 5108 
313760105000259 313760105000172 495 
313760105000259 313760105000173 4815 
313760105000259 313760105000174 53 
313760105000259 313760105000175 1049 
313760105000259 313760105000176 825 
313760105000259 313760105000177 2686 
313760105000259 313760105000178 2726 
313760105000259 313760105000179 2254 
313760105000259 31376010500018 2455 
313760105000259 313760105000182 4009 
313760105000259 313760105000183 4003 
313760105000259 313760105000184 3928 
313760105000259 313760105000185 4012 
313760105000259 313760105000186 3189 
313760105000259 313760105000187 2978 
313760105000259 313760105000188 629 
313760105000259 313760105000189 1038 
313760105000259 31376010500019 4138 
313760105000259 313760105000191 4112 
313760105000259 313760105000192 4501 
313760105000259 313760105000193 402 
313760105000259 313760105000194 3857 
313760105000259 313760105000195 1893 
313760105000259 313760105000196 1191 
313760105000259 313760105000198 4705 
313760105000259 313760105000199 4747 
313760105000259 3137601050002 4468 
313760105000259 313760105000201 4841 
313760105000259 313760105000202 5095 
313760105000259 313760105000203 3058 
313760105000259 313760105000204 3266 
313760105000259 313760105000205 3891 
313760105000259 313760105000206 3661 
313760105000259 313760105000207 2929 
313760105000259 313760105000208 2765 
313760105000259 313760105000209 3812 
313760105000259 31376010500021 4169 
313760105000259 313760105000211 1711 
313760105000259 313760105000212 2039 
313760105000259 313760105000213 4914 
313760105000259 313760105000214 4534 
313760105000259 313760105000215 5552 
313760105000259 313760105000216 4586 
313760105000259 313760105000217 2849 
313760105000259 313760105000218 2547 
313760105000259 313760105000219 1319 
313760105000259 31376010500022 2067 
313760105000259 313760105000221 1443 
313760105000259 313760105000222 3346 
313760105000259 313760105000223 3213 
313760105000259 313760105000224 2821 
313760105000259 313760105000225 2066 
313760105000259 313760105000226 2265 
313760105000259 313760105000227 2574 
313760105000259 313760105000228 2761 
313760105000259 313760105000229 2522 
313760105000259 31376010500023 5894 
313760105000259 313760105000231 6046 
313760105000259 313760105000232 2963 
313760105000259 313760105000233 3435 
313760105000259 313760105000234 2773 
313760105000259 313760105000235 2977 
313760105000259 313760105000236 1532 
313760105000259 313760105000237 1718 
313760105000259 313760105000238 2777 
313760105000259 313760105000239 1937 
313760105000259 31376010500024 224 
313760105000259 313760105000241 1742 
313760105000259 313760105000242 687 
313760105000259 313760105000243 916 
313760105000259 313760105000245 1287 
313760105000259 313760105000246 316 
313760105000259 313760105000247 387 
313760105000259 313760105000248 3073 
313760105000259 313760105000249 2747 
313760105000259 31376010500025 2129 
313760105000259 313760105000251 2241 
313760105000259 313760105000252 1992 
313760105000259 313760105000253 1813 
313760105000259 313760105000254 2503 
313760105000259 313760105000255 2541 
313760105000259 313760105000256 2358 
313760105000259 313760105000257 2483 
313760105000259 313760105000258 278 
313760105000259 313760105000259  
313760105000259 31376010500026 1548 
313760105000259 313760105000261 1644 
313760105000259 313760105000262 1614 
313760105000259 313760105000263 1875 
313760105000259 313760105000264 4087 
313760105000259 313760105000265 3871 
313760105000259 313760105000266 3309 
313760105000259 313760105000267 3493 
313760105000259 313760105000268 317 
313760105000259 313760105000269 3078 
313760105000259 31376010500027 4794 
313760105000259 313760105000271 4633 
313760105000259 313760105000272 6592 
313760105000259 313760105000273 6764 
313760105000259 313760105000274 5865 
313760105000259 313760105000275 599 
313760105000259 313760105000276 534 
313760105000259 313760105000277 793 
313760105000259 313760105000278 1397 
313760105000259 313760105000279 1554 
313760105000259 31376010500028 4974 
313760105000259 313760105000281 2911 
313760105000259 313760105000282 3044 
313760105000259 313760105000283 2736 
313760105000259 313760105000284 6932 
313760105000259 313760105000285 4969 
313760105000259 313760114000002 8754 
313760105000259 313760114000007 8367 
313760105000259 313760114000008 7926 
313760105000259 313760114000009 7061 
313760105000259 31376011400001 10361 
313760105000259 313760115000001 8469 
313760105000259 313760115000002 9403 
313760105000259 313760115000003 6352 
313760105000259 313760115000005 7498 
313760105000259 313760115000006 9794 
313760105000259 313760115000007 8367 
313760105000259 313760115000008 8294 
313760105000259 313760115000009 7491 
313760105000259 31376011500001 9211 
313760105000259 313760115000011 8777 
313760105000259 313760115000014 4694 
313760105000259 313760115000015 4922 
313760105000259 313760115000018 7592 
313760105000259 313760115000019 7488 
313760105000259 31376011500002 5451 
313760105000259 313760115000021 5192 
313760105000259 313760115000022 554 
313760105000259 313760115000023 5396 
313760105000259 313760115000024 5873 
313760105000259 313760115000025 5551 
313760105000259 313760115000026 5727 
313760105000259 313760115000027 6159 
313760105000259 313760115000029 5965 
313760105000259 31376011500003 594 
313760105000259 313760115000031 6459 
313760105000259 313760115000032 7191 
313760105000259 313760115000033 6872 
313760105000259 313760115000034 4462 
313760105000264 313760105000002 4228 
313760105000264 313760105000003 3668 
313760105000264 313760105000005 4687 
313760105000264 313760105000007 503 
313760105000264 313760105000008 4902 
313760105000264 313760105000009 4697 
313760105000264 31376010500001 5329 
313760105000264 313760105000011 5911 
313760105000264 313760105000012 5798 
313760105000264 313760105000013 6249 
313760105000264 313760105000015 5928 
313760105000264 313760105000016 7583 
313760105000264 31376010500002 6945 
313760105000264 313760105000021 6837 
313760105000264 313760105000022 7202 
313760105000264 313760105000024 9789 
313760105000264 313760105000026 728 
313760105000264 313760105000027 716 
313760105000264 313760105000028 6455 
313760105000264 313760105000029 5658 
313760105000264 31376010500003 4455 
313760105000264 313760105000036 5146 
313760105000264 313760105000037 5133 
313760105000264 313760105000039 4958 
313760105000264 31376010500004 5177 
313760105000264 313760105000043 4499 
313760105000264 313760105000045 4437 
313760105000264 313760105000048 6526 
313760105000264 31376010500005 10958 
313760105000264 313760105000058 9548 
313760105000264 313760105000064 4537 
313760105000264 313760105000066 4522 
313760105000264 313760105000067 467 
313760105000264 313760105000068 4086 
313760105000264 313760105000069 4131 
313760105000264 313760105000071 3818 
313760105000264 313760105000072 4613 
313760105000264 313760105000074 5241 
313760105000264 313760105000075 5169 
313760105000264 313760105000076 5101 
313760105000264 313760105000077 4895 
313760105000264 313760105000078 4743 
313760105000264 31376010500008 4979 
313760105000264 313760105000081 5347 
313760105000264 313760105000082 5377 
313760105000264 313760105000083 563 
313760105000264 313760105000084 5403 
313760105000264 313760105000085 5453 
313760105000264 313760105000086 5603 
313760105000264 313760105000087 5757 
313760105000264 313760105000088 6253 
313760105000264 313760105000089 5935 
313760105000264 31376010500009 6372 
313760105000264 313760105000091 6816 
313760105000264 313760105000092 739 
313760105000264 313760105000094 6974 
313760105000264 313760105000095 6636 
313760105000264 313760105000096 7132 
313760105000264 313760105000097 6675 
313760105000264 313760105000098 6403 
313760105000264 313760105000099 641 
313760105000264 313760105000101 7964 
313760105000264 313760105000102 8719 
313760105000264 313760105000103 8618 
313760105000264 313760105000105 9311 
313760105000264 313760105000106 7672 
313760105000264 313760105000108 6466 
313760105000264 313760105000109 6563 
313760105000264 31376010500011 7481 
313760105000264 313760105000112 8291 
313760105000264 313760105000114 9788 
313760105000264 313760105000118 8418 
313760105000264 31376010500012 7628 
313760105000264 313760105000122 6693 
313760105000264 313760105000123 6045 
313760105000264 313760105000124 6542 
313760105000264 313760105000125 6497 
313760105000264 313760105000126 4702 
313760105000264 313760105000127 5119 
313760105000264 313760105000128 6126 
313760105000264 313760105000129 7102 
313760105000264 313760105000132 5105 
313760105000264 313760105000133 4801 
313760105000264 313760105000134 5699 
313760105000264 313760105000135 5023 
313760105000264 313760105000136 4796 
313760105000264 313760105000138 5025 
313760105000264 313760105000139 4822 
313760105000264 31376010500014 4387 
313760105000264 313760105000141 4557 
313760105000264 313760105000142 4466 
313760105000264 313760105000144 5939 
313760105000264 313760105000145 7324 
313760105000264 313760105000146 3176 
313760105000264 313760105000147 8096 
313760105000264 31376010500015 4377 
313760105000264 313760105000151 4704 
313760105000264 313760105000152 5247 
313760105000264 313760105000161 7638 
313760105000264 313760105000162 4646 
313760105000264 313760105000163 4692 
313760105000264 313760105000164 4511 
313760105000264 313760105000165 6416 
313760105000264 313760105000166 8141 
313760105000264 313760105000167 7926 
313760105000264 313760105000168 5002 
313760105000264 313760105000169 5284 
313760105000264 31376010500017 8517 
313760105000264 313760105000171 8301 
313760105000264 313760105000172 8698 
313760105000264 313760105000173 8903 
313760105000264 313760105000174 9385 
313760105000264 313760105000175 5136 
313760105000264 313760105000176 4913 
313760105000264 313760105000177 6682 
313760105000264 313760105000178 6721 
313760105000264 313760105000179 6193 
313760105000264 31376010500018 6408 
313760105000264 313760105000182 5221 
313760105000264 313760105000183 5188 
313760105000264 313760105000184 4708 
313760105000264 313760105000185 4631 
313760105000264 313760105000186 4657 
313760105000264 313760105000187 4578 
313760105000264 313760105000188 438 
313760105000264 313760105000189 4418 
313760105000264 31376010500019 4247 
313760105000264 313760105000191 4276 
313760105000264 313760105000192 4087 
313760105000264 313760105000193 4411 
313760105000264 313760105000194 4242 
313760105000264 313760105000195 274 
313760105000264 313760105000196 317 
313760105000264 313760105000198 7886 
313760105000264 313760105000199 7769 
313760105000264 3137601050002 7569 
313760105000264 313760105000201 7967 
313760105000264 313760105000202 8218 
313760105000264 313760105000203 6968 
313760105000264 313760105000204 7174 
313760105000264 313760105000205 7954 
313760105000264 313760105000206 7742 
313760105000264 313760105000207 6999 
313760105000264 313760105000208 6844 
313760105000264 313760105000209 4798 
313760105000264 31376010500021 5019 
313760105000264 313760105000211 5003 
313760105000264 313760105000212 5267 
313760105000264 313760105000213 7841 
313760105000264 313760105000214 7475 
313760105000264 313760105000215 9578 
313760105000264 313760105000216 8624 
313760105000264 313760105000217 6885 
313760105000264 313760105000218 661 
313760105000264 313760105000219 421 
313760105000264 31376010500022 3982 
313760105000264 313760105000221 376 
313760105000264 313760105000222 3683 
313760105000264 313760105000223 3973 
313760105000264 313760105000224 3362 
313760105000264 313760105000225 3291 
313760105000264 313760105000226 3663 
313760105000264 313760105000227 4033 
313760105000264 313760105000228 3922 
313760105000264 313760105000229 3521 
313760105000264 31376010500023 9981 
313760105000264 313760105000231 10133 
313760105000264 313760105000232 6474 
313760105000264 313760105000233 6139 
313760105000264 313760105000234 6833 
313760105000264 313760105000235 7058 
313760105000264 313760105000236 5619 
313760105000264 313760105000237 58 
313760105000264 313760105000238 4247 
313760105000264 313760105000239 4445 
313760105000264 31376010500024 3841 
313760105000264 313760105000241 4174 
313760105000264 313760105000242 4583 
313760105000264 313760105000243 4882 
313760105000264 313760105000245 4619 
313760105000264 313760105000246 4403 
313760105000264 313760105000247 4413 
313760105000264 313760105000248 6028 
313760105000264 313760105000249 5888 
313760105000264 31376010500025 6211 
313760105000264 313760105000251 6329 
313760105000264 313760105000252 5989 
313760105000264 313760105000253 5865 
313760105000264 313760105000254 4601 
313760105000264 313760105000255 4412 
313760105000264 313760105000256 4726 
313760105000264 313760105000257 4621 
313760105000264 313760105000258 4181 
313760105000264 313760105000259 4087 
313760105000264 31376010500026 4788 
313760105000264 313760105000261 4875 
313760105000264 313760105000262 4914 
313760105000264 313760105000263 542 
313760105000264 313760105000264  
313760105000264 313760105000265 7439 
313760105000264 313760105000266 4196 
313760105000264 313760105000267 4189 
313760105000264 313760105000268 4157 
313760105000264 313760105000269 4104 
313760105000264 31376010500027 6794 
313760105000264 313760105000271 6497 
313760105000264 313760105000272 10315 
313760105000264 313760105000273 1052 
313760105000264 313760105000274 8925 
313760105000264 313760105000275 9121 
313760105000264 313760105000276 3591 
313760105000264 313760105000277 3357 
313760105000264 313760105000278 5421 
313760105000264 313760105000279 5608 
313760105000264 31376010500028 2522 
313760105000264 313760105000281 2475 
313760105000264 313760105000282 4879 
313760105000264 313760105000283 4881 
313760105000264 313760105000284 10082 
313760105000264 313760105000285 8807 
313760105000264 313760114000002 10665 
313760105000264 313760114000007 9666 
313760105000264 313760114000008 9386 
313760105000264 313760114000009 8413 
313760105000264 31376011400001 1083 
313760105000264 313760115000001 10068 
313760105000264 313760115000002 10814 
313760105000264 313760115000003 6269 
313760105000264 313760115000005 9722 
313760105000264 313760115000006 10085 
313760105000264 313760115000007 7283 
313760105000264 313760115000008 9571 
313760105000264 313760115000009 9003 
313760105000264 31376011500001 10363 
313760105000264 313760115000011 9731 
313760105000264 313760115000014 5339 
313760105000264 313760115000015 7015 
313760105000264 313760115000018 869 
313760105000264 313760115000019 7962 
313760105000264 31376011500002 5319 
313760105000264 313760115000021 5413 
313760105000264 313760115000022 581 
313760105000264 313760115000023 5914 
313760105000264 313760115000024 6422 
313760105000264 313760115000025 6233 
313760105000264 313760115000026 6343 
313760105000264 313760115000027 6686 
313760105000264 313760115000029 7149 
313760105000264 31376011500003 7701 
313760105000264 313760115000031 7765 
313760105000264 313760115000032 6978 
313760105000264 313760115000033 705 
313760105000264 313760115000034 605 
313760105000273 313760105000002 6356 
313760105000273 313760105000003 6985 
313760105000273 313760105000005 5861 
313760105000273 313760105000007 5498 
313760105000273 313760105000008 5666 
313760105000273 313760105000009 644 
313760105000273 31376010500001 5778 
313760105000273 313760105000011 5008 
313760105000273 313760105000012 5367 
313760105000273 313760105000013 5042 
313760105000273 313760105000015 46 
313760105000273 313760105000016 4342 
313760105000273 31376010500002 3659 
313760105000273 313760105000021 3867 
313760105000273 313760105000022 354 
313760105000273 313760105000024 2468 
313760105000273 313760105000026 3652 
313760105000273 313760105000027 463 
313760105000273 313760105000028 4752 
313760105000273 313760105000029 5223 
313760105000273 31376010500003 6239 
313760105000273 313760105000036 6072 
313760105000273 313760105000037 6263 
313760105000273 313760105000039 8245 
313760105000273 31376010500004 8413 
313760105000273 313760105000043 9436 
313760105000273 313760105000045 8823 
313760105000273 313760105000048 9164 
313760105000273 31376010500005 1833 
313760105000273 313760105000058 3445 
313760105000273 313760105000064 9999 
313760105000273 313760105000066 6523 
313760105000273 313760105000067 6266 
313760105000273 313760105000068 6614 
313760105000273 313760105000069 6619 
313760105000273 313760105000071 6712 
313760105000273 313760105000072 5907 
313760105000273 313760105000074 5326 
313760105000273 313760105000075 5458 
313760105000273 313760105000076 5604 
313760105000273 313760105000077 5743 
313760105000273 313760105000078 616 
313760105000273 31376010500008 5832 
313760105000273 313760105000081 6119 
313760105000273 313760105000082 5709 
313760105000273 313760105000083 5342 
313760105000273 313760105000084 5412 
313760105000273 313760105000085 5279 
313760105000273 313760105000086 5074 
313760105000273 313760105000087 6211 
313760105000273 313760105000088 599 
313760105000273 313760105000089 5567 
313760105000273 31376010500009 535 
313760105000273 313760105000091 4921 
313760105000273 313760105000092 5233 
313760105000273 313760105000094 4394 
313760105000273 313760105000095 4423 
313760105000273 313760105000096 3636 
313760105000273 313760105000097 4063 
313760105000273 313760105000098 4265 
313760105000273 313760105000099 4136 
313760105000273 313760105000101 398 
313760105000273 313760105000102 2547 
313760105000273 313760105000103 3329 
313760105000273 313760105000105 2728 
313760105000273 313760105000106 2951 
313760105000273 313760105000108 4142 
313760105000273 313760105000109 4127 
313760105000273 31376010500011 3244 
313760105000273 313760105000112 2642 
313760105000273 313760105000114 889 
313760105000273 313760105000118 3144 
313760105000273 31376010500012 3261 
313760105000273 313760105000122 4717 
313760105000273 313760105000123 4873 
313760105000273 313760105000124 4374 
313760105000273 313760105000125 429 
313760105000273 313760105000126 6019 
313760105000273 313760105000127 5633 
313760105000273 313760105000128 5412 
313760105000273 313760105000129 5202 
313760105000273 313760105000132 603 
313760105000273 313760105000133 674 
313760105000273 313760105000134 6145 
313760105000273 313760105000135 7627 
313760105000273 313760105000136 8157 
313760105000273 313760105000138 9351 
313760105000273 313760105000139 9288 
313760105000273 31376010500014 9084 
313760105000273 313760105000141 8681 
313760105000273 313760105000142 8175 
313760105000273 313760105000144 6897 
313760105000273 313760105000145 6441 
313760105000273 313760105000146 10529 
313760105000273 313760105000147 5603 
313760105000273 31376010500015 1011 
313760105000273 313760105000151 10378 
313760105000273 313760105000152 12509 
313760105000273 313760105000161 3512 
313760105000273 313760105000162 9662 
313760105000273 313760105000163 9702 
313760105000273 313760105000164 979 
313760105000273 313760105000165 4245 
313760105000273 313760105000166 2996 
313760105000273 313760105000167 2963 
313760105000273 313760105000168 5836 
313760105000273 313760105000169 5644 
313760105000273 31376010500017 2442 
313760105000273 313760105000171 2786 
313760105000273 313760105000172 6148 
313760105000273 313760105000173 3423 
313760105000273 313760105000174 3624 
313760105000273 313760105000175 5913 
313760105000273 313760105000176 6038 
313760105000273 313760105000177 5383 
313760105000273 313760105000178 5371 
313760105000273 313760105000179 579 
313760105000273 31376010500018 5654 
313760105000273 313760105000182 9798 
313760105000273 313760105000183 9813 
313760105000273 313760105000184 10016 
313760105000273 313760105000185 10159 
313760105000273 313760105000186 9173 
313760105000273 313760105000187 8981 
313760105000273 313760105000188 6853 
313760105000273 313760105000189 7146 
313760105000273 31376010500019 10484 
313760105000273 313760105000191 10443 
313760105000273 313760105000192 10962 
313760105000273 313760105000193 10276 
313760105000273 313760105000194 10164 
313760105000273 313760105000195 8652 
313760105000273 313760105000196 7952 
313760105000273 313760105000198 307 
313760105000273 313760105000199 338 
313760105000273 3137601050002 3396 
313760105000273 313760105000201 31 
313760105000273 313760105000202 2958 
313760105000273 313760105000203 3715 
313760105000273 313760105000204 3511 
313760105000273 313760105000205 3396 
313760105000273 313760105000206 3748 
313760105000273 313760105000207 4796 
313760105000273 313760105000208 4772 
313760105000273 313760105000209 9824 
313760105000273 31376010500021 10132 
313760105000273 313760105000211 5516 
313760105000273 313760105000212 5261 
313760105000273 313760105000213 3491 
313760105000273 313760105000214 367 
313760105000273 313760105000215 2101 
313760105000273 313760105000216 2736 
313760105000273 313760105000217 5092 
313760105000273 313760105000218 5066 
313760105000273 313760105000219 7568 
313760105000273 31376010500022 8395 
313760105000273 313760105000221 7958 
313760105000273 313760105000222 9825 
313760105000273 313760105000223 9568 
313760105000273 313760105000224 9393 
313760105000273 313760105000225 8695 
313760105000273 313760105000226 8741 
313760105000273 313760105000227 8868 
313760105000273 313760105000228 9116 
313760105000273 313760105000229 9045 
313760105000273 31376010500023 3117 
313760105000273 313760105000231 3483 
313760105000273 313760105000232 6729 
313760105000273 313760105000233 8113 
313760105000273 313760105000234 4234 
313760105000273 313760105000235 4237 
313760105000273 313760105000236 5456 
313760105000273 313760105000237 5442 
313760105000273 313760105000238 6709 
313760105000273 313760105000239 6139 
313760105000273 31376010500024 6862 
313760105000273 313760105000241 6382 
313760105000273 313760105000242 6636 
313760105000273 313760105000243 6389 
313760105000273 313760105000245 591 
313760105000273 313760105000246 6479 
313760105000273 313760105000247 6378 
313760105000273 313760105000248 4678 
313760105000273 313760105000249 4705 
313760105000273 31376010500025 5148 
313760105000273 313760105000251 4963 
313760105000273 313760105000252 571 
313760105000273 313760105000253 5579 
313760105000273 313760105000254 8435 
313760105000273 313760105000255 861 
313760105000273 313760105000256 5966 
313760105000273 313760105000257 614 
313760105000273 313760105000258 6825 
313760105000273 313760105000259 6764 
313760105000273 31376010500026 7239 
313760105000273 313760105000261 7245 
313760105000273 313760105000262 7164 
313760105000273 313760105000263 6785 
313760105000273 313760105000264 1052 
313760105000273 313760105000265 3094 
313760105000273 313760105000266 9569 
313760105000273 313760105000267 9777 
313760105000273 313760105000268 9436 
313760105000273 313760105000269 9362 
313760105000273 31376010500027 5297 
313760105000273 313760105000271 5555 
313760105000273 313760105000272 25 
313760105000273 313760105000273  
313760105000273 313760105000274 2782 
313760105000273 313760105000275 2549 
313760105000273 313760105000276 7292 
313760105000273 313760105000277 755 
313760105000273 313760105000278 5952 
313760105000273 313760105000279 5734 
313760105000273 31376010500028 11738 
313760105000273 313760105000281 9658 
313760105000273 313760105000282 8846 
313760105000273 313760105000283 8479 
313760105000273 313760105000284 2391 
313760105000273 313760105000285 1809 
313760105000273 313760114000002 6111 
313760105000273 313760114000007 7133 
313760105000273 313760114000008 6643 
313760105000273 313760114000009 6546 
313760105000273 31376011400001 9716 
313760105000273 313760115000001 1241 
313760105000273 313760115000002 13369 
313760105000273 313760115000003 123 
313760105000273 313760115000005 10832 
313760105000273 313760115000006 14892 
313760105000273 313760115000007 14582 
313760105000273 313760115000008 12668 
313760105000273 313760115000009 11799 
313760105000273 31376011500001 13531 
313760105000273 313760115000011 13402 
313760105000273 313760115000014 10609 
313760105000273 313760115000015 9485 
313760105000273 313760115000018 1233 
313760105000273 313760115000019 12822 
313760105000273 31376011500002 11603 
313760105000273 313760115000021 11217 
313760105000273 313760115000022 11451 
313760105000273 313760115000023 11189 
313760105000273 313760115000024 11519 
313760105000273 313760115000025 11189 
313760105000273 313760115000026 11364 
313760105000273 313760115000027 11749 
313760105000273 313760115000029 11071 
313760105000273 31376011500003 1046 
313760105000273 313760115000031 11295 
313760105000273 313760115000032 1307 
313760105000273 313760115000033 12553 
313760105000273 313760115000034 9761 
31376010500028 313760105000002 5463 
31376010500028 313760105000003 4815 
31376010500028 313760105000005 6273 
31376010500028 313760105000007 6525 
31376010500028 313760105000008 6508 
31376010500028 313760105000009 6735 
31376010500028 31376010500001 7276 
31376010500028 313760105000011 7705 
31376010500028 313760105000012 7713 
31376010500028 313760105000013 8157 
31376010500028 313760105000015 736 
31376010500028 313760105000016 9501 
31376010500028 31376010500002 808 
31376010500028 313760105000021 7878 
31376010500028 313760105000022 822 
31376010500028 313760105000024 10512 
31376010500028 313760105000026 8184 
31376010500028 313760105000027 7669 
31376010500028 313760105000028 7165 
31376010500028 313760105000029 6538 
31376010500028 31376010500003 5513 
31376010500028 313760105000036 5766 
31376010500028 313760105000037 5636 
31376010500028 313760105000039 4434 
31376010500028 31376010500004 4518 
31376010500028 313760105000043 3435 
31376010500028 313760105000045 3734 
31376010500028 313760105000048 9034 
31376010500028 31376010500005 11805 
31376010500028 313760105000058 10046 
31376010500028 313760105000064 3159 
31376010500028 313760105000066 5239 
31376010500028 313760105000067 5482 
31376010500028 313760105000068 5147 
31376010500028 313760105000069 5129 
31376010500028 313760105000071 5432 
31376010500028 313760105000072 6079 
31376010500028 313760105000074 6814 
31376010500028 313760105000075 6832 
31376010500028 313760105000076 6845 
31376010500028 313760105000077 6598 
31376010500028 313760105000078 6662 
31376010500028 31376010500008 6815 
31376010500028 313760105000081 7421 
31376010500028 313760105000082 7309 
31376010500028 313760105000083 7482 
31376010500028 313760105000084 7194 
31376010500028 313760105000085 7182 
31376010500028 313760105000086 7274 
31376010500028 313760105000087 7913 
31376010500028 313760105000088 8407 
31376010500028 313760105000089 7947 
31376010500028 31376010500009 8391 
31376010500028 313760105000091 8785 
31376010500028 313760105000092 9475 
31376010500028 313760105000094 8822 
31376010500028 313760105000095 8416 
31376010500028 313760105000096 8727 
31376010500028 313760105000097 8294 
31376010500028 313760105000098 7995 
31376010500028 313760105000099 7858 
31376010500028 313760105000101 9838 
31376010500028 313760105000102 10337 
31376010500028 313760105000103 10407 
31376010500028 313760105000105 11021 
31376010500028 313760105000106 8788 
31376010500028 313760105000108 7601 
31376010500028 313760105000109 7613 
31376010500028 31376010500011 8516 
31376010500028 313760105000112 9244 
31376010500028 313760105000114 10918 
31376010500028 313760105000118 9148 
31376010500028 31376010500012 857 
31376010500028 313760105000122 732 
31376010500028 313760105000123 691 
31376010500028 313760105000124 7425 
31376010500028 313760105000125 7468 
31376010500028 313760105000126 5724 
31376010500028 313760105000127 6105 
31376010500028 313760105000128 6638 
31376010500028 313760105000129 7403 
31376010500028 313760105000132 5779 
31376010500028 313760105000133 5183 
31376010500028 313760105000134 6009 
31376010500028 313760105000135 4804 
31376010500028 313760105000136 4363 
31376010500028 313760105000138 3928 
31376010500028 313760105000139 3784 
31376010500028 31376010500014 3546 
31376010500028 313760105000141 3902 
31376010500028 313760105000142 413 
31376010500028 313760105000144 8238 
31376010500028 313760105000145 9595 
31376010500028 313760105000146 5654 
31376010500028 313760105000147 8106 
31376010500028 31376010500015 2954 
31376010500028 313760105000151 3117 
31376010500028 313760105000152 2856 
31376010500028 313760105000161 8456 
31376010500028 313760105000162 3436 
31376010500028 313760105000163 3456 
31376010500028 313760105000164 325 
31376010500028 313760105000165 7493 
31376010500028 313760105000166 8999 
31376010500028 313760105000167 8881 
31376010500028 313760105000168 5906 
31376010500028 313760105000169 6118 
31376010500028 31376010500017 10067 
31376010500028 313760105000171 9915 
31376010500028 313760105000172 8506 
31376010500028 313760105000173 9466 
31376010500028 313760105000174 9848 
31376010500028 313760105000175 5873 
31376010500028 313760105000176 5718 
31376010500028 313760105000177 7018 
31376010500028 313760105000178 7051 
31376010500028 313760105000179 6499 
31376010500028 31376010500018 6708 
31376010500028 313760105000182 3892 
31376010500028 313760105000183 3854 
31376010500028 313760105000184 3306 
31376010500028 313760105000185 316 
31376010500028 313760105000186 3708 
31376010500028 313760105000187 375 
31376010500028 313760105000188 4943 
31376010500028 313760105000189 4747 
31376010500028 31376010500019 2624 
31376010500028 313760105000191 2674 
31376010500028 313760105000192 2198 
31376010500028 313760105000193 2893 
31376010500028 313760105000194 2803 
31376010500028 313760105000195 3088 
31376010500028 313760105000196 3786 
31376010500028 313760105000198 9497 
31376010500028 313760105000199 946 
31376010500028 3137601050002 9215 
31376010500028 313760105000201 961 
31376010500028 313760105000202 9868 
31376010500028 313760105000203 8027 
31376010500028 313760105000204 8234 
31376010500028 313760105000205 8715 
31376010500028 313760105000206 8429 
31376010500028 313760105000207 7487 
31376010500028 313760105000208 7391 
31376010500028 313760105000209 3487 
31376010500028 31376010500021 3542 
31376010500028 313760105000211 6425 
31376010500028 313760105000212 6743 
31376010500028 313760105000213 9579 
31376010500028 313760105000214 9196 
31376010500028 313760105000215 1041 
31376010500028 313760105000216 9442 
31376010500028 313760105000217 7284 
31376010500028 313760105000218 7106 
31376010500028 313760105000219 4371 
31376010500028 31376010500022 3706 
31376010500028 313760105000221 3909 
31376010500028 313760105000222 256 
31376010500028 313760105000223 2943 
31376010500028 313760105000224 2666 
31376010500028 313760105000225 3171 
31376010500028 313760105000226 33 
31376010500028 313760105000227 3429 
31376010500028 313760105000228 3197 
31376010500028 313760105000229 3008 
31376010500028 31376010500023 10539 
31376010500028 313760105000231 106 
31376010500028 313760105000232 631 
31376010500028 313760105000233 5465 
31376010500028 313760105000234 7642 
31376010500028 313760105000235 7769 
31376010500028 313760105000236 636 
31376010500028 313760105000237 6446 
31376010500028 313760105000238 6258 
31376010500028 313760105000239 6123 
31376010500028 31376010500024 5733 
31376010500028 313760105000241 583 
31376010500028 313760105000242 5168 
31376010500028 313760105000243 5449 
31376010500028 313760105000245 5978 
31376010500028 313760105000246 526 
31376010500028 313760105000247 5361 
31376010500028 313760105000248 7682 
31376010500028 313760105000249 7448 
31376010500028 31376010500025 6823 
31376010500028 313760105000251 6986 
31376010500028 313760105000252 6405 
31376010500028 313760105000253 6402 
31376010500028 313760105000254 4072 
31376010500028 313760105000255 3839 
31376010500028 313760105000256 6499 
31376010500028 313760105000257 6463 
31376010500028 313760105000258 4922 
31376010500028 313760105000259 4974 
31376010500028 31376010500026 4872 
31376010500028 313760105000261 492 
31376010500028 313760105000262 4988 
31376010500028 313760105000263 5505 
31376010500028 313760105000264 2522 
31376010500028 313760105000265 8804 
31376010500028 313760105000266 3114 
31376010500028 313760105000267 2984 
31376010500028 313760105000268 3164 
31376010500028 313760105000269 3169 
31376010500028 31376010500027 8849 
31376010500028 313760105000271 858 
31376010500028 313760105000272 11567 
31376010500028 313760105000273 11738 
31376010500028 313760105000274 10621 
31376010500028 313760105000275 10783 
31376010500028 313760105000276 4449 
31376010500028 313760105000277 4194 
31376010500028 313760105000278 5962 
31376010500028 313760105000279 6182 
31376010500028 31376010500028  
31376010500028 313760105000281 2107 
31376010500028 313760105000282 406 
31376010500028 313760105000283 4253 
31376010500028 313760105000284 11748 
31376010500028 313760105000285 994 
31376010500028 313760114000002 12845 
31376010500028 313760114000007 11986 
31376010500028 313760114000008 11665 
31376010500028 313760114000009 10698 
31376010500028 31376011400001 13301 
31376010500028 313760115000001 8259 
31376010500028 313760115000002 888 
31376010500028 313760115000003 4054 
31376010500028 313760115000005 8268 
31376010500028 313760115000006 7772 
31376010500028 313760115000007 4772 
31376010500028 313760115000008 7643 
31376010500028 313760115000009 7224 
31376010500028 31376011500001 8339 
31376010500028 313760115000011 7658 
31376010500028 313760115000014 3645 
31376010500028 313760115000015 5783 
31376010500028 313760115000018 6741 
31376010500028 313760115000019 581 
31376010500028 31376011500002 3223 
31376010500028 313760115000021 3472 
31376010500028 313760115000022 3815 
31376010500028 313760115000023 4021 
31376010500028 313760115000024 446 
31376010500028 313760115000025 4366 
31376010500028 313760115000026 4425 
31376010500028 313760115000027 4679 
31376010500028 313760115000029 5395 
31376010500028 31376011500003 6179 
31376010500028 313760115000031 5997 
31376010500028 313760115000032 4656 
31376010500028 313760115000033 4858 
31376010500028 313760115000034 4712 
313760114000002 313760105000002 7991 
313760114000002 313760105000003 854 
313760114000002 313760105000005 6934 
313760114000002 313760105000007 6866 
313760114000002 313760105000008 6717 
313760114000002 313760105000009 6118 
313760114000002 31376010500001 5644 
313760114000002 313760105000011 5446 
313760114000002 313760105000012 5267 
313760114000002 313760105000013 4872 
313760114000002 313760105000015 6407 
313760114000002 313760105000016 3685 
313760114000002 31376010500002 6817 
313760114000002 313760105000021 7161 
313760114000002 313760105000022 7131 
313760114000002 313760105000024 8173 
313760114000002 313760105000026 7494 
313760114000002 313760105000027 8759 
313760114000002 313760105000028 8259 
313760114000002 313760105000029 8038 
313760114000002 31376010500003 8207 
313760114000002 313760105000036 8851 
313760114000002 313760105000037 9117 
313760114000002 313760105000039 11231 
313760114000002 31376010500004 11507 
313760114000002 313760105000043 12089 
313760114000002 313760105000045 11501 
313760114000002 313760105000048 5604 
313760114000002 31376010500005 7935 
313760114000002 313760105000058 8997 
313760114000002 313760105000064 12585 
313760114000002 313760105000066 8878 
313760114000002 313760105000067 8613 
313760114000002 313760105000068 8423 
313760114000002 313760105000069 8518 
313760114000002 313760105000071 7609 
313760114000002 313760105000072 7243 
313760114000002 313760105000074 6526 
313760114000002 313760105000075 6375 
313760114000002 313760105000076 6254 
313760114000002 313760105000077 6517 
313760114000002 313760105000078 6248 
313760114000002 31376010500008 6176 
313760114000002 313760105000081 543 
313760114000002 313760105000082 5626 
313760114000002 313760105000083 5556 
313760114000002 313760105000084 5891 
313760114000002 313760105000085 5989 
313760114000002 313760105000086 6007 
313760114000002 313760105000087 4936 
313760114000002 313760105000088 444 
313760114000002 313760105000089 4947 
313760114000002 31376010500009 4514 
313760114000002 313760105000091 4208 
313760114000002 313760105000092 3404 
313760114000002 313760105000094 441 
313760114000002 313760105000095 489 
313760114000002 313760105000096 5147 
313760114000002 313760105000097 5361 
313760114000002 313760105000098 563 
313760114000002 313760105000099 6064 
313760114000002 313760105000101 3547 
313760114000002 313760105000102 4269 
313760114000002 313760105000103 3499 
313760114000002 313760105000105 3609 
313760114000002 313760105000106 6669 
313760114000002 313760105000108 7003 
313760114000002 313760105000109 7224 
313760114000002 31376010500011 7003 
313760114000002 313760105000112 718 
313760114000002 313760105000114 6438 
313760114000002 313760105000118 7999 
313760114000002 31376010500012 7299 
313760114000002 313760105000122 8457 
313760114000002 313760105000123 794 
313760114000002 313760105000124 7735 
313760114000002 313760105000125 7485 
313760114000002 313760105000126 8144 
313760114000002 313760105000127 801 
313760114000002 313760105000128 8868 
313760114000002 313760105000129 9374 
313760114000002 313760105000132 8741 
313760114000002 313760105000133 9469 
313760114000002 313760105000134 9444 
313760114000002 313760105000135 10648 
313760114000002 313760105000136 11054 
313760114000002 313760105000138 12274 
313760114000002 313760105000139 12119 
313760114000002 31376010500014 11718 
313760114000002 313760105000141 11431 
313760114000002 313760105000142 10882 
313760114000002 313760105000144 4768 
313760114000002 313760105000145 3387 
313760114000002 313760105000146 8858 
313760114000002 313760105000147 10349 
313760114000002 31376010500015 126 
313760114000002 313760105000151 12972 
313760114000002 313760105000152 14754 
313760114000002 313760105000161 7726 
313760114000002 313760105000162 12356 
313760114000002 313760105000163 12412 
313760114000002 313760105000164 12399 
313760114000002 313760105000165 7197 
313760114000002 313760105000166 7541 
313760114000002 313760105000167 7209 
313760114000002 313760105000168 8257 
313760114000002 313760105000169 8299 
313760114000002 31376010500017 4659 
313760114000002 313760105000171 4459 
313760114000002 313760105000172 11123 
313760114000002 313760105000173 8642 
313760114000002 313760105000174 9092 
313760114000002 313760105000175 8585 
313760114000002 313760105000176 8519 
313760114000002 313760105000177 9281 
313760114000002 313760105000178 9296 
313760114000002 313760105000179 9395 
313760114000002 31376010500018 9395 
313760114000002 313760105000182 12745 
313760114000002 313760105000183 12741 
313760114000002 313760105000184 12682 
313760114000002 313760105000185 12762 
313760114000002 313760105000186 11935 
313760114000002 313760105000187 11722 
313760114000002 313760105000188 9243 
313760114000002 313760105000189 9681 
313760114000002 31376010500019 12838 
313760114000002 313760105000191 1282 
313760114000002 313760105000192 13128 
313760114000002 313760105000193 12751 
313760114000002 313760105000194 12579 
313760114000002 313760105000195 10293 
313760114000002 313760105000196 9704 
313760114000002 313760105000198 4666 
313760114000002 313760105000199 4408 
313760114000002 3137601050002 4702 
313760114000002 313760105000201 4495 
313760114000002 313760105000202 4338 
313760114000002 313760105000203 7059 
313760114000002 313760105000204 6996 
313760114000002 313760105000205 7898 
313760114000002 313760105000206 8158 
313760114000002 313760105000207 883 
313760114000002 313760105000208 8671 
313760114000002 313760105000209 12566 
313760114000002 31376010500021 12923 
313760114000002 313760105000211 7055 
313760114000002 313760105000212 6739 
313760114000002 313760105000213 4175 
313760114000002 313760105000214 4476 
313760114000002 313760105000215 7692 
313760114000002 313760105000216 7681 
313760114000002 313760105000217 9095 
313760114000002 313760105000218 8842 
313760114000002 313760105000219 10046 
313760114000002 31376010500022 10821 
313760114000002 313760105000221 10189 
313760114000002 313760105000222 12017 
313760114000002 313760105000223 1194 
313760114000002 313760105000224 11461 
313760114000002 313760105000225 10716 
313760114000002 313760105000226 1099 
313760114000002 313760105000227 11326 
313760114000002 313760105000228 11502 
313760114000002 313760105000229 11213 
313760114000002 31376010500023 887 
313760114000002 313760105000231 9264 
313760114000002 313760105000232 10581 
313760114000002 313760105000233 11719 
313760114000002 313760105000234 7887 
313760114000002 313760105000235 8151 
313760114000002 313760105000236 8406 
313760114000002 313760105000237 8591 
313760114000002 313760105000238 6597 
313760114000002 313760105000239 6953 
313760114000002 31376010500024 7151 
313760114000002 313760105000241 7228 
313760114000002 313760105000242 9123 
313760114000002 313760105000243 9055 
313760114000002 313760105000245 7467 
313760114000002 313760105000246 8647 
313760114000002 313760105000247 8457 
313760114000002 313760105000248 5719 
313760114000002 313760105000249 6081 
313760114000002 31376010500025 8585 
313760114000002 313760105000251 8438 
313760114000002 313760105000252 9136 
313760114000002 313760105000253 8854 
313760114000002 313760105000254 11218 
313760114000002 313760105000255 11284 
313760114000002 313760105000256 6525 
313760114000002 313760105000257 6494 
313760114000002 313760105000258 8986 
313760114000002 313760105000259 8754 
313760114000002 31376010500026 10073 
313760114000002 313760105000261 10139 
313760114000002 313760105000262 10074 
313760114000002 313760105000263 9991 
313760114000002 313760105000264 10665 
313760114000002 313760105000265 5831 
313760114000002 313760105000266 12054 
313760114000002 313760105000267 1223 
313760114000002 313760105000268 11917 
313760114000002 313760105000269 11824 
313760114000002 31376010500027 404 
313760114000002 313760105000271 4281 
313760114000002 313760105000272 592 
313760114000002 313760105000273 6111 
313760114000002 313760105000274 3811 
313760114000002 313760105000275 3917 
313760114000002 313760105000276 9086 
313760114000002 313760105000277 9257 
313760114000002 313760105000278 8952 
313760114000002 313760105000279 8823 
313760114000002 31376010500028 12845 
313760114000002 313760105000281 11226 
313760114000002 313760105000282 11753 
313760114000002 313760105000283 11413 
313760114000002 313760105000284 3721 
313760114000002 313760105000285 6424 
313760114000002 313760114000002  
313760114000002 313760114000007 1675 
313760114000002 313760114000008 1542 
313760114000002 313760114000009 2395 
313760114000002 31376011400001 3845 
313760114000002 313760115000001 16737 
313760114000002 313760115000002 17715 
313760114000002 313760115000003 151 
313760114000002 313760115000005 15409 
313760114000002 313760115000006 18496 
313760114000002 313760115000007 17013 
313760114000002 313760115000008 16743 
313760114000002 313760115000009 15885 
313760114000002 31376011500001 17666 
313760114000002 313760115000011 17332 
313760114000002 313760115000014 13449 
313760114000002 313760115000015 13291 
313760114000002 313760115000018 16155 
313760114000002 313760115000019 16206 
313760114000002 31376011500002 14178 
313760114000002 313760115000021 13942 
313760114000002 313760115000022 14294 
313760114000002 313760115000023 14148 
313760114000002 313760115000024 14616 
313760114000002 313760115000025 1429 
313760114000002 313760115000026 14468 
313760114000002 313760115000027 14899 
313760114000002 313760115000029 14595 
313760114000002 31376011500003 14353 
313760114000002 313760115000031 15019 
313760114000002 313760115000032 1594 
313760114000002 313760115000033 15625 
313760114000002 313760115000034 13095 
313760114000007 313760105000002 7587 
313760114000007 313760105000003 8054 
313760114000007 313760105000005 6514 
313760114000007 313760105000007 6542 
313760114000007 313760105000008 6327 
313760114000007 313760105000009 5421 
313760114000007 31376010500001 5103 
313760114000007 313760105000011 5139 
313760114000007 313760105000012 4831 
313760114000007 313760105000013 4531 
313760114000007 313760105000015 6293 
313760114000007 313760105000016 3689 
313760114000007 31376010500002 7 
313760114000007 313760105000021 7324 
313760114000007 313760105000022 7377 
313760114000007 313760105000024 8902 
313760114000007 313760105000026 7755 
313760114000007 313760105000027 8961 
313760114000007 313760105000028 8338 
313760114000007 313760105000029 7952 
313760114000007 31376010500003 7869 
313760114000007 313760105000036 8669 
313760114000007 313760105000037 8932 
313760114000007 313760105000039 10937 
313760114000007 31376010500004 1123 
313760114000007 313760105000043 11661 
313760114000007 313760105000045 11109 
313760114000007 313760105000048 4053 
313760114000007 31376010500005 8895 
313760114000007 313760105000058 9622 
313760114000007 313760105000064 12118 
313760114000007 313760105000066 8578 
313760114000007 313760105000067 8337 
313760114000007 313760105000068 8019 
313760114000007 313760105000069 8129 
313760114000007 313760105000071 7045 
313760114000007 313760105000072 6851 
313760114000007 313760105000074 6212 
313760114000007 313760105000075 6007 
313760114000007 313760105000076 5828 
313760114000007 313760105000077 608 
313760114000007 313760105000078 5652 
313760114000007 31376010500008 5673 
313760114000007 313760105000081 4756 
313760114000007 313760105000082 5105 
313760114000007 313760105000083 5149 
313760114000007 313760105000084 5489 
313760114000007 313760105000085 5636 
313760114000007 313760105000086 5719 
313760114000007 313760105000087 4181 
313760114000007 313760105000088 3727 
313760114000007 313760105000089 4423 
313760114000007 31376010500009 4052 
313760114000007 313760105000091 3916 
313760114000007 313760105000092 3029 
313760114000007 313760105000094 4312 
313760114000007 313760105000095 4765 
313760114000007 313760105000096 5277 
313760114000007 313760105000097 5354 
313760114000007 313760105000098 5567 
313760114000007 313760105000099 6059 
313760114000007 313760105000101 3746 
313760114000007 313760105000102 4894 
313760114000007 313760105000103 4029 
313760114000007 313760105000105 4431 
313760114000007 313760105000106 7027 
313760114000007 313760105000108 7074 
313760114000007 313760105000109 7324 
313760114000007 31376010500011 7314 
313760114000007 313760105000112 7667 
313760114000007 313760105000114 7283 
313760114000007 313760105000118 8477 
313760114000007 31376010500012 7639 
313760114000007 313760105000122 8579 
313760114000007 313760105000123 7935 
313760114000007 313760105000124 7835 
313760114000007 313760105000125 7574 
313760114000007 313760105000126 7857 
313760114000007 313760105000127 7808 
313760114000007 313760105000128 8872 
313760114000007 313760105000129 9538 
313760114000007 313760105000132 8551 
313760114000007 313760105000133 9221 
313760114000007 313760105000134 9355 
313760114000007 313760105000135 10398 
313760114000007 313760105000136 10746 
313760114000007 313760105000138 11912 
313760114000007 313760105000139 11739 
313760114000007 31376010500014 11302 
313760114000007 313760105000141 11062 
313760114000007 313760105000142 10532 
313760114000007 313760105000144 3747 
313760114000007 313760105000145 2412 
313760114000007 313760105000146 7531 
313760114000007 313760105000147 10626 
313760114000007 31376010500015 12106 
313760114000007 313760105000151 12492 
313760114000007 313760105000152 14121 
313760114000007 313760105000161 8058 
313760114000007 313760105000162 11928 
313760114000007 313760105000163 11986 
313760114000007 313760105000164 11946 
313760114000007 313760105000165 7262 
313760114000007 313760105000166 7983 
313760114000007 313760105000167 7616 
313760114000007 313760105000168 8038 
313760114000007 313760105000169 814 
313760114000007 31376010500017 5228 
313760114000007 313760105000171 4945 
313760114000007 313760105000172 1144 
313760114000007 313760105000173 9175 
313760114000007 313760105000174 9681 
313760114000007 313760105000175 84 
313760114000007 313760105000176 8289 
313760114000007 313760105000177 9375 
313760114000007 313760105000178 9396 
313760114000007 313760105000179 9396 
313760114000007 31376010500018 9434 
313760114000007 313760105000182 1237 
313760114000007 313760105000183 12362 
313760114000007 313760105000184 12232 
313760114000007 313760105000185 12291 
313760114000007 313760105000186 11545 
313760114000007 313760105000187 11336 
313760114000007 313760105000188 892 
313760114000007 313760105000189 9363 
313760114000007 31376010500019 12298 
313760114000007 313760105000191 12286 
313760114000007 313760105000192 12527 
313760114000007 313760105000193 12247 
313760114000007 313760105000194 12066 
313760114000007 313760105000195 9692 
313760114000007 313760105000196 9172 
313760114000007 313760105000198 5018 
313760114000007 313760105000199 4687 
313760114000007 3137601050002 4939 
313760114000007 313760105000201 4862 
313760114000007 313760105000202 4785 
313760114000007 313760105000203 7251 
313760114000007 313760105000204 7236 
313760114000007 313760105000205 8288 
313760114000007 313760105000206 8496 
313760114000007 313760105000207 8999 
313760114000007 313760105000208 8816 
313760114000007 313760105000209 12142 
313760114000007 31376010500021 12498 
313760114000007 313760105000211 6749 
313760114000007 313760105000212 6468 
313760114000007 313760105000213 4449 
313760114000007 313760105000214 464 
313760114000007 313760105000215 8414 
313760114000007 313760105000216 8216 
313760114000007 313760105000217 9232 
313760114000007 313760105000218 8938 
313760114000007 313760105000219 9686 
313760114000007 31376010500022 10398 
313760114000007 313760105000221 9752 
313760114000007 313760105000222 11469 
313760114000007 313760105000223 11443 
313760114000007 313760105000224 10906 
313760114000007 313760105000225 1019 
313760114000007 313760105000226 10509 
313760114000007 313760105000227 10882 
313760114000007 313760105000228 1103 
313760114000007 313760105000229 10698 
313760114000007 31376010500023 9581 
313760114000007 313760105000231 997 
313760114000007 313760105000232 10572 
313760114000007 313760105000233 11577 
313760114000007 313760105000234 8048 
313760114000007 313760105000235 8353 
313760114000007 313760105000236 8316 
313760114000007 313760105000237 8537 
313760114000007 313760105000238 5883 
313760114000007 313760105000239 6455 
313760114000007 31376010500024 6474 
313760114000007 313760105000241 6699 
313760114000007 313760105000242 8837 
313760114000007 313760105000243 8825 
313760114000007 313760105000245 7106 
313760114000007 313760105000246 8318 
313760114000007 313760105000247 8123 
313760114000007 313760105000248 5533 
313760114000007 313760105000249 5909 
313760114000007 31376010500025 861 
313760114000007 313760105000251 8489 
313760114000007 313760105000252 9108 
313760114000007 313760105000253 8809 
313760114000007 313760105000254 1087 
313760114000007 313760105000255 10902 
313760114000007 313760105000256 6023 
313760114000007 313760105000257 5936 
313760114000007 313760105000258 8623 
313760114000007 313760105000259 8367 
313760114000007 31376010500026 9808 
313760114000007 313760105000261 9887 
313760114000007 313760105000262 9831 
313760114000007 313760105000263 9836 
313760114000007 313760105000264 9666 
313760114000007 313760105000265 6114 
313760114000007 313760105000266 11582 
313760114000007 313760105000267 11741 
313760114000007 313760105000268 1145 
313760114000007 313760105000269 11357 
313760114000007 31376010500027 3598 
313760114000007 313760105000271 3734 
313760114000007 313760105000272 6913 
313760114000007 313760105000273 7133 
313760114000007 313760105000274 4493 
313760114000007 313760105000275 4674 
313760114000007 313760105000276 8615 
313760114000007 313760105000277 8748 
313760114000007 313760105000278 8822 
313760114000007 313760105000279 873 
313760114000007 31376010500028 11986 
313760114000007 313760105000281 10552 
313760114000007 313760105000282 11411 
313760114000007 313760105000283 11096 
313760114000007 313760105000284 4796 
313760114000007 313760105000285 7053 
313760114000007 313760114000002 1675 
313760114000007 313760114000007  
313760114000007 313760114000008 522 
313760114000007 313760114000009 132 
313760114000007 31376011400001 2592 
313760114000007 313760115000001 16665 
313760114000007 313760115000002 1763 
313760114000007 313760115000003 14606 
313760114000007 313760115000005 15451 
313760114000007 313760115000006 18158 
313760114000007 313760115000007 16373 
313760114000007 313760115000008 16587 
313760114000007 313760115000009 15751 
313760114000007 31376011500001 17511 
313760114000007 313760115000011 17118 
313760114000007 313760115000014 13017 
313760114000007 313760115000015 13145 
313760114000007 313760115000018 15932 
313760114000007 313760115000019 15849 
313760114000007 31376011500002 13649 
313760114000007 313760115000021 13462 
313760114000007 313760115000022 13835 
313760114000007 313760115000023 13726 
313760114000007 313760115000024 14219 
313760114000007 313760115000025 13904 
313760114000007 313760115000026 14077 
313760114000007 313760115000027 14508 
313760114000007 313760115000029 14322 
313760114000007 31376011500003 14199 
313760114000007 313760115000031 14794 
313760114000007 313760115000032 15443 
313760114000007 313760115000033 15193 
313760114000007 313760115000034 12816 
313760114000008 313760105000002 7147 
313760114000008 313760105000003 7631 
313760114000008 313760105000005 6072 
313760114000008 313760105000007 6084 
313760114000008 313760105000008 5879 
313760114000008 313760105000009 5035 
313760114000008 31376010500001 4677 
313760114000008 313760105000011 4672 
313760114000008 313760105000012 4383 
313760114000008 313760105000013 4064 
313760114000008 313760105000015 5805 
313760114000008 313760105000016 3177 
313760114000008 31376010500002 6487 
313760114000008 313760105000021 6813 
313760114000008 313760105000022 6861 
313760114000008 313760105000024 8384 
313760114000008 313760105000026 7238 
313760114000008 313760105000027 8449 
313760114000008 313760105000028 7835 
313760114000008 313760105000029 7465 
313760114000008 31376010500003 7418 
313760114000008 313760105000036 8196 
313760114000008 313760105000037 846 
313760114000008 313760105000039 10486 
313760114000008 31376010500004 10776 
313760114000008 313760105000043 11234 
313760114000008 313760105000045 10675 
313760114000008 313760105000048 4062 
313760114000008 31376010500005 8394 
313760114000008 313760105000058 91 
313760114000008 313760105000064 117 
313760114000008 313760105000066 8123 
313760114000008 313760105000067 7877 
313760114000008 313760105000068 7581 
313760114000008 313760105000069 7687 
313760114000008 313760105000071 6635 
313760114000008 313760105000072 6406 
313760114000008 313760105000074 5751 
313760114000008 313760105000075 5554 
313760114000008 313760105000076 5385 
313760114000008 313760105000077 564 
313760114000008 313760105000078 5243 
313760114000008 31376010500008 5243 
313760114000008 313760105000081 4358 
313760114000008 313760105000082 4676 
313760114000008 313760105000083 4698 
313760114000008 313760105000084 5039 
313760114000008 313760105000085 5179 
313760114000008 313760105000086 5251 
313760114000008 313760105000087 3799 
313760114000008 313760105000088 3329 
313760114000008 313760105000089 3989 
313760114000008 31376010500009 3601 
313760114000008 313760105000091 3436 
313760114000008 313760105000092 255 
313760114000008 313760105000094 3813 
313760114000008 313760105000095 4271 
313760114000008 313760105000096 4763 
313760114000008 313760105000097 4851 
313760114000008 313760105000098 507 
313760114000008 313760105000099 5559 
313760114000008 313760105000101 3225 
313760114000008 313760105000102 4377 
313760114000008 313760105000103 3511 
313760114000008 313760105000105 3931 
313760114000008 313760105000106 6506 
313760114000008 313760105000108 657 
313760114000008 313760105000109 6818 
313760114000008 31376010500011 6796 
313760114000008 313760105000112 7145 
313760114000008 313760105000114 6774 
313760114000008 313760105000118 7955 
313760114000008 31376010500012 712 
313760114000008 313760105000122 8073 
313760114000008 313760105000123 7439 
313760114000008 313760105000124 733 
313760114000008 313760105000125 7069 
313760114000008 313760105000126 7398 
313760114000008 313760105000127 7336 
313760114000008 313760105000128 8377 
313760114000008 313760105000129 903 
313760114000008 313760105000132 8079 
313760114000008 313760105000133 8759 
313760114000008 313760105000134 8871 
313760114000008 313760105000135 9939 
313760114000008 313760105000136 10297 
313760114000008 313760105000138 11473 
313760114000008 313760105000139 11304 
313760114000008 31376010500014 10872 
313760114000008 313760105000141 10624 
313760114000008 313760105000142 10089 
313760114000008 313760105000144 3447 
313760114000008 313760105000145 207 
313760114000008 313760105000146 7388 
313760114000008 313760105000147 10112 
313760114000008 31376010500015 11693 
313760114000008 313760105000151 12077 
313760114000008 313760105000152 13742 
313760114000008 313760105000161 7539 
313760114000008 313760105000162 11502 
313760114000008 313760105000163 1156 
313760114000008 313760105000164 11524 
313760114000008 313760105000165 6758 
313760114000008 313760105000166 7461 
313760114000008 313760105000167 7095 
313760114000008 313760105000168 7569 
313760114000008 313760105000169 7663 
313760114000008 31376010500017 4708 
313760114000008 313760105000171 4423 
313760114000008 313760105000172 10924 
313760114000008 313760105000173 8653 
313760114000008 313760105000174 9159 
313760114000008 313760105000175 7927 
313760114000008 313760105000176 7822 
313760114000008 313760105000177 8872 
313760114000008 313760105000178 8892 
313760114000008 313760105000179 8902 
313760114000008 31376010500018 8936 
313760114000008 313760105000182 11934 
313760114000008 313760105000183 11927 
313760114000008 313760105000184 1181 
313760114000008 313760105000185 11874 
313760114000008 313760105000186 11111 
313760114000008 313760105000187 10901 
313760114000008 313760105000188 8469 
313760114000008 313760105000189 8913 
313760114000008 31376010500019 11895 
313760114000008 313760105000191 11882 
313760114000008 313760105000192 12138 
313760114000008 313760105000193 11836 
313760114000008 313760105000194 11657 
313760114000008 313760105000195 9298 
313760114000008 313760105000196 8762 
313760114000008 313760105000198 4496 
313760114000008 313760105000199 4166 
313760114000008 3137601050002 4419 
313760114000008 313760105000201 434 
313760114000008 313760105000202 4263 
313760114000008 313760105000203 6738 
313760114000008 313760105000204 672 
313760114000008 313760105000205 7768 
313760114000008 313760105000206 7977 
313760114000008 313760105000207 849 
313760114000008 313760105000208 8308 
313760114000008 313760105000209 11715 
313760114000008 31376010500021 12072 
313760114000008 313760105000211 6289 
313760114000008 313760105000212 6002 
313760114000008 313760105000213 3928 
313760114000008 313760105000214 4123 
313760114000008 313760105000215 7896 
313760114000008 313760105000216 7694 
313760114000008 313760105000217 8726 
313760114000008 313760105000218 8435 
313760114000008 313760105000219 9244 
313760114000008 31376010500022 9968 
313760114000008 313760105000221 9324 
313760114000008 313760105000222 11067 
313760114000008 313760105000223 1103 
313760114000008 313760105000224 10505 
313760114000008 313760105000225 9781 
313760114000008 313760105000226 10091 
313760114000008 313760105000227 10458 
313760114000008 313760105000228 10611 
313760114000008 313760105000229 10287 
313760114000008 31376010500023 9062 
313760114000008 313760105000231 9451 
313760114000008 313760105000232 10081 
313760114000008 313760105000233 11103 
313760114000008 313760105000234 7538 
313760114000008 313760105000235 7841 
313760114000008 313760105000236 7831 
313760114000008 313760105000237 8048 
313760114000008 313760105000238 5504 
313760114000008 313760105000239 6029 
313760114000008 31376010500024 6089 
313760114000008 313760105000241 628 
313760114000008 313760105000242 838 
313760114000008 313760105000243 8359 
313760114000008 313760105000245 6657 
313760114000008 313760105000246 7867 
313760114000008 313760105000247 7672 
313760114000008 313760105000248 505 
313760114000008 313760105000249 5427 
313760114000008 31376010500025 8113 
313760114000008 313760105000251 7989 
313760114000008 313760105000252 8617 
313760114000008 313760105000253 8319 
313760114000008 313760105000254 10427 
313760114000008 313760105000255 10466 
313760114000008 313760105000256 5596 
313760114000008 313760105000257 5519 
313760114000008 313760105000258 8179 
313760114000008 313760105000259 7926 
313760114000008 31376010500026 935 
313760114000008 313760105000261 9427 
313760114000008 313760105000262 9369 
313760114000008 313760105000263 9361 
313760114000008 313760105000264 9386 
313760114000008 313760105000265 5595 
313760114000008 313760105000266 11164 
313760114000008 313760105000267 11327 
313760114000008 313760105000268 11031 
313760114000008 313760105000269 10937 
313760114000008 31376010500027 3138 
313760114000008 313760105000271 3297 
313760114000008 313760105000272 642 
313760114000008 313760105000273 6643 
313760114000008 313760105000274 3981 
313760114000008 313760105000275 4166 
313760114000008 313760105000276 819 
313760114000008 313760105000277 8332 
313760114000008 313760105000278 8342 
313760114000008 313760105000279 8246 
313760114000008 31376010500028 11665 
313760114000008 313760105000281 10178 
313760114000008 313760105000282 10968 
313760114000008 313760105000283 10648 
313760114000008 313760105000284 4326 
313760114000008 313760105000285 6533 
313760114000008 313760114000002 1542 
313760114000008 313760114000007 522 
313760114000008 313760114000008  
313760114000008 313760114000009 973 
313760114000008 31376011400001 3102 
313760114000008 313760115000001 16186 
313760114000008 313760115000002 17153 
313760114000008 313760115000003 14196 
313760114000008 313760115000005 14959 
313760114000008 313760115000006 17721 
313760114000008 313760115000007 15998 
313760114000008 313760115000008 1612 
313760114000008 313760115000009 1528 
313760114000008 31376011500001 17044 
313760114000008 313760115000011 16659 
313760114000008 313760115000014 12593 
313760114000008 313760115000015 12673 
313760114000008 313760115000018 15474 
313760114000008 313760115000019 15414 
313760114000008 31376011500002 13246 
313760114000008 313760115000021 13048 
313760114000008 313760115000022 13417 
313760114000008 313760115000023 13301 
313760114000008 313760115000024 13789 
313760114000008 313760115000025 13472 
313760114000008 313760115000026 13646 
313760114000008 313760115000027 14078 
313760114000008 313760115000029 13871 
313760114000008 31376011500003 1373 
313760114000008 313760115000031 14335 
313760114000008 313760115000032 15035 
313760114000008 313760115000033 14771 
313760114000008 313760115000034 12364 
313760114000009 313760105000002 6281 
313760114000009 313760105000003 6739 
313760114000009 313760105000005 521 
313760114000009 313760105000007 5256 
313760114000009 313760105000008 5029 
313760114000009 313760105000009 4101 
313760114000009 31376010500001 3791 
313760114000009 313760105000011 3873 
313760114000009 313760105000012 3538 
313760114000009 313760105000013 3266 
313760114000009 313760105000015 5066 
313760114000009 313760105000016 2612 
313760114000009 31376010500002 5877 
313760114000009 313760105000021 6186 
313760114000009 313760105000022 6276 
313760114000009 313760105000024 8047 
313760114000009 313760105000026 6654 
313760114000009 313760105000027 7818 
313760114000009 313760105000028 7153 
313760114000009 313760105000029 6715 
313760114000009 31376010500003 6573 
313760114000009 313760105000036 7401 
313760114000009 313760105000037 7662 
313760114000009 313760105000039 9639 
313760114000009 31376010500004 9933 
313760114000009 313760105000043 10346 
313760114000009 313760105000045 9798 
313760114000009 313760105000048 3319 
313760114000009 31376010500005 8211 
313760114000009 313760105000058 8689 
313760114000009 313760105000064 108 
313760114000009 313760105000066 7286 
313760114000009 313760105000067 705 
313760114000009 313760105000068 6712 
313760114000009 313760105000069 6823 
313760114000009 313760105000071 5726 
313760114000009 313760105000072 555 
313760114000009 313760105000074 4931 
313760114000009 313760105000075 4715 
313760114000009 313760105000076 4528 
313760114000009 313760105000077 4776 
313760114000009 313760105000078 4334 
313760114000009 31376010500008 4362 
313760114000009 313760105000081 3436 
313760114000009 313760105000082 3796 
313760114000009 313760105000083 3858 
313760114000009 313760105000084 4195 
313760114000009 313760105000085 4352 
313760114000009 313760105000086 4449 
313760114000009 313760105000087 2862 
313760114000009 313760105000088 2408 
313760114000009 313760105000089 3119 
313760114000009 31376010500009 2765 
313760114000009 313760105000091 2686 
313760114000009 313760105000092 1818 
313760114000009 313760105000094 3144 
313760114000009 313760105000095 3569 
313760114000009 313760105000096 4174 
313760114000009 313760105000097 4187 
313760114000009 313760105000098 4371 
313760114000009 313760105000099 4875 
313760114000009 313760105000101 2777 
313760114000009 313760105000102 4107 
313760114000009 313760105000103 325 
313760114000009 313760105000105 3828 
313760114000009 313760105000106 5988 
313760114000009 313760105000108 5902 
313760114000009 313760105000109 616 
313760114000009 31376010500011 6246 
313760114000009 313760105000112 6686 
313760114000009 313760105000114 6549 
313760114000009 313760105000118 7476 
313760114000009 31376010500012 6579 
313760114000009 313760105000122 7408 
313760114000009 313760105000123 6724 
313760114000009 313760105000124 6664 
313760114000009 313760105000125 6402 
313760114000009 313760105000126 657 
313760114000009 313760105000127 654 
313760114000009 313760105000128 7655 
313760114000009 313760105000129 8375 
313760114000009 313760105000132 7282 
313760114000009 313760105000133 7935 
313760114000009 313760105000134 8107 
313760114000009 313760105000135 9109 
313760114000009 313760105000136 9446 
313760114000009 313760105000138 10603 
313760114000009 313760105000139 10428 
313760114000009 31376010500014 9988 
313760114000009 313760105000141 9753 
313760114000009 313760105000142 9226 
313760114000009 313760105000144 2474 
313760114000009 313760105000145 1103 
313760114000009 313760105000146 6464 
313760114000009 313760105000147 9501 
313760114000009 31376010500015 10787 
313760114000009 313760105000151 11173 
313760114000009 313760105000152 12803 
313760114000009 313760105000161 6986 
313760114000009 313760105000162 10613 
313760114000009 313760105000163 10671 
313760114000009 313760105000164 10629 
313760114000009 313760105000165 6085 
313760114000009 313760105000166 697 
313760114000009 313760105000167 6592 
313760114000009 313760105000168 6765 
313760114000009 313760105000169 6881 
313760114000009 31376010500017 4382 
313760114000009 313760105000171 4062 
313760114000009 313760105000172 10326 
313760114000009 313760105000173 8194 
313760114000009 313760105000174 8726 
313760114000009 313760105000175 7132 
313760114000009 313760105000176 7011 
313760114000009 313760105000177 8185 
313760114000009 313760105000178 8209 
313760114000009 313760105000179 8174 
313760114000009 31376010500018 8225 
313760114000009 313760105000182 11059 
313760114000009 313760105000183 1105 
313760114000009 313760105000184 10915 
313760114000009 313760105000185 10973 
313760114000009 313760105000186 10233 
313760114000009 313760105000187 10025 
313760114000009 313760105000188 7622 
313760114000009 313760105000189 8065 
313760114000009 31376010500019 10978 
313760114000009 313760105000191 10966 
313760114000009 313760105000192 11207 
313760114000009 313760105000193 10928 
313760114000009 313760105000194 10746 
313760114000009 313760105000195 8372 
313760114000009 313760105000196 7853 
313760114000009 313760105000198 4048 
313760114000009 313760105000199 3692 
313760114000009 3137601050002 3906 
313760114000009 313760105000201 3909 
313760114000009 313760105000202 3887 
313760114000009 313760105000203 6127 
313760114000009 313760105000204 6135 
313760114000009 313760105000205 7243 
313760114000009 313760105000206 7421 
313760114000009 313760105000207 7842 
313760114000009 313760105000208 7652 
313760114000009 313760105000209 10827 
313760114000009 31376010500021 11183 
313760114000009 313760105000211 5464 
313760114000009 313760105000212 5194 
313760114000009 313760105000213 3467 
313760114000009 313760105000214 3584 
313760114000009 313760105000215 7564 
313760114000009 313760105000216 7252 
313760114000009 313760105000217 8061 
313760114000009 313760105000218 7753 
313760114000009 313760105000219 8381 
313760114000009 31376010500022 9084 
313760114000009 313760105000221 8438 
313760114000009 313760105000222 10149 
313760114000009 313760105000223 10124 
313760114000009 313760105000224 9586 
313760114000009 313760105000225 887 
313760114000009 313760105000226 9191 
313760114000009 313760105000227 9567 
313760114000009 313760105000228 9712 
313760114000009 313760105000229 9379 
313760114000009 31376010500023 8704 
313760114000009 313760105000231 9084 
313760114000009 313760105000232 9341 
313760114000009 313760105000233 10307 
313760114000009 313760105000234 6898 
313760114000009 313760105000235 7217 
313760114000009 313760105000236 7075 
313760114000009 313760105000237 7304 
313760114000009 313760105000238 4564 
313760114000009 313760105000239 5142 
313760114000009 31376010500024 5155 
313760114000009 313760105000241 5383 
313760114000009 313760105000242 7546 
313760114000009 313760105000243 7544 
313760114000009 313760105000245 5809 
313760114000009 313760105000246 7022 
313760114000009 313760105000247 6826 
313760114000009 313760105000248 4295 
313760114000009 313760105000249 467 
313760114000009 31376010500025 7404 
313760114000009 313760105000251 7292 
313760114000009 313760105000252 788 
313760114000009 313760105000253 7578 
313760114000009 313760105000254 9564 
313760114000009 313760105000255 9592 
313760114000009 313760105000256 4711 
313760114000009 313760105000257 4619 
313760114000009 313760105000258 732 
313760114000009 313760105000259 7061 
313760114000009 31376010500026 8518 
313760114000009 313760105000261 8598 
313760114000009 313760105000262 8544 
313760114000009 313760105000263 8568 
313760114000009 313760105000264 8413 
313760114000009 313760105000265 5061 
313760114000009 313760105000266 10264 
313760114000009 313760105000267 10423 
313760114000009 313760105000268 10133 
313760114000009 313760105000269 10039 
313760114000009 31376010500027 233 
313760114000009 313760105000271 2435 
313760114000009 313760105000272 6308 
313760114000009 313760105000273 6546 
313760114000009 313760105000274 3779 
313760114000009 313760105000275 4 
313760114000009 313760105000276 7299 
313760114000009 313760105000277 7431 
313760114000009 313760105000278 7566 
313760114000009 313760105000279 7485 
313760114000009 31376010500028 10698 
313760114000009 313760105000281 9236 
313760114000009 313760105000282 10105 
313760114000009 313760105000283 9794 
313760114000009 313760105000284 4374 
313760114000009 313760105000285 6174 
313760114000009 313760114000002 2395 
313760114000009 313760114000007 132 
313760114000009 313760114000008 973 
313760114000009 313760114000009  
313760114000009 31376011400001 3549 
313760114000009 313760115000001 154 
313760114000009 313760115000002 16361 
313760114000009 313760115000003 13286 
313760114000009 313760115000005 14219 
313760114000009 313760115000006 16847 
313760114000009 313760115000007 15057 
313760114000009 313760115000008 15305 
313760114000009 313760115000009 14474 
313760114000009 31376011500001 16228 
313760114000009 313760115000011 15824 
313760114000009 313760115000014 11701 
313760114000009 313760115000015 1187 
313760114000009 313760115000018 14638 
313760114000009 313760115000019 14538 
313760114000009 31376011500002 12329 
313760114000009 313760115000021 12143 
313760114000009 313760115000022 12517 
313760114000009 313760115000023 1241 
313760114000009 313760115000024 12905 
313760114000009 313760115000025 12591 
313760114000009 313760115000026 12763 
313760114000009 313760115000027 13194 
313760114000009 313760115000029 13022 
313760114000009 31376011500003 1292 
313760114000009 313760115000031 135 
313760114000009 313760115000032 14123 
313760114000009 313760115000033 13875 
313760114000009 313760115000034 11517 
31376011400001 313760105000002 9593 
31376011400001 313760105000003 9964 
31376011400001 313760105000005 8552 
31376011400001 313760105000007 8661 
31376011400001 313760105000008 84 
31376011400001 313760105000009 7255 
31376011400001 31376010500001 7119 
31376011400001 313760105000011 7344 
31376011400001 313760105000012 6958 
31376011400001 313760105000013 6751 
31376011400001 313760105000015 8574 
31376011400001 313760105000016 6149 
31376011400001 31376010500002 9426 
31376011400001 313760105000021 9734 
31376011400001 313760105000022 9826 
31376011400001 313760105000024 11482 
31376011400001 313760105000026 10203 
31376011400001 313760105000027 11364 
31376011400001 313760105000028 10683 
31376011400001 313760105000029 10202 
31376011400001 31376010500003 9925 
31376011400001 313760105000036 10832 
31376011400001 313760105000037 11085 
31376011400001 313760105000039 12954 
31376011400001 31376010500004 13255 
31376011400001 313760105000043 13531 
31376011400001 313760105000045 13027 
31376011400001 313760105000048 4381 
31376011400001 31376010500005 11486 
31376011400001 313760105000058 12179 
31376011400001 313760105000064 13937 
31376011400001 313760105000066 10645 
31376011400001 313760105000067 10431 
31376011400001 313760105000068 1001 
31376011400001 313760105000069 10129 
31376011400001 313760105000071 8918 
31376011400001 313760105000072 8899 
31376011400001 313760105000074 8355 
31376011400001 313760105000075 8115 
31376011400001 313760105000076 7899 
31376011400001 313760105000077 8126 
31376011400001 313760105000078 7576 
31376011400001 31376010500008 7684 
31376011400001 313760105000081 6672 
31376011400001 313760105000082 714 
31376011400001 313760105000083 7276 
31376011400001 313760105000084 7599 
31376011400001 313760105000085 7778 
31376011400001 313760105000086 7905 
31376011400001 313760105000087 6075 
31376011400001 313760105000088 5721 
31376011400001 313760105000089 6511 
31376011400001 31376010500009 6223 
31376011400001 313760105000091 6214 
31376011400001 313760105000092 5364 
31376011400001 313760105000094 6692 
31376011400001 313760105000095 7107 
31376011400001 313760105000096 7722 
31376011400001 313760105000097 7732 
31376011400001 313760105000098 7906 
31376011400001 313760105000099 8414 
31376011400001 313760105000101 6268 
31376011400001 313760105000102 7477 
31376011400001 313760105000103 661 
31376011400001 313760105000105 7022 
31376011400001 313760105000106 9525 
31376011400001 313760105000108 9442 
31376011400001 313760105000109 9702 
31376011400001 31376010500011 9791 
31376011400001 313760105000112 102 
31376011400001 313760105000114 9876 
31376011400001 313760105000118 11 
31376011400001 31376010500012 10122 
31376011400001 313760105000122 10946 
31376011400001 313760105000123 10238 
31376011400001 313760105000124 10203 
31376011400001 313760105000125 9941 
31376011400001 313760105000126 9957 
31376011400001 313760105000127 9977 
31376011400001 313760105000128 11161 
31376011400001 313760105000129 11914 
31376011400001 313760105000132 1071 
31376011400001 313760105000133 11315 
31376011400001 313760105000134 11571 
31376011400001 313760105000135 12465 
31376011400001 313760105000136 12753 
31376011400001 313760105000138 13845 
31376011400001 313760105000139 13657 
31376011400001 31376010500014 13192 
31376011400001 313760105000141 13004 
31376011400001 313760105000142 12503 
31376011400001 313760105000144 5379 
31376011400001 313760105000145 4381 
31376011400001 313760105000146 8141 
31376011400001 313760105000147 13049 
31376011400001 31376010500015 13896 
31376011400001 313760105000151 14288 
31376011400001 313760105000152 15706 
31376011400001 313760105000161 10532 
31376011400001 313760105000162 13792 
31376011400001 313760105000163 13851 
31376011400001 313760105000164 13783 
31376011400001 313760105000165 9622 
31376011400001 313760105000166 10499 
31376011400001 313760105000167 10124 
31376011400001 313760105000168 10188 
31376011400001 313760105000169 10333 
31376011400001 31376010500017 7802 
31376011400001 313760105000171 7507 
31376011400001 313760105000172 13875 
31376011400001 313760105000173 11711 
31376011400001 313760105000174 1223 
31376011400001 313760105000175 10566 
31376011400001 313760105000176 10422 
31376011400001 313760105000177 11711 
31376011400001 313760105000178 11736 
31376011400001 313760105000179 11674 
31376011400001 31376010500018 11736 
31376011400001 313760105000182 14281 
31376011400001 313760105000183 14268 
31376011400001 313760105000184 14067 
31376011400001 313760105000185 14104 
31376011400001 313760105000186 13455 
31376011400001 313760105000187 13255 
31376011400001 313760105000188 10957 
31376011400001 313760105000189 11392 
31376011400001 31376010500019 14031 
31376011400001 313760105000191 14027 
31376011400001 313760105000192 14182 
31376011400001 313760105000193 14022 
31376011400001 313760105000194 13834 
31376011400001 313760105000195 11419 
31376011400001 313760105000196 10995 
31376011400001 313760105000198 7548 
31376011400001 313760105000199 7203 
31376011400001 3137601050002 7435 
31376011400001 313760105000201 7399 
31376011400001 313760105000202 7342 
31376011400001 313760105000203 9677 
31376011400001 313760105000204 9684 
31376011400001 313760105000205 10783 
31376011400001 313760105000206 10968 
31376011400001 313760105000207 11384 
31376011400001 313760105000208 11191 
31376011400001 313760105000209 14006 
31376011400001 31376010500021 14355 
31376011400001 313760105000211 8874 
31376011400001 313760105000212 8633 
31376011400001 313760105000213 697 
31376011400001 313760105000214 712 
31376011400001 313760105000215 10994 
31376011400001 313760105000216 10758 
31376011400001 313760105000217 11597 
31376011400001 313760105000218 11283 
31376011400001 313760105000219 11668 
31376011400001 31376010500022 12299 
31376011400001 313760105000221 11657 
31376011400001 313760105000222 1321 
31376011400001 313760105000223 13244 
31376011400001 313760105000224 12653 
31376011400001 313760105000225 11988 
31376011400001 313760105000226 12348 
31376011400001 313760105000227 12753 
31376011400001 313760105000228 12866 
31376011400001 313760105000229 12495 
31376011400001 31376010500023 12156 
31376011400001 313760105000231 12543 
31376011400001 313760105000232 12824 
31376011400001 313760105000233 13714 
31376011400001 313760105000234 10444 
31376011400001 313760105000235 10765 
31376011400001 313760105000236 10555 
31376011400001 313760105000237 10794 
31376011400001 313760105000238 7662 
31376011400001 313760105000239 8425 
31376011400001 31376010500024 8256 
31376011400001 313760105000241 8626 
31376011400001 313760105000242 10909 
31376011400001 313760105000243 10943 
31376011400001 313760105000245 9171 
31376011400001 313760105000246 10368 
31376011400001 313760105000247 10174 
31376011400001 313760105000248 7798 
31376011400001 313760105000249 8168 
31376011400001 31376010500025 10919 
31376011400001 313760105000251 10815 
31376011400001 313760105000252 11372 
31376011400001 313760105000253 11067 
31376011400001 313760105000254 12836 
31376011400001 313760105000255 12835 
31376011400001 313760105000256 8013 
31376011400001 313760105000257 7877 
31376011400001 313760105000258 10633 
31376011400001 313760105000259 10361 
31376011400001 31376010500026 11874 
31376011400001 313760105000261 11962 
31376011400001 313760105000262 11914 
31376011400001 313760105000263 11992 
31376011400001 313760105000264 1083 
31376011400001 313760105000265 86 
31376011400001 313760105000266 13407 
31376011400001 313760105000267 13545 
31376011400001 313760105000268 13283 
31376011400001 313760105000269 13191 
31376011400001 31376010500027 5829 
31376011400001 313760105000271 5872 
31376011400001 313760105000272 9499 
31376011400001 313760105000273 9716 
31376011400001 313760105000274 7084 
31376011400001 313760105000275 7267 
31376011400001 313760105000276 10519 
31376011400001 313760105000277 1061 
31376011400001 313760105000278 11019 
31376011400001 313760105000279 10956 
31376011400001 31376010500028 13301 
31376011400001 313760105000281 12166 
31376011400001 313760105000282 13373 
31376011400001 313760105000283 13087 
31376011400001 313760105000284 7359 
31376011400001 313760105000285 9624 
31376011400001 313760114000002 3845 
31376011400001 313760114000007 2592 
31376011400001 313760114000008 3102 
31376011400001 313760114000009 3549 
31376011400001 31376011400001  
31376011400001 313760115000001 18804 
31376011400001 313760115000002 19751 
31376011400001 313760115000003 16353 
31376011400001 313760115000005 17689 
31376011400001 313760115000006 20037 
31376011400001 313760115000007 17916 
31376011400001 313760115000008 18655 
31376011400001 313760115000009 17846 
31376011400001 31376011500001 19573 
31376011400001 313760115000011 19128 
31376011400001 313760115000014 14859 
31376011400001 313760115000015 15256 
31376011400001 313760115000018 17945 
31376011400001 313760115000019 17731 
31376011400001 31376011500002 15371 
31376011400001 313760115000021 15242 
31376011400001 313760115000022 15634 
31376011400001 313760115000023 15567 
31376011400001 313760115000024 16078 
31376011400001 313760115000025 15779 
31376011400001 313760115000026 15945 
31376011400001 313760115000027 16371 
31376011400001 313760115000029 16306 
31376011400001 31376011500003 16292 
31376011400001 313760115000031 16816 
31376011400001 313760115000032 17176 
31376011400001 313760115000033 17001 
31376011400001 313760115000034 14814 
313760115000003 313760105000002 7109 
313760115000003 313760105000003 6573 
313760115000003 313760105000005 8169 
313760115000003 313760105000007 8242 
313760115000003 313760105000008 8383 
313760115000003 313760105000009 9194 
313760115000003 31376010500001 9521 
313760115000003 313760105000011 9655 
313760115000003 313760105000012 9851 
313760115000003 313760105000013 1023 
313760115000003 313760105000015 8822 
313760115000003 313760105000016 11453 
313760115000003 31376010500002 8969 
313760115000003 313760105000021 8659 
313760115000003 313760105000022 8904 
313760115000003 313760105000024 10392 
313760115000003 313760105000026 8699 
313760115000003 313760105000027 7681 
313760115000003 313760105000028 7605 
313760115000003 313760105000029 7387 
313760115000003 31376010500003 6914 
313760115000003 313760105000036 6485 
313760115000003 313760105000037 6238 
313760115000003 313760105000039 4095 
313760115000003 31376010500004 3896 
313760115000003 313760105000043 3034 
313760115000003 313760105000045 3647 
313760115000003 313760105000048 12368 
313760115000003 31376010500005 11748 
313760115000003 313760105000058 9626 
313760115000003 313760105000064 2516 
313760115000003 313760105000066 6289 
313760115000003 313760105000067 6568 
313760115000003 313760105000068 6678 
313760115000003 313760105000069 6586 
313760115000003 313760105000071 7561 
313760115000003 313760105000072 7857 
313760115000003 313760105000074 8582 
313760115000003 313760105000075 8725 
313760115000003 313760105000076 8853 
313760115000003 313760105000077 859 
313760115000003 313760105000078 8954 
313760115000003 31376010500008 8961 
313760115000003 313760105000081 985 
313760115000003 313760105000082 9527 
313760115000003 313760105000083 9551 
313760115000003 313760105000084 9213 
313760115000003 313760105000085 9111 
313760115000003 313760105000086 9101 
313760115000003 313760105000087 10431 
313760115000003 313760105000088 10878 
313760115000003 313760105000089 10216 
313760115000003 31376010500009 10626 
313760115000003 313760105000091 10893 
313760115000003 313760105000092 11729 
313760115000003 313760105000094 10723 
313760115000003 313760105000095 1025 
313760115000003 313760105000096 10229 
313760115000003 313760105000097 989 
313760115000003 313760105000098 9591 
313760115000003 313760105000099 9258 
313760115000003 313760105000101 11683 
313760115000003 313760105000102 11699 
313760115000003 313760105000103 12054 
313760115000003 313760105000105 1248 
313760115000003 313760105000106 953 
313760115000003 313760105000108 8576 
313760115000003 313760105000109 8461 
313760115000003 31376010500011 9176 
313760115000003 313760105000112 966 
313760115000003 313760105000114 11411 
313760115000003 313760105000118 9228 
313760115000003 31376010500012 9077 
313760115000003 313760105000122 7595 
313760115000003 313760105000123 764 
313760115000003 313760105000124 8062 
313760115000003 313760105000125 8228 
313760115000003 313760105000126 7009 
313760115000003 313760105000127 7226 
313760115000003 313760105000128 692 
313760115000003 313760105000129 7154 
313760115000003 313760105000132 657 
313760115000003 313760105000133 5799 
313760115000003 313760105000134 619 
313760115000003 313760105000135 4724 
313760115000003 313760105000136 422 
313760115000003 313760105000138 2975 
313760115000003 313760105000139 3076 
313760115000003 31376010500014 341 
313760115000003 313760105000141 3749 
313760115000003 313760105000142 4302 
313760115000003 313760105000144 11004 
313760115000003 313760105000145 12212 
313760115000003 313760105000146 9426 
313760115000003 313760105000147 723 
313760115000003 31376010500015 2504 
313760115000003 313760105000151 2127 
313760115000003 313760105000152 1358 
313760115000003 313760105000161 879 
313760115000003 313760105000162 277 
313760115000003 313760105000163 2718 
313760115000003 313760105000164 2707 
313760115000003 313760105000165 8405 
313760115000003 313760105000166 9305 
313760115000003 313760105000167 9357 
313760115000003 313760105000168 6974 
313760115000003 313760105000169 7023 
313760115000003 31376010500017 11341 
313760115000003 313760105000171 1131 
313760115000003 313760105000172 722 
313760115000003 313760105000173 9233 
313760115000003 313760105000174 9399 
313760115000003 313760105000175 672 
313760115000003 313760105000176 6713 
313760115000003 313760105000177 6925 
313760115000003 313760105000178 694 
313760115000003 313760105000179 6511 
313760115000003 31376010500018 6647 
313760115000003 313760105000182 2511 
313760115000003 313760105000183 25 
313760115000003 313760105000184 2429 
313760115000003 313760105000185 2339 
313760115000003 313760105000186 3232 
313760115000003 313760105000187 3443 
313760115000003 313760105000188 5914 
313760115000003 313760105000189 5496 
313760115000003 31376010500019 2322 
313760115000003 313760105000191 2328 
313760115000003 313760105000192 2233 
313760115000003 313760105000193 2359 
313760115000003 313760105000194 254 
313760115000003 313760105000195 494 
313760115000003 313760105000196 5434 
313760115000003 313760105000198 10933 
313760115000003 313760105000199 1103 
313760115000003 3137601050002 10739 
313760115000003 313760105000201 11085 
313760115000003 313760105000202 11328 
313760115000003 313760105000203 881 
313760115000003 313760105000204 898 
313760115000003 313760105000205 8914 
313760115000003 313760105000206 8565 
313760115000003 313760105000207 751 
313760115000003 313760105000208 7527 
313760115000003 313760105000209 2572 
313760115000003 31376010500021 2226 
313760115000003 313760105000211 8062 
313760115000003 313760105000212 8387 
313760115000003 313760105000213 11216 
313760115000003 313760105000214 10845 
313760115000003 313760105000215 1048 
313760115000003 313760105000216 9615 
313760115000003 313760105000217 7219 
313760115000003 313760105000218 7235 
313760115000003 313760105000219 5097 
313760115000003 31376010500022 4287 
313760115000003 313760105000221 4912 
313760115000003 313760105000222 3147 
313760115000003 313760105000223 3167 
313760115000003 313760105000224 3709 
313760115000003 313760105000225 4416 
313760115000003 313760105000226 4112 
313760115000003 313760105000227 3778 
313760115000003 313760105000228 3598 
313760115000003 313760105000229 3908 
313760115000003 31376010500023 10151 
313760115000003 313760105000231 10059 
313760115000003 313760105000232 5643 
313760115000003 313760105000233 4274 
313760115000003 313760105000234 8121 
313760115000003 313760105000235 807 
313760115000003 313760105000236 7059 
313760115000003 313760105000237 6984 
313760115000003 313760105000238 8746 
313760115000003 313760105000239 8175 
313760115000003 31376010500024 8149 
313760115000003 313760105000241 7917 
313760115000003 313760105000242 607 
313760115000003 313760105000243 6212 
313760115000003 313760105000245 7637 
313760115000003 313760105000246 6488 
313760115000003 313760105000247 6671 
313760115000003 313760105000248 9421 
313760115000003 313760105000249 9083 
313760115000003 31376010500025 7203 
313760115000003 313760105000251 7389 
313760115000003 313760105000252 6615 
313760115000003 313760105000253 6792 
313760115000003 313760105000254 3986 
313760115000003 313760105000255 387 
313760115000003 313760105000256 8608 
313760115000003 313760105000257 8676 
313760115000003 313760105000258 6134 
313760115000003 313760105000259 6352 
313760115000003 31376010500026 5212 
313760115000003 313760105000261 5176 
313760115000003 313760105000262 5253 
313760115000003 313760105000263 5547 
313760115000003 313760105000264 6269 
313760115000003 313760105000265 9931 
313760115000003 313760105000266 3046 
313760115000003 313760105000267 2873 
313760115000003 313760105000268 3183 
313760115000003 313760105000269 3276 
313760115000003 31376010500027 11101 
313760115000003 313760105000271 10907 
313760115000003 313760105000272 12198 
313760115000003 313760105000273 123 
313760115000003 313760105000274 1209 
313760115000003 313760105000275 12179 
313760115000003 313760105000276 602 
313760115000003 313760105000277 5865 
313760115000003 313760105000278 65 
313760115000003 313760105000279 6695 
313760115000003 31376010500028 4054 
313760115000003 313760105000281 4228 
313760115000003 313760105000282 3501 
313760115000003 313760105000283 387 
313760115000003 313760105000284 13071 
313760115000003 313760105000285 10549 
313760115000003 313760114000002 151 
313760115000003 313760114000007 14606 
313760115000003 313760114000008 14196 
313760115000003 313760114000009 13286 
313760115000003 31376011400001 16353 
313760115000003 313760115000001 4428 
313760115000003 313760115000002 491 
313760115000003 313760115000003  
313760115000003 313760115000005 4926 
313760115000003 313760115000006 3825 
313760115000003 313760115000007 2349 
313760115000003 313760115000008 3711 
313760115000003 313760115000009 3495 
313760115000003 31376011500001 4319 
313760115000003 313760115000011 362 
313760115000003 313760115000014 1712 
313760115000003 313760115000015 3386 
313760115000003 313760115000018 2825 
313760115000003 313760115000019 1759 
313760115000003 31376011500002 99 
313760115000003 313760115000021 116 
313760115000003 313760115000022 851 
313760115000003 313760115000023 1122 
313760115000003 313760115000024 979 
313760115000003 313760115000025 1227 
313760115000003 313760115000026 1097 
313760115000003 313760115000027 959 
313760115000003 313760115000029 2027 
313760115000003 31376011500003 3067 
313760115000003 313760115000031 2448 
313760115000003 313760115000032 84 
313760115000003 313760115000033 804 
313760115000003 313760115000034 2641 
313760115000005 313760105000002 8208 
313760115000005 313760105000003 8004 
313760115000005 313760105000005 9181 
313760115000005 313760105000007 9035 
313760115000005 313760105000008 9311 
313760115000005 313760105000009 10585 
313760115000005 31376010500001 10594 
313760115000005 313760105000011 10353 
313760115000005 313760105000012 1073 
313760115000005 313760105000013 10956 
313760115000005 313760105000015 9159 
313760115000005 313760105000016 11817 
313760115000005 31376010500002 8594 
313760115000005 313760105000021 8249 
313760115000005 313760105000022 8303 
313760115000005 313760105000024 8434 
313760115000005 313760105000026 7957 
313760115000005 313760105000027 6681 
313760115000005 313760105000028 7155 
313760115000005 313760105000029 7504 
313760115000005 31376010500003 7834 
313760115000005 313760105000036 6864 
313760115000005 313760105000037 6618 
313760115000005 313760105000039 5084 
313760115000005 31376010500004 4793 
313760115000005 313760105000043 5223 
313760115000005 313760105000045 538 
313760115000005 313760105000048 14442 
313760115000005 31376010500005 962 
313760115000005 313760105000058 7466 
313760115000005 313760105000064 5237 
313760115000005 313760105000066 7126 
313760115000005 313760105000067 7306 
313760115000005 313760105000068 7833 
313760115000005 313760105000069 7706 
313760115000005 313760105000071 9012 
313760115000005 313760105000072 8837 
313760115000005 313760105000074 9335 
313760115000005 313760105000075 958 
313760115000005 313760105000076 9806 
313760115000005 313760105000077 9594 
313760115000005 313760105000078 10207 
313760115000005 31376010500008 10045 
313760115000005 313760105000081 11075 
313760115000005 313760105000082 10566 
313760115000005 313760105000083 10412 
313760115000005 313760105000084 10092 
313760115000005 313760105000085 9911 
313760115000005 313760105000086 9786 
313760115000005 313760105000087 1166 
313760115000005 313760105000088 11975 
313760115000005 313760105000089 11179 
313760115000005 31376010500009 11473 
313760115000005 313760105000091 11541 
313760115000005 313760105000092 12425 
313760115000005 313760105000094 11148 
313760115000005 313760105000095 10687 
313760115000005 313760105000096 10274 
313760115000005 313760105000097 10119 
313760115000005 313760105000098 9889 
313760115000005 313760105000099 9408 
313760115000005 313760105000101 11878 
313760115000005 313760105000102 113 
313760115000005 313760105000103 11948 
313760115000005 313760105000105 1208 
313760115000005 313760105000106 8828 
313760115000005 313760105000108 842 
313760115000005 313760105000109 8189 
313760115000005 31376010500011 8468 
313760115000005 313760105000112 8529 
313760115000005 313760105000114 10006 
313760115000005 313760105000118 7797 
313760115000005 31376010500012 8212 
313760115000005 313760105000122 6952 
313760115000005 313760105000123 7521 
313760115000005 313760105000124 7676 
313760115000005 313760105000125 793 
313760115000005 313760105000126 7766 
313760115000005 313760105000127 7713 
313760115000005 313760105000128 6583 
313760115000005 313760105000129 6053 
313760115000005 313760105000132 6986 
313760115000005 313760105000133 6446 
313760115000005 313760105000134 6118 
313760115000005 313760105000135 5397 
313760115000005 313760105000136 5291 
313760115000005 313760105000138 4702 
313760115000005 313760105000139 4909 
313760115000005 31376010500014 5371 
313760115000005 313760105000141 5303 
313760115000005 313760105000142 5618 
313760115000005 313760105000144 12452 
313760115000005 313760105000145 13308 
313760115000005 313760105000146 12484 
313760115000005 313760105000147 5266 
313760115000005 31376010500015 5422 
313760115000005 313760105000151 5175 
313760115000005 313760105000152 6199 
313760115000005 313760105000161 7798 
313760115000005 313760105000162 5082 
313760115000005 313760105000163 5038 
313760115000005 313760105000164 5228 
313760115000005 313760105000165 8228 
313760115000005 313760105000166 813 
313760115000005 313760105000167 8377 
313760115000005 313760105000168 7509 
313760115000005 313760105000169 7356 
313760115000005 31376010500017 10896 
313760115000005 313760105000171 11018 
313760115000005 313760105000172 4689 
313760115000005 313760105000173 7409 
313760115000005 313760105000174 7259 
313760115000005 313760105000175 7127 
313760115000005 313760105000176 7285 
313760115000005 313760105000177 6128 
313760115000005 313760105000178 6113 
313760115000005 313760105000179 6057 
313760115000005 31376010500018 603 
313760115000005 313760105000182 4516 
313760115000005 313760105000183 4551 
313760115000005 313760105000184 5069 
313760115000005 313760105000185 518 
313760115000005 313760105000186 5087 
313760115000005 313760105000187 5199 
313760115000005 313760105000188 6869 
313760115000005 313760105000189 6473 
313760115000005 31376010500019 5674 
313760115000005 313760105000191 5628 
313760115000005 313760105000192 6071 
313760115000005 313760105000193 5435 
313760115000005 313760105000194 557 
313760115000005 313760105000195 7286 
313760115000005 313760105000196 7315 
313760115000005 313760105000198 10758 
313760115000005 313760105000199 11001 
313760115000005 3137601050002 10707 
313760115000005 313760105000201 10929 
313760115000005 313760105000202 11112 
313760115000005 313760105000203 8355 
313760115000005 313760105000204 8432 
313760115000005 313760105000205 772 
313760115000005 313760105000206 74 
313760115000005 313760105000207 6592 
313760115000005 313760105000208 6742 
313760115000005 313760105000209 4945 
313760115000005 31376010500021 4782 
313760115000005 313760105000211 8822 
313760115000005 313760105000212 9056 
313760115000005 313760105000213 11234 
313760115000005 313760105000214 10944 
313760115000005 313760105000215 8736 
313760115000005 313760105000216 8197 
313760115000005 313760105000217 6318 
313760115000005 313760105000218 6567 
313760115000005 313760105000219 632 
313760115000005 31376010500022 6013 
313760115000005 313760105000221 6534 
313760115000005 313760105000222 6057 
313760115000005 313760105000223 5749 
313760115000005 313760105000224 6367 
313760115000005 313760105000225 6622 
313760115000005 313760105000226 6202 
313760115000005 313760105000227 5778 
313760115000005 313760105000228 5835 
313760115000005 313760105000229 626 
313760115000005 31376010500023 7912 
313760115000005 313760105000231 7649 
313760115000005 313760105000232 4879 
313760115000005 313760105000233 4064 
313760115000005 313760105000234 7525 
313760115000005 313760105000235 7278 
313760115000005 313760105000236 7144 
313760115000005 313760105000237 6916 
313760115000005 313760105000238 1027 
313760115000005 313760105000239 9358 
313760115000005 31376010500024 9737 
313760115000005 313760105000241 9213 
313760115000005 313760105000242 6866 
313760115000005 313760105000243 6782 
313760115000005 313760105000245 8561 
313760115000005 313760105000246 7415 
313760115000005 313760105000247 7599 
313760115000005 313760105000248 9926 
313760115000005 313760105000249 955 
313760115000005 31376010500025 6851 
313760115000005 313760105000251 6986 
313760115000005 313760105000252 6343 
313760115000005 313760105000253 6643 
313760115000005 313760105000254 5353 
313760115000005 313760105000255 5474 
313760115000005 313760105000256 9738 
313760115000005 313760105000257 9906 
313760115000005 313760105000258 7219 
313760115000005 313760105000259 7498 
313760115000005 31376010500026 5952 
313760115000005 313760105000261 5854 
313760115000005 313760105000262 5884 
313760115000005 313760105000263 5719 
313760115000005 313760105000264 9722 
313760115000005 313760105000265 9594 
313760115000005 313760105000266 5526 
313760115000005 313760105000267 5548 
313760115000005 313760105000268 5565 
313760115000005 313760105000269 5622 
313760115000005 31376010500027 1189 
313760115000005 313760105000271 1182 
313760115000005 313760105000272 1083 
313760115000005 313760105000273 10832 
313760115000005 313760105000274 1176 
313760115000005 313760105000275 11746 
313760115000005 313760105000276 7519 
313760115000005 313760105000277 7538 
313760115000005 313760105000278 6669 
313760115000005 313760105000279 6736 
313760115000005 31376010500028 8268 
313760115000005 313760105000281 7248 
313760115000005 313760105000282 4932 
313760115000005 313760105000283 5054 
313760115000005 313760105000284 12422 
313760115000005 313760105000285 945 
313760115000005 313760114000002 15409 
313760115000005 313760114000007 15451 
313760115000005 313760114000008 14959 
313760115000005 313760114000009 14219 
313760115000005 31376011400001 17689 
313760115000005 313760115000001 1681 
313760115000005 313760115000002 2571 
313760115000005 313760115000003 4926 
313760115000005 313760115000005  
313760115000005 313760115000006 48 
313760115000005 313760115000007 6767 
313760115000005 313760115000008 2266 
313760115000005 313760115000009 1685 
313760115000005 31376011500001 2901 
313760115000005 313760115000011 3079 
313760115000005 313760115000014 4623 
313760115000005 313760115000015 2737 
313760115000005 313760115000018 2564 
313760115000005 313760115000019 3809 
313760115000005 31376011500002 5269 
313760115000005 313760115000021 4888 
313760115000005 313760115000022 4645 
313760115000005 313760115000023 4353 
313760115000005 313760115000024 4064 
313760115000005 313760115000025 402 
313760115000005 313760115000026 4028 
313760115000005 313760115000027 3979 
313760115000005 313760115000029 2979 
313760115000005 31376011500003 2089 
313760115000005 313760115000031 2478 
313760115000005 313760115000032 506 
313760115000005 313760115000033 4398 
313760115000005 313760115000034 3677 
313760115000006 313760105000002 10574 
313760115000006 313760105000003 10114 
313760115000006 313760105000005 11648 
313760115000006 313760105000007 11654 
313760115000006 313760105000008 11843 
313760115000006 313760105000009 12806 
313760115000006 31376010500001 13056 
313760115000006 313760105000011 13081 
313760115000006 313760105000012 13338 
313760115000006 313760105000013 13679 
313760115000006 313760105000015 12099 
313760115000006 313760105000016 14811 
313760115000006 31376010500002 11972 
313760115000006 313760105000021 11634 
313760115000006 313760105000022 11807 
313760115000006 313760105000024 1267 
313760115000006 313760105000026 1153 
313760115000006 313760105000027 10337 
313760115000006 313760105000028 1051 
313760115000006 313760105000029 10517 
313760115000006 31376010500003 10312 
313760115000006 313760105000036 9661 
313760115000006 313760105000037 9397 
313760115000006 313760105000039 7265 
313760115000006 31376010500004 6989 
313760115000006 313760105000043 6513 
313760115000006 313760105000045 7049 
313760115000006 313760105000048 16149 
313760115000006 31376010500005 13962 
313760115000006 313760105000058 11763 
313760115000006 313760105000064 6103 
313760115000006 313760105000066 9623 
313760115000006 313760105000067 9884 
313760115000006 313760105000068 1014 
313760115000006 313760105000069 10033 
313760115000006 313760105000071 11145 
313760115000006 313760105000072 11315 
313760115000006 313760105000074 11993 
313760115000006 313760105000075 12173 
313760115000006 313760105000076 12336 
313760115000006 313760105000077 1208 
313760115000006 313760105000078 12525 
313760115000006 31376010500008 12485 
313760115000006 313760105000081 13434 
313760115000006 313760105000082 13053 
313760115000006 313760105000083 13025 
313760115000006 313760105000084 12684 
313760115000006 313760105000085 12554 
313760115000006 313760105000086 12507 
313760115000006 313760105000087 14027 
313760115000006 313760105000088 14447 
313760115000006 313760105000089 13735 
313760115000006 31376010500009 1412 
313760115000006 313760105000091 14332 
313760115000006 313760105000092 15199 
313760115000006 313760105000094 14085 
313760115000006 313760105000095 13605 
313760115000006 313760105000096 13443 
313760115000006 313760105000097 13162 
313760115000006 313760105000098 12879 
313760115000006 313760105000099 12482 
313760115000006 313760105000101 14986 
313760115000006 313760105000102 14774 
313760115000006 313760105000103 15254 
313760115000006 313760105000105 15571 
313760115000006 313760105000106 12412 
313760115000006 313760105000108 11654 
313760115000006 313760105000109 11486 
313760115000006 31376010500011 12042 
313760115000006 313760105000112 12347 
313760115000006 313760105000114 14015 
313760115000006 313760105000118 11749 
313760115000006 31376010500012 11867 
313760115000006 313760105000122 10413 
313760115000006 313760105000123 10688 
313760115000006 313760105000124 1102 
313760115000006 313760105000125 11231 
313760115000006 313760105000126 10356 
313760115000006 313760105000127 10488 
313760115000006 313760105000128 983 
313760115000006 313760105000129 9726 
313760115000006 313760105000132 9767 
313760115000006 313760105000133 9027 
313760115000006 313760105000134 9158 
313760115000006 313760105000135 7852 
313760115000006 313760105000136 7443 
313760115000006 313760105000138 6247 
313760115000006 313760105000139 6418 
313760115000006 31376010500014 6863 
313760115000006 313760105000141 7097 
313760115000006 313760105000142 7633 
313760115000006 313760105000144 14662 
313760115000006 313760105000145 15802 
313760115000006 313760105000146 13248 
313760115000006 313760105000147 9354 
313760115000006 31376010500015 6155 
313760115000006 313760105000151 5762 
313760115000006 313760105000152 4917 
313760115000006 313760105000161 11508 
313760115000006 313760105000162 6249 
313760115000006 313760105000163 619 
313760115000006 313760105000164 6254 
313760115000006 313760105000165 11466 
313760115000006 313760105000166 11957 
313760115000006 313760105000167 12105 
313760115000006 313760105000168 1024 
313760115000006 313760105000169 10216 
313760115000006 31376010500017 14389 
313760115000006 313760105000171 1442 
313760115000006 313760105000172 9015 
313760115000006 313760105000173 11545 
313760115000006 313760105000174 11539 
313760115000006 313760105000175 9923 
313760115000006 313760105000176 9977 
313760115000006 313760105000177 9625 
313760115000006 313760105000178 9627 
313760115000006 313760105000179 9337 
313760115000006 31376010500018 941 
313760115000006 313760105000182 5788 
313760115000006 313760105000183 5797 
313760115000006 313760105000184 597 
313760115000006 313760105000185 5938 
313760115000006 313760105000186 6614 
313760115000006 313760105000187 6822 
313760115000006 313760105000188 9264 
313760115000006 313760105000189 8823 
313760115000006 31376010500019 6072 
313760115000006 313760105000191 6066 
313760115000006 313760105000192 6054 
313760115000006 313760105000193 6039 
313760115000006 313760105000194 623 
313760115000006 313760105000195 8638 
313760115000006 313760105000196 9044 
313760115000006 313760105000198 14081 
313760115000006 313760105000199 14237 
313760115000006 3137601050002 13937 
313760115000006 313760105000201 14244 
313760115000006 313760105000202 14469 
313760115000006 313760105000203 11772 
313760115000006 313760105000204 11909 
313760115000006 313760105000205 11539 
313760115000006 313760105000206 11189 
313760115000006 313760105000207 10195 
313760115000006 313760105000208 10275 
313760115000006 313760105000209 6035 
313760115000006 31376010500021 5683 
313760115000006 313760105000211 11458 
313760115000006 313760105000212 11764 
313760115000006 313760105000213 14445 
313760115000006 313760105000214 14095 
313760115000006 313760105000215 12879 
313760115000006 313760105000216 12157 
313760115000006 313760105000217 9892 
313760115000006 313760105000218 10019 
313760115000006 313760105000219 8478 
313760115000006 31376010500022 7765 
313760115000006 313760105000221 8411 
313760115000006 313760105000222 6865 
313760115000006 313760105000223 6798 
313760115000006 313760105000224 7409 
313760115000006 313760105000225 805 
313760115000006 313760105000226 769 
313760115000006 313760105000227 7293 
313760115000006 313760105000228 7171 
313760115000006 313760105000229 7544 
313760115000006 31376010500023 12258 
313760115000006 313760105000231 1206 
313760115000006 313760105000232 8234 
313760115000006 313760105000233 6909 
313760115000006 313760105000234 10989 
313760115000006 313760105000235 10846 
313760115000006 313760105000236 10157 
313760115000006 313760105000237 10013 
313760115000006 313760105000238 12381 
313760115000006 313760105000239 11705 
313760115000006 31376010500024 11784 
313760115000006 313760105000241 1147 
313760115000006 313760105000242 9374 
313760115000006 313760105000243 9443 
313760115000006 313760105000245 11069 
313760115000006 313760105000246 9865 
313760115000006 313760105000247 10059 
313760115000006 313760105000248 12776 
313760115000006 313760105000249 12415 
313760115000006 31376010500025 10126 
313760115000006 313760105000251 10301 
313760115000006 313760105000252 9531 
313760115000006 313760105000253 9774 
313760115000006 313760105000254 7295 
313760115000006 313760105000255 7255 
313760115000006 313760105000256 12136 
313760115000006 313760105000257 12234 
313760115000006 313760105000258 9544 
313760115000006 313760105000259 9794 
313760115000006 31376010500026 8423 
313760115000006 313760105000261 8358 
313760115000006 313760105000262 8425 
313760115000006 313760105000263 8558 
313760115000006 313760105000264 10085 
313760115000006 313760105000265 12984 
313760115000006 313760105000266 6631 
313760115000006 313760105000267 6498 
313760115000006 313760105000268 6754 
313760115000006 313760105000269 6846 
313760115000006 31376010500027 14587 
313760115000006 313760105000271 14426 
313760115000006 313760105000272 14839 
313760115000006 313760105000273 14892 
313760115000006 313760105000274 15203 
313760115000006 313760105000275 15251 
313760115000006 313760105000276 9553 
313760115000006 313760105000277 944 
313760115000006 313760105000278 9594 
313760115000006 313760105000279 9751 
313760115000006 31376010500028 7772 
313760115000006 313760105000281 802 
313760115000006 313760105000282 6755 
313760115000006 313760105000283 7086 
313760115000006 313760105000284 16069 
313760115000006 313760105000285 13281 
313760115000006 313760114000002 18496 
313760115000006 313760114000007 18158 
313760115000006 313760114000008 17721 
313760115000006 313760114000009 16847 
313760115000006 31376011400001 20037 
313760115000006 313760115000001 3228 
313760115000006 313760115000002 2811 
313760115000006 313760115000003 3825 
313760115000006 313760115000005 48 
313760115000006 313760115000006  
313760115000006 313760115000007 3688 
313760115000006 313760115000008 2535 
313760115000006 313760115000009 3269 
313760115000006 31376011500001 2114 
313760115000006 313760115000011 1722 
313760115000006 313760115000014 5178 
313760115000006 313760115000015 5421 
313760115000006 313760115000018 2578 
313760115000006 313760115000019 231 
313760115000006 31376011500002 4804 
313760115000006 313760115000021 4835 
313760115000006 313760115000022 4432 
313760115000006 313760115000023 4472 
313760115000006 313760115000024 3959 
313760115000006 313760115000025 4262 
313760115000006 313760115000026 4094 
313760115000006 313760115000027 3666 
313760115000006 313760115000029 3925 
313760115000006 31376011500003 4432 
313760115000006 313760115000031 3605 
313760115000006 313760115000032 3119 
313760115000006 313760115000033 308 
313760115000006 313760115000034 5407 
313760115000007 313760105000002 9083 
313760115000007 313760105000003 8494 
313760115000007 313760105000005 10104 
313760115000007 313760105000007 10232 
313760115000007 313760105000008 1033 
313760115000007 313760105000009 10963 
313760115000007 31376010500001 11374 
313760115000007 313760105000011 11607 
313760115000007 313760105000012 11747 
313760115000007 313760105000013 12154 
313760115000007 313760105000015 10892 
313760115000007 313760105000016 13432 
313760115000007 31376010500002 11166 
313760115000007 313760105000021 10871 
313760115000007 313760105000022 11136 
313760115000007 313760105000024 12727 
313760115000007 313760105000026 10954 
313760115000007 313760105000027 9985 
313760115000007 313760105000028 9852 
313760115000007 313760105000029 9559 
313760115000007 31376010500003 8947 
313760115000007 313760105000036 8655 
313760115000007 313760105000037 8422 
313760115000007 313760105000039 6339 
313760115000007 31376010500004 6171 
313760115000007 313760105000043 5181 
313760115000007 313760105000045 5805 
313760115000007 313760105000048 13738 
313760115000007 31376010500005 14085 
313760115000007 313760105000058 11972 
313760115000007 313760105000064 4623 
313760115000007 313760105000066 8381 
313760115000007 313760105000067 8663 
313760115000007 313760105000068 8667 
313760115000007 313760105000069 8591 
313760115000007 313760105000071 9405 
313760115000007 313760105000072 9819 
313760115000007 313760105000074 10565 
313760115000007 313760105000075 10675 
313760115000007 313760105000076 10771 
313760115000007 313760105000077 10507 
313760115000007 313760105000078 1078 
313760115000007 31376010500008 10837 
313760115000007 313760105000081 11643 
313760115000007 313760105000082 1139 
313760115000007 313760105000083 11464 
313760115000007 313760105000084 11135 
313760115000007 313760105000085 11059 
313760115000007 313760105000086 11079 
313760115000007 313760105000087 12198 
313760115000007 313760105000088 1267 
313760115000007 313760105000089 12073 
313760115000007 31376010500009 12501 
313760115000007 313760105000091 12815 
313760115000007 313760105000092 13612 
313760115000007 313760105000094 12707 
313760115000007 313760105000095 12247 
313760115000007 313760105000096 12315 
313760115000007 313760105000097 11946 
313760115000007 313760105000098 11642 
313760115000007 313760105000099 11353 
313760115000007 313760105000101 13696 
313760115000007 313760105000102 13836 
313760115000007 313760105000103 14125 
313760115000007 313760105000105 14603 
313760115000007 313760105000106 11761 
313760115000007 313760105000108 1075 
313760115000007 313760105000109 10656 
313760115000007 31376010500011 11415 
313760115000007 313760105000112 1194 
313760115000007 313760105000114 13696 
313760115000007 313760105000118 11541 
313760115000007 31376010500012 11338 
313760115000007 313760105000122 9866 
313760115000007 313760105000123 9841 
313760115000007 313760105000124 10287 
313760115000007 313760105000125 10435 
313760115000007 313760105000126 9074 
313760115000007 313760105000127 9336 
313760115000007 313760105000128 9177 
313760115000007 313760105000129 9476 
313760115000007 313760105000132 8729 
313760115000007 313760105000133 7963 
313760115000007 313760105000134 8443 
313760115000007 313760105000135 6962 
313760115000007 313760105000136 6438 
313760115000007 313760105000138 5231 
313760115000007 313760105000139 5298 
313760115000007 31376010500014 5549 
313760115000007 313760105000141 5931 
313760115000007 313760105000142 6466 
313760115000007 313760105000144 12674 
313760115000007 313760105000145 13961 
313760115000007 313760105000146 10425 
313760115000007 313760105000147 9579 
313760115000007 31376010500015 4545 
313760115000007 313760105000151 4231 
313760115000007 313760105000152 2259 
313760115000007 313760105000161 1107 
313760115000007 313760105000162 4938 
313760115000007 313760105000163 4894 
313760115000007 313760105000164 483 
313760115000007 313760105000165 10587 
313760115000007 313760105000166 11594 
313760115000007 313760105000167 11626 
313760115000007 313760105000168 9088 
313760115000007 313760105000169 9173 
313760115000007 31376010500017 13493 
313760115000007 313760105000171 13435 
313760115000007 313760105000172 956 
313760115000007 313760105000173 1157 
313760115000007 313760105000174 11746 
313760115000007 313760105000175 8873 
313760115000007 313760105000176 8834 
313760115000007 313760105000177 9228 
313760115000007 313760105000178 9245 
313760115000007 313760105000179 8795 
313760115000007 31376010500018 8942 
313760115000007 313760105000182 4791 
313760115000007 313760105000183 4774 
313760115000007 313760105000184 4583 
313760115000007 313760105000185 4453 
313760115000007 313760105000186 5424 
313760115000007 313760105000187 5625 
313760115000007 313760105000188 8008 
313760115000007 313760105000189 7618 
313760115000007 31376010500019 4233 
313760115000007 313760105000191 4262 
313760115000007 313760105000192 3888 
313760115000007 313760105000193 4381 
313760115000007 313760105000194 4527 
313760115000007 313760105000195 6721 
313760115000007 313760105000196 7321 
313760115000007 313760105000198 13044 
313760115000007 313760105000199 1311 
313760115000007 3137601050002 12826 
313760115000007 313760105000201 13188 
313760115000007 313760105000202 13439 
313760115000007 313760105000203 11023 
313760115000007 313760105000204 11202 
313760115000007 313760105000205 11211 
313760115000007 313760105000206 10866 
313760115000007 313760105000207 981 
313760115000007 313760105000208 9814 
313760115000007 313760105000209 4765 
313760115000007 31376010500021 445 
313760115000007 313760105000211 10069 
313760115000007 313760105000212 104 
313760115000007 313760105000213 13281 
313760115000007 313760105000214 12901 
313760115000007 313760105000215 12802 
313760115000007 313760105000216 11922 
313760115000007 313760105000217 9524 
313760115000007 313760105000218 9518 
313760115000007 313760105000219 72 
313760115000007 31376010500022 6358 
313760115000007 313760105000221 6935 
313760115000007 313760105000222 5025 
313760115000007 313760105000223 5168 
313760115000007 313760105000224 5568 
313760115000007 313760105000225 6324 
313760115000007 313760105000226 6104 
313760115000007 313760105000227 5848 
313760115000007 313760105000228 5629 
313760115000007 313760105000229 5847 
313760115000007 31376010500023 12497 
313760115000007 313760105000231 12409 
313760115000007 313760105000232 7976 
313760115000007 313760105000233 6617 
313760115000007 313760105000234 10372 
313760115000007 313760105000235 10345 
313760115000007 313760105000236 9251 
313760115000007 313760105000237 9202 
313760115000007 313760105000238 10494 
313760115000007 313760105000239 10062 
313760115000007 31376010500024 9909 
313760115000007 313760105000241 9785 
313760115000007 313760105000242 8186 
313760115000007 313760105000243 8363 
313760115000007 313760105000245 9626 
313760115000007 313760105000246 8547 
313760115000007 313760105000247 8717 
313760115000007 313760105000248 1143 
313760115000007 313760105000249 11114 
313760115000007 31376010500025 9451 
313760115000007 313760105000251 9638 
313760115000007 313760105000252 8875 
313760115000007 313760105000253 9029 
313760115000007 313760105000254 6176 
313760115000007 313760105000255 6026 
313760115000007 313760105000256 10488 
313760115000007 313760105000257 10523 
313760115000007 313760105000258 8181 
313760115000007 313760105000259 8367 
313760115000007 31376010500026 7401 
313760115000007 313760105000261 7379 
313760115000007 313760105000262 7458 
313760115000007 313760105000263 78 
313760115000007 313760105000264 7283 
313760115000007 313760105000265 12097 
313760115000007 313760105000266 5107 
313760115000007 313760105000267 4908 
313760115000007 313760105000268 5247 
313760115000007 313760105000269 5332 
313760115000007 31376010500027 12977 
313760115000007 313760105000271 12753 
313760115000007 313760105000272 14471 
313760115000007 313760105000273 14582 
313760115000007 313760105000274 14207 
313760115000007 313760105000275 14314 
313760115000007 313760105000276 7966 
313760115000007 313760105000277 7774 
313760115000007 313760105000278 8704 
313760115000007 313760105000279 891 
313760115000007 31376010500028 4772 
313760115000007 313760105000281 582 
313760115000007 313760105000282 5737 
313760115000007 313760105000283 6106 
313760115000007 313760105000284 15229 
313760115000007 313760105000285 12811 
313760115000007 313760114000002 17013 
313760115000007 313760114000007 16373 
313760115000007 313760114000008 15998 
313760115000007 313760114000009 15057 
313760115000007 31376011400001 17916 
313760115000007 313760115000001 5795 
313760115000007 313760115000002 5916 
313760115000007 313760115000003 2349 
313760115000007 313760115000005 6767 
313760115000007 313760115000006 3688 
313760115000007 313760115000007  
313760115000007 313760115000008 4965 
313760115000007 313760115000009 5128 
313760115000007 31376011500001 5193 
313760115000007 313760115000011 449 
313760115000007 313760115000014 3979 
313760115000007 313760115000015 5694 
313760115000007 313760115000018 4273 
313760115000007 313760115000019 2975 
313760115000007 31376011500002 2987 
313760115000007 313760115000021 3366 
313760115000007 313760115000022 3164 
313760115000007 313760115000023 3465 
313760115000007 313760115000024 3284 
313760115000007 313760115000025 3567 
313760115000007 313760115000026 3421 
313760115000007 313760115000027 3161 
313760115000007 313760115000029 4189 
313760115000007 31376011500003 5209 
313760115000007 313760115000031 4426 
313760115000007 313760115000032 1781 
313760115000007 313760115000033 2462 
313760115000007 313760115000034 4991 
313760115000011 313760105000002 9554 
313760115000011 313760105000003 9164 
313760115000011 313760105000005 10617 
313760115000011 313760105000007 10576 
313760115000011 313760105000008 10795 
313760115000011 313760105000009 11873 
313760115000011 31376010500001 12049 
313760115000011 313760105000011 11989 
313760115000011 313760105000012 12287 
313760115000011 313760105000013 12595 
313760115000011 313760105000015 10927 
313760115000011 313760105000016 13653 
313760115000011 31376010500002 10665 
313760115000011 313760105000021 10321 
313760115000011 313760105000022 10461 
313760115000011 313760105000024 11117 
313760115000011 313760105000026 1016 
313760115000011 313760105000027 8929 
313760115000011 313760105000028 9189 
313760115000011 313760105000029 9297 
313760115000011 31376010500003 9251 
313760115000011 313760105000036 8488 
313760115000011 313760105000037 8221 
313760115000011 313760105000039 6187 
313760115000011 31376010500004 5891 
313760115000011 313760105000043 567 
313760115000011 313760105000045 6118 
313760115000011 313760105000048 15428 
313760115000011 31376010500005 12384 
313760115000011 313760105000058 10188 
313760115000011 313760105000064 5373 
313760115000011 313760105000066 8539 
313760115000011 313760105000067 8782 
313760115000011 313760105000068 9128 
313760115000011 313760105000069 9012 
313760115000011 313760105000071 10212 
313760115000011 313760105000072 10275 
313760115000011 313760105000074 10908 
313760115000011 313760105000075 11111 
313760115000011 313760105000076 11296 
313760115000011 313760105000077 11051 
313760115000011 313760105000078 11556 
313760115000011 31376010500008 11476 
313760115000011 313760105000081 12465 
313760115000011 313760105000082 12037 
313760115000011 313760105000083 11969 
313760115000011 313760105000084 1163 
313760115000011 313760105000085 11482 
313760115000011 313760105000086 11409 
313760115000011 313760105000087 13063 
313760115000011 313760105000088 13453 
313760115000011 313760105000089 12706 
313760115000011 31376010500009 13066 
313760115000011 313760105000091 13234 
313760115000011 313760105000092 14114 
313760115000011 313760105000094 12938 
313760115000011 313760105000095 12459 
313760115000011 313760105000096 12216 
313760115000011 313760105000097 11972 
313760115000011 313760105000098 11702 
313760115000011 313760105000099 11274 
313760115000011 313760105000101 13793 
313760115000011 313760105000102 13464 
313760115000011 313760105000103 14 
313760115000011 313760105000105 14261 
313760115000011 313760105000106 11049 
313760115000011 313760105000108 10387 
313760115000011 313760105000109 10197 
313760115000011 31376010500011 10678 
313760115000011 313760105000112 10914 
313760115000011 313760105000114 12537 
313760115000011 313760105000118 10272 
313760115000011 31376010500012 10477 
313760115000011 313760105000122 906 
313760115000011 313760105000123 9426 
313760115000011 313760105000124 9711 
313760115000011 313760105000125 9937 
313760115000011 313760105000126 9261 
313760115000011 313760105000127 934 
313760115000011 313760105000128 8529 
313760115000011 313760105000129 8303 
313760115000011 313760105000132 86 
313760115000011 313760105000133 7901 
313760115000011 313760105000134 7901 
313760115000011 313760105000135 672 
313760115000011 313760105000136 6383 
313760115000011 313760105000138 5298 
313760115000011 313760105000139 5496 
313760115000011 31376010500014 5977 
313760115000011 313760105000141 6129 
313760115000011 313760105000142 6625 
313760115000011 313760105000144 13756 
313760115000011 313760105000145 14814 
313760115000011 313760105000146 12817 
313760115000011 313760105000147 7816 
313760115000011 31376010500015 5478 
313760115000011 313760105000151 5103 
313760115000011 313760105000152 4942 
313760115000011 313760105000161 10099 
313760115000011 313760105000162 5427 
313760115000011 313760105000163 5368 
313760115000011 313760105000164 5481 
313760115000011 313760105000165 10195 
313760115000011 313760105000166 10518 
313760115000011 313760105000167 10696 
313760115000011 313760105000168 9099 
313760115000011 313760105000169 9036 
313760115000011 31376010500017 1307 
313760115000011 313760105000171 1313 
313760115000011 313760105000172 7414 
313760115000011 313760105000173 10015 
313760115000011 313760105000174 9968 
313760115000011 313760105000175 8756 
313760115000011 313760105000176 8843 
313760115000011 313760105000177 8249 
313760115000011 313760105000178 8247 
313760115000011 313760105000179 8016 
313760115000011 31376010500018 8062 
313760115000011 313760105000182 4888 
313760115000011 313760105000183 4907 
313760115000011 313760105000184 5216 
313760115000011 313760105000185 5233 
313760115000011 313760105000186 57 
313760115000011 313760105000187 5891 
313760115000011 313760105000188 8202 
313760115000011 313760105000189 776 
313760115000011 31376010500019 5511 
313760115000011 313760105000191 549 
313760115000011 313760105000192 565 
313760115000011 313760105000193 5399 
313760115000011 313760105000194 5585 
313760115000011 313760105000195 789 
313760115000011 313760105000196 8185 
313760115000011 313760105000198 12812 
313760115000011 313760105000199 12997 
313760115000011 3137601050002 12696 
313760115000011 313760105000201 12979 
313760115000011 313760105000202 13193 
313760115000011 313760105000203 10452 
313760115000011 313760105000204 10572 
313760115000011 313760105000205 10099 
313760115000011 313760105000206 9754 
313760115000011 313760105000207 8799 
313760115000011 313760105000208 89 
313760115000011 313760105000209 5221 
313760115000011 31376010500021 4901 
313760115000011 313760105000211 1037 
313760115000011 313760105000212 10659 
313760115000011 313760105000213 13214 
313760115000011 313760105000214 1288 
313760115000011 313760105000215 11355 
313760115000011 313760105000216 10682 
313760115000011 313760105000217 85 
313760115000011 313760105000218 8662 
313760115000011 313760105000219 7462 
313760115000011 31376010500022 6847 
313760115000011 313760105000221 7481 
313760115000011 313760105000222 6214 
313760115000011 313760105000223 6058 
313760115000011 313760105000224 6709 
313760115000011 313760105000225 7252 
313760115000011 313760105000226 6854 
313760115000011 313760105000227 6427 
313760115000011 313760105000228 6357 
313760115000011 313760105000229 6769 
313760115000011 31376010500023 10672 
313760115000011 313760105000231 10455 
313760115000011 313760105000232 6864 
313760115000011 313760105000233 5621 
313760115000011 313760105000234 9644 
313760115000011 313760105000235 947 
313760115000011 313760105000236 893 
313760115000011 313760105000237 8759 
313760115000011 313760105000238 11477 
313760115000011 313760105000239 10713 
313760115000011 31376010500024 10891 
313760115000011 313760105000241 10503 
313760115000011 313760105000242 828 
313760115000011 313760105000243 8304 
313760115000011 313760105000245 10014 
313760115000011 313760105000246 8802 
313760115000011 313760105000247 8997 
313760115000011 313760105000248 11641 
313760115000011 313760105000249 11271 
313760115000011 31376010500025 8822 
313760115000011 313760105000251 8989 
313760115000011 313760105000252 824 
313760115000011 313760105000253 8505 
313760115000011 313760105000254 6292 
313760115000011 313760105000255 6301 
313760115000011 313760105000256 11135 
313760115000011 313760105000257 11257 
313760115000011 313760105000258 8511 
313760115000011 313760105000259 8777 
313760115000011 31376010500026 7309 
313760115000011 313760105000261 7232 
313760115000011 313760105000262 729 
313760115000011 313760105000263 7341 
313760115000011 313760105000264 9731 
313760115000011 313760105000265 11685 
313760115000011 313760105000266 586 
313760115000011 313760105000267 5771 
313760115000011 313760105000268 5963 
313760115000011 313760105000269 6049 
313760115000011 31376010500027 13522 
313760115000011 313760105000271 13388 
313760115000011 313760105000272 13365 
313760115000011 313760105000273 13402 
313760115000011 313760105000274 13905 
313760115000011 313760105000275 13935 
313760115000011 313760105000276 8612 
313760115000011 313760105000277 8538 
313760115000011 313760105000278 8381 
313760115000011 313760105000279 8515 
313760115000011 31376010500028 7658 
313760115000011 313760105000281 7445 
313760115000011 313760105000282 5756 
313760115000011 313760105000283 6043 
313760115000011 313760105000284 14713 
313760115000011 313760105000285 11851 
313760115000011 313760114000002 17332 
313760115000011 313760114000007 17118 
313760115000011 313760114000008 16659 
313760115000011 313760114000009 15824 
313760115000011 31376011400001 19128 
313760115000011 313760115000001 1535 
313760115000011 313760115000002 1426 
313760115000011 313760115000003 362 
313760115000011 313760115000005 3079 
313760115000011 313760115000006 1722 
313760115000011 313760115000007 449 
313760115000011 313760115000008 816 
313760115000011 313760115000009 162 
313760115000011 31376011500001 724 
313760115000011 313760115000011  
313760115000011 313760115000014 4466 
313760115000011 313760115000015 406 
313760115000011 313760115000018 1186 
313760115000011 313760115000019 1867 
313760115000011 31376011500002 4455 
313760115000011 313760115000021 4317 
313760115000011 313760115000022 3922 
313760115000011 313760115000023 3828 
313760115000011 313760115000024 3311 
313760115000011 313760115000025 3528 
313760115000011 313760115000026 34 
313760115000011 313760115000027 3044 
313760115000011 313760115000029 2825 
313760115000011 31376011500003 3007 
313760115000011 313760115000031 2324 
313760115000011 313760115000032 3224 
313760115000011 313760115000033 2823 
313760115000011 313760115000034 4315 
313760115000015 313760105000002 5673 
313760115000015 313760105000003 5387 
313760115000015 313760105000005 6703 
313760115000015 313760105000007 6616 
313760115000015 313760105000008 6861 
313760115000015 313760105000009 8046 
313760115000015 31376010500001 8138 
313760115000015 313760105000011 8005 
313760115000015 313760105000012 8334 
313760115000015 313760105000013 8613 
313760115000015 313760105000015 6898 
313760115000015 313760105000016 962 
313760115000015 31376010500002 6606 
313760115000015 313760105000021 6263 
313760115000015 313760105000022 6411 
313760115000015 313760105000024 7336 
313760115000015 313760105000026 6121 
313760115000015 313760105000027 4916 
313760115000015 313760105000028 5131 
313760115000015 313760105000029 5253 
313760115000015 31376010500003 533 
313760115000015 313760105000036 4477 
313760115000015 313760105000037 4213 
313760115000015 313760105000039 2391 
313760115000015 31376010500004 209 
313760115000015 313760105000043 2523 
313760115000015 313760105000045 2642 
313760115000015 313760105000048 11813 
313760115000015 31376010500005 8665 
313760115000015 313760105000058 6481 
313760115000015 313760105000064 2636 
313760115000015 313760105000066 4611 
313760115000015 313760105000067 4828 
313760115000015 313760105000068 5269 
313760115000015 313760105000069 5146 
313760115000015 313760105000071 6421 
313760115000015 313760105000072 6357 
313760115000015 313760105000074 6938 
313760115000015 313760105000075 716 
313760115000015 313760105000076 7364 
313760115000015 313760105000077 7131 
313760115000015 313760105000078 7694 
313760115000015 31376010500008 7572 
313760115000015 313760105000081 8588 
313760115000015 313760105000082 8119 
313760115000015 313760105000083 8014 
313760115000015 313760105000084 768 
313760115000015 313760105000085 7518 
313760115000015 313760105000086 7426 
313760115000015 313760105000087 9184 
313760115000015 313760105000088 9541 
313760115000015 313760105000089 8768 
313760115000015 31376010500009 9104 
313760115000015 313760105000091 9238 
313760115000015 313760105000092 10123 
313760115000015 313760105000094 8913 
313760115000015 313760105000095 8437 
313760115000015 313760105000096 8163 
313760115000015 313760105000097 793 
313760115000015 313760105000098 7667 
313760115000015 313760105000099 7227 
313760115000015 313760105000101 9746 
313760115000015 313760105000102 9407 
313760115000015 313760105000103 994 
313760115000015 313760105000105 10204 
313760115000015 313760105000106 7007 
313760115000015 313760105000108 6327 
313760115000015 313760105000109 6137 
313760115000015 31376010500011 6636 
313760115000015 313760105000112 6926 
313760115000015 313760105000114 8604 
313760115000015 313760105000118 6341 
313760115000015 31376010500012 6451 
313760115000015 313760105000122 5011 
313760115000015 313760105000123 5368 
313760115000015 313760105000124 5651 
313760115000015 313760105000125 5877 
313760115000015 313760105000126 5306 
313760115000015 313760105000127 5337 
313760115000015 313760105000128 4468 
313760115000015 313760105000129 4304 
313760115000015 313760105000132 4594 
313760115000015 313760105000133 3943 
313760115000015 313760105000134 3848 
313760115000015 313760105000135 2799 
313760115000015 313760105000136 26 
313760115000015 313760105000138 1992 
313760115000015 313760105000139 2192 
313760115000015 31376010500014 264 
313760115000015 313760105000141 2567 
313760115000015 313760105000142 2913 
313760115000015 313760105000144 9933 
313760115000015 313760105000145 10896 
313760115000015 313760105000146 9746 
313760115000015 313760105000147 4043 
313760115000015 31376010500015 2837 
313760115000015 313760105000151 2681 
313760115000015 313760105000152 4309 
313760115000015 313760105000161 6087 
313760115000015 313760105000162 2417 
313760115000015 313760105000163 2382 
313760115000015 313760105000164 2584 
313760115000015 313760105000165 6135 
313760115000015 313760105000166 6536 
313760115000015 313760105000167 6685 
313760115000015 313760105000168 5106 
313760115000015 313760105000169 5014 
313760115000015 31376010500017 9014 
313760115000015 313760105000171 907 
313760115000015 313760105000172 3894 
313760115000015 313760105000173 6189 
313760115000015 313760105000174 6253 
313760115000015 313760105000175 4746 
313760115000015 313760105000176 4858 
313760115000015 313760105000177 4211 
313760115000015 313760105000178 4212 
313760115000015 313760105000179 3957 
313760115000015 31376010500018 401 
313760115000015 313760105000182 1896 
313760115000015 313760105000183 1934 
313760115000015 313760105000184 2481 
313760115000015 313760105000185 2623 
313760115000015 313760105000186 2361 
313760115000015 313760105000187 2463 
313760115000015 313760105000188 4308 
313760115000015 313760105000189 3883 
313760115000015 31376010500019 3163 
313760115000015 313760105000191 3111 
313760115000015 313760105000192 3649 
313760115000015 313760105000193 289 
313760115000015 313760105000194 2989 
313760115000015 313760105000195 4549 
313760115000015 313760105000196 4608 
313760115000015 313760105000198 8752 
313760115000015 313760105000199 8939 
313760115000015 3137601050002 8639 
313760115000015 313760105000201 8919 
313760115000015 313760105000202 9133 
313760115000015 313760105000203 6395 
313760115000015 313760105000204 652 
313760115000015 313760105000205 6119 
313760115000015 313760105000206 5769 
313760115000015 313760105000207 4775 
313760115000015 313760105000208 4863 
313760115000015 313760105000209 2317 
313760115000015 31376010500021 2245 
313760115000015 313760105000211 6406 
313760115000015 313760105000212 6677 
313760115000015 313760105000213 9159 
313760115000015 313760105000214 8828 
313760115000015 313760105000215 7507 
313760115000015 313760105000216 6748 
313760115000015 313760105000217 4473 
313760115000015 313760105000218 4614 
313760115000015 313760105000219 3669 
313760115000015 31376010500022 3285 
313760115000015 313760105000221 3832 
313760115000015 313760105000222 3394 
313760115000015 313760105000223 3059 
313760115000015 313760105000224 3653 
313760115000015 313760105000225 3884 
313760115000015 313760105000226 3464 
313760115000015 313760105000227 304 
313760115000015 313760105000228 3106 
313760115000015 313760105000229 3527 
313760115000015 31376010500023 6996 
313760115000015 313760105000231 6852 
313760115000015 313760105000232 282 
313760115000015 313760105000233 1574 
313760115000015 313760105000234 5593 
313760115000015 313760105000235 5434 
313760115000015 313760105000236 4885 
313760115000015 313760105000237 4705 
313760115000015 313760105000238 7694 
313760115000015 313760105000239 684 
313760115000015 31376010500024 7136 
313760115000015 313760105000241 6663 
313760115000015 313760105000242 4347 
313760115000015 313760105000243 4325 
313760115000015 313760105000245 6086 
313760115000015 313760105000246 489 
313760115000015 313760105000247 5082 
313760115000015 313760105000248 763 
313760115000015 313760105000249 7256 
313760115000015 31376010500025 4762 
313760115000015 313760105000251 4929 
313760115000015 313760105000252 418 
313760115000015 313760105000253 4448 
313760115000015 313760105000254 263 
313760115000015 313760105000255 274 
313760115000015 313760105000256 7245 
313760115000015 313760105000257 7391 
313760115000015 313760105000258 4645 
313760115000015 313760105000259 4922 
313760115000015 31376010500026 3385 
313760115000015 313760105000261 3295 
313760115000015 313760105000262 3341 
313760115000015 313760105000263 3314 
313760115000015 313760105000264 7015 
313760115000015 313760105000265 7626 
313760115000015 313760105000266 284 
313760115000015 313760105000267 2892 
313760115000015 313760105000268 2862 
313760115000015 313760105000269 2911 
313760115000015 31376010500027 9548 
313760115000015 313760105000271 9438 
313760115000015 313760105000272 9426 
313760115000015 313760105000273 9485 
313760115000015 313760105000274 9846 
313760115000015 313760105000275 9879 
313760115000015 313760105000276 4871 
313760115000015 313760105000277 4863 
313760115000015 313760105000278 4345 
313760115000015 313760105000279 4468 
313760115000015 31376010500028 5783 
313760115000015 313760105000281 4541 
313760115000015 313760105000282 2194 
313760115000015 313760105000283 2334 
313760115000015 313760105000284 1067 
313760115000015 313760105000285 7859 
313760115000015 313760114000002 13291 
313760115000015 313760114000007 13145 
313760115000015 313760114000008 12673 
313760115000015 313760114000009 1187 
313760115000015 31376011400001 15256 
313760115000015 313760115000001 355 
313760115000015 313760115000002 4496 
313760115000015 313760115000003 3386 
313760115000015 313760115000005 2737 
313760115000015 313760115000006 5421 
313760115000015 313760115000007 5694 
313760115000015 313760115000008 3453 
313760115000015 313760115000009 2606 
313760115000015 31376011500001 4377 
313760115000015 313760115000011 406 
313760115000015 313760115000014 2283 
313760115000015 313760115000015  
313760115000015 313760115000018 2907 
313760115000015 313760115000019 3367 
313760115000015 31376011500002 3234 
313760115000015 313760115000021 277 
313760115000015 313760115000022 272 
313760115000015 313760115000023 2376 
313760115000015 313760115000024 2416 
313760115000015 313760115000025 2167 
313760115000015 313760115000026 2289 
313760115000015 313760115000027 2539 
313760115000015 313760115000029 1628 
313760115000015 31376011500003 1062 
313760115000015 313760115000031 1816 
313760115000015 313760115000032 3945 
313760115000015 313760115000033 3307 
313760115000015 313760115000034 1075 
31376011500002 313760105000002 6194 
31376011500002 313760105000003 5639 
31376011500002 313760105000005 7244 
31376011500002 313760105000007 7336 
31376011500002 313760105000008 7462 
31376011500002 313760105000009 8231 
31376011500002 31376010500001 8576 
31376011500002 313760105000011 8738 
31376011500002 313760105000012 8918 
31376011500002 313760105000013 9305 
31376011500002 313760105000015 7952 
31376011500002 313760105000016 10548 
31376011500002 31376010500002 8181 
31376011500002 313760105000021 7884 
31376011500002 313760105000022 8148 
31376011500002 313760105000024 9807 
31376011500002 313760105000026 7969 
31376011500002 313760105000027 7024 
31376011500002 313760105000028 6866 
31376011500002 313760105000029 6578 
31376011500002 31376010500003 6023 
31376011500002 313760105000036 5673 
31376011500002 313760105000037 5437 
31376011500002 313760105000039 3358 
31376011500002 31376010500004 3205 
31376011500002 313760105000043 2196 
31376011500002 313760105000045 282 
31376011500002 313760105000048 11377 
31376011500002 31376010500005 11166 
31376011500002 313760105000058 9095 
31376011500002 313760105000064 1643 
31376011500002 313760105000066 5426 
31376011500002 313760105000067 5707 
31376011500002 313760105000068 5767 
31376011500002 313760105000069 5682 
31376011500002 313760105000071 661 
31376011500002 313760105000072 694 
31376011500002 313760105000074 7674 
31376011500002 313760105000075 7806 
31376011500002 313760105000076 7924 
31376011500002 313760105000077 7661 
31376011500002 313760105000078 8002 
31376011500002 31376010500008 8021 
31376011500002 313760105000081 8893 
31376011500002 313760105000082 8584 
31376011500002 313760105000083 8622 
31376011500002 313760105000084 8286 
31376011500002 313760105000085 8192 
31376011500002 313760105000086 8192 
31376011500002 313760105000087 947 
31376011500002 313760105000088 9922 
31376011500002 313760105000089 9273 
31376011500002 31376010500009 9688 
31376011500002 313760105000091 9969 
31376011500002 313760105000092 10795 
31376011500002 313760105000094 9819 
31376011500002 313760105000095 935 
31376011500002 313760105000096 9369 
31376011500002 313760105000097 9015 
31376011500002 313760105000098 8713 
31376011500002 313760105000099 8402 
31376011500002 313760105000101 10791 
31376011500002 313760105000102 1087 
31376011500002 313760105000103 11188 
31376011500002 313760105000105 11642 
31376011500002 313760105000106 8773 
31376011500002 313760105000108 777 
31376011500002 313760105000109 7671 
31376011500002 31376010500011 8428 
31376011500002 313760105000112 8961 
31376011500002 313760105000114 10719 
31376011500002 313760105000118 8587 
31376011500002 31376010500012 8353 
31376011500002 313760105000122 6886 
31376011500002 313760105000123 6855 
31376011500002 313760105000124 73 
31376011500002 313760105000125 7448 
31376011500002 313760105000126 6133 
31376011500002 313760105000127 6375 
31376011500002 313760105000128 6194 
31376011500002 313760105000129 6538 
31376011500002 313760105000132 575 
31376011500002 313760105000133 4981 
31376011500002 313760105000134 546 
31376011500002 313760105000135 3977 
31376011500002 313760105000136 3452 
31376011500002 313760105000138 2263 
31376011500002 313760105000139 2315 
31376011500002 31376010500014 2567 
31376011500002 313760105000141 2944 
31376011500002 313760105000142 3482 
31376011500002 313760105000144 10029 
31376011500002 313760105000145 1125 
31376011500002 313760105000146 8461 
31376011500002 313760105000147 676 
31376011500002 31376010500015 1588 
31376011500002 313760105000151 1248 
31376011500002 313760105000152 1083 
31376011500002 313760105000161 8093 
31376011500002 313760105000162 1951 
31376011500002 313760105000163 1907 
31376011500002 313760105000164 1848 
31376011500002 313760105000165 7605 
31376011500002 313760105000166 8621 
31376011500002 313760105000167 8644 
31376011500002 313760105000168 6125 
31376011500002 313760105000169 6197 
31376011500002 31376010500017 10521 
31376011500002 313760105000171 10473 
31376011500002 313760105000172 6857 
31376011500002 313760105000173 8656 
31376011500002 313760105000174 8872 
31376011500002 313760105000175 5896 
31376011500002 313760105000176 5868 
31376011500002 313760105000177 627 
31376011500002 313760105000178 6289 
31376011500002 313760105000179 5823 
31376011500002 31376010500018 5977 
31376011500002 313760105000182 1852 
31376011500002 313760105000183 183 
31376011500002 313760105000184 1596 
31376011500002 313760105000185 147 
31376011500002 313760105000186 2437 
31376011500002 313760105000187 2637 
31376011500002 313760105000188 505 
31376011500002 313760105000189 4648 
31376011500002 31376010500019 1351 
31376011500002 313760105000191 1363 
31376011500002 313760105000192 125 
31376011500002 313760105000193 1431 
31376011500002 313760105000194 1598 
31376011500002 313760105000195 3967 
31376011500002 313760105000196 4486 
31376011500002 313760105000198 10087 
31376011500002 313760105000199 10168 
31376011500002 3137601050002 988 
31376011500002 313760105000201 10235 
31376011500002 313760105000202 10483 
31376011500002 313760105000203 8037 
31376011500002 313760105000204 8215 
31376011500002 313760105000205 8244 
31376011500002 313760105000206 7901 
31376011500002 313760105000207 6846 
31376011500002 313760105000208 6842 
31376011500002 313760105000209 1779 
31376011500002 31376010500021 1478 
31376011500002 313760105000211 7163 
31376011500002 313760105000212 7491 
31376011500002 313760105000213 10346 
31376011500002 313760105000214 9971 
31376011500002 313760105000215 9858 
31376011500002 313760105000216 8961 
31376011500002 313760105000217 6566 
31376011500002 313760105000218 6545 
31376011500002 313760105000219 4236 
31376011500002 31376010500022 3404 
31376011500002 313760105000221 4008 
31376011500002 313760105000222 218 
31376011500002 313760105000223 224 
31376011500002 313760105000224 2743 
31376011500002 313760105000225 3467 
31376011500002 313760105000226 3191 
31376011500002 313760105000227 2891 
31376011500002 313760105000228 2689 
31376011500002 313760105000229 2965 
31376011500002 31376010500023 962 
31376011500002 313760105000231 9562 
31376011500002 313760105000232 507 
31376011500002 313760105000233 3763 
31376011500002 313760105000234 7386 
31376011500002 313760105000235 7366 
31376011500002 313760105000236 6266 
31376011500002 313760105000237 6214 
31376011500002 313760105000238 7779 
31376011500002 313760105000239 7236 
31376011500002 31376010500024 7183 
31376011500002 313760105000241 6972 
31376011500002 313760105000242 522 
31376011500002 313760105000243 5386 
31376011500002 313760105000245 6729 
31376011500002 313760105000246 5608 
31376011500002 313760105000247 5785 
31376011500002 313760105000248 8525 
31376011500002 313760105000249 8195 
31376011500002 31376010500025 6466 
31376011500002 313760105000251 6652 
31376011500002 313760105000252 5893 
31376011500002 313760105000253 6043 
31376011500002 313760105000254 3189 
31376011500002 313760105000255 3042 
31376011500002 313760105000256 7668 
31376011500002 313760105000257 7728 
31376011500002 313760105000258 5247 
31376011500002 313760105000259 5451 
31376011500002 31376010500026 4415 
31376011500002 313760105000261 4391 
31376011500002 313760105000262 4471 
31376011500002 313760105000263 4818 
31376011500002 313760105000264 5319 
31376011500002 313760105000265 912 
31376011500002 313760105000266 2148 
31376011500002 313760105000267 1958 
31376011500002 313760105000268 2288 
31376011500002 313760105000269 2377 
31376011500002 31376010500027 10164 
31376011500002 313760105000271 9962 
31376011500002 313760105000272 11488 
31376011500002 313760105000273 11603 
31376011500002 313760105000274 11249 
31376011500002 313760105000275 11349 
31376011500002 313760105000276 5092 
31376011500002 313760105000277 4925 
31376011500002 313760105000278 5717 
31376011500002 313760105000279 5922 
31376011500002 31376010500028 3223 
31376011500002 313760105000281 3238 
31376011500002 313760105000282 2756 
31376011500002 313760105000283 3123 
31376011500002 313760105000284 12256 
31376011500002 313760105000285 9827 
31376011500002 313760114000002 14178 
31376011500002 313760114000007 13649 
31376011500002 313760114000008 13246 
31376011500002 313760114000009 12329 
31376011500002 31376011400001 15371 
31376011500002 313760115000001 5058 
31376011500002 313760115000002 5657 
31376011500002 313760115000003 99 
31376011500002 313760115000005 5269 
31376011500002 313760115000006 4804 
31376011500002 313760115000007 2987 
31376011500002 313760115000008 4421 
31376011500002 313760115000009 4045 
31376011500002 31376011500001 5124 
31376011500002 313760115000011 4455 
31376011500002 313760115000014 1067 
31376011500002 313760115000015 3234 
31376011500002 313760115000018 3519 
31376011500002 313760115000019 2645 
31376011500002 31376011500002  
31376011500002 313760115000021 469 
31376011500002 313760115000022 627 
31376011500002 313760115000023 924 
31376011500002 313760115000024 1258 
31376011500002 313760115000025 1248 
31376011500002 313760115000026 1255 
31376011500002 313760115000027 1457 
31376011500002 313760115000029 2294 
31376011500002 31376011500003 3237 
31376011500002 313760115000031 2855 
31376011500002 313760115000032 1804 
31376011500002 313760115000033 1735 
31376011500002 313760115000034 2274 
;

param D0_1 := 
313760105000002 313760105000013 3125 
313760105000002 313760105000026 3069 
313760105000002 313760105000048 6271 
313760105000002 31376010500005 6733 
313760105000002 313760105000076 1762 
313760105000002 313760105000082 2486 
313760105000002 313760105000098 2592 
313760105000002 313760105000102 4899 
313760105000002 313760105000122 2673 
313760105000002 313760105000125 2281 
313760105000002 313760105000132 1375 
313760105000002 313760105000135 2875 
313760105000002 313760105000139 4157 
313760105000002 313760105000145 5260 
313760105000002 313760105000146 5255 
313760105000002 313760105000152 6838 
313760105000002 313760105000168 969 
313760105000002 313760105000172 5345 
313760105000002 313760105000186 3966 
313760105000002 313760105000201 4192 
313760105000002 313760105000206 3609 
313760105000002 313760105000219 2100 
313760105000002 31376010500022 2833 
313760105000002 313760105000221 2197 
313760105000002 313760105000225 2760 
313760105000002 313760105000226 3003 
313760105000002 313760105000229 3240 
313760105000002 313760105000231 6050 
313760105000002 313760105000235 2945 
313760105000002 313760105000239 1168 
313760105000002 313760105000257 1718 
313760105000002 313760105000259 780 
313760105000002 313760105000264 4228 
313760105000002 313760105000273 6356 
313760105000002 31376010500028 5463 
313760105000002 313760114000002 7991 
313760105000002 313760114000007 7587 
313760105000002 313760114000008 7147 
313760105000002 313760114000009 6281 
313760105000002 31376011400001 9593 
313760105000002 313760115000003 7109 
313760105000002 313760115000005 8208 
313760105000002 313760115000006 10574 
313760105000002 313760115000007 9083 
313760105000002 313760115000011 9554 
313760105000002 313760115000015 5673 
313760105000002 31376011500002 6194 
313760105000003 313760105000013 3668 
313760105000003 313760105000026 3614 
313760105000003 313760105000048 6439 
313760105000003 31376010500005 7297 
313760105000003 313760105000076 2285 
313760105000003 313760105000082 2956 
313760105000003 313760105000098 3227 
313760105000003 313760105000102 5545 
313760105000003 313760105000122 3075 
313760105000003 313760105000125 2834 
313760105000003 313760105000132 1567 
313760105000003 313760105000135 2608 
313760105000003 313760105000139 3701 
313760105000003 313760105000145 5688 
313760105000003 313760105000146 5018 
313760105000003 313760105000152 6241 
313760105000003 313760105000168 1346 
313760105000003 313760105000172 5518 
313760105000003 313760105000186 3502 
313760105000003 313760105000201 4833 
313760105000003 313760105000206 4086 
313760105000003 313760105000219 1724 
313760105000003 31376010500022 2348 
313760105000003 313760105000221 1702 
313760105000003 313760105000225 2177 
313760105000003 313760105000226 2461 
313760105000003 313760105000229 2673 
313760105000003 313760105000231 6504 
313760105000003 313760105000235 3406 
313760105000003 313760105000239 1603 
313760105000003 313760105000257 2120 
313760105000003 313760105000259 574 
313760105000003 313760105000264 3668 
313760105000003 313760105000273 6985 
313760105000003 31376010500028 4815 
313760105000003 313760114000002 8540 
313760105000003 313760114000007 8054 
313760105000003 313760114000008 7631 
313760105000003 313760114000009 6739 
313760105000003 31376011400001 9964 
313760105000003 313760115000003 6573 
313760105000003 313760115000005 8004 
313760105000003 313760115000006 10114 
313760105000003 313760115000007 8494 
313760105000003 313760115000011 9164 
313760105000003 313760115000015 5387 
313760105000003 31376011500002 5639 
313760105000005 313760105000013 2062 
313760105000005 313760105000026 3051 
313760105000005 313760105000048 5424 
313760105000005 31376010500005 6518 
313760105000005 313760105000076 688 
313760105000005 313760105000082 1420 
313760105000005 313760105000098 1740 
313760105000005 313760105000102 4087 
313760105000005 313760105000122 3050 
313760105000005 313760105000125 2318 
313760105000005 313760105000132 2209 
313760105000005 313760105000135 3916 
313760105000005 313760105000139 5231 
313760105000005 313760105000145 4200 
313760105000005 313760105000146 5022 
313760105000005 313760105000152 7851 
313760105000005 313760105000168 1695 
313760105000005 313760105000172 5968 
313760105000005 313760105000186 5040 
313760105000005 313760105000201 3347 
313760105000005 313760105000206 3749 
313760105000005 313760105000219 3172 
313760105000005 31376010500022 3903 
313760105000005 313760105000221 3264 
313760105000005 313760105000225 3787 
313760105000005 313760105000226 4057 
313760105000005 313760105000229 4280 
313760105000005 313760105000231 6157 
313760105000005 313760105000235 3169 
313760105000005 313760105000239 323 
313760105000005 313760105000257 756 
313760105000005 313760105000259 1853 
313760105000005 313760105000264 4687 
313760105000005 313760105000273 5861 
313760105000005 31376010500028 6273 
313760105000005 313760114000002 6934 
313760105000005 313760114000007 6514 
313760105000005 313760114000008 6072 
313760105000005 313760114000009 5210 
313760105000005 31376011400001 8552 
313760105000005 313760115000003 8169 
313760105000005 313760115000005 9181 
313760105000005 313760115000006 11648 
313760105000005 313760115000007 10104 
313760105000005 313760115000011 10617 
313760105000005 313760115000015 6703 
313760105000005 31376011500002 7244 
313760105000007 313760105000013 2025 
313760105000007 313760105000026 2663 
313760105000007 313760105000048 5690 
313760105000007 31376010500005 6126 
313760105000007 313760105000076 776 
313760105000007 313760105000082 1533 
313760105000007 313760105000098 1471 
313760105000007 313760105000102 3812 
313760105000007 313760105000122 2720 
313760105000007 313760105000125 1942 
313760105000007 313760105000132 2049 
313760105000007 313760105000135 3856 
313760105000007 313760105000139 5255 
313760105000007 313760105000145 4286 
313760105000007 313760105000146 5414 
313760105000007 313760105000152 7986 
313760105000007 313760105000168 1526 
313760105000007 313760105000172 5673 
313760105000007 313760105000186 5069 
313760105000007 313760105000201 3086 
313760105000007 313760105000206 3372 
313760105000007 313760105000219 3183 
313760105000007 31376010500022 3957 
313760105000007 313760105000221 3330 
313760105000007 313760105000225 3908 
313760105000007 313760105000226 4145 
313760105000007 313760105000229 4387 
313760105000007 313760105000231 5770 
313760105000007 313760105000235 2808 
313760105000007 313760105000239 715 
313760105000007 313760105000257 1056 
313760105000007 313760105000259 1890 
313760105000007 313760105000264 5030 
313760105000007 313760105000273 5498 
313760105000007 31376010500028 6525 
313760105000007 313760114000002 6866 
313760105000007 313760114000007 6542 
313760105000007 313760114000008 6084 
313760105000007 313760114000009 5256 
313760105000007 31376011400001 8661 
313760105000007 313760115000003 8242 
313760105000007 313760115000005 9035 
313760105000007 313760115000006 11654 
313760105000007 313760115000007 10232 
313760105000007 313760115000011 10576 
313760105000007 313760115000015 6616 
313760105000007 31376011500002 7336 
313760105000008 313760105000013 1848 
313760105000008 313760105000026 2960 
313760105000008 313760105000048 5369 
313760105000008 31376010500005 6367 
313760105000008 313760105000076 503 
313760105000008 313760105000082 1260 
313760105000008 313760105000098 1512 
313760105000008 313760105000102 3857 
313760105000008 313760105000122 3045 
313760105000008 313760105000125 2255 
313760105000008 313760105000132 2325 
313760105000008 313760105000135 4083 
313760105000008 313760105000139 5430 
313760105000008 313760105000145 4035 
313760105000008 313760105000146 5134 
313760105000008 313760105000152 8078 
313760105000008 313760105000168 1804 
313760105000008 313760105000172 5997 
313760105000008 313760105000186 5240 
313760105000008 313760105000201 3115 
313760105000008 313760105000206 3682 
313760105000008 313760105000219 3365 
313760105000008 31376010500022 4110 
313760105000008 313760105000221 3473 
313760105000008 313760105000225 4010 
313760105000008 313760105000226 4273 
313760105000008 313760105000229 4501 
313760105000008 313760105000231 6068 
313760105000008 313760105000235 3128 
313760105000008 313760105000239 473 
313760105000008 313760105000257 731 
313760105000008 313760105000259 2050 
313760105000008 313760105000264 4902 
313760105000008 313760105000273 5666 
313760105000008 31376010500028 6508 
313760105000008 313760114000002 6717 
313760105000008 313760114000007 6327 
313760105000008 313760114000008 5879 
313760105000008 313760114000009 5029 
313760105000008 31376011400001 8400 
313760105000008 313760115000003 8383 
313760105000008 313760115000005 9311 
313760105000008 313760115000006 11843 
313760105000008 313760115000007 10330 
313760105000008 313760115000011 10795 
313760105000008 313760115000015 6861 
313760105000008 31376011500002 7462 
313760105000009 313760105000013 1588 
313760105000009 313760105000026 4258 
313760105000009 313760105000048 3971 
313760105000009 31376010500005 7411 
313760105000009 313760105000076 1051 
313760105000009 313760105000082 749 
313760105000009 313760105000098 2213 
313760105000009 313760105000102 4230 
313760105000009 313760105000122 4447 
313760105000009 313760105000125 3610 
313760105000009 313760105000132 3648 
313760105000009 313760105000135 5247 
313760105000009 313760105000139 6405 
313760105000009 313760105000145 3018 
313760105000009 313760105000146 4091 
313760105000009 313760105000152 8707 
313760105000009 313760105000168 3142 
313760105000009 313760105000172 7404 
313760105000009 313760105000186 6205 
313760105000009 313760105000201 3494 
313760105000009 313760105000206 5017 
313760105000009 313760105000219 4418 
313760105000009 31376010500022 5049 
313760105000009 313760105000221 4405 
313760105000009 313760105000225 4783 
313760105000009 313760105000226 5120 
313760105000009 313760105000229 5292 
313760105000009 313760105000231 7340 
313760105000009 313760105000235 4502 
313760105000009 313760105000239 1230 
313760105000009 313760105000257 698 
313760105000009 313760105000259 3125 
313760105000009 313760105000264 4697 
313760105000009 313760105000273 6440 
313760105000009 31376010500028 6735 
313760105000009 313760114000002 6118 
313760105000009 313760114000007 5421 
313760105000009 313760114000008 5035 
313760105000009 313760114000009 4101 
313760105000009 31376011400001 7255 
313760105000009 313760115000003 9194 
313760105000009 313760115000005 10585 
313760105000009 313760115000006 12806 
313760105000009 313760115000007 10963 
313760105000009 313760115000011 11873 
313760105000009 313760115000015 8046 
313760105000009 31376011500002 8231 
31376010500001 313760105000013 922 
31376010500001 313760105000026 3821 
31376010500001 313760105000048 4225 
31376010500001 31376010500005 6808 
31376010500001 313760105000076 789 
31376010500001 313760105000082 70 
31376010500001 313760105000098 1605 
31376010500001 313760105000102 3544 
31376010500001 313760105000122 4162 
31376010500001 313760105000125 3248 
31376010500001 313760105000132 3607 
31376010500001 313760105000135 5352 
31376010500001 313760105000139 6637 
31376010500001 313760105000145 2766 
31376010500001 313760105000146 4751 
31376010500001 313760105000152 9115 
31376010500001 313760105000168 3085 
31376010500001 313760105000172 7158 
31376010500001 313760105000186 6442 
31376010500001 313760105000201 2809 
31376010500001 313760105000206 4604 
31376010500001 313760105000219 4594 
31376010500001 31376010500022 5295 
31376010500001 313760105000221 4649 
31376010500001 313760105000225 5109 
31376010500001 313760105000226 5413 
31376010500001 313760105000229 5614 
31376010500001 313760105000231 6851 
31376010500001 313760105000235 4150 
31376010500001 313760105000239 1352 
31376010500001 313760105000257 851 
31376010500001 313760105000259 3274 
31376010500001 313760105000264 5329 
31376010500001 313760105000273 5778 
31376010500001 31376010500028 7276 
31376010500001 313760114000002 5644 
31376010500001 313760114000007 5103 
31376010500001 313760114000008 4677 
31376010500001 313760114000009 3791 
31376010500001 31376011400001 7119 
31376010500001 313760115000003 9521 
31376010500001 313760115000005 10594 
31376010500001 313760115000006 13056 
31376010500001 313760115000007 11374 
31376010500001 313760115000011 12049 
31376010500001 313760115000015 8138 
31376010500001 31376011500002 8576 
313760105000011 313760105000013 608 
313760105000011 313760105000026 3186 
313760105000011 313760105000048 4836 
313760105000011 31376010500005 6039 
313760105000011 313760105000076 861 
313760105000011 313760105000082 706 
313760105000011 313760105000098 851 
313760105000011 313760105000102 2841 
313760105000011 313760105000122 3677 
313760105000011 313760105000125 2704 
313760105000011 313760105000132 3412 
313760105000011 313760105000135 5269 
313760105000011 313760105000139 6681 
313760105000011 313760105000145 2969 
313760105000011 313760105000146 5521 
313760105000011 313760105000152 9354 
313760105000011 313760105000168 2898 
313760105000011 313760105000172 6672 
313760105000011 313760105000186 6495 
313760105000011 313760105000201 2093 
313760105000011 313760105000206 3982 
313760105000011 313760105000219 4609 
313760105000011 31376010500022 5375 
313760105000011 313760105000221 4743 
313760105000011 313760105000225 5288 
313760105000011 313760105000226 5548 
313760105000011 313760105000229 5778 
313760105000011 313760105000231 6149 
313760105000011 313760105000235 3594 
313760105000011 313760105000239 1587 
313760105000011 313760105000257 1289 
313760105000011 313760105000259 3309 
313760105000011 313760105000264 5911 
313760105000011 313760105000273 5008 
313760105000011 31376010500028 7705 
313760105000011 313760114000002 5446 
313760105000011 313760114000007 5139 
313760105000011 313760114000008 4672 
313760105000011 313760114000009 3873 
313760105000011 31376011400001 7344 
313760105000011 313760115000003 9655 
313760105000011 313760115000005 10353 
313760105000011 313760115000006 13081 
313760105000011 313760115000007 11607 
313760105000011 313760115000011 11989 
313760105000011 313760115000015 8005 
313760105000011 31376011500002 8738 
313760105000012 313760105000013 452 
313760105000012 313760105000026 3663 
313760105000012 313760105000048 4359 
313760105000012 31376010500005 6468 
313760105000012 313760105000076 1003 
313760105000012 313760105000082 421 
313760105000012 313760105000098 1316 
313760105000012 313760105000102 3085 
313760105000012 313760105000122 4127 
313760105000012 313760105000125 3166 
313760105000012 313760105000132 3757 
313760105000012 313760105000135 5570 
313760105000012 313760105000139 6923 
313760105000012 313760105000145 2577 
313760105000012 313760105000146 5176 
313760105000012 313760105000152 9489 
313760105000012 313760105000168 3236 
313760105000012 313760105000172 7126 
313760105000012 313760105000186 6731 
313760105000012 313760105000201 2357 
313760105000012 313760105000206 4458 
313760105000012 313760105000219 4860 
313760105000012 31376010500022 5595 
313760105000012 313760105000221 4953 
313760105000012 313760105000225 5452 
313760105000012 313760105000226 5738 
313760105000012 313760105000229 5952 
313760105000012 313760105000231 6621 
313760105000012 313760105000235 4060 
313760105000012 313760105000239 1686 
313760105000012 313760105000257 1253 
313760105000012 313760105000259 3544 
313760105000012 313760105000264 5798 
313760105000012 313760105000273 5367 
313760105000012 31376010500028 7713 
313760105000012 313760114000002 5267 
313760105000012 313760114000007 4831 
313760105000012 313760114000008 4383 
313760105000012 313760114000009 3538 
313760105000012 31376011400001 6958 
313760105000012 313760115000003 9851 
313760105000012 313760115000005 10730 
313760105000012 313760115000006 13338 
313760105000012 313760115000007 11747 
313760105000012 313760115000011 12287 
313760105000012 313760115000015 8334 
313760105000012 31376011500002 8918 
313760105000013 313760105000013 0 
313760105000013 313760105000026 3651 
313760105000013 313760105000048 4447 
313760105000013 31376010500005 6230 
313760105000013 313760105000076 1383 
313760105000013 313760105000082 872 
313760105000013 313760105000098 1248 
313760105000013 313760105000102 2687 
313760105000013 313760105000122 4230 
313760105000013 313760105000125 3240 
313760105000013 313760105000132 4020 
313760105000013 313760105000135 5875 
313760105000013 313760105000139 7273 
313760105000013 313760105000145 2386 
313760105000013 313760105000146 5548 
313760105000013 313760105000152 9897 
313760105000013 313760105000168 3507 
313760105000013 313760105000172 7212 
313760105000013 313760105000186 7085 
313760105000013 313760105000201 1980 
313760105000013 313760105000206 4448 
313760105000013 313760105000219 5203 
313760105000013 31376010500022 5958 
313760105000013 313760105000221 5322 
313760105000013 313760105000225 5845 
313760105000013 313760105000226 6119 
313760105000013 313760105000229 6341 
313760105000013 313760105000231 6511 
313760105000013 313760105000235 4112 
313760105000013 313760105000239 2095 
313760105000013 313760105000257 1694 
313760105000013 313760105000259 3895 
313760105000013 313760105000264 6249 
313760105000013 313760105000273 5042 
313760105000013 31376010500028 8157 
313760105000013 313760114000002 4872 
313760105000013 313760114000007 4531 
313760105000013 313760114000008 4064 
313760105000013 313760114000009 3266 
313760105000013 31376011400001 6751 
313760105000013 313760115000003 10230 
313760105000013 313760115000005 10956 
313760105000013 313760115000006 13679 
313760105000013 313760115000007 12154 
313760105000013 313760115000011 12595 
313760105000013 313760115000015 8613 
313760105000013 31376011500002 9305 
313760105000015 313760105000013 1827 
313760105000015 313760105000026 2019 
313760105000015 313760105000048 6029 
313760105000015 31376010500005 5285 
313760105000015 313760105000076 1206 
313760105000015 313760105000082 1751 
313760105000015 313760105000098 780 
313760105000015 313760105000102 2999 
313760105000015 313760105000122 2416 
313760105000015 313760105000125 1453 
313760105000015 313760105000132 2334 
313760105000015 313760105000135 4247 
313760105000015 313760105000139 5775 
313760105000015 313760105000145 4213 
313760105000015 313760105000146 6191 
313760105000015 313760105000152 8668 
313760105000015 313760105000168 1864 
313760105000015 313760105000172 5412 
313760105000015 313760105000186 5602 
313760105000015 313760105000201 2306 
313760105000015 313760105000206 2796 
313760105000015 313760105000219 3724 
313760105000015 31376010500022 4548 
313760105000015 313760105000221 3957 
313760105000015 313760105000225 4601 
313760105000015 313760105000226 4788 
313760105000015 313760105000229 5054 
313760105000015 313760105000231 5091 
313760105000015 313760105000235 2351 
313760105000015 313760105000239 1560 
313760105000015 313760105000257 1704 
313760105000015 313760105000259 2535 
313760105000015 313760105000264 5928 
313760105000015 313760105000273 4600 
313760105000015 31376010500028 7360 
313760105000015 313760114000002 6407 
313760105000015 313760114000007 6293 
313760105000015 313760114000008 5805 
313760105000015 313760114000009 5066 
313760105000015 31376011400001 8574 
313760105000015 313760115000003 8822 
313760105000015 313760115000005 9159 
313760105000015 313760115000006 12099 
313760105000015 313760115000007 10892 
313760105000015 313760115000011 10927 
313760105000015 313760115000015 6898 
313760105000015 31376011500002 7952 
313760105000016 313760105000013 1346 
313760105000016 313760105000026 4068 
313760105000016 313760105000048 4822 
313760105000016 31376010500005 5818 
313760105000016 313760105000076 2683 
313760105000016 313760105000082 2213 
313760105000016 313760105000098 1953 
313760105000016 313760105000102 1797 
313760105000016 313760105000122 4901 
313760105000016 313760105000125 3901 
313760105000016 313760105000132 5056 
313760105000016 313760105000135 6963 
313760105000016 313760105000139 8446 
313760105000016 313760105000145 2158 
313760105000016 313760105000146 6642 
313760105000016 313760105000152 11180 
313760105000016 313760105000168 4571 
313760105000016 313760105000172 7752 
313760105000016 313760105000186 8265 
313760105000016 313760105000201 1356 
313760105000016 313760105000206 4821 
313760105000016 313760105000219 6376 
313760105000016 31376010500022 7166 
313760105000016 313760105000221 6543 
313760105000016 313760105000225 7109 
313760105000016 313760105000226 7357 
313760105000016 313760105000229 7595 
313760105000016 313760105000231 6506 
313760105000016 313760105000235 4664 
313760105000016 313760105000239 3409 
313760105000016 313760105000257 3038 
313760105000016 313760105000259 5101 
313760105000016 313760105000264 7583 
313760105000016 313760105000273 4342 
313760105000016 31376010500028 9501 
313760105000016 313760114000002 3685 
313760105000016 313760114000007 3689 
313760105000016 313760114000008 3177 
313760105000016 313760114000009 2612 
313760105000016 31376011400001 6149 
313760105000016 313760115000003 11453 
313760105000016 313760115000005 11817 
313760105000016 313760115000006 14811 
313760105000016 313760115000007 13432 
313760105000016 313760115000011 13653 
313760105000016 313760115000015 9620 
313760105000016 31376011500002 10548 
31376010500002 313760105000013 2856 
31376010500002 313760105000026 796 
31376010500002 313760105000048 7241 
31376010500002 31376010500005 4065 
31376010500002 313760105000076 2509 
31376010500002 313760105000082 3004 
31376010500002 313760105000098 1608 
31376010500002 313760105000102 2803 
31376010500002 313760105000122 1643 
31376010500002 313760105000125 746 
31376010500002 313760105000132 2450 
31376010500002 313760105000135 4248 
31376010500002 313760105000139 5895 
31376010500002 313760105000145 5171 
31376010500002 313760105000146 7469 
31376010500002 313760105000152 9011 
31376010500002 313760105000168 2189 
31376010500002 313760105000172 4449 
31376010500002 313760105000186 5751 
31376010500002 313760105000201 2340 
31376010500002 313760105000206 1593 
31376010500002 313760105000219 4002 
31376010500002 31376010500022 4846 
31376010500002 313760105000221 4353 
31376010500002 313760105000225 5076 
31376010500002 313760105000226 5163 
31376010500002 313760105000229 5459 
31376010500002 313760105000231 3792 
31376010500002 313760105000235 1354 
31376010500002 313760105000239 2784 
31376010500002 313760105000257 2999 
31376010500002 313760105000259 3105 
31376010500002 313760105000264 6945 
31376010500002 313760105000273 3659 
31376010500002 31376010500028 8080 
31376010500002 313760114000002 6817 
31376010500002 313760114000007 7000 
31376010500002 313760114000008 6487 
31376010500002 313760114000009 5877 
31376010500002 31376011400001 9426 
31376010500002 313760115000003 8969 
31376010500002 313760115000005 8594 
31376010500002 313760115000006 11972 
31376010500002 313760115000007 11166 
31376010500002 313760115000011 10665 
31376010500002 313760115000015 6606 
31376010500002 31376011500002 8181 
313760105000021 313760105000013 3110 
313760105000021 313760105000026 583 
313760105000021 313760105000048 7447 
313760105000021 31376010500005 4127 
313760105000021 313760105000076 2625 
313760105000021 313760105000082 3181 
313760105000021 313760105000098 1868 
313760105000021 313760105000102 3144 
313760105000021 313760105000122 1297 
313760105000021 313760105000125 436 
313760105000021 313760105000132 2181 
313760105000021 313760105000135 3935 
313760105000021 313760105000139 5589 
313760105000021 313760105000145 5454 
313760105000021 313760105000146 7512 
313760105000021 313760105000152 8729 
313760105000021 313760105000168 1972 
313760105000021 313760105000172 4141 
313760105000021 313760105000186 5450 
313760105000021 313760105000201 2687 
313760105000021 313760105000206 1364 
313760105000021 313760105000219 3732 
313760105000021 31376010500022 4572 
313760105000021 313760105000221 4101 
313760105000021 313760105000225 4833 
313760105000021 313760105000226 4900 
313760105000021 313760105000229 5200 
313760105000021 313760105000231 3682 
313760105000021 313760105000235 1031 
313760105000021 313760105000239 2813 
313760105000021 313760105000257 3086 
313760105000021 313760105000259 2911 
313760105000021 313760105000264 6837 
313760105000021 313760105000273 3867 
313760105000021 31376010500028 7878 
313760105000021 313760114000002 7161 
313760105000021 313760114000007 7324 
313760105000021 313760114000008 6813 
313760105000021 313760114000009 6186 
313760105000021 31376011400001 9734 
313760105000021 313760115000003 8659 
313760105000021 313760115000005 8249 
313760105000021 313760115000006 11634 
313760105000021 313760115000007 10871 
313760105000021 313760115000011 10321 
313760105000021 313760115000015 6263 
313760105000021 31376011500002 7884 
313760105000022 313760105000013 3292 
313760105000022 313760105000026 378 
313760105000022 313760105000048 7682 
313760105000022 31376010500005 3761 
313760105000022 313760105000076 2926 
313760105000022 313760105000082 3440 
313760105000022 313760105000098 2045 
313760105000022 313760105000102 3016 
313760105000022 313760105000122 1400 
313760105000022 313760105000125 752 
313760105000022 313760105000132 2491 
313760105000022 313760105000135 4181 
313760105000022 313760105000139 5843 
313760105000022 313760105000145 5594 
313760105000022 313760105000146 7852 
313760105000022 313760105000152 9013 
313760105000022 313760105000168 2316 
313760105000022 313760105000172 4062 
313760105000022 313760105000186 5711 
313760105000022 313760105000201 2635 
313760105000022 313760105000206 1161 
313760105000022 313760105000219 4034 
313760105000022 31376010500022 4869 
313760105000022 313760105000221 4418 
313760105000022 313760105000225 5155 
313760105000022 313760105000226 5207 
313760105000022 313760105000229 5509 
313760105000022 313760105000231 3369 
313760105000022 313760105000235 1025 
313760105000022 313760105000239 3155 
313760105000022 313760105000257 3404 
313760105000022 313760105000259 3261 
313760105000022 313760105000264 7202 
313760105000022 313760105000273 3540 
313760105000022 31376010500028 8220 
313760105000022 313760114000002 7131 
313760105000022 313760114000007 7377 
313760105000022 313760114000008 6861 
313760105000022 313760114000009 6276 
313760105000022 31376011400001 9826 
313760105000022 313760115000003 8904 
313760105000022 313760115000005 8303 
313760105000022 313760115000006 11807 
313760105000022 313760115000007 11136 
313760105000022 313760115000011 10461 
313760105000022 313760115000015 6411 
313760105000022 31376011500002 8148 
313760105000024 313760105000013 5616 
313760105000024 313760105000026 2530 
313760105000024 313760105000048 10057 
313760105000024 31376010500005 1358 
313760105000024 313760105000076 5568 
313760105000024 313760105000082 5980 
313760105000024 313760105000098 4461 
313760105000024 313760105000102 4008 
313760105000024 313760105000122 3194 
313760105000024 313760105000125 3318 
313760105000024 313760105000132 4774 
313760105000024 313760105000135 5942 
313760105000024 313760105000139 7529 
313760105000024 313760105000145 7632 
313760105000024 313760105000146 10542 
313760105000024 313760105000152 10794 
313760105000024 313760105000168 4791 
313760105000024 313760105000172 3747 
313760105000024 313760105000186 7453 
313760105000024 313760105000201 4149 
313760105000024 313760105000206 2087 
313760105000024 313760105000219 6149 
313760105000024 31376010500022 6897 
313760105000024 313760105000221 6603 
313760105000024 313760105000225 7346 
313760105000024 313760105000226 7285 
313760105000024 313760105000229 7593 
313760105000024 313760105000231 1091 
313760105000024 313760105000235 2764 
313760105000024 313760105000239 5850 
313760105000024 313760105000257 6070 
313760105000024 313760105000259 5728 
313760105000024 313760105000264 9789 
313760105000024 313760105000273 2468 
313760105000024 31376010500028 10512 
313760105000024 313760114000002 8173 
313760105000024 313760114000007 8902 
313760105000024 313760114000008 8384 
313760105000024 313760114000009 8047 
313760105000024 31376011400001 11482 
313760105000024 313760115000003 10392 
313760105000024 313760115000005 8434 
313760105000024 313760115000006 12670 
313760105000024 313760115000007 12727 
313760105000024 313760115000011 11117 
313760105000024 313760115000015 7336 
313760105000024 31376011500002 9807 
313760105000026 313760105000013 3651 
313760105000026 313760105000026 0 
313760105000026 313760105000048 8018 
313760105000026 31376010500005 3685 
313760105000026 313760105000076 3208 
313760105000026 313760105000082 3759 
313760105000026 313760105000098 2403 
313760105000026 313760105000102 3346 
313760105000026 313760105000122 1122 
313760105000026 313760105000125 788 
313760105000026 313760105000132 2411 
313760105000026 313760105000135 3991 
313760105000026 313760105000139 5656 
313760105000026 313760105000145 5966 
313760105000026 313760105000146 8071 
313760105000026 313760105000152 8859 
313760105000026 313760105000168 2317 
313760105000026 313760105000172 3685 
313760105000026 313760105000186 5533 
313760105000026 313760105000201 2998 
313760105000026 313760105000206 797 
313760105000026 313760105000219 3925 
313760105000026 31376010500022 4746 
313760105000026 313760105000221 4333 
313760105000026 313760105000225 5077 
313760105000026 313760105000226 5099 
313760105000026 313760105000229 5405 
313760105000026 313760105000231 3108 
313760105000026 313760105000235 691 
313760105000026 313760105000239 3374 
313760105000026 313760105000257 3664 
313760105000026 313760105000259 3267 
313760105000026 313760105000264 7280 
313760105000026 313760105000273 3652 
313760105000026 31376010500028 8184 
313760105000026 313760114000002 7494 
313760105000026 313760114000007 7755 
313760105000026 313760114000008 7238 
313760105000026 313760114000009 6654 
313760105000026 31376011400001 10203 
313760105000026 313760115000003 8699 
313760105000026 313760115000005 7957 
313760105000026 313760115000006 11530 
313760105000026 313760115000007 10954 
313760105000026 313760115000011 10160 
313760105000026 313760115000015 6121 
313760105000026 31376011500002 7969 
313760105000027 313760105000013 4686 
313760105000027 313760105000026 1275 
313760105000027 313760105000048 8889 
313760105000027 31376010500005 4201 
313760105000027 313760105000076 3948 
313760105000027 313760105000082 4615 
313760105000027 313760105000098 3469 
313760105000027 313760105000102 4620 
313760105000027 313760105000122 539 
313760105000027 313760105000125 1447 
313760105000027 313760105000132 2055 
313760105000027 313760105000135 3094 
313760105000027 313760105000139 4719 
313760105000027 313760105000145 7058 
313760105000027 313760105000146 8445 
313760105000027 313760105000152 7978 
313760105000027 313760105000168 2250 
313760105000027 313760105000172 2526 
313760105000027 313760105000186 4626 
313760105000027 313760105000201 4264 
313760105000027 313760105000206 883 
313760105000027 313760105000219 3298 
313760105000027 31376010500022 4031 
313760105000027 313760105000221 3762 
313760105000027 313760105000225 4498 
313760105000027 313760105000226 4421 
313760105000027 313760105000229 4729 
313760105000027 313760105000231 2985 
313760105000027 313760105000235 610 
313760105000027 313760105000239 3891 
313760105000027 313760105000257 4306 
313760105000027 313760105000259 3084 
313760105000027 313760105000264 7160 
313760105000027 313760105000273 4630 
313760105000027 31376010500028 7669 
313760105000027 313760114000002 8759 
313760105000027 313760114000007 8961 
313760105000027 313760114000008 8449 
313760105000027 313760114000009 7818 
313760105000027 31376011400001 11364 
313760105000027 313760115000003 7681 
313760105000027 313760115000005 6681 
313760105000027 313760115000006 10337 
313760105000027 313760115000007 9985 
313760105000027 313760115000011 8929 
313760105000027 313760115000015 4916 
313760105000027 31376011500002 7024 
313760105000028 313760105000013 3953 
313760105000028 313760105000026 1103 
313760105000028 313760105000048 8071 
313760105000028 31376010500005 4641 
313760105000028 313760105000076 3122 
313760105000028 313760105000082 3811 
313760105000028 313760105000098 2781 
313760105000028 313760105000102 4275 
313760105000028 313760105000122 311 
313760105000028 313760105000125 774 
313760105000028 313760105000132 1399 
313760105000028 313760105000135 2890 
313760105000028 313760105000139 4554 
313760105000028 313760105000145 6339 
313760105000028 313760105000146 7611 
313760105000028 313760105000152 7757 
313760105000028 313760105000168 1468 
313760105000028 313760105000172 3297 
313760105000028 313760105000186 4430 
313760105000028 313760105000201 3808 
313760105000028 313760105000206 1294 
313760105000028 313760105000219 2851 
313760105000028 31376010500022 3658 
313760105000028 313760105000221 3277 
313760105000028 313760105000225 4024 
313760105000028 313760105000226 4020 
313760105000028 313760105000229 4327 
313760105000028 313760105000231 3690 
313760105000028 313760105000235 612 
313760105000028 313760105000239 3043 
313760105000028 313760105000257 3464 
313760105000028 313760105000259 2369 
313760105000028 313760105000264 6455 
313760105000028 313760105000273 4752 
313760105000028 31376010500028 7165 
313760105000028 313760114000002 8259 
313760105000028 313760114000007 8338 
313760105000028 313760114000008 7835 
313760105000028 313760114000009 7153 
313760105000028 31376011400001 10683 
313760105000028 313760115000003 7605 
313760105000028 313760115000005 7155 
313760105000028 313760115000006 10510 
313760105000028 313760115000007 9852 
313760105000028 313760115000011 9189 
313760105000028 313760115000015 5131 
313760105000028 31376011500002 6866 
313760105000029 313760105000013 3454 
313760105000029 313760105000026 1660 
313760105000029 313760105000048 7359 
313760105000029 31376010500005 5339 
313760105000029 313760105000076 2429 
313760105000029 313760105000082 3163 
313760105000029 313760105000098 2416 
313760105000029 313760105000102 4315 
313760105000029 313760105000122 1151 
313760105000029 313760105000125 934 
313760105000029 313760105000132 832 
313760105000029 313760105000135 2694 
313760105000029 313760105000139 4311 
313760105000029 313760105000145 5824 
313760105000029 313760105000146 6758 
313760105000029 313760105000152 7395 
313760105000029 313760105000168 660 
313760105000029 313760105000172 4013 
313760105000029 313760105000186 4158 
313760105000029 313760105000201 3734 
313760105000029 313760105000206 2094 
313760105000029 313760105000219 2383 
313760105000029 31376010500022 3228 
313760105000029 313760105000221 2742 
313760105000029 313760105000225 3474 
313760105000029 313760105000226 3546 
313760105000029 313760105000229 3844 
313760105000029 313760105000231 4525 
313760105000029 313760105000235 1419 
313760105000029 313760105000239 2241 
313760105000029 313760105000257 2703 
313760105000029 313760105000259 1608 
313760105000029 313760105000264 5658 
313760105000029 313760105000273 5223 
313760105000029 31376010500028 6538 
313760105000029 313760114000002 8038 
313760105000029 313760114000007 7952 
313760105000029 313760114000008 7465 
313760105000029 313760114000009 6715 
313760105000029 31376011400001 10202 
313760105000029 313760115000003 7387 
313760105000029 313760115000005 7504 
313760105000029 313760115000006 10517 
313760105000029 313760115000007 9559 
313760105000029 313760115000011 9297 
313760105000029 313760115000015 5253 
313760105000029 31376011500002 6578 
31376010500003 313760105000013 3366 
31376010500003 313760105000026 2827 
31376010500003 313760105000048 6668 
31376010500003 31376010500005 6511 
31376010500003 313760105000076 2045 
31376010500003 313760105000082 2793 
31376010500003 313760105000098 2695 
31376010500003 313760105000102 4939 
31376010500003 313760105000122 2326 
31376010500003 313760105000125 2049 
31376010500003 313760105000132 965 
31376010500003 313760105000135 2542 
31376010500003 313760105000139 3912 
31376010500003 313760105000145 5573 
31376010500003 313760105000146 5639 
31376010500003 313760105000152 6717 
31376010500003 313760105000168 592 
31376010500003 313760105000172 4940 
31376010500003 313760105000186 3728 
31376010500003 313760105000201 4258 
31376010500003 313760105000206 3309 
31376010500003 313760105000219 1839 
31376010500003 31376010500022 2627 
31376010500003 313760105000221 2015 
31376010500003 313760105000225 2649 
31376010500003 313760105000226 2843 
31376010500003 313760105000229 3103 
31376010500003 313760105000231 5737 
31376010500003 313760105000235 2632 
31376010500003 313760105000239 1524 
31376010500003 313760105000257 2073 
31376010500003 313760105000259 582 
31376010500003 313760105000264 4455 
31376010500003 313760105000273 6239 
31376010500003 31376010500028 5513 
31376010500003 313760114000002 8207 
31376010500003 313760114000007 7869 
31376010500003 313760114000008 7418 
31376010500003 313760114000009 6573 
31376010500003 31376011400001 9925 
31376010500003 313760115000003 6914 
31376010500003 313760115000005 7834 
31376010500003 313760115000006 10312 
31376010500003 313760115000007 8947 
31376010500003 313760115000011 9251 
31376010500003 313760115000015 5330 
31376010500003 31376011500002 6023 
313760105000036 313760105000013 4139 
313760105000036 313760105000026 2439 
313760105000036 313760105000048 7717 
313760105000036 31376010500005 6042 
313760105000036 313760105000076 2941 
313760105000036 313760105000082 3701 
313760105000036 313760105000098 3222 
313760105000036 313760105000102 5215 
313760105000036 313760105000122 1582 
313760105000036 313760105000125 1800 
313760105000036 313760105000132 122 
313760105000036 313760105000135 1814 
313760105000036 313760105000139 3409 
313760105000036 313760105000145 6453 
313760105000036 313760105000146 6654 
313760105000036 313760105000152 6497 
313760105000036 313760105000168 644 
313760105000036 313760105000172 3888 
313760105000036 313760105000186 3254 
313760105000036 313760105000201 4618 
313760105000036 313760105000206 2681 
313760105000036 313760105000219 1498 
313760105000036 31376010500022 2336 
313760105000036 313760105000221 1893 
313760105000036 313760105000225 2638 
313760105000036 313760105000226 2670 
313760105000036 313760105000229 2973 
313760105000036 313760105000231 5000 
313760105000036 313760105000235 2008 
313760105000036 313760105000239 2542 
313760105000036 313760105000257 3075 
313760105000036 313760105000259 1101 
313760105000036 313760105000264 5146 
313760105000036 313760105000273 6072 
313760105000036 31376010500028 5766 
313760105000036 313760114000002 8851 
313760105000036 313760114000007 8669 
313760105000036 313760114000008 8196 
313760105000036 313760114000009 7401 
313760105000036 31376011400001 10832 
313760105000036 313760115000003 6485 
313760105000036 313760115000005 6864 
313760105000036 313760115000006 9661 
313760105000036 313760115000007 8655 
313760105000036 313760115000011 8488 
313760105000036 313760115000015 4477 
313760105000036 31376011500002 5673 
313760105000037 313760105000013 4401 
313760105000037 313760105000026 2617 
313760105000037 313760105000048 7930 
313760105000037 31376010500005 6171 
313760105000037 313760105000076 3190 
313760105000037 313760105000082 3950 
313760105000037 313760105000098 3488 
313760105000037 313760105000102 5466 
313760105000037 313760105000122 1684 
313760105000037 313760105000125 2017 
313760105000037 313760105000132 380 
313760105000037 313760105000135 1552 
313760105000037 313760105000139 3161 
313760105000037 313760105000145 6709 
313760105000037 313760105000146 6764 
313760105000037 313760105000152 6276 
313760105000037 313760105000168 898 
313760105000037 313760105000172 3774 
313760105000037 313760105000186 3011 
313760105000037 313760105000201 4876 
313760105000037 313760105000206 2793 
313760105000037 313760105000219 1309 
313760105000037 31376010500022 2131 
313760105000037 313760105000221 1735 
313760105000037 313760105000225 2483 
313760105000037 313760105000226 2482 
313760105000037 313760105000229 2788 
313760105000037 313760105000231 5054 
313760105000037 313760105000235 2136 
313760105000037 313760105000239 2765 
313760105000037 313760105000257 3304 
313760105000037 313760105000259 1176 
313760105000037 313760105000264 5133 
313760105000037 313760105000273 6263 
313760105000037 31376010500028 5636 
313760105000037 313760114000002 9117 
313760105000037 313760114000007 8932 
313760105000037 313760114000008 8460 
313760105000037 313760114000009 7662 
313760105000037 31376011400001 11085 
313760105000037 313760115000003 6238 
313760105000037 313760115000005 6618 
313760105000037 313760115000006 9397 
313760105000037 313760115000007 8422 
313760105000037 313760115000011 8221 
313760105000037 313760115000015 4213 
313760105000037 31376011500002 5437 
313760105000039 313760105000013 6428 
313760105000039 313760105000026 4616 
313760105000039 313760105000048 9426 
313760105000039 31376010500005 7863 
313760105000039 313760105000076 5111 
313760105000039 313760105000082 5850 
313760105000039 313760105000098 5622 
313760105000039 313760105000102 7630 
313760105000039 313760105000122 3528 
313760105000039 313760105000125 4134 
313760105000039 313760105000132 2522 
313760105000039 313760105000135 629 
313760105000039 313760105000139 1042 
313760105000039 313760105000145 8627 
313760105000039 313760105000146 7449 
313760105000039 313760105000152 4294 
313760105000039 313760105000168 2978 
313760105000039 313760105000172 4072 
313760105000039 313760105000186 943 
313760105000039 313760105000201 7043 
313760105000039 313760105000206 4553 
313760105000039 313760105000219 1293 
313760105000039 31376010500022 987 
313760105000039 313760105000221 1449 
313760105000039 313760105000225 1669 
313760105000039 313760105000226 1303 
313760105000039 313760105000229 1509 
313760105000039 313760105000231 6381 
313760105000039 313760105000235 4008 
313760105000039 313760105000239 4530 
313760105000039 313760105000257 5077 
313760105000039 313760105000259 2593 
313760105000039 313760105000264 4958 
313760105000039 313760105000273 8245 
313760105000039 31376010500028 4434 
313760105000039 313760114000002 11231 
313760105000039 313760114000007 10937 
313760105000039 313760114000008 10486 
313760105000039 313760114000009 9639 
313760105000039 31376011400001 12954 
313760105000039 313760115000003 4095 
313760105000039 313760115000005 5084 
313760105000039 313760115000006 7265 
313760105000039 313760115000007 6339 
313760105000039 313760115000011 6187 
313760105000039 313760115000015 2391 
313760105000039 31376011500002 3358 
31376010500004 313760105000013 6715 
31376010500004 313760105000026 4803 
31376010500004 313760105000048 9729 
31376010500004 31376010500005 7971 
31376010500004 313760105000076 5405 
31376010500004 313760105000082 6147 
31376010500004 313760105000098 5891 
31376010500004 313760105000102 7867 
31376010500004 313760105000122 3701 
31376010500004 313760105000125 4353 
31376010500004 313760105000132 2781 
31376010500004 313760105000135 866 
31376010500004 313760105000139 919 
31376010500004 313760105000145 8925 
31376010500004 313760105000146 7722 
31376010500004 313760105000152 4180 
31376010500004 313760105000168 3250 
31376010500004 313760105000172 4013 
31376010500004 313760105000186 879 
31376010500004 313760105000201 7293 
31376010500004 313760105000206 4697 
31376010500004 313760105000219 1597 
31376010500004 31376010500022 1241 
31376010500004 313760105000221 1743 
31376010500004 313760105000225 1904 
31376010500004 313760105000226 1514 
31376010500004 313760105000229 1681 
31376010500004 313760105000231 6437 
31376010500004 313760105000235 4178 
31376010500004 313760105000239 4830 
31376010500004 313760105000257 5378 
31376010500004 313760105000259 2894 
31376010500004 313760105000264 5177 
31376010500004 313760105000273 8413 
31376010500004 31376010500028 4518 
31376010500004 313760114000002 11507 
31376010500004 313760114000007 11230 
31376010500004 313760114000008 10776 
31376010500004 313760114000009 9933 
31376010500004 31376011400001 13255 
31376010500004 313760115000003 3896 
31376010500004 313760115000005 4793 
31376010500004 313760115000006 6989 
31376010500004 313760115000007 6171 
31376010500004 313760115000011 5891 
31376010500004 313760115000015 2090 
31376010500004 31376011500002 3205 
313760105000043 313760105000013 7227 
313760105000043 313760105000026 5790 
313760105000043 313760105000048 9757 
313760105000043 31376010500005 9093 
313760105000043 313760105000076 5860 
313760105000043 313760105000082 6558 
313760105000043 313760105000098 6557 
313760105000043 313760105000102 8680 
313760105000043 313760105000122 4724 
313760105000043 313760105000125 5253 
313760105000043 313760105000132 3555 
313760105000043 313760105000135 1816 
313760105000043 313760105000139 353 
313760105000043 313760105000145 9292 
313760105000043 313760105000146 7336 
313760105000043 313760105000152 3077 
313760105000043 313760105000168 3943 
313760105000043 313760105000172 5175 
313760105000043 313760105000186 301 
313760105000043 313760105000201 8055 
313760105000043 313760105000206 5771 
313760105000043 313760105000219 2063 
313760105000043 31376010500022 1268 
313760105000043 313760105000221 1910 
313760105000043 313760105000225 1581 
313760105000043 313760105000226 1188 
313760105000043 313760105000229 1111 
313760105000043 313760105000231 7604 
313760105000043 313760105000235 5206 
313760105000043 313760105000239 5206 
313760105000043 313760105000257 5727 
313760105000043 313760105000259 3334 
313760105000043 313760105000264 4499 
313760105000043 313760105000273 9436 
313760105000043 31376010500028 3435 
313760105000043 313760114000002 12089 
313760105000043 313760114000007 11661 
313760105000043 313760114000008 11234 
313760105000043 313760114000009 10346 
313760105000043 31376011400001 13531 
313760105000043 313760115000003 3034 
313760105000043 313760115000005 5223 
313760105000043 313760115000006 6513 
313760105000043 313760115000007 5181 
313760105000043 313760115000011 5670 
313760105000043 313760115000015 2523 
313760105000043 31376011500002 2196 
313760105000045 313760105000013 6649 
313760105000045 313760105000026 5174 
313760105000045 313760105000048 9338 
313760105000045 31376010500005 8516 
313760105000045 313760105000076 5292 
313760105000045 313760105000082 6003 
313760105000045 313760105000098 5950 
313760105000045 313760105000102 8058 
313760105000045 313760105000122 4118 
313760105000045 313760105000125 4630 
313760105000045 313760105000132 2932 
313760105000045 313760105000135 1227 
313760105000045 313760105000139 631 
313760105000045 313760105000145 8755 
313760105000045 313760105000146 7105 
313760105000045 313760105000152 3685 
313760105000045 313760105000168 3326 
313760105000045 313760105000172 4777 
313760105000045 313760105000186 436 
313760105000045 313760105000201 7437 
313760105000045 313760105000206 5176 
313760105000045 313760105000219 1458 
313760105000045 31376010500022 728 
313760105000045 313760105000221 1369 
313760105000045 313760105000225 1244 
313760105000045 313760105000226 823 
313760105000045 313760105000229 916 
313760105000045 313760105000231 7075 
313760105000045 313760105000235 4599 
313760105000045 313760105000239 4655 
313760105000045 313760105000257 5186 
313760105000045 313760105000259 2754 
313760105000045 313760105000264 4437 
313760105000045 313760105000273 8823 
313760105000045 31376010500028 3734 
313760105000045 313760114000002 11501 
313760105000045 313760114000007 11109 
313760105000045 313760114000008 10675 
313760105000045 313760114000009 9798 
313760105000045 31376011400001 13027 
313760105000045 313760115000003 3647 
313760105000045 313760115000005 5380 
313760105000045 313760115000006 7049 
313760105000045 313760115000007 5805 
313760105000045 313760115000011 6118 
313760105000045 313760115000015 2642 
313760105000045 31376011500002 2820 
313760105000048 313760105000013 4447 
313760105000048 313760105000026 8018 
313760105000048 313760105000048 0 
313760105000048 31376010500005 10579 
313760105000048 313760105000076 4949 
313760105000048 313760105000082 4280 
313760105000048 313760105000098 5659 
313760105000048 313760105000102 6618 
313760105000048 313760105000122 8376 
313760105000048 313760105000125 7473 
313760105000048 313760105000132 7598 
313760105000048 313760105000135 9048 
313760105000048 313760105000139 9945 
313760105000048 313760105000145 2818 
313760105000048 313760105000146 3765 
313760105000048 313760105000152 11583 
313760105000048 313760105000168 7103 
313760105000048 313760105000172 11359 
313760105000048 313760105000186 9741 
313760105000048 313760105000201 6115 
313760105000048 313760105000206 8811 
313760105000048 313760105000219 8145 
313760105000048 31376010500022 8618 
313760105000048 313760105000221 8011 
313760105000048 313760105000225 8176 
313760105000048 313760105000226 8575 
313760105000048 313760105000229 8663 
313760105000048 313760105000231 10957 
313760105000048 313760105000235 8375 
313760105000048 313760105000239 5180 
313760105000048 313760105000257 4668 
313760105000048 313760105000259 6948 
313760105000048 313760105000264 6526 
313760105000048 313760105000273 9164 
313760105000048 31376010500028 9034 
313760105000048 313760114000002 5604 
313760105000048 313760114000007 4053 
313760105000048 313760114000008 4062 
313760105000048 313760114000009 3319 
313760105000048 31376011400001 4381 
313760105000048 313760115000003 12368 
313760105000048 313760115000005 14442 
313760105000048 313760115000006 16149 
313760105000048 313760115000007 13738 
313760105000048 313760115000011 15428 
313760105000048 313760115000015 11813 
313760105000048 31376011500002 11377 
31376010500005 313760105000013 6230 
31376010500005 313760105000026 3685 
31376010500005 313760105000048 10579 
31376010500005 31376010500005 0 
31376010500005 313760105000076 6444 
31376010500005 313760105000082 6738 
31376010500005 313760105000098 5205 
31376010500005 313760105000102 4110 
31376010500005 313760105000122 4490 
31376010500005 313760105000125 4462 
31376010500005 313760105000132 6037 
31376010500005 313760105000135 7289 
31376010500005 313760105000139 8885 
31376010500005 313760105000145 7973 
31376010500005 313760105000146 11462 
31376010500005 313760105000152 12150 
31376010500005 313760105000168 5999 
31376010500005 313760105000172 4974 
31376010500005 313760105000186 8806 
31376010500005 313760105000201 4477 
31376010500005 313760105000206 3382 
31376010500005 313760105000219 7460 
31376010500005 31376010500022 8224 
31376010500005 313760105000221 7905 
31376010500005 313760105000225 8651 
31376010500005 313760105000226 8608 
31376010500005 313760105000229 8916 
31376010500005 313760105000231 1978 
31376010500005 313760105000235 4036 
31376010500005 313760105000239 6830 
31376010500005 313760105000257 6970 
31376010500005 313760105000259 6947 
31376010500005 313760105000264 10958 
31376010500005 313760105000273 1833 
31376010500005 31376010500028 11805 
31376010500005 313760114000002 7935 
31376010500005 313760114000007 8895 
31376010500005 313760114000008 8394 
31376010500005 313760114000009 8211 
31376010500005 31376011400001 11486 
31376010500005 313760115000003 11748 
31376010500005 313760115000005 9620 
31376010500005 313760115000006 13962 
31376010500005 313760115000007 14085 
31376010500005 313760115000011 12384 
31376010500005 313760115000015 8665 
31376010500005 31376011500002 11166 
313760105000058 313760105000013 6016 
313760105000058 313760105000026 2543 
313760105000058 313760105000048 10455 
313760105000058 31376010500005 2199 
313760105000058 313760105000076 5743 
313760105000058 313760105000082 6253 
313760105000058 313760105000098 4796 
313760105000058 313760105000102 4761 
313760105000058 313760105000122 2854 
313760105000058 313760105000125 3274 
313760105000058 313760105000132 4449 
313760105000058 313760105000135 5343 
313760105000058 313760105000139 6861 
313760105000058 313760105000145 8178 
313760105000058 313760105000146 10596 
313760105000058 313760105000152 10111 
313760105000058 313760105000168 4571 
313760105000058 313760105000172 2789 
313760105000058 313760105000186 6804 
313760105000058 313760105000201 4785 
313760105000058 313760105000206 1859 
313760105000058 313760105000219 5680 
313760105000058 31376010500022 6367 
313760105000058 313760105000221 6151 
313760105000058 313760105000225 6878 
313760105000058 313760105000226 6767 
313760105000058 313760105000229 7071 
313760105000058 313760105000231 587 
313760105000058 313760105000235 2519 
313760105000058 313760105000239 5908 
313760105000058 313760105000257 6207 
313760105000058 313760105000259 5461 
313760105000058 313760105000264 9548 
313760105000058 313760105000273 3445 
313760105000058 31376010500028 10046 
313760105000058 313760114000002 8997 
313760105000058 313760114000007 9622 
313760105000058 313760114000008 9100 
313760105000058 313760114000009 8689 
313760105000058 31376011400001 12179 
313760105000058 313760115000003 9626 
313760105000058 313760115000005 7466 
313760105000058 313760115000006 11763 
313760105000058 313760115000007 11972 
313760105000058 313760115000011 10188 
313760105000058 313760115000015 6481 
313760105000058 31376011500002 9095 
313760105000064 313760105000013 7717 
313760105000064 313760105000026 6353 
313760105000064 313760105000048 10084 
313760105000064 31376010500005 9644 
313760105000064 313760105000076 6342 
313760105000064 313760105000082 7025 
313760105000064 313760105000098 7083 
313760105000064 313760105000102 9227 
313760105000064 313760105000122 5287 
313760105000064 313760105000125 5813 
313760105000064 313760105000132 4108 
313760105000064 313760105000135 2377 
313760105000064 313760105000139 779 
313760105000064 313760105000145 9736 
313760105000064 313760105000146 7497 
313760105000064 313760105000152 2516 
313760105000064 313760105000168 4483 
313760105000064 313760105000172 5629 
313760105000064 313760105000186 837 
313760105000064 313760105000201 8595 
313760105000064 313760105000206 6329 
313760105000064 313760105000219 2596 
313760105000064 31376010500022 1773 
313760105000064 313760105000221 2396 
313760105000064 313760105000225 1949 
313760105000064 313760105000226 1609 
313760105000064 313760105000229 1441 
313760105000064 313760105000231 8131 
313760105000064 313760105000235 5768 
313760105000064 313760105000239 5672 
313760105000064 313760105000257 6182 
313760105000064 313760105000259 3836 
313760105000064 313760105000264 4537 
313760105000064 313760105000273 9999 
313760105000064 31376010500028 3159 
313760105000064 313760114000002 12585 
313760105000064 313760114000007 12118 
313760105000064 313760114000008 11700 
313760105000064 313760114000009 10800 
313760105000064 31376011400001 13937 
313760105000064 313760115000003 2516 
313760105000064 313760115000005 5237 
313760105000064 313760115000006 6103 
313760105000064 313760115000007 4623 
313760105000064 313760115000011 5373 
313760105000064 313760115000015 2636 
313760105000064 31376011500002 1643 
313760105000066 313760105000013 4063 
313760105000066 313760105000026 2946 
313760105000066 313760105000048 7346 
313760105000066 31376010500005 6599 
313760105000066 313760105000076 2761 
313760105000066 313760105000082 3511 
313760105000066 313760105000098 3304 
313760105000066 313760105000102 5456 
313760105000066 313760105000122 2184 
313760105000066 313760105000125 2235 
313760105000066 313760105000132 584 
313760105000066 313760105000135 1824 
313760105000066 313760105000139 3249 
313760105000066 313760105000145 6291 
313760105000066 313760105000146 6080 
313760105000066 313760105000152 6179 
313760105000066 313760105000168 714 
313760105000066 313760105000172 4458 
313760105000066 313760105000186 3073 
313760105000066 313760105000201 4810 
313760105000066 313760105000206 3267 
313760105000066 313760105000219 1192 
313760105000066 31376010500022 2023 
313760105000066 313760105000221 1472 
313760105000066 313760105000225 2184 
313760105000066 313760105000226 2297 
313760105000066 313760105000229 2583 
313760105000066 313760105000231 5616 
313760105000066 313760105000235 2586 
313760105000066 313760105000239 2238 
313760105000066 313760105000257 2788 
313760105000066 313760105000259 492 
313760105000066 313760105000264 4522 
313760105000066 313760105000273 6523 
313760105000066 31376010500028 5239 
313760105000066 313760114000002 8878 
313760105000066 313760114000007 8578 
313760105000066 313760114000008 8123 
313760105000066 313760114000009 7286 
313760105000066 31376011400001 10645 
313760105000066 313760115000003 6289 
313760105000066 313760115000005 7126 
313760105000066 313760115000006 9623 
313760105000066 313760115000007 8381 
313760105000066 313760115000011 8539 
313760105000066 313760115000015 4611 
313760105000066 31376011500002 5426 
313760105000067 313760105000013 3814 
313760105000067 313760105000026 2716 
313760105000067 313760105000048 7204 
313760105000067 31376010500005 6385 
313760105000067 313760105000076 2535 
313760105000067 313760105000082 3291 
313760105000067 313760105000098 3028 
313760105000067 313760105000102 5174 
313760105000067 313760105000122 2023 
313760105000067 313760105000125 1985 
313760105000067 313760105000132 481 
313760105000067 313760105000135 2061 
313760105000067 313760105000139 3522 
313760105000067 313760105000145 6067 
313760105000067 313760105000146 6084 
313760105000067 313760105000152 6460 
313760105000067 313760105000168 438 
313760105000067 313760105000172 4460 
313760105000067 313760105000186 3348 
313760105000067 313760105000201 4528 
313760105000067 313760105000206 3081 
313760105000067 313760105000219 1471 
313760105000067 31376010500022 2305 
313760105000067 313760105000221 1750 
313760105000067 313760105000225 2456 
313760105000067 313760105000226 2577 
313760105000067 313760105000229 2862 
313760105000067 313760105000231 5464 
313760105000067 313760105000235 2397 
313760105000067 313760105000239 2054 
313760105000067 313760105000257 2600 
313760105000067 313760105000259 582 
313760105000067 313760105000264 4670 
313760105000067 313760105000273 6266 
313760105000067 31376010500028 5482 
313760105000067 313760114000002 8613 
313760105000067 313760114000007 8337 
313760105000067 313760114000008 7877 
313760105000067 313760114000009 7050 
313760105000067 31376011400001 10431 
313760105000067 313760115000003 6568 
313760105000067 313760115000005 7306 
313760105000067 313760115000006 9884 
313760105000067 313760115000007 8663 
313760105000067 313760115000011 8782 
313760105000067 313760115000015 4828 
313760105000067 31376011500002 5707 
313760105000068 313760105000013 3558 
313760105000068 313760105000026 3202 
313760105000068 313760105000048 6620 
313760105000068 31376010500005 6886 
313760105000068 313760105000076 2196 
313760105000068 313760105000082 2916 
313760105000068 313760105000098 2986 
313760105000068 313760105000102 5266 
313760105000068 313760105000122 2654 
313760105000068 313760105000125 2426 
313760105000068 313760105000132 1178 
313760105000068 313760105000135 2470 
313760105000068 313760105000139 3723 
313760105000068 313760105000145 5687 
313760105000068 313760105000146 5386 
313760105000068 313760105000152 6427 
313760105000068 313760105000168 924 
313760105000068 313760105000172 5156 
313760105000068 313760105000186 3531 
313760105000068 313760105000201 4572 
313760105000068 313760105000206 3664 
313760105000068 313760105000219 1669 
313760105000068 31376010500022 2399 
313760105000068 313760105000221 1765 
313760105000068 313760105000225 2348 
313760105000068 313760105000226 2577 
313760105000068 313760105000229 2820 
313760105000068 313760105000231 6082 
313760105000068 313760105000235 2984 
313760105000068 313760105000239 1585 
313760105000068 313760105000257 2132 
313760105000068 313760105000259 351 
313760105000068 313760105000264 4086 
313760105000068 313760105000273 6614 
313760105000068 31376010500028 5147 
313760105000068 313760114000002 8423 
313760105000068 313760114000007 8019 
313760105000068 313760114000008 7581 
313760105000068 313760114000009 6712 
313760105000068 31376011400001 10010 
313760105000068 313760115000003 6678 
313760105000068 313760115000005 7833 
313760105000068 313760115000006 10140 
313760105000068 313760115000007 8667 
313760105000068 313760115000011 9128 
313760105000068 313760115000015 5269 
313760105000068 31376011500002 5767 
313760105000069 313760105000013 3658 
313760105000069 313760105000026 3173 
313760105000069 313760105000048 6746 
313760105000069 31376010500005 6858 
313760105000069 313760105000076 2302 
313760105000069 313760105000082 3028 
313760105000069 313760105000098 3054 
313760105000069 313760105000102 5317 
313760105000069 313760105000122 2586 
313760105000069 313760105000125 2404 
313760105000069 313760105000132 1078 
313760105000069 313760105000135 2346 
313760105000069 313760105000139 3618 
313760105000069 313760105000145 5802 
313760105000069 313760105000146 5491 
313760105000069 313760105000152 6355 
313760105000069 313760105000168 870 
313760105000069 313760105000172 5047 
313760105000069 313760105000186 3428 
313760105000069 313760105000201 4630 
313760105000069 313760105000206 3612 
313760105000069 313760105000219 1557 
313760105000069 31376010500022 2303 
313760105000069 313760105000221 1675 
313760105000069 313760105000225 2280 
313760105000069 313760105000226 2493 
313760105000069 313760105000229 2744 
313760105000069 313760105000231 6021 
313760105000069 313760105000235 2930 
313760105000069 313760105000239 1703 
313760105000069 313760105000257 2252 
313760105000069 313760105000259 238 
313760105000069 313760105000264 4131 
313760105000069 313760105000273 6619 
313760105000069 31376010500028 5129 
313760105000069 313760114000002 8518 
313760105000069 313760114000007 8129 
313760105000069 313760114000008 7687 
313760105000069 313760114000009 6823 
313760105000069 31376011400001 10129 
313760105000069 313760115000003 6586 
313760105000069 313760115000005 7706 
313760105000069 313760115000006 10033 
313760105000069 313760115000007 8591 
313760105000069 313760115000011 9012 
313760105000069 313760115000015 5146 
313760105000069 31376011500002 5682 
313760105000071 313760105000013 2771 
313760105000071 313760105000026 3707 
313760105000071 313760105000048 5435 
313760105000071 31376010500005 7285 
313760105000071 313760105000076 1417 
313760105000071 313760105000082 1985 
313760105000071 313760105000098 2613 
313760105000071 313760105000102 4957 
313760105000071 313760105000122 3476 
313760105000071 313760105000125 2930 
313760105000071 313760105000132 2256 
313760105000071 313760105000135 3630 
313760105000071 313760105000139 4741 
313760105000071 313760105000145 4662 
313760105000071 313760105000146 4435 
313760105000071 313760105000152 7145 
313760105000071 313760105000168 1832 
313760105000071 313760105000172 6221 
313760105000071 313760105000186 4541 
313760105000071 313760105000201 4214 
313760105000071 313760105000206 4330 
313760105000071 313760105000219 2768 
313760105000071 31376010500022 3385 
313760105000071 313760105000221 2740 
313760105000071 313760105000225 3145 
313760105000071 313760105000226 3467 
313760105000071 313760105000229 3653 
313760105000071 313760105000231 6772 
313760105000071 313760105000235 3694 
313760105000071 313760105000239 691 
313760105000071 313760105000257 1120 
313760105000071 313760105000259 1514 
313760105000071 313760105000264 3818 
313760105000071 313760105000273 6712 
313760105000071 31376010500028 5432 
313760105000071 313760114000002 7609 
313760105000071 313760114000007 7045 
313760105000071 313760114000008 6635 
313760105000071 313760114000009 5726 
313760105000071 31376011400001 8918 
313760105000071 313760115000003 7561 
313760105000071 313760115000005 9012 
313760105000071 313760115000006 11145 
313760105000071 313760115000007 9405 
313760105000071 313760115000011 10212 
313760105000071 313760115000015 6421 
313760105000071 31376011500002 6610 
313760105000072 313760105000013 2376 
313760105000072 313760105000026 2914 
313760105000072 313760105000048 5742 
313760105000072 31376010500005 6466 
313760105000072 313760105000076 1022 
313760105000072 313760105000082 1765 
313760105000072 313760105000098 1916 
313760105000072 313760105000102 4258 
313760105000072 313760105000122 2805 
313760105000072 313760105000125 2152 
313760105000072 313760105000132 1871 
313760105000072 313760105000135 3570 
313760105000072 313760105000139 4902 
313760105000072 313760105000145 4545 
313760105000072 313760105000146 5171 
313760105000072 313760105000152 7570 
313760105000072 313760105000168 1362 
313760105000072 313760105000172 5681 
313760105000072 313760105000186 4712 
313760105000072 313760105000201 3531 
313760105000072 313760105000206 3573 
313760105000072 313760105000219 2837 
313760105000072 31376010500022 3582 
313760105000072 313760105000221 2947 
313760105000072 313760105000225 3496 
313760105000072 313760105000226 3750 
313760105000072 313760105000229 3982 
313760105000072 313760105000231 6003 
313760105000072 313760105000235 2964 
313760105000072 313760105000239 568 
313760105000072 313760105000257 1083 
313760105000072 313760105000259 1522 
313760105000072 313760105000264 4613 
313760105000072 313760105000273 5907 
313760105000072 31376010500028 6079 
313760105000072 313760114000002 7243 
313760105000072 313760114000007 6851 
313760105000072 313760114000008 6406 
313760105000072 313760114000009 5550 
313760105000072 31376011400001 8899 
313760105000072 313760115000003 7857 
313760105000072 313760115000005 8837 
313760105000072 313760115000006 11315 
313760105000072 313760115000007 9819 
313760105000072 313760115000011 10275 
313760105000072 313760115000015 6357 
313760105000072 31376011500002 6940 
313760105000074 313760105000013 1689 
313760105000074 313760105000026 2702 
313760105000074 313760105000048 5487 
313760105000074 31376010500005 6047 
313760105000074 313760105000076 538 
313760105000074 313760105000082 1257 
313760105000074 313760105000098 1186 
313760105000074 313760105000102 3535 
313760105000074 313760105000122 2890 
313760105000074 313760105000125 2035 
313760105000074 313760105000132 2357 
313760105000074 313760105000135 4187 
313760105000074 313760105000139 5596 
313760105000074 313760105000145 3975 
313760105000074 313760105000146 5433 
313760105000074 313760105000152 8318 
313760105000074 313760105000168 1837 
313760105000074 313760105000172 5874 
313760105000074 313760105000186 5410 
313760105000074 313760105000201 2798 
313760105000074 313760105000206 3447 
313760105000074 313760105000219 3523 
313760105000074 31376010500022 4297 
313760105000074 313760105000221 3670 
313760105000074 313760105000225 4241 
313760105000074 313760105000226 4483 
313760105000074 313760105000229 4723 
313760105000074 313760105000231 5804 
313760105000074 313760105000235 2927 
313760105000074 313760105000239 813 
313760105000074 313760105000257 963 
313760105000074 313760105000259 2230 
313760105000074 313760105000264 5241 
313760105000074 313760105000273 5326 
313760105000074 31376010500028 6814 
313760105000074 313760114000002 6526 
313760105000074 313760114000007 6212 
313760105000074 313760114000008 5751 
313760105000074 313760114000009 4931 
313760105000074 31376011400001 8355 
313760105000074 313760115000003 8582 
313760105000074 313760115000005 9335 
313760105000074 313760115000006 11993 
313760105000074 313760115000007 10565 
313760105000074 313760115000011 10908 
313760105000074 313760115000015 6938 
313760105000074 31376011500002 7674 
313760105000075 313760105000013 1509 
313760105000075 313760105000026 2958 
313760105000075 313760105000048 5210 
313760105000075 31376010500005 6244 
313760105000075 313760105000076 261 
313760105000075 313760105000082 993 
313760105000075 313760105000098 1235 
313760105000075 313760105000102 3560 
313760105000075 313760105000122 3168 
313760105000075 313760105000125 2305 
313760105000075 313760105000132 2595 
313760105000075 313760105000135 4393 
313760105000075 313760105000139 5764 
313760105000075 313760105000145 3740 
313760105000075 313760105000146 5221 
313760105000075 313760105000152 8422 
313760105000075 313760105000168 2072 
313760105000075 313760105000172 6151 
313760105000075 313760105000186 5575 
313760105000075 313760105000201 2813 
313760105000075 313760105000206 3712 
313760105000075 313760105000219 3695 
313760105000075 31376010500022 4449 
313760105000075 313760105000221 3814 
313760105000075 313760105000225 4355 
313760105000075 313760105000226 4616 
313760105000075 313760105000229 4845 
313760105000075 313760105000231 6053 
313760105000075 313760105000235 3200 
313760105000075 313760105000239 728 
313760105000075 313760105000257 730 
313760105000075 313760105000259 2386 
313760105000075 313760105000264 5169 
313760105000075 313760105000273 5458 
313760105000075 31376010500028 6832 
313760105000075 313760114000002 6375 
313760105000075 313760114000007 6007 
313760105000075 313760114000008 5554 
313760105000075 313760114000009 4715 
313760105000075 31376011400001 8115 
313760105000075 313760115000003 8725 
313760105000075 313760115000005 9580 
313760105000075 313760115000006 12173 
313760105000075 313760115000007 10675 
313760105000075 313760115000011 11111 
313760105000075 313760115000015 7160 
313760105000075 31376011500002 7806 
313760105000076 313760105000013 1383 
313760105000076 313760105000026 3208 
313760105000076 313760105000048 4949 
313760105000076 31376010500005 6444 
313760105000076 313760105000076 0 
313760105000076 313760105000082 760 
313760105000076 313760105000098 1346 
313760105000076 313760105000102 3618 
313760105000076 313760105000122 3429 
313760105000076 313760105000125 2564 
313760105000076 313760105000132 2819 
313760105000076 313760105000135 4586 
313760105000076 313760105000139 5920 
313760105000076 313760105000145 3532 
313760105000076 313760105000146 5017 
313760105000076 313760105000152 8515 
313760105000076 313760105000168 2297 
313760105000076 313760105000172 6411 
313760105000076 313760105000186 5728 
313760105000076 313760105000201 2866 
313760105000076 313760105000206 3966 
313760105000076 313760105000219 3859 
313760105000076 31376010500022 4592 
313760105000076 313760105000221 3951 
313760105000076 313760105000225 4462 
313760105000076 313760105000226 4740 
313760105000076 313760105000229 4959 
313760105000076 313760105000231 6295 
313760105000076 313760105000235 3460 
313760105000076 313760105000239 726 
313760105000076 313760105000257 536 
313760105000076 313760105000259 2541 
313760105000076 313760105000264 5101 
313760105000076 313760105000273 5604 
313760105000076 31376010500028 6845 
313760105000076 313760114000002 6254 
313760105000076 313760114000007 5828 
313760105000076 313760114000008 5385 
313760105000076 313760114000009 4528 
313760105000076 31376011400001 7899 
313760105000076 313760115000003 8853 
313760105000076 313760115000005 9806 
313760105000076 313760115000006 12336 
313760105000076 313760115000007 10771 
313760105000076 313760115000011 11296 
313760105000076 313760115000015 7364 
313760105000076 31376011500002 7924 
313760105000077 313760105000013 1647 
313760105000077 313760105000026 3185 
313760105000077 313760105000048 5082 
313760105000077 31376010500005 6518 
313760105000077 313760105000076 263 
313760105000077 313760105000082 989 
313760105000077 313760105000098 1514 
313760105000077 313760105000102 3826 
313760105000077 313760105000122 3320 
313760105000077 313760105000125 2502 
313760105000077 313760105000132 2610 
313760105000077 313760105000135 4346 
313760105000077 313760105000139 5663 
313760105000077 313760105000145 3769 
313760105000077 313760105000146 4953 
313760105000077 313760105000152 8251 
313760105000077 313760105000168 2090 
313760105000077 313760105000172 6281 
313760105000077 313760105000186 5471 
313760105000077 313760105000201 3077 
313760105000077 313760105000206 3923 
313760105000077 313760105000219 3606 
313760105000077 31376010500022 4332 
313760105000077 313760105000221 3691 
313760105000077 313760105000225 4199 
313760105000077 313760105000226 4478 
313760105000077 313760105000229 4696 
313760105000077 313760105000231 6288 
313760105000077 313760105000235 3386 
313760105000077 313760105000239 475 
313760105000077 313760105000257 479 
313760105000077 313760105000259 2286 
313760105000077 313760105000264 4895 
313760105000077 313760105000273 5743 
313760105000077 31376010500028 6598 
313760105000077 313760114000002 6517 
313760105000077 313760114000007 6080 
313760105000077 313760114000008 5640 
313760105000077 313760114000009 4776 
313760105000077 31376011400001 8126 
313760105000077 313760115000003 8590 
313760105000077 313760115000005 9594 
313760105000077 313760115000006 12080 
313760105000077 313760115000007 10507 
313760105000077 313760115000011 11051 
313760105000077 313760115000015 7131 
313760105000077 31376011500002 7661 
313760105000078 313760105000013 1514 
313760105000078 313760105000026 3848 
313760105000078 313760105000048 4390 
313760105000078 31376010500005 7064 
313760105000078 313760105000076 643 
313760105000078 313760105000082 648 
313760105000078 313760105000098 1900 
313760105000078 313760105000102 4044 
313760105000078 313760105000122 4020 
313760105000078 313760105000125 3189 
313760105000078 313760105000132 3248 
313760105000078 313760105000135 4896 
313760105000078 313760105000139 6111 
313760105000078 313760105000145 3276 
313760105000078 313760105000146 4404 
313760105000078 313760105000152 8520 
313760105000078 313760105000168 2737 
313760105000078 313760105000172 6979 
313760105000078 313760105000186 5913 
313760105000078 313760105000201 3296 
313760105000078 313760105000206 4601 
313760105000078 313760105000219 4094 
313760105000078 31376010500022 4760 
313760105000078 313760105000221 4113 
313760105000078 313760105000225 4538 
313760105000078 313760105000226 4857 
313760105000078 313760105000229 5046 
313760105000078 313760105000231 6938 
313760105000078 313760105000235 4079 
313760105000078 313760105000239 853 
313760105000078 313760105000257 302 
313760105000078 313760105000259 2784 
313760105000078 313760105000264 4743 
313760105000078 313760105000273 6160 
313760105000078 31376010500028 6662 
313760105000078 313760114000002 6248 
313760105000078 313760114000007 5652 
313760105000078 313760114000008 5243 
313760105000078 313760114000009 4334 
313760105000078 31376011400001 7576 
313760105000078 313760115000003 8954 
313760105000078 313760115000005 10207 
313760105000078 313760115000006 12525 
313760105000078 313760115000007 10780 
313760105000078 313760115000011 11556 
313760105000078 313760115000015 7694 
313760105000078 31376011500002 8002 
31376010500008 313760105000013 1345 
31376010500008 313760105000026 3518 
31376010500008 313760105000048 4649 
31376010500008 31376010500005 6720 
31376010500008 313760105000076 311 
31376010500008 313760105000082 568 
31376010500008 313760105000098 1568 
31376010500008 313760105000102 3763 
31376010500008 313760105000122 3734 
31376010500008 313760105000125 2876 
31376010500008 313760105000132 3063 
31376010500008 313760105000135 4783 
31376010500008 313760105000139 6066 
31376010500008 313760105000145 3337 
31376010500008 313760105000146 4746 
31376010500008 313760105000152 8578 
31376010500008 313760105000168 2543 
31376010500008 313760105000172 6710 
31376010500008 313760105000186 5871 
31376010500008 313760105000201 3011 
31376010500008 313760105000206 4278 
31376010500008 313760105000219 4021 
31376010500008 31376010500022 4725 
31376010500008 313760105000221 4080 
31376010500008 313760105000225 4553 
31376010500008 313760105000226 4851 
31376010500008 313760105000229 5056 
31376010500008 313760105000231 6602 
31376010500008 313760105000235 3771 
31376010500008 313760105000239 786 
31376010500008 313760105000257 359 
31376010500008 313760105000259 2701 
31376010500008 313760105000264 4979 
31376010500008 313760105000273 5832 
31376010500008 31376010500028 6815 
31376010500008 313760114000002 6176 
31376010500008 313760114000007 5673 
31376010500008 313760114000008 5243 
31376010500008 313760114000009 4362 
31376010500008 31376011400001 7684 
31376010500008 313760115000003 8961 
31376010500008 313760115000005 10045 
31376010500008 313760115000006 12485 
31376010500008 313760115000007 10837 
31376010500008 313760115000011 11476 
31376010500008 313760115000015 7572 
31376010500008 31376011500002 8021 
313760105000081 313760105000013 1094 
313760105000081 313760105000026 4336 
313760105000081 313760105000048 3698 
313760105000081 31376010500005 7232 
313760105000081 313760105000076 1294 
313760105000081 313760105000082 582 
313760105000081 313760105000098 2059 
313760105000081 313760105000102 3780 
313760105000081 313760105000122 4689 
313760105000081 313760105000125 3774 
313760105000081 313760105000132 4094 
313760105000081 313760105000135 5793 
313760105000081 313760105000139 7021 
313760105000081 313760105000145 2369 
313760105000081 313760105000146 4453 
313760105000081 313760105000152 9385 
313760105000081 313760105000168 3574 
313760105000081 313760105000172 7684 
313760105000081 313760105000186 6823 
313760105000081 313760105000201 3074 
313760105000081 313760105000206 5123 
313760105000081 313760105000219 5002 
313760105000081 31376010500022 5669 
313760105000081 313760105000221 5023 
313760105000081 313760105000225 5435 
313760105000081 313760105000226 5761 
313760105000081 313760105000229 5943 
313760105000081 313760105000231 7345 
313760105000081 313760105000235 4676 
313760105000081 313760105000239 1753 
313760105000081 313760105000257 1207 
313760105000081 313760105000259 3690 
313760105000081 313760105000264 5347 
313760105000081 313760105000273 6119 
313760105000081 31376010500028 7421 
313760105000081 313760114000002 5430 
313760105000081 313760114000007 4756 
313760105000081 313760114000008 4358 
313760105000081 313760114000009 3436 
313760105000081 31376011400001 6672 
313760105000081 313760115000003 9850 
313760105000081 313760115000005 11075 
313760105000081 313760115000006 13434 
313760105000081 313760115000007 11643 
313760105000081 313760115000011 12465 
313760105000081 313760115000015 8588 
313760105000081 31376011500002 8893 
313760105000082 313760105000013 872 
313760105000082 313760105000026 3759 
313760105000082 313760105000048 4280 
313760105000082 31376010500005 6738 
313760105000082 313760105000076 760 
313760105000082 313760105000082 0 
313760105000082 313760105000098 1535 
313760105000082 313760105000102 3481 
313760105000082 313760105000122 4111 
313760105000082 313760105000125 3192 
313760105000082 313760105000132 3579 
313760105000082 313760105000135 5335 
313760105000082 313760105000139 6634 
313760105000082 313760105000145 2780 
313760105000082 313760105000146 4820 
313760105000082 313760105000152 9130 
313760105000082 313760105000168 3057 
313760105000082 313760105000172 7108 
313760105000082 313760105000186 6439 
313760105000082 313760105000201 2744 
313760105000082 313760105000206 4544 
313760105000082 313760105000219 4586 
313760105000082 31376010500022 5293 
313760105000082 313760105000221 4648 
313760105000082 313760105000225 5116 
313760105000082 313760105000226 5417 
313760105000082 313760105000229 5620 
313760105000082 313760105000231 6785 
313760105000082 313760105000235 4094 
313760105000082 313760105000239 1353 
313760105000082 313760105000257 868 
313760105000082 313760105000259 3266 
313760105000082 313760105000264 5377 
313760105000082 313760105000273 5709 
313760105000082 31376010500028 7309 
313760105000082 313760114000002 5626 
313760105000082 313760114000007 5105 
313760105000082 313760114000008 4676 
313760105000082 313760114000009 3796 
313760105000082 31376011400001 7140 
313760105000082 313760115000003 9527 
313760105000082 313760115000005 10566 
313760105000082 313760115000006 13053 
313760105000082 313760115000007 11390 
313760105000082 313760115000011 12037 
313760105000082 313760115000015 8119 
313760105000082 31376011500002 8584 
313760105000083 313760105000013 690 
313760105000083 313760105000026 3427 
313760105000083 313760105000048 4593 
313760105000083 31376010500005 6362 
313760105000083 313760105000076 698 
313760105000083 313760105000082 376 
313760105000083 313760105000098 1161 
313760105000083 313760105000102 3154 
313760105000083 313760105000122 3841 
313760105000083 313760105000125 2895 
313760105000083 313760105000132 3437 
313760105000083 313760105000135 5251 
313760105000083 313760105000139 6612 
313760105000083 313760105000145 2896 
313760105000083 313760105000146 5187 
313760105000083 313760105000152 9207 
313760105000083 313760105000168 2916 
313760105000083 313760105000172 6842 
313760105000083 313760105000186 6421 
313760105000083 313760105000201 2410 
313760105000083 313760105000206 4218 
313760105000083 313760105000219 4547 
313760105000083 31376010500022 5288 
313760105000083 313760105000221 4648 
313760105000083 313760105000225 5159 
313760105000083 313760105000226 5439 
313760105000083 313760105000229 5657 
313760105000083 313760105000231 6430 
313760105000083 313760105000235 3794 
313760105000083 313760105000239 1404 
313760105000083 313760105000257 1025 
313760105000083 313760105000259 3232 
313760105000083 313760105000264 5630 
313760105000083 313760105000273 5342 
313760105000083 31376010500028 7482 
313760105000083 313760114000002 5556 
313760105000083 313760114000007 5149 
313760105000083 313760114000008 4698 
313760105000083 313760114000009 3858 
313760105000083 31376011400001 7276 
313760105000083 313760115000003 9551 
313760105000083 313760115000005 10412 
313760105000083 313760115000006 13025 
313760105000083 313760115000007 11464 
313760105000083 313760115000011 11969 
313760105000083 313760115000015 8014 
313760105000083 31376011500002 8622 
313760105000084 313760105000013 1019 
313760105000084 313760105000026 3256 
313760105000084 313760105000048 4800 
313760105000084 31376010500005 6342 
313760105000084 313760105000076 364 
313760105000084 313760105000082 521 
313760105000084 313760105000098 1155 
313760105000084 313760105000102 3330 
313760105000084 313760105000122 3590 
313760105000084 313760105000125 2673 
313760105000084 313760105000132 3111 
313760105000084 313760105000135 4913 
313760105000084 313760105000139 6271 
313760105000084 313760105000145 3222 
313760105000084 313760105000146 5143 
313760105000084 313760105000152 8879 
313760105000084 313760105000168 2589 
313760105000084 313760105000172 6588 
313760105000084 313760105000186 6080 
313760105000084 313760105000201 2579 
313760105000084 313760105000206 4036 
313760105000084 313760105000219 4205 
313760105000084 31376010500022 4947 
313760105000084 313760105000221 4308 
313760105000084 313760105000225 4826 
313760105000084 313760105000226 5101 
313760105000084 313760105000229 5322 
313760105000084 313760105000231 6305 
313760105000084 313760105000235 3575 
313760105000084 313760105000239 1086 
313760105000084 313760105000257 783 
313760105000084 313760105000259 2891 
313760105000084 313760105000264 5403 
313760105000084 313760105000273 5412 
313760105000084 31376010500028 7194 
313760105000084 313760114000002 5891 
313760105000084 313760114000007 5489 
313760105000084 313760114000008 5039 
313760105000084 313760114000009 4195 
313760105000084 31376011400001 7599 
313760105000084 313760115000003 9213 
313760105000084 313760115000005 10092 
313760105000084 313760115000006 12684 
313760105000084 313760115000007 11135 
313760105000084 313760115000011 11630 
313760105000084 313760115000015 7680 
313760105000084 31376011500002 8286 
313760105000085 313760105000013 1125 
313760105000085 313760105000026 3045 
313760105000085 313760105000048 5014 
313760105000085 31376010500005 6168 
313760105000085 313760105000076 352 
313760105000085 313760105000082 735 
313760105000085 313760105000098 1013 
313760105000085 313760105000102 3266 
313760105000085 313760105000122 3378 
313760105000085 313760105000125 2459 
313760105000085 313760105000132 2937 
313760105000085 313760105000135 4762 
313760105000085 313760105000139 6148 
313760105000085 313760105000145 3397 
313760105000085 313760105000146 5303 
313760105000085 313760105000152 8806 
313760105000085 313760105000168 2417 
313760105000085 313760105000172 6376 
313760105000085 313760105000186 5959 
313760105000085 313760105000201 2514 
313760105000085 313760105000206 3823 
313760105000085 313760105000219 4077 
313760105000085 31376010500022 4835 
313760105000085 313760105000221 4200 
313760105000085 313760105000225 4740 
313760105000085 313760105000226 5002 
313760105000085 313760105000229 5231 
313760105000085 313760105000231 6101 
313760105000085 313760105000235 3360 
313760105000085 313760105000239 1059 
313760105000085 313760105000257 867 
313760105000085 313760105000259 2770 
313760105000085 313760105000264 5453 
313760105000085 313760105000273 5279 
313760105000085 31376010500028 7182 
313760105000085 313760114000002 5989 
313760105000085 313760114000007 5636 
313760105000085 313760114000008 5179 
313760105000085 313760114000009 4352 
313760105000085 31376011400001 7778 
313760105000085 313760115000003 9111 
313760105000085 313760115000005 9911 
313760105000085 313760115000006 12554 
313760105000085 313760115000007 11059 
313760105000085 313760115000011 11482 
313760105000085 313760115000015 7518 
313760105000085 31376011500002 8192 
313760105000086 313760105000013 1187 
313760105000086 313760105000026 2819 
313760105000086 313760105000048 5225 
313760105000086 31376010500005 5939 
313760105000086 313760105000076 530 
313760105000086 313760105000082 945 
313760105000086 313760105000098 816 
313760105000086 313760105000102 3120 
313760105000086 313760105000122 3186 
313760105000086 313760105000125 2250 
313760105000086 313760105000132 2834 
313760105000086 313760105000135 4690 
313760105000086 313760105000139 6113 
313760105000086 313760105000145 3524 
313760105000086 313760105000146 5527 
313760105000086 313760105000152 8830 
313760105000086 313760105000168 2319 
313760105000086 313760105000172 6186 
313760105000086 313760105000186 5928 
313760105000086 313760105000201 2371 
313760105000086 313760105000206 3600 
313760105000086 313760105000219 4040 
313760105000086 31376010500022 4817 
313760105000086 313760105000221 4189 
313760105000086 313760105000225 4755 
313760105000086 313760105000226 5002 
313760105000086 313760105000229 5239 
313760105000086 313760105000231 5869 
313760105000086 313760105000235 3151 
313760105000086 313760105000239 1170 
313760105000086 313760105000257 1066 
313760105000086 313760105000259 2749 
313760105000086 313760105000264 5603 
313760105000086 313760105000273 5074 
313760105000086 31376010500028 7274 
313760105000086 313760114000002 6007 
313760105000086 313760114000007 5719 
313760105000086 313760114000008 5251 
313760105000086 313760114000009 4449 
313760105000086 31376011400001 7905 
313760105000086 313760115000003 9101 
313760105000086 313760115000005 9786 
313760105000086 313760115000006 12507 
313760105000086 313760115000007 11079 
313760105000086 313760115000011 11409 
313760105000086 313760115000015 7426 
313760105000086 31376011500002 8192 
313760105000087 313760105000013 1217 
313760105000087 313760105000026 4758 
313760105000087 313760105000048 3266 
313760105000087 31376010500005 7446 
313760105000087 313760105000076 1859 
313760105000087 313760105000082 1106 
313760105000087 313760105000098 2394 
313760105000087 313760105000102 3765 
313760105000087 313760105000122 5195 
313760105000087 313760105000125 4250 
313760105000087 313760105000132 4675 
313760105000087 313760105000135 6390 
313760105000087 313760105000139 7616 
313760105000087 313760105000145 1781 
313760105000087 313760105000146 4540 
313760105000087 313760105000152 9943 
313760105000087 313760105000168 4153 
313760105000087 313760105000172 8195 
313760105000087 313760105000186 7418 
313760105000087 313760105000201 3115 
313760105000087 313760105000206 5553 
313760105000087 313760105000219 5600 
313760105000087 31376010500022 6263 
313760105000087 313760105000221 5617 
313760105000087 313760105000225 6018 
313760105000087 313760105000226 6349 
313760105000087 313760105000229 6527 
313760105000087 313760105000231 7698 
313760105000087 313760105000235 5147 
313760105000087 313760105000239 2351 
313760105000087 313760105000257 1805 
313760105000087 313760105000259 4288 
313760105000087 313760105000264 5757 
313760105000087 313760105000273 6211 
313760105000087 31376010500028 7913 
313760105000087 313760114000002 4936 
313760105000087 313760114000007 4181 
313760105000087 313760114000008 3799 
313760105000087 313760114000009 2862 
313760105000087 31376011400001 6075 
313760105000087 313760115000003 10431 
313760105000087 313760115000005 11660 
313760105000087 313760115000006 14027 
313760105000087 313760115000007 12198 
313760105000087 313760115000011 13063 
313760105000087 313760115000015 9184 
313760105000087 31376011500002 9470 
313760105000088 313760105000013 1200 
313760105000088 313760105000026 4848 
313760105000088 313760105000048 3280 
313760105000088 31376010500005 7316 
313760105000088 313760105000076 2178 
313760105000088 313760105000082 1421 
313760105000088 313760105000098 2446 
313760105000088 313760105000102 3489 
313760105000088 313760105000122 5381 
313760105000088 313760105000125 4406 
313760105000088 313760105000132 4991 
313760105000088 313760105000135 6757 
313760105000088 313760105000139 8031 
313760105000088 313760105000145 1360 
313760105000088 313760105000146 4941 
313760105000088 313760105000152 10413 
313760105000088 313760105000168 4468 
313760105000088 313760105000172 8376 
313760105000088 313760105000186 7834 
313760105000088 313760105000201 2895 
313760105000088 313760105000206 5646 
313760105000088 313760105000219 5995 
313760105000088 31376010500022 6682 
313760105000088 313760105000221 6036 
313760105000088 313760105000225 6462 
313760105000088 313760105000226 6783 
313760105000088 313760105000229 6970 
313760105000088 313760105000231 7696 
313760105000088 313760105000235 5291 
313760105000088 313760105000239 2745 
313760105000088 313760105000257 2214 
313760105000088 313760105000259 4677 
313760105000088 313760105000264 6253 
313760105000088 313760105000273 5990 
313760105000088 31376010500028 8407 
313760105000088 313760114000002 4440 
313760105000088 313760114000007 3727 
313760105000088 313760114000008 3329 
313760105000088 313760114000009 2408 
313760105000088 31376011400001 5721 
313760105000088 313760115000003 10878 
313760105000088 313760115000005 11975 
313760105000088 313760115000006 14447 
313760105000088 313760115000007 12670 
313760105000088 313760115000011 13453 
313760105000088 313760115000015 9541 
313760105000088 31376011500002 9922 
313760105000089 313760105000013 531 
313760105000089 313760105000026 4085 
313760105000089 313760105000048 3957 
313760105000089 31376010500005 6759 
313760105000089 313760105000076 1409 
313760105000089 313760105000082 688 
313760105000089 313760105000098 1703 
313760105000089 313760105000102 3179 
313760105000089 313760105000122 4579 
313760105000089 313760105000125 3612 
313760105000089 313760105000132 4200 
313760105000089 313760105000135 5995 
313760105000089 313760105000139 7317 
313760105000089 313760105000145 2132 
313760105000089 313760105000146 5056 
313760105000089 313760105000152 9813 
313760105000089 313760105000168 3678 
313760105000089 313760105000172 7577 
313760105000089 313760105000186 7123 
313760105000089 313760105000201 2491 
313760105000089 313760105000206 4882 
313760105000089 313760105000219 5263 
313760105000089 31376010500022 5979 
313760105000089 313760105000221 5335 
313760105000089 313760105000225 5805 
313760105000089 313760105000226 6106 
313760105000089 313760105000229 6309 
313760105000089 313760105000231 7002 
313760105000089 313760105000235 4502 
313760105000089 313760105000239 2041 
313760105000089 313760105000257 1550 
313760105000089 313760105000259 3943 
313760105000089 313760105000264 5935 
313760105000089 313760105000273 5567 
313760105000089 31376010500028 7947 
313760105000089 313760114000002 4947 
313760105000089 313760114000007 4423 
313760105000089 313760114000008 3989 
313760105000089 313760114000009 3119 
313760105000089 31376011400001 6511 
313760105000089 313760115000003 10216 
313760105000089 313760115000005 11179 
313760105000089 313760115000006 13735 
313760105000089 313760115000007 12073 
313760105000089 313760115000011 12706 
313760105000089 313760115000015 8768 
313760105000089 31376011500002 9273 
31376010500009 313760105000013 541 
31376010500009 313760105000026 4183 
31376010500009 313760105000048 3975 
31376010500009 31376010500005 6633 
31376010500009 313760105000076 1784 
31376010500009 313760105000082 1111 
31376010500009 313760105000098 1780 
31376010500009 313760105000102 2892 
31376010500009 313760105000122 4771 
31376010500009 313760105000125 3781 
31376010500009 313760105000132 4518 
31376010500009 313760105000135 6347 
31376010500009 313760105000139 7704 
31376010500009 313760105000145 1850 
31376010500009 313760105000146 5388 
31376010500009 313760105000152 10242 
31376010500009 313760105000168 3999 
31376010500009 313760105000172 7753 
31376010500009 313760105000186 7513 
31376010500009 313760105000201 2251 
31376010500009 313760105000206 4980 
31376010500009 313760105000219 5642 
31376010500009 31376010500022 6375 
31376010500009 313760105000221 5733 
31376010500009 313760105000225 6221 
31376010500009 313760105000226 6513 
31376010500009 313760105000229 6723 
31376010500009 313760105000231 7002 
31376010500009 313760105000235 4652 
31376010500009 313760105000239 2452 
31376010500009 313760105000257 1980 
31376010500009 313760105000259 4325 
31376010500009 313760105000264 6372 
31376010500009 313760105000273 5350 
31376010500009 31376010500028 8391 
31376010500009 313760114000002 4514 
31376010500009 313760114000007 4052 
31376010500009 313760114000008 3601 
31376010500009 313760114000009 2765 
31376010500009 31376011400001 6223 
31376010500009 313760115000003 10626 
31376010500009 313760115000005 11473 
31376010500009 313760115000006 14120 
31376010500009 313760115000007 12501 
31376010500009 313760115000011 13066 
31376010500009 313760115000015 9104 
31376010500009 31376011500002 9688 
313760105000091 313760105000013 663 
313760105000091 313760105000026 4043 
313760105000091 313760105000048 4312 
313760105000091 31376010500005 6266 
313760105000091 313760105000076 2046 
313760105000091 313760105000082 1476 
313760105000091 313760105000098 1692 
313760105000091 313760105000102 2431 
313760105000091 313760105000122 4731 
313760105000091 313760105000125 3727 
313760105000091 313760105000132 4644 
313760105000091 313760105000135 6515 
313760105000091 313760105000139 7931 
313760105000091 313760105000145 1923 
313760105000091 313760105000146 5875 
313760105000091 313760105000152 10558 
313760105000091 313760105000168 4136 
313760105000091 313760105000172 7678 
313760105000091 313760105000186 7743 
313760105000091 313760105000201 1826 
313760105000091 313760105000206 4831 
313760105000091 313760105000219 5859 
313760105000091 31376010500022 6620 
313760105000091 313760105000221 5984 
313760105000091 313760105000225 6509 
313760105000091 313760105000226 6782 
313760105000091 313760105000229 7005 
313760105000091 313760105000231 6743 
313760105000091 313760105000235 4565 
313760105000091 313760105000239 2754 
313760105000091 313760105000257 2331 
313760105000091 313760105000259 4555 
313760105000091 313760105000264 6816 
313760105000091 313760105000273 4921 
313760105000091 31376010500028 8785 
313760105000091 313760114000002 4208 
313760105000091 313760114000007 3916 
313760105000091 313760114000008 3436 
313760105000091 313760114000009 2686 
313760105000091 31376011400001 6214 
313760105000091 313760115000003 10893 
313760105000091 313760115000005 11541 
313760105000091 313760115000006 14332 
313760105000091 313760115000007 12815 
313760105000091 313760115000011 13234 
313760105000091 313760115000015 9238 
313760105000091 31376011500002 9969 
313760105000092 313760105000013 1521 
313760105000092 313760105000026 4848 
313760105000092 313760105000048 3945 
313760105000092 31376010500005 6737 
313760105000092 313760105000076 2877 
313760105000092 313760105000082 2222 
313760105000092 313760105000098 2554 
313760105000092 313760105000102 2686 
313760105000092 313760105000122 5590 
313760105000092 313760105000125 4583 
313760105000092 313760105000132 5529 
313760105000092 313760105000135 7394 
313760105000092 313760105000139 8790 
313760105000092 313760105000145 1237 
313760105000092 313760105000146 6089 
313760105000092 313760105000152 11353 
313760105000092 313760105000168 5019 
313760105000092 313760105000172 8511 
313760105000092 313760105000186 8600 
313760105000092 313760105000201 2275 
313760105000092 313760105000206 5623 
313760105000092 313760105000219 6721 
313760105000092 31376010500022 7468 
313760105000092 313760105000221 6828 
313760105000092 313760105000225 7328 
313760105000092 313760105000226 7616 
313760105000092 313760105000229 7829 
313760105000092 313760105000231 7403 
313760105000092 313760105000235 5401 
313760105000092 313760105000239 3559 
313760105000092 313760105000257 3090 
313760105000092 313760105000259 5410 
313760105000092 313760105000264 7390 
313760105000092 313760105000273 5233 
313760105000092 31376010500028 9475 
313760105000092 313760114000002 3404 
313760105000092 313760114000007 3029 
313760105000092 313760114000008 2550 
313760105000092 313760114000009 1818 
313760105000092 31376011400001 5364 
313760105000092 313760115000003 11729 
313760105000092 313760115000005 12425 
313760105000092 313760115000006 15199 
313760105000092 313760115000007 13612 
313760105000092 313760115000011 14114 
313760105000092 313760115000015 10123 
313760105000092 31376011500002 10795 
313760105000094 313760105000013 747 
313760105000094 313760105000026 3521 
313760105000094 313760105000048 4886 
313760105000094 31376010500005 5697 
313760105000094 313760105000076 1982 
313760105000094 313760105000082 1606 
313760105000094 313760105000098 1259 
313760105000094 313760105000102 1964 
313760105000094 313760105000122 4272 
313760105000094 313760105000125 3265 
313760105000094 313760105000132 4338 
313760105000094 313760105000135 6240 
313760105000094 313760105000139 7716 
313760105000094 313760105000145 2473 
313760105000094 313760105000146 6272 
313760105000094 313760105000152 10457 
313760105000094 313760105000168 3848 
313760105000094 313760105000172 7182 
313760105000094 313760105000186 7535 
313760105000094 313760105000201 1296 
313760105000094 313760105000206 4300 
313760105000094 313760105000219 5645 
313760105000094 31376010500022 6435 
313760105000094 313760105000221 5813 
313760105000094 313760105000225 6384 
313760105000094 313760105000226 6628 
313760105000094 313760105000229 6868 
313760105000094 313760105000231 6168 
313760105000094 313760105000235 4072 
313760105000094 313760105000239 2709 
313760105000094 313760105000257 2376 
313760105000094 313760105000259 4371 
313760105000094 313760105000264 6974 
313760105000094 313760105000273 4394 
313760105000094 31376010500028 8822 
313760105000094 313760114000002 4410 
313760105000094 313760114000007 4312 
313760105000094 313760114000008 3813 
313760105000094 313760114000009 3144 
313760105000094 31376011400001 6692 
313760105000094 313760115000003 10723 
313760105000094 313760115000005 11148 
313760105000094 313760115000006 14085 
313760105000094 313760115000007 12707 
313760105000094 313760115000011 12938 
313760105000094 313760115000015 8913 
313760105000094 31376011500002 9819 
313760105000095 313760105000013 634 
313760105000095 313760105000026 3149 
313760105000095 313760105000048 5053 
313760105000095 31376010500005 5597 
313760105000095 313760105000076 1572 
313760105000095 313760105000082 1340 
313760105000095 313760105000098 803 
313760105000095 313760105000102 2141 
313760105000095 313760105000122 3840 
313760105000095 313760105000125 2834 
313760105000095 313760105000132 3858 
313760105000095 313760105000135 5759 
313760105000095 313760105000139 7239 
313760105000095 313760105000145 2816 
313760105000095 313760105000146 6132 
313760105000095 313760105000152 10000 
313760105000095 313760105000168 3368 
313760105000095 313760105000172 6780 
313760105000095 313760105000186 7058 
313760105000095 313760105000201 1404 
313760105000095 313760105000206 3940 
313760105000095 313760105000219 5168 
313760105000095 31376010500022 5962 
313760105000095 313760105000221 5343 
313760105000095 313760105000225 5923 
313760105000095 313760105000226 6161 
313760105000095 313760105000229 6404 
313760105000095 313760105000231 5919 
313760105000095 313760105000235 3667 
313760105000095 313760105000239 2292 
313760105000095 313760105000257 2015 
313760105000095 313760105000259 3900 
313760105000095 313760105000264 6636 
313760105000095 313760105000273 4423 
313760105000095 31376010500028 8416 
313760105000095 313760114000002 4890 
313760105000095 313760114000007 4765 
313760105000095 313760114000008 4271 
313760105000095 313760114000009 3569 
313760105000095 31376011400001 7107 
313760105000095 313760115000003 10250 
313760105000095 313760115000005 10687 
313760105000095 313760115000006 13605 
313760105000095 313760115000007 12247 
313760105000095 313760115000011 12459 
313760105000095 313760115000015 8437 
313760105000095 31376011500002 9350 
313760105000096 313760105000013 1487 
313760105000096 313760105000026 2483 
313760105000096 313760105000048 5900 
313760105000096 31376010500005 4744 
313760105000096 313760105000076 2047 
313760105000096 313760105000082 2072 
313760105000096 313760105000098 737 
313760105000096 313760105000102 1611 
313760105000096 313760105000122 3333 
313760105000096 313760105000125 2344 
313760105000096 313760105000132 3690 
313760105000096 313760105000135 5603 
313760105000096 313760105000139 7170 
313760105000096 313760105000145 3552 
313760105000096 313760105000146 6892 
313760105000096 313760105000152 10092 
313760105000096 313760105000168 3256 
313760105000096 313760105000172 6166 
313760105000096 313760105000186 7003 
313760105000096 313760105000201 887 
313760105000096 313760105000206 3246 
313760105000096 313760105000219 5135 
313760105000096 31376010500022 5965 
313760105000096 313760105000221 5380 
313760105000096 313760105000225 6024 
313760105000096 313760105000226 6211 
313760105000096 313760105000229 6478 
313760105000096 313760105000231 5097 
313760105000096 313760105000235 3078 
313760105000096 313760105000239 2689 
313760105000096 313760105000257 2565 
313760105000096 313760105000259 3959 
313760105000096 313760105000264 7132 
313760105000096 313760105000273 3636 
313760105000096 31376010500028 8727 
313760105000096 313760114000002 5147 
313760105000096 313760114000007 5277 
313760105000096 313760114000008 4763 
313760105000096 313760114000009 4174 
313760105000096 31376011400001 7722 
313760105000096 313760115000003 10229 
313760105000096 313760115000005 10274 
313760105000096 313760115000006 13443 
313760105000096 313760115000007 12315 
313760105000096 313760115000011 12216 
313760105000096 313760115000015 8163 
313760105000096 31376011500002 9369 
313760105000097 313760105000013 1205 
313760105000097 313760105000026 2505 
313760105000097 313760105000048 5652 
313760105000097 31376010500005 5091 
313760105000097 313760105000076 1590 
313760105000097 313760105000082 1663 
313760105000097 313760105000098 305 
313760105000097 313760105000102 2056 
313760105000097 313760105000122 3227 
313760105000097 313760105000125 2221 
313760105000097 313760105000132 3395 
313760105000097 313760105000135 5311 
313760105000097 313760105000139 6845 
313760105000097 313760105000145 3461 
313760105000097 313760105000146 6471 
313760105000097 313760105000152 9714 
313760105000097 313760105000168 2934 
313760105000097 313760105000172 6145 
313760105000097 313760105000186 6672 
313760105000097 313760105000201 1317 
313760105000097 313760105000206 3295 
313760105000097 313760105000219 4792 
313760105000097 31376010500022 5611 
313760105000097 313760105000221 5013 
313760105000097 313760105000225 5639 
313760105000097 313760105000226 5842 
313760105000097 313760105000229 6101 
313760105000097 313760105000231 5305 
313760105000097 313760105000235 3033 
313760105000097 313760105000239 2235 
313760105000097 313760105000257 2111 
313760105000097 313760105000259 3579 
313760105000097 313760105000264 6675 
313760105000097 313760105000273 4063 
313760105000097 31376010500028 8294 
313760105000097 313760114000002 5361 
313760105000097 313760114000007 5354 
313760105000097 313760114000008 4851 
313760105000097 313760114000009 4187 
313760105000097 31376011400001 7732 
313760105000097 313760115000003 9890 
313760105000097 313760115000005 10119 
313760105000097 313760115000006 13162 
313760105000097 313760115000007 11946 
313760105000097 313760115000011 11972 
313760105000097 313760115000015 7930 
313760105000097 31376011500002 9015 
313760105000098 313760105000013 1248 
313760105000098 313760105000026 2403 
313760105000098 313760105000048 5659 
313760105000098 31376010500005 5205 
313760105000098 313760105000076 1346 
313760105000098 313760105000082 1535 
313760105000098 313760105000098 0 
313760105000098 313760105000102 2348 
313760105000098 313760105000122 3039 
313760105000098 313760105000125 2035 
313760105000098 313760105000132 3114 
313760105000098 313760105000135 5027 
313760105000098 313760105000139 6551 
313760105000098 313760105000145 3590 
313760105000098 313760105000146 6298 
313760105000098 313760105000152 9410 
313760105000098 313760105000168 2644 
313760105000098 313760105000172 5993 
313760105000098 313760105000186 6376 
313760105000098 313760105000201 1615 
313760105000098 313760105000206 3200 
313760105000098 313760105000219 4494 
313760105000098 31376010500022 5310 
313760105000098 313760105000221 4710 
313760105000098 313760105000225 5333 
313760105000098 313760105000226 5538 
313760105000098 313760105000229 5797 
313760105000098 313760105000231 5306 
313760105000098 313760105000235 2882 
313760105000098 313760105000239 1958 
313760105000098 313760105000257 1877 
313760105000098 313760105000259 3275 
313760105000098 313760105000264 6403 
313760105000098 313760105000273 4265 
313760105000098 31376010500028 7995 
313760105000098 313760114000002 5630 
313760105000098 313760114000007 5567 
313760105000098 313760114000008 5070 
313760105000098 313760114000009 4371 
313760105000098 31376011400001 7906 
313760105000098 313760115000003 9591 
313760105000098 313760115000005 9889 
313760105000098 313760115000006 12879 
313760105000098 313760115000007 11642 
313760105000098 313760115000011 11702 
313760105000098 313760115000015 7667 
313760105000098 31376011500002 8713 
313760105000099 313760105000013 1747 
313760105000099 313760105000026 1910 
313760105000099 313760105000048 6121 
313760105000099 31376010500005 4913 
313760105000099 313760105000076 1531 
313760105000099 313760105000082 1910 
313760105000099 313760105000098 510 
313760105000099 313760105000102 2510 
313760105000099 313760105000122 2532 
313760105000099 313760105000125 1527 
313760105000099 313760105000132 2721 
313760105000099 313760105000135 4636 
313760105000099 313760105000139 6199 
313760105000099 313760105000145 4101 
313760105000099 313760105000146 6548 
313760105000099 313760105000152 9136 
313760105000099 313760105000168 2285 
313760105000099 313760105000172 5482 
313760105000099 313760105000186 6031 
313760105000099 313760105000201 1835 
313760105000099 313760105000206 2707 
313760105000099 313760105000219 4166 
313760105000099 31376010500022 4999 
313760105000099 313760105000221 4420 
313760105000099 313760105000225 5078 
313760105000099 313760105000226 5252 
313760105000099 313760105000229 5523 
313760105000099 313760105000231 4876 
313760105000099 313760105000235 2372 
313760105000099 313760105000239 2003 
313760105000099 313760105000257 2061 
313760105000099 313760105000259 3012 
313760105000099 313760105000264 6410 
313760105000099 313760105000273 4136 
313760105000099 31376010500028 7858 
313760105000099 313760114000002 6064 
313760105000099 313760114000007 6059 
313760105000099 313760114000008 5559 
313760105000099 313760114000009 4875 
313760105000099 31376011400001 8414 
313760105000099 313760115000003 9258 
313760105000099 313760115000005 9408 
313760105000099 313760115000006 12482 
313760105000099 313760115000007 11353 
313760105000099 313760115000011 11274 
313760105000099 313760115000015 7227 
313760105000099 31376011500002 8402 
313760105000101 313760105000013 1714 
313760105000101 313760105000026 4032 
313760105000101 313760105000048 5195 
313760105000101 31376010500005 5514 
313760105000101 313760105000076 2997 
313760105000101 313760105000082 2587 
313760105000101 313760105000098 2108 
313760105000101 313760105000102 1434 
313760105000101 313760105000122 4933 
313760105000101 313760105000125 3948 
313760105000101 313760105000132 5219 
313760105000101 313760105000135 7134 
313760105000101 313760105000139 8654 
313760105000101 313760105000145 2469 
313760105000101 313760105000146 7070 
313760105000101 313760105000152 11450 
313760105000101 313760105000168 4752 
313760105000101 313760105000172 7713 
313760105000101 313760105000186 8477 
313760105000101 313760105000201 1133 
313760105000101 313760105000206 4756 
313760105000101 313760105000219 6591 
313760105000101 31376010500022 7396 
313760105000101 313760105000221 6782 
313760105000101 313760105000225 7372 
313760105000101 313760105000226 7604 
313760105000101 313760105000229 7851 
313760105000101 313760105000231 6307 
313760105000101 313760105000235 4659 
313760105000101 313760105000239 3723 
313760105000101 313760105000257 3386 
313760105000101 313760105000259 5340 
313760105000101 313760105000264 7964 
313760105000101 313760105000273 3980 
313760105000101 31376010500028 9838 
313760105000101 313760114000002 3547 
313760105000101 313760114000007 3746 
313760105000101 313760114000008 3225 
313760105000101 313760114000009 2777 
313760105000101 31376011400001 6268 
313760105000101 313760115000003 11683 
313760105000101 313760115000005 11878 
313760105000101 313760115000006 14986 
313760105000101 313760115000007 13696 
313760105000101 313760115000011 13793 
313760105000101 313760115000015 9746 
313760105000101 31376011500002 10791 
313760105000102 313760105000013 2687 
313760105000102 313760105000026 3346 
313760105000102 313760105000048 6618 
313760105000102 31376010500005 4110 
313760105000102 313760105000076 3618 
313760105000102 313760105000082 3481 
313760105000102 313760105000098 2348 
313760105000102 313760105000102 0 
313760105000102 313760105000122 4410 
313760105000102 313760105000125 3543 
313760105000102 313760105000132 5129 
313760105000102 313760105000135 7006 
313760105000102 313760105000139 8624 
313760105000102 313760105000145 3901 
313760105000102 313760105000146 8233 
313760105000102 313760105000152 11633 
313760105000102 313760105000168 4748 
313760105000102 313760105000172 6881 
313760105000102 313760105000186 8467 
313760105000102 313760105000201 752 
313760105000102 313760105000206 3935 
313760105000102 313760105000219 6636 
313760105000102 31376010500022 7477 
313760105000102 313760105000221 6917 
313760105000102 313760105000225 7586 
313760105000102 313760105000226 7748 
313760105000102 313760105000229 8024 
313760105000102 313760105000231 5082 
313760105000102 313760105000235 4033 
313760105000102 313760105000239 4289 
313760105000102 313760105000257 4113 
313760105000102 313760105000259 5521 
313760105000102 313760105000264 8719 
313760105000102 313760105000273 2547 
313760105000102 31376010500028 10337 
313760105000102 313760114000002 4269 
313760105000102 313760114000007 4894 
313760105000102 313760114000008 4377 
313760105000102 313760114000009 4107 
313760105000102 31376011400001 7477 
313760105000102 313760115000003 11699 
313760105000102 313760115000005 11300 
313760105000102 313760115000006 14774 
313760105000102 313760115000007 13836 
313760105000102 313760115000011 13464 
313760105000102 313760115000015 9407 
313760105000102 31376011500002 10870 
313760105000103 313760105000013 2390 
313760105000103 313760105000026 4004 
313760105000103 313760105000048 5904 
313760105000103 31376010500005 4960 
313760105000103 313760105000076 3569 
313760105000103 313760105000082 3254 
313760105000103 313760105000098 2484 
313760105000103 313760105000102 868 
313760105000103 313760105000122 5006 
313760105000103 313760105000125 4069 
313760105000103 313760105000132 5513 
313760105000103 313760105000135 7424 
313760105000103 313760105000139 8996 
313760105000103 313760105000145 3128 
313760105000103 313760105000146 7823 
313760105000103 313760105000152 11895 
313760105000103 313760105000168 5081 
313760105000103 313760105000172 7625 
313760105000103 313760105000186 8828 
313760105000103 313760105000201 1024 
313760105000103 313760105000206 4659 
313760105000103 313760105000219 6958 
313760105000103 31376010500022 7784 
313760105000103 313760105000221 7191 
313760105000103 313760105000225 7818 
313760105000103 313760105000226 8021 
313760105000103 313760105000229 8281 
313760105000103 313760105000231 5941 
313760105000103 313760105000235 4672 
313760105000103 313760105000239 4285 
313760105000103 313760105000257 4005 
313760105000103 313760105000259 5759 
313760105000103 313760105000264 8618 
313760105000103 313760105000273 3329 
313760105000103 31376010500028 10407 
313760105000103 313760114000002 3499 
313760105000103 313760114000007 4029 
313760105000103 313760114000008 3511 
313760105000103 313760114000009 3250 
313760105000103 31376011400001 6610 
313760105000103 313760115000003 12054 
313760105000103 313760115000005 11948 
313760105000103 313760115000006 15254 
313760105000103 313760115000007 14125 
313760105000103 313760115000011 14000 
313760105000103 313760115000015 9940 
313760105000103 31376011500002 11188 
313760105000105 313760105000013 3128 
313760105000105 313760105000026 4133 
313760105000105 313760105000048 6642 
313760105000105 31376010500005 4464 
313760105000105 313760105000076 4225 
313760105000105 313760105000082 3978 
313760105000105 313760105000098 3032 
313760105000105 313760105000102 797 
313760105000105 313760105000122 5205 
313760105000105 313760105000125 4340 
313760105000105 313760105000132 5911 
313760105000105 313760105000135 7796 
313760105000105 313760105000139 9407 
313760105000105 313760105000145 3840 
313760105000105 313760105000146 8599 
313760105000105 313760105000152 12391 
313760105000105 313760105000168 5517 
313760105000105 313760105000172 7623 
313760105000105 313760105000186 9248 
313760105000105 313760105000201 1425 
313760105000105 313760105000206 4697 
313760105000105 313760105000219 7406 
313760105000105 31376010500022 8245 
313760105000105 313760105000221 7674 
313760105000105 313760105000225 8331 
313760105000105 313760105000226 8506 
313760105000105 313760105000229 8778 
313760105000105 313760105000231 5658 
313760105000105 313760105000235 4823 
313760105000105 313760105000239 4924 
313760105000105 313760105000257 4689 
313760105000105 313760105000259 6264 
313760105000105 313760105000264 9311 
313760105000105 313760105000273 2728 
313760105000105 31376010500028 11021 
313760105000105 313760114000002 3609 
313760105000105 313760114000007 4431 
313760105000105 313760114000008 3931 
313760105000105 313760114000009 3828 
313760105000105 31376011400001 7022 
313760105000105 313760115000003 12480 
313760105000105 313760115000005 12080 
313760105000105 313760115000006 15571 
313760105000105 313760115000007 14603 
313760105000105 313760115000011 14261 
313760105000105 313760115000015 10204 
313760105000105 31376011500002 11642 
313760105000106 313760105000013 3209 
313760105000106 313760105000026 888 
313760105000106 313760105000048 7653 
313760105000106 31376010500005 3366 
313760105000106 313760105000076 3114 
313760105000106 313760105000082 3513 
313760105000106 313760105000098 2007 
313760105000106 313760105000102 2472 
313760105000106 313760105000122 1999 
313760105000106 313760105000125 1349 
313760105000106 313760105000132 3097 
313760105000106 313760105000135 4807 
313760105000106 313760105000139 6469 
313760105000106 313760105000145 5396 
313760105000106 313760105000146 8118 
313760105000106 313760105000152 9634 
313760105000106 313760105000168 2884 
313760105000106 313760105000172 4458 
313760105000106 313760105000186 6336 
313760105000106 313760105000201 2192 
313760105000106 313760105000206 1490 
313760105000106 313760105000219 4646 
313760105000106 31376010500022 5484 
313760105000106 313760105000221 5020 
313760105000106 313760105000225 5752 
313760105000106 313760105000226 5816 
313760105000106 313760105000229 6116 
313760105000106 313760105000231 3303 
313760105000106 313760105000235 1580 
313760105000106 313760105000239 3464 
313760105000106 313760105000257 3628 
313760105000106 313760105000259 3815 
313760105000106 313760105000264 7672 
313760105000106 313760105000273 2951 
313760105000106 31376010500028 8788 
313760105000106 313760114000002 6669 
313760105000106 313760114000007 7027 
313760105000106 313760114000008 6506 
313760105000106 313760114000009 5988 
313760105000106 31376011400001 9525 
313760105000106 313760115000003 9530 
313760105000106 313760115000005 8828 
313760105000106 313760115000006 12412 
313760105000106 313760115000007 11761 
313760105000106 313760115000011 11049 
313760105000106 313760115000015 7007 
313760105000106 31376011500002 8773 
313760105000108 313760105000013 2755 
313760105000108 313760105000026 1020 
313760105000108 313760105000048 7040 
313760105000108 31376010500005 4522 
313760105000108 313760105000076 2188 
313760105000108 313760105000082 2764 
313760105000108 313760105000098 1538 
313760105000108 313760105000102 3136 
313760105000108 313760105000122 1506 
313760105000108 313760105000125 500 
313760105000108 313760105000132 2021 
313760105000108 313760105000135 3870 
313760105000108 313760105000139 5500 
313760105000108 313760105000145 5125 
313760105000108 313760105000146 7074 
313760105000108 313760105000152 8579 
313760105000108 313760105000168 1721 
313760105000108 313760105000172 4458 
313760105000108 313760105000186 5349 
313760105000108 313760105000201 2594 
313760105000108 313760105000206 1783 
313760105000108 313760105000219 3564 
313760105000108 31376010500022 4410 
313760105000108 313760105000221 3900 
313760105000108 313760105000225 4615 
313760105000108 313760105000226 4716 
313760105000108 313760105000229 5009 
313760105000108 313760105000231 4123 
313760105000108 313760105000235 1358 
313760105000108 313760105000239 2375 
313760105000108 313760105000257 2644 
313760105000108 313760105000259 2626 
313760105000108 313760105000264 6466 
313760105000108 313760105000273 4142 
313760105000108 31376010500028 7601 
313760105000108 313760114000002 7003 
313760105000108 313760114000007 7074 
313760105000108 313760114000008 6570 
313760105000108 313760114000009 5902 
313760105000108 31376011400001 9442 
313760105000108 313760115000003 8576 
313760105000108 313760115000005 8420 
313760105000108 313760115000006 11654 
313760105000108 313760115000007 10750 
313760105000108 313760115000011 10387 
313760105000108 313760115000015 6327 
313760105000108 31376011500002 7770 
313760105000109 313760105000013 3022 
313760105000109 313760105000026 800 
313760105000109 313760105000048 7302 
313760105000109 31376010500005 4399 
313760105000109 313760105000076 2430 
313760105000109 313760105000082 3024 
313760105000109 313760105000098 1801 
313760105000109 313760105000102 3289 
313760105000109 313760105000122 1255 
313760105000109 313760105000125 262 
313760105000109 313760105000132 1944 
313760105000109 313760105000135 3741 
313760105000109 313760105000139 5386 
313760105000109 313760105000145 5390 
313760105000109 313760105000146 7271 
313760105000109 313760105000152 8503 
313760105000109 313760105000168 1708 
313760105000109 313760105000172 4193 
313760105000109 313760105000186 5242 
313760105000109 313760105000201 2784 
313760105000109 313760105000206 1535 
313760105000109 313760105000219 3496 
313760105000109 31376010500022 4340 
313760105000109 313760105000221 3855 
313760105000109 313760105000225 4583 
313760105000109 313760105000226 4660 
313760105000109 313760105000229 4958 
313760105000109 313760105000231 3908 
313760105000109 313760105000235 1091 
313760105000109 313760105000239 2574 
313760105000109 313760105000257 2872 
313760105000109 313760105000259 2643 
313760105000109 313760105000264 6563 
313760105000109 313760105000273 4127 
313760105000109 31376010500028 7613 
313760105000109 313760114000002 7224 
313760105000109 313760114000007 7324 
313760105000109 313760114000008 6818 
313760105000109 313760114000009 6160 
313760105000109 31376011400001 9702 
313760105000109 313760115000003 8461 
313760105000109 313760115000005 8189 
313760105000109 313760115000006 11486 
313760105000109 313760115000007 10656 
313760105000109 313760115000011 10197 
313760105000109 313760115000015 6137 
313760105000109 31376011500002 7671 
31376010500011 313760105000013 3355 
31376010500011 313760105000026 518 
31376010500011 313760105000048 7777 
31376010500011 31376010500005 3493 
31376010500011 313760105000076 3103 
31376010500011 313760105000082 3572 
31376010500011 313760105000098 2119 
31376010500011 313760105000102 2832 
31376010500011 313760105000122 1629 
31376010500011 313760105000125 1049 
31376010500011 313760105000132 2785 
31376010500011 313760105000135 4457 
31376010500011 313760105000139 6120 
31376010500011 313760105000145 5608 
31376010500011 313760105000146 8067 
31376010500011 313760105000152 9299 
31376010500011 313760105000168 2612 
31376010500011 313760105000172 4140 
31376010500011 313760105000186 5991 
31376010500011 313760105000201 2513 
31376010500011 313760105000206 1181 
31376010500011 313760105000219 4327 
31376010500011 31376010500022 5160 
31376010500011 313760105000221 4713 
31376010500011 313760105000225 5451 
31376010500011 313760105000226 5500 
31376010500011 313760105000229 5803 
31376010500011 313760105000231 3212 
31376010500011 313760105000235 1210 
31376010500011 313760105000239 3379 
31376010500011 313760105000257 3597 
31376010500011 313760105000259 3555 
31376010500011 313760105000264 7481 
31376010500011 313760105000273 3244 
31376010500011 31376010500028 8516 
31376010500011 313760114000002 7003 
31376010500011 313760114000007 7314 
31376010500011 313760114000008 6796 
31376010500011 313760114000009 6246 
31376010500011 31376011400001 9791 
31376010500011 313760115000003 9176 
31376010500011 313760115000005 8468 
31376010500011 313760115000006 12042 
31376010500011 313760115000007 11415 
31376010500011 313760115000011 10678 
31376010500011 313760115000015 6636 
31376010500011 31376011500002 8428 
313760105000112 313760105000013 4010 
313760105000112 313760105000026 1059 
313760105000112 313760105000048 8457 
313760105000112 31376010500005 2670 
313760105000112 313760105000076 3903 
313760105000112 313760105000082 4324 
313760105000112 313760105000098 2818 
313760105000112 313760105000102 2913 
313760105000112 313760105000122 2075 
313760105000112 313760105000125 1806 
313760105000112 313760105000132 3470 
313760105000112 313760105000135 4987 
313760105000112 313760105000139 6646 
313760105000112 313760105000145 6150 
313760105000112 313760105000146 8889 
313760105000112 313760105000152 9874 
313760105000112 313760105000168 3365 
313760105000112 313760105000172 3990 
313760105000112 313760105000186 6533 
313760105000112 313760105000201 2805 
313760105000112 313760105000206 1160 
313760105000112 313760105000219 4975 
313760105000112 31376010500022 5788 
313760105000112 313760105000221 5389 
313760105000112 313760105000225 6134 
313760105000112 313760105000226 6147 
313760105000112 313760105000229 6454 
313760105000112 313760105000231 2500 
313760105000112 313760105000235 1595 
313760105000112 313760105000239 4207 
313760105000112 313760105000257 4408 
313760105000112 313760105000259 4316 
313760105000112 313760105000264 8291 
313760105000112 313760105000273 2642 
313760105000112 31376010500028 9244 
313760105000112 313760114000002 7180 
313760105000112 313760114000007 7667 
313760105000112 313760114000008 7145 
313760105000112 313760114000009 6686 
313760105000112 31376011400001 10200 
313760105000112 313760115000003 9660 
313760105000112 313760115000005 8529 
313760105000112 313760115000006 12347 
313760105000112 313760115000007 11940 
313760105000112 313760115000011 10914 
313760105000112 313760115000015 6926 
313760105000112 31376011500002 8961 
313760105000114 313760105000013 4619 
313760105000114 313760105000026 2783 
313760105000114 313760105000048 8917 
313760105000114 31376010500005 1678 
313760105000114 313760105000076 4995 
313760105000114 313760105000082 5195 
313760105000114 313760105000098 3689 
313760105000114 313760105000102 2441 
313760105000114 313760105000122 3833 
313760105000114 313760105000125 3451 
313760105000114 313760105000132 5179 
313760105000114 313760105000135 6745 
313760105000114 313760105000139 8403 
313760105000114 313760105000145 6294 
313760105000114 313760105000146 9987 
313760105000114 313760105000152 11630 
313760105000114 313760105000168 5012 
313760105000114 313760105000172 5337 
313760105000114 313760105000186 8291 
313760105000114 313760105000201 2804 
313760105000114 313760105000206 2860 
313760105000114 313760105000219 6707 
313760105000114 31376010500022 7529 
313760105000114 313760105000221 7107 
313760105000114 313760105000225 7848 
313760105000114 313760105000226 7881 
313760105000114 313760105000229 8186 
313760105000114 313760105000231 2870 
313760105000114 313760105000235 3352 
313760105000114 313760105000239 5472 
313760105000114 313760105000257 5531 
313760105000114 313760105000259 5950 
313760105000114 313760105000264 9788 
313760105000114 313760105000273 889 
313760105000114 31376010500028 10918 
313760105000114 313760114000002 6438 
313760105000114 313760114000007 7283 
313760105000114 313760114000008 6774 
313760105000114 313760114000009 6549 
313760105000114 31376011400001 9876 
313760105000114 313760115000003 11411 
313760105000114 313760115000005 10006 
313760105000114 313760115000006 14015 
313760105000114 313760115000007 13696 
313760105000114 313760115000011 12537 
313760105000114 313760115000015 8604 
313760105000114 31376011500002 10719 
313760105000118 313760105000013 4688 
313760105000118 313760105000026 1218 
313760105000118 313760105000048 9117 
313760105000118 31376010500005 2662 
313760105000118 313760105000076 4399 
313760105000118 313760105000082 4905 
313760105000118 313760105000098 3458 
313760105000118 313760105000102 3731 
313760105000118 313760105000122 1828 
313760105000118 313760105000125 1987 
313760105000118 313760105000132 3397 
313760105000118 313760105000135 4657 
313760105000118 313760105000139 6283 
313760105000118 313760105000145 6901 
313760105000118 313760105000146 9290 
313760105000118 313760105000152 9543 
313760105000118 313760105000168 3417 
313760105000118 313760105000172 3200 
313760105000118 313760105000186 6191 
313760105000118 313760105000201 3615 
313760105000118 313760105000206 720 
313760105000118 313760105000219 4797 
313760105000118 31376010500022 5565 
313760105000118 313760105000221 5244 
313760105000118 313760105000225 5989 
313760105000118 313760105000226 5946 
313760105000118 313760105000229 6255 
313760105000118 313760105000231 1897 
313760105000118 313760105000235 1386 
313760105000118 313760105000239 4593 
313760105000118 313760105000257 4870 
313760105000118 313760105000259 4350 
313760105000118 313760105000264 8418 
313760105000118 313760105000273 3144 
313760105000118 31376010500028 9148 
313760105000118 313760114000002 7999 
313760105000118 313760114000007 8477 
313760105000118 313760114000008 7955 
313760105000118 313760114000009 7476 
313760105000118 31376011400001 11000 
313760105000118 313760115000003 9228 
313760105000118 313760115000005 7797 
313760105000118 313760115000006 11749 
313760105000118 313760115000007 11541 
313760105000118 313760115000011 10272 
313760105000118 313760115000015 6341 
313760105000118 31376011500002 8587 
31376010500012 313760105000013 3688 
31376010500012 313760105000026 392 
31376010500012 313760105000048 8104 
31376010500012 31376010500005 3330 
31376010500012 313760105000076 3389 
31376010500012 313760105000082 3884 
31376010500012 313760105000098 2448 
31376010500012 313760105000102 3094 
31376010500012 313760105000122 1485 
31376010500012 313760105000125 1134 
31376010500012 313760105000132 2801 
31376010500012 313760105000135 4375 
31376010500012 313760105000139 6039 
31376010500012 313760105000145 5946 
31376010500012 313760105000146 8320 
31376010500012 313760105000152 9248 
31376010500012 313760105000168 2689 
31376010500012 313760105000172 3830 
31376010500012 313760105000186 5919 
31376010500012 313760105000201 2819 
31376010500012 313760105000206 862 
31376010500012 313760105000219 4318 
31376010500012 31376010500022 5138 
31376010500012 313760105000221 4724 
31376010500012 313760105000225 5469 
31376010500012 313760105000226 5492 
31376010500012 313760105000229 5797 
31376010500012 313760105000231 2909 
31376010500012 313760105000235 1023 
31376010500012 313760105000239 3623 
31376010500012 313760105000257 3871 
31376010500012 313760105000259 3640 
31376010500012 313760105000264 7628 
31376010500012 313760105000273 3261 
31376010500012 31376010500028 8570 
31376010500012 313760114000002 7299 
31376010500012 313760114000007 7639 
31376010500012 313760114000008 7120 
31376010500012 313760114000009 6579 
31376010500012 31376011400001 10122 
31376010500012 313760115000003 9077 
31376010500012 313760115000005 8212 
31376010500012 313760115000006 11867 
31376010500012 313760115000007 11338 
31376010500012 313760115000011 10477 
31376010500012 313760115000015 6451 
31376010500012 31376011500002 8353 
313760105000122 313760105000013 4230 
313760105000122 313760105000026 1122 
313760105000122 313760105000048 8376 
313760105000122 31376010500005 4490 
313760105000122 313760105000076 3429 
313760105000122 313760105000082 4111 
313760105000122 313760105000098 3039 
313760105000122 313760105000102 4410 
313760105000122 313760105000122 0 
313760105000122 313760105000125 1006 
313760105000122 313760105000132 1600 
313760105000122 313760105000135 2911 
313760105000122 313760105000139 4570 
313760105000122 313760105000145 6613 
313760105000122 313760105000146 7910 
313760105000122 313760105000152 7801 
313760105000122 313760105000168 1736 
313760105000122 313760105000172 3000 
313760105000122 313760105000186 4458 
313760105000122 313760105000201 3983 
313760105000122 313760105000206 1109 
313760105000122 313760105000219 2971 
313760105000122 31376010500022 3752 
313760105000122 313760105000221 3415 
313760105000122 313760105000225 4161 
313760105000122 313760105000226 4127 
313760105000122 313760105000229 4436 
313760105000122 313760105000231 3440 
313760105000122 313760105000235 481 
313760105000122 313760105000239 3353 
313760105000122 313760105000257 3775 
313760105000122 313760105000259 2606 
313760105000122 313760105000264 6693 
313760105000122 313760105000273 4717 
313760105000122 31376010500028 7320 
313760105000122 313760114000002 8457 
313760105000122 313760114000007 8579 
313760105000122 313760114000008 8073 
313760105000122 313760114000009 7408 
313760105000122 31376011400001 10946 
313760105000122 313760115000003 7595 
313760105000122 313760115000005 6952 
313760105000122 313760115000006 10413 
313760105000122 313760115000007 9866 
313760105000122 313760115000011 9060 
313760105000122 313760115000015 5011 
313760105000122 31376011500002 6886 
313760105000123 313760105000013 3490 
313760105000123 313760105000026 1277 
313760105000123 313760105000048 7540 
313760105000123 31376010500005 4952 
313760105000123 313760105000076 2591 
313760105000123 313760105000082 3294 
313760105000123 313760105000098 2369 
313760105000123 313760105000102 4097 
313760105000123 313760105000122 855 
313760105000123 313760105000125 596 
313760105000123 313760105000132 1157 
313760105000123 313760105000135 2921 
313760105000123 313760105000139 4566 
313760105000123 313760105000145 5875 
313760105000123 313760105000146 7087 
313760105000123 313760105000152 7697 
313760105000123 313760105000168 1049 
313760105000123 313760105000172 3820 
313760105000123 313760105000186 4423 
313760105000123 313760105000201 3559 
313760105000123 313760105000206 1715 
313760105000123 313760105000219 2703 
313760105000123 31376010500022 3541 
313760105000123 313760105000221 3085 
313760105000123 313760105000225 3824 
313760105000123 313760105000226 3874 
313760105000123 313760105000229 4176 
313760105000123 313760105000231 4154 
313760105000123 313760105000235 1049 
313760105000123 313760105000239 2499 
313760105000123 313760105000257 2922 
313760105000123 313760105000259 1995 
313760105000123 313760105000264 6045 
313760105000123 313760105000273 4873 
313760105000123 31376010500028 6910 
313760105000123 313760114000002 7940 
313760105000123 313760114000007 7935 
313760105000123 313760114000008 7439 
313760105000123 313760114000009 6724 
313760105000123 31376011400001 10238 
313760105000123 313760115000003 7640 
313760105000123 313760115000005 7521 
313760105000123 313760115000006 10688 
313760105000123 313760115000007 9841 
313760105000123 313760115000011 9426 
313760105000123 313760115000015 5368 
313760105000123 31376011500002 6855 
313760105000124 313760105000013 3498 
313760105000124 313760105000026 761 
313760105000124 313760105000048 7710 
313760105000124 31376010500005 4439 
313760105000124 313760105000076 2785 
313760105000124 313760105000082 3431 
313760105000124 313760105000098 2297 
313760105000124 313760105000102 3758 
313760105000124 313760105000122 744 
313760105000124 313760105000125 262 
313760105000124 313760105000132 1660 
313760105000124 313760105000135 3338 
313760105000124 313760105000139 4997 
313760105000124 313760105000145 5877 
313760105000124 313760105000146 7473 
313760105000124 313760105000152 8163 
313760105000124 313760105000168 1559 
313760105000124 313760105000172 3715 
313760105000124 313760105000186 4863 
313760105000124 313760105000201 3282 
313760105000124 313760105000206 1272 
313760105000124 313760105000219 3193 
313760105000124 31376010500022 4024 
313760105000124 313760105000221 3587 
313760105000124 313760105000225 4329 
313760105000124 313760105000226 4366 
313760105000124 313760105000229 4670 
313760105000124 313760105000231 3714 
313760105000124 313760105000235 677 
313760105000124 313760105000239 2815 
313760105000124 313760105000257 3180 
313760105000124 313760105000259 2509 
313760105000124 313760105000264 6542 
313760105000124 313760105000273 4374 
313760105000124 31376010500028 7425 
313760105000124 313760114000002 7735 
313760105000124 313760114000007 7835 
313760105000124 313760114000008 7330 
313760105000124 313760114000009 6664 
313760105000124 31376011400001 10203 
313760105000124 313760115000003 8062 
313760105000124 313760115000005 7676 
313760105000124 313760115000006 11020 
313760105000124 313760115000007 10287 
313760105000124 313760115000011 9711 
313760105000124 313760115000015 5651 
313760105000124 31376011500002 7300 
313760105000125 313760105000013 3240 
313760105000125 313760105000026 788 
313760105000125 313760105000048 7473 
313760105000125 31376010500005 4462 
313760105000125 313760105000076 2564 
313760105000125 313760105000082 3192 
313760105000125 313760105000098 2035 
313760105000125 313760105000102 3543 
313760105000125 313760105000122 1006 
313760105000125 313760105000125 0 
313760105000125 313760105000132 1747 
313760105000125 313760105000135 3504 
313760105000125 313760105000139 5156 
313760105000125 313760105000145 5616 
313760105000125 313760105000146 7321 
313760105000125 313760105000152 8293 
313760105000125 313760105000168 1566 
313760105000125 313760105000172 3972 
313760105000125 313760105000186 5015 
313760105000125 313760105000201 3045 
313760105000125 313760105000206 1430 
313760105000125 313760105000219 3297 
313760105000125 31376010500022 4137 
313760105000125 313760105000221 3671 
313760105000125 313760105000225 4406 
313760105000125 313760105000226 4467 
313760105000125 313760105000229 4767 
313760105000125 313760105000231 3851 
313760105000125 313760105000235 901 
313760105000125 313760105000239 2639 
313760105000125 313760105000257 2978 
313760105000125 313760105000259 2514 
313760105000125 313760105000264 6497 
313760105000125 313760105000273 4290 
313760105000125 31376010500028 7468 
313760105000125 313760114000002 7485 
313760105000125 313760114000007 7574 
313760105000125 313760114000008 7069 
313760105000125 313760114000009 6402 
313760105000125 31376011400001 9941 
313760105000125 313760115000003 8228 
313760105000125 313760115000005 7930 
313760105000125 313760115000006 11231 
313760105000125 313760115000007 10435 
313760105000125 313760115000011 9937 
313760105000125 313760115000015 5877 
313760105000125 31376011500002 7448 
313760105000126 313760105000013 3335 
313760105000126 313760105000026 2583 
313760105000126 313760105000048 6785 
313760105000126 31376010500005 6268 
313760105000126 313760105000076 2058 
313760105000126 313760105000082 2816 
313760105000126 313760105000098 2582 
313760105000126 313760105000102 4782 
313760105000126 313760105000122 2086 
313760105000126 313760105000125 1808 
313760105000126 313760105000132 813 
313760105000126 313760105000135 2541 
313760105000126 313760105000139 3980 
313760105000126 313760105000145 5590 
313760105000126 313760105000146 5858 
313760105000126 313760105000152 6855 
313760105000126 313760105000168 365 
313760105000126 313760105000172 4749 
313760105000126 313760105000186 3802 
313760105000126 313760105000201 4116 
313760105000126 313760105000206 3061 
313760105000126 313760105000219 1914 
313760105000126 31376010500022 2729 
313760105000126 313760105000221 2140 
313760105000126 313760105000225 2805 
313760105000126 313760105000226 2971 
313760105000126 313760105000229 3242 
313760105000126 313760105000231 5491 
313760105000126 313760105000235 2386 
313760105000126 313760105000239 1611 
313760105000126 313760105000257 2149 
313760105000126 313760105000259 756 
313760105000126 313760105000264 4702 
313760105000126 313760105000273 6019 
313760105000126 31376010500028 5724 
313760105000126 313760114000002 8144 
313760105000126 313760114000007 7857 
313760105000126 313760114000008 7398 
313760105000126 313760114000009 6570 
313760105000126 31376011400001 9957 
313760105000126 313760115000003 7009 
313760105000126 313760115000005 7766 
313760105000126 313760115000006 10356 
313760105000126 313760115000007 9074 
313760105000126 313760115000011 9261 
313760105000126 313760115000015 5306 
313760105000126 31376011500002 6133 
313760105000127 313760105000013 3277 
313760105000127 313760105000026 2167 
313760105000127 313760105000048 6957 
313760105000127 31376010500005 5852 
313760105000127 313760105000076 2101 
313760105000127 313760105000082 2859 
313760105000127 313760105000098 2393 
313760105000127 313760105000102 4500 
313760105000127 313760105000122 1704 
313760105000127 313760105000125 1395 
313760105000127 313760105000132 743 
313760105000127 313760105000135 2638 
313760105000127 313760105000139 4167 
313760105000127 313760105000145 5597 
313760105000127 313760105000146 6210 
313760105000127 313760105000152 7136 
313760105000127 313760105000168 252 
313760105000127 313760105000172 4475 
313760105000127 313760105000186 3998 
313760105000127 313760105000201 3861 
313760105000127 313760105000206 2651 
313760105000127 313760105000219 2138 
313760105000127 31376010500022 2977 
313760105000127 313760105000221 2426 
313760105000127 313760105000225 3125 
313760105000127 313760105000226 3253 
313760105000127 313760105000229 3537 
313760105000127 313760105000231 5086 
313760105000127 313760105000235 1979 
313760105000127 313760105000239 1786 
313760105000127 313760105000257 2290 
313760105000127 313760105000259 1131 
313760105000127 313760105000264 5119 
313760105000127 313760105000273 5633 
313760105000127 31376010500028 6105 
313760105000127 313760114000002 8010 
313760105000127 313760114000007 7808 
313760105000127 313760114000008 7336 
313760105000127 313760114000009 6540 
313760105000127 31376011400001 9977 
313760105000127 313760115000003 7226 
313760105000127 313760115000005 7713 
313760105000127 313760115000006 10488 
313760105000127 313760115000007 9336 
313760105000127 313760115000011 9340 
313760105000127 313760115000015 5337 
313760105000127 31376011500002 6375 
313760105000128 313760105000013 4410 
313760105000128 313760105000026 1779 
313760105000128 313760105000048 8340 
313760105000128 31376010500005 5185 
313760105000128 313760105000076 3417 
313760105000128 313760105000082 4151 
313760105000128 313760105000098 3306 
313760105000128 313760105000102 4946 
313760105000128 313760105000122 707 
313760105000128 313760105000125 1408 
313760105000128 313760105000132 1036 
313760105000128 313760105000135 2216 
313760105000128 313760105000139 3879 
313760105000128 313760105000145 6790 
313760105000128 313760105000146 7560 
313760105000128 313760105000152 7099 
313760105000128 313760105000168 1345 
313760105000128 313760105000172 3060 
313760105000128 313760105000186 3761 
313760105000128 313760105000201 4452 
313760105000128 313760105000206 1803 
313760105000128 313760105000219 2276 
313760105000128 31376010500022 3046 
313760105000128 313760105000221 2729 
313760105000128 313760105000225 3472 
313760105000128 313760105000226 3424 
313760105000128 313760105000229 3733 
313760105000128 313760105000231 4034 
313760105000128 313760105000235 1186 
313760105000128 313760105000239 3192 
313760105000128 313760105000257 3676 
313760105000128 313760105000259 2073 
313760105000128 313760105000264 6126 
313760105000128 313760105000273 5412 
313760105000128 31376010500028 6638 
313760105000128 313760114000002 8868 
313760105000128 313760114000007 8872 
313760105000128 313760114000008 8377 
313760105000128 313760114000009 7655 
313760105000128 31376011400001 11161 
313760105000128 313760115000003 6920 
313760105000128 313760115000005 6583 
313760105000128 313760115000006 9830 
313760105000128 313760115000007 9177 
313760105000128 313760115000011 8529 
313760105000128 313760115000015 4468 
313760105000128 31376011500002 6194 
313760105000129 313760105000013 5197 
313760105000129 313760105000026 1905 
313760105000129 313760105000048 9298 
313760105000129 31376010500005 4630 
313760105000129 313760105000076 4350 
313760105000129 313760105000082 5052 
313760105000129 313760105000098 4007 
313760105000129 313760105000102 5252 
313760105000129 313760105000122 968 
313760105000129 313760105000125 1973 
313760105000129 313760105000132 2074 
313760105000129 313760105000135 2689 
313760105000129 313760105000139 4255 
313760105000129 313760105000145 7581 
313760105000129 313760105000146 8617 
313760105000129 313760105000152 7520 
313760105000129 313760105000168 2399 
313760105000129 313760105000172 2061 
313760105000129 313760105000186 4181 
313760105000129 313760105000201 4882 
313760105000129 313760105000206 1464 
313760105000129 313760105000219 3056 
313760105000129 31376010500022 3711 
313760105000129 313760105000221 3534 
313760105000129 313760105000225 4244 
313760105000129 313760105000226 4113 
313760105000129 313760105000229 4415 
313760105000129 313760105000231 3199 
313760105000129 313760105000235 1225 
313760105000129 313760105000239 4201 
313760105000129 313760105000257 4659 
313760105000129 313760105000259 3103 
313760105000129 313760105000264 7102 
313760105000129 313760105000273 5202 
313760105000129 31376010500028 7403 
313760105000129 313760114000002 9374 
313760105000129 313760114000007 9538 
313760105000129 313760114000008 9030 
313760105000129 313760114000009 8375 
313760105000129 31376011400001 11914 
313760105000129 313760115000003 7154 
313760105000129 313760115000005 6053 
313760105000129 313760115000006 9726 
313760105000129 313760115000007 9476 
313760105000129 313760115000011 8303 
313760105000129 313760115000015 4304 
313760105000129 31376011500002 6538 
313760105000132 313760105000013 4020 
313760105000132 313760105000026 2411 
313760105000132 313760105000048 7598 
313760105000132 31376010500005 6037 
313760105000132 313760105000076 2819 
313760105000132 313760105000082 3579 
313760105000132 313760105000098 3114 
313760105000132 313760105000102 5129 
313760105000132 313760105000122 1600 
313760105000132 313760105000125 1747 
313760105000132 313760105000132 0 
313760105000132 313760105000135 1916 
313760105000132 313760105000139 3496 
313760105000132 313760105000145 6332 
313760105000132 313760105000146 6564 
313760105000132 313760105000152 6562 
313760105000132 313760105000168 522 
313760105000132 313760105000172 3986 
313760105000132 313760105000186 3338 
313760105000132 313760105000201 4524 
313760105000132 313760105000206 2689 
313760105000132 313760105000219 1552 
313760105000132 31376010500022 2396 
313760105000132 313760105000221 1928 
313760105000132 313760105000225 2669 
313760105000132 313760105000226 2719 
313760105000132 313760105000229 3019 
313760105000132 313760105000231 5032 
313760105000132 313760105000235 2010 
313760105000132 313760105000239 2421 
313760105000132 313760105000257 2953 
313760105000132 313760105000259 1037 
313760105000132 313760105000264 5105 
313760105000132 313760105000273 6030 
313760105000132 31376010500028 5779 
313760105000132 313760114000002 8741 
313760105000132 313760114000007 8551 
313760105000132 313760114000008 8079 
313760105000132 313760114000009 7282 
313760105000132 31376011400001 10710 
313760105000132 313760115000003 6570 
313760105000132 313760115000005 6986 
313760105000132 313760115000006 9767 
313760105000132 313760115000007 8729 
313760105000132 313760115000011 8600 
313760105000132 313760115000015 4594 
313760105000132 31376011500002 5750 
313760105000133 313760105000013 4694 
313760105000133 313760105000026 3093 
313760105000133 313760105000048 8019 
313760105000133 31376010500005 6631 
313760105000133 313760105000076 3421 
313760105000133 313760105000082 4176 
313760105000133 313760105000098 3855 
313760105000133 313760105000102 5900 
313760105000133 313760105000122 2141 
313760105000133 313760105000125 2486 
313760105000133 313760105000132 771 
313760105000133 313760105000135 1182 
313760105000133 313760105000139 2725 
313760105000133 313760105000145 6953 
313760105000133 313760105000146 6622 
313760105000133 313760105000152 5807 
313760105000133 313760105000168 1212 
313760105000133 313760105000172 3968 
313760105000133 313760105000186 2567 
313760105000133 313760105000201 5292 
313760105000133 313760105000206 3250 
313760105000133 313760105000219 834 
313760105000133 31376010500022 1655 
313760105000133 313760105000221 1274 
313760105000133 313760105000225 2019 
313760105000133 313760105000226 2005 
313760105000133 313760105000229 2312 
313760105000133 313760105000231 5463 
313760105000133 313760105000235 2602 
313760105000133 313760105000239 2916 
313760105000133 313760105000257 3466 
313760105000133 313760105000259 1092 
313760105000133 313760105000264 4801 
313760105000133 313760105000273 6740 
313760105000133 31376010500028 5183 
313760105000133 313760114000002 9469 
313760105000133 313760114000007 9221 
313760105000133 313760114000008 8759 
313760105000133 313760114000009 7935 
313760105000133 31376011400001 11315 
313760105000133 313760115000003 5799 
313760105000133 313760115000005 6446 
313760105000133 313760115000006 9027 
313760105000133 313760115000007 7963 
313760105000133 313760115000011 7901 
313760105000133 313760115000015 3943 
313760105000133 31376011500002 4981 
313760105000134 313760105000013 4841 
313760105000134 313760105000026 2511 
313760105000134 313760105000048 8528 
313760105000134 31376010500005 5869 
313760105000134 313760105000076 3710 
313760105000134 313760105000082 4467 
313760105000134 313760105000098 3828 
313760105000134 313760105000102 5619 
313760105000134 313760105000122 1431 
313760105000134 313760105000125 2079 
313760105000134 313760105000132 931 
313760105000134 313760105000135 1482 
313760105000134 313760105000139 3145 
313760105000134 313760105000145 7190 
313760105000134 313760105000146 7412 
313760105000134 313760105000152 6369 
313760105000134 313760105000168 1430 
313760105000134 313760105000172 3128 
313760105000134 313760105000186 3028 
313760105000134 313760105000201 5089 
313760105000134 313760105000206 2500 
313760105000134 313760105000219 1642 
313760105000134 31376010500022 2357 
313760105000134 313760105000221 2116 
313760105000134 313760105000225 2839 
313760105000134 313760105000226 2747 
313760105000134 313760105000229 3055 
313760105000134 313760105000231 4598 
313760105000134 313760105000235 1913 
313760105000134 313760105000239 3349 
313760105000134 313760105000257 3876 
313760105000134 313760105000259 1823 
313760105000134 313760105000264 5699 
313760105000134 313760105000273 6145 
313760105000134 31376010500028 6009 
313760105000134 313760114000002 9444 
313760105000134 313760114000007 9355 
313760105000134 313760114000008 8871 
313760105000134 313760114000009 8107 
313760105000134 31376011400001 11571 
313760105000134 313760115000003 6190 
313760105000134 313760115000005 6118 
313760105000134 313760115000006 9158 
313760105000134 313760115000007 8443 
313760105000134 313760115000011 7901 
313760105000134 313760115000015 3848 
313760105000134 31376011500002 5460 
313760105000135 313760105000013 5875 
313760105000135 313760105000026 3991 
313760105000135 313760105000048 9048 
313760105000135 31376010500005 7289 
313760105000135 313760105000076 4586 
313760105000135 313760105000082 5335 
313760105000135 313760105000098 5027 
313760105000135 313760105000102 7006 
313760105000135 313760105000122 2911 
313760105000135 313760105000125 3504 
313760105000135 313760105000132 1916 
313760105000135 313760105000135 0 
313760105000135 313760105000139 1664 
313760105000135 313760105000145 8115 
313760105000135 313760105000146 7296 
313760105000135 313760105000152 4894 
313760105000135 313760105000168 2391 
313760105000135 313760105000172 3760 
313760105000135 313760105000186 1546 
313760105000135 313760105000201 6427 
313760105000135 313760105000206 3954 
313760105000135 313760105000219 947 
313760105000135 31376010500022 1122 
313760105000135 313760105000221 1292 
313760105000135 313760105000225 1780 
313760105000135 313760105000226 1521 
313760105000135 313760105000229 1798 
313760105000135 313760105000231 5870 
313760105000135 313760105000235 3392 
313760105000135 313760105000239 4043 
313760105000135 313760105000257 4593 
313760105000135 313760105000259 2124 
313760105000135 313760105000264 5023 
313760105000135 313760105000273 7627 
313760105000135 31376010500028 4804 
313760105000135 313760114000002 10648 
313760105000135 313760114000007 10398 
313760105000135 313760114000008 9939 
313760105000135 313760114000009 9109 
313760105000135 31376011400001 12465 
313760105000135 313760115000003 4724 
313760105000135 313760115000005 5397 
313760105000135 313760115000006 7852 
313760105000135 313760115000007 6962 
313760105000135 313760115000011 6720 
313760105000135 313760115000015 2799 
313760105000135 31376011500002 3977 
313760105000136 313760105000013 6241 
313760105000136 313760105000026 4517 
313760105000136 313760105000048 9216 
313760105000136 31376010500005 7820 
313760105000136 313760105000076 4918 
313760105000136 313760105000082 5655 
313760105000136 313760105000098 5454 
313760105000136 313760105000102 7488 
313760105000136 313760105000122 3443 
313760105000136 313760105000125 4010 
313760105000136 313760105000132 2367 
313760105000136 313760105000135 533 
313760105000136 313760105000139 1146 
313760105000136 313760105000145 8431 
313760105000136 313760105000146 7252 
313760105000136 313760105000152 4360 
313760105000136 313760105000168 2809 
313760105000136 313760105000172 4149 
313760105000136 313760105000186 1016 
313760105000136 313760105000201 6891 
313760105000136 313760105000206 4488 
313760105000136 313760105000219 1087 
313760105000136 31376010500022 814 
313760105000136 313760105000221 1242 
313760105000136 313760105000225 1504 
313760105000136 313760105000226 1160 
313760105000136 313760105000229 1394 
313760105000136 313760105000231 6377 
313760105000136 313760105000235 3924 
313760105000136 313760105000239 4331 
313760105000136 313760105000257 4877 
313760105000136 313760105000259 2394 
313760105000136 313760105000264 4796 
313760105000136 313760105000273 8157 
313760105000136 31376010500028 4363 
313760105000136 313760114000002 11054 
313760105000136 313760114000007 10746 
313760105000136 313760114000008 10297 
313760105000136 313760114000009 9446 
313760105000136 31376011400001 12753 
313760105000136 313760115000003 4220 
313760105000136 313760115000005 5291 
313760105000136 313760115000006 7443 
313760105000136 313760115000007 6438 
313760105000136 313760115000011 6383 
313760105000136 313760115000015 2600 
313760105000136 31376011500002 3452 
313760105000138 313760105000013 7436 
313760105000138 313760105000026 5732 
313760105000138 313760105000048 10149 
313760105000138 31376010500005 8908 
313760105000138 313760105000076 6088 
313760105000138 313760105000082 6807 
313760105000138 313760105000098 6692 
313760105000138 313760105000102 8740 
313760105000138 313760105000122 4636 
313760105000138 313760105000125 5253 
313760105000138 313760105000132 3618 
313760105000138 313760105000135 1749 
313760105000138 313760105000139 212 
313760105000138 313760105000145 9566 
313760105000138 313760105000146 7825 
313760105000138 313760105000152 3250 
313760105000138 313760105000168 4051 
313760105000138 313760105000172 4795 
313760105000138 313760105000186 411 
313760105000138 313760105000201 8143 
313760105000138 313760105000206 5639 
313760105000138 313760105000219 2232 
313760105000138 31376010500022 1548 
313760105000138 313760105000221 2187 
313760105000138 313760105000225 2004 
313760105000138 313760105000226 1587 
313760105000138 313760105000229 1579 
313760105000138 313760105000231 7345 
313760105000138 313760105000235 5114 
313760105000138 313760105000239 5463 
313760105000138 313760105000257 5997 
313760105000138 313760105000259 3547 
313760105000138 313760105000264 5025 
313760105000138 313760105000273 9351 
313760105000138 31376010500028 3928 
313760105000138 313760114000002 12274 
313760105000138 313760114000007 11912 
313760105000138 313760114000008 11473 
313760105000138 313760114000009 10603 
313760105000138 31376011400001 13845 
313760105000138 313760115000003 2975 
313760105000138 313760115000005 4702 
313760105000138 313760115000006 6247 
313760105000138 313760115000007 5231 
313760105000138 313760115000011 5298 
313760105000138 313760115000015 1992 
313760105000138 31376011500002 2263 
313760105000139 313760105000013 7273 
313760105000139 313760105000026 5656 
313760105000139 313760105000048 9945 
313760105000139 31376010500005 8885 
313760105000139 313760105000076 5920 
313760105000139 313760105000082 6634 
313760105000139 313760105000098 6551 
313760105000139 313760105000102 8624 
313760105000139 313760105000122 4570 
313760105000139 313760105000125 5156 
313760105000139 313760105000132 3496 
313760105000139 313760105000135 1664 
313760105000139 313760105000139 0 
313760105000139 313760105000145 9387 
313760105000139 313760105000146 7613 
313760105000139 313760105000152 3265 
313760105000139 313760105000168 3915 
313760105000139 313760105000172 4864 
313760105000139 313760105000186 204 
313760105000139 313760105000201 8017 
313760105000139 313760105000206 5592 
313760105000139 313760105000219 2072 
313760105000139 31376010500022 1357 
313760105000139 313760105000221 2000 
313760105000139 313760105000225 1794 
313760105000139 313760105000226 1378 
313760105000139 313760105000229 1367 
313760105000139 313760105000231 7354 
313760105000139 313760105000235 5051 
313760105000139 313760105000239 5286 
313760105000139 313760105000257 5818 
313760105000139 313760105000259 3379 
313760105000139 313760105000264 4822 
313760105000139 313760105000273 9288 
313760105000139 31376010500028 3784 
313760105000139 313760114000002 12119 
313760105000139 313760114000007 11739 
313760105000139 313760114000008 11304 
313760105000139 313760114000009 10428 
313760105000139 31376011400001 13657 
313760105000139 313760115000003 3076 
313760105000139 313760115000005 4909 
313760105000139 313760115000006 6418 
313760105000139 313760115000007 5298 
313760105000139 313760115000011 5496 
313760105000139 313760115000015 2192 
313760105000139 31376011500002 2315 
31376010500014 313760105000013 6858 
31376010500014 313760105000026 5435 
31376010500014 313760105000048 9457 
31376010500014 31376010500005 8775 
31376010500014 313760105000076 5494 
31376010500014 313760105000082 6198 
31376010500014 313760105000098 6182 
31376010500014 313760105000102 8306 
31376010500014 313760105000122 4380 
31376010500014 313760105000125 4887 
31376010500014 313760105000132 3183 
31376010500014 313760105000135 1486 
31376010500014 313760105000139 492 
31376010500014 313760105000145 8939 
31376010500014 313760105000146 7132 
31376010500014 313760105000152 3424 
31376010500014 313760105000168 3567 
31376010500014 313760105000172 4984 
31376010500014 313760105000186 292 
31376010500014 313760105000201 7680 
31376010500014 313760105000206 5437 
31376010500014 313760105000219 1687 
31376010500014 31376010500022 904 
31376010500014 313760105000221 1549 
31376010500014 313760105000225 1301 
31376010500014 313760105000226 886 
31376010500014 313760105000229 889 
31376010500014 313760105000231 7323 
31376010500014 313760105000235 4861 
31376010500014 313760105000239 4846 
31376010500014 313760105000257 5371 
31376010500014 313760105000259 2963 
31376010500014 313760105000264 4387 
31376010500014 313760105000273 9084 
31376010500014 31376010500028 3546 
31376010500014 313760114000002 11718 
31376010500014 313760114000007 11302 
31376010500014 313760114000008 10872 
31376010500014 313760114000009 9988 
31376010500014 31376011400001 13192 
31376010500014 313760115000003 3410 
31376010500014 313760115000005 5371 
31376010500014 313760115000006 6863 
31376010500014 313760115000007 5549 
31376010500014 313760115000011 5977 
31376010500014 313760115000015 2640 
31376010500014 31376011500002 2567 
313760105000141 313760105000013 6588 
313760105000141 313760105000026 5035 
313760105000141 313760105000048 9353 
313760105000141 31376010500005 8358 
313760105000141 313760105000076 5238 
313760105000141 313760105000082 5957 
313760105000141 313760105000098 5863 
313760105000141 313760105000102 7950 
313760105000141 313760105000122 3971 
313760105000141 313760105000125 4504 
313760105000141 313760105000132 2821 
313760105000141 313760105000135 1070 
313760105000141 313760105000139 688 
313760105000141 313760105000145 8718 
313760105000141 313760105000146 7181 
313760105000141 313760105000152 3830 
313760105000141 313760105000168 3230 
313760105000141 313760105000172 4607 
313760105000141 313760105000186 517 
313760105000141 313760105000201 7337 
313760105000141 313760105000206 5023 
313760105000141 313760105000219 1385 
313760105000141 31376010500022 736 
313760105000141 313760105000221 1353 
313760105000141 313760105000225 1323 
313760105000141 313760105000226 909 
313760105000141 313760105000229 1045 
313760105000141 313760105000231 6907 
313760105000141 313760105000235 4453 
313760105000141 313760105000239 4614 
313760105000141 313760105000257 5149 
313760105000141 313760105000259 2697 
313760105000141 313760105000264 4557 
313760105000141 313760105000273 8681 
313760105000141 31376010500028 3902 
313760105000141 313760114000002 11431 
313760105000141 313760114000007 11062 
313760105000141 313760114000008 10624 
313760105000141 313760114000009 9753 
313760105000141 31376011400001 13004 
313760105000141 313760115000003 3749 
313760105000141 313760115000005 5303 
313760105000141 313760115000006 7097 
313760105000141 313760115000007 5931 
313760105000141 313760115000011 6129 
313760105000141 313760115000015 2567 
313760105000141 31376011500002 2944 
313760105000142 313760105000013 6046 
313760105000142 313760105000026 4524 
313760105000142 313760105000048 8918 
313760105000142 31376010500005 7913 
313760105000142 313760105000076 4704 
313760105000142 313760105000082 5430 
313760105000142 313760105000098 5309 
313760105000142 313760105000102 7399 
313760105000142 313760105000122 3482 
313760105000142 313760105000125 3970 
313760105000142 313760105000132 2271 
313760105000142 313760105000135 674 
313760105000142 313760105000139 1241 
313760105000142 313760105000145 8198 
313760105000142 313760105000146 6913 
313760105000142 313760105000152 4335 
313760105000142 313760105000168 2675 
313760105000142 313760105000172 4413 
313760105000142 313760105000186 1071 
313760105000142 313760105000201 6783 
313760105000142 313760105000206 4555 
313760105000142 313760105000219 845 
313760105000142 31376010500022 487 
313760105000142 313760105000221 918 
313760105000142 313760105000225 1177 
313760105000142 313760105000226 863 
313760105000142 313760105000229 1128 
313760105000142 313760105000231 6533 
313760105000142 313760105000235 3962 
313760105000142 313760105000239 4093 
313760105000142 313760105000257 4634 
313760105000142 313760105000259 2164 
313760105000142 313760105000264 4466 
313760105000142 313760105000273 8175 
313760105000142 31376010500028 4130 
313760105000142 313760114000002 10882 
313760105000142 313760114000007 10532 
313760105000142 313760114000008 10089 
313760105000142 313760114000009 9226 
313760105000142 31376011400001 12503 
313760105000142 313760115000003 4302 
313760105000142 313760115000005 5618 
313760105000142 313760115000006 7633 
313760105000142 313760115000007 6466 
313760105000142 313760115000011 6625 
313760105000142 313760115000015 2913 
313760105000142 31376011500002 3482 
313760105000144 313760105000013 2038 
313760105000144 313760105000026 5630 
313760105000144 313760105000048 2409 
313760105000144 31376010500005 8219 
313760105000144 313760105000076 2691 
313760105000144 313760105000082 1958 
313760105000144 313760105000098 3254 
313760105000144 313760105000102 4386 
313760105000144 313760105000122 6063 
313760105000144 313760105000125 5124 
313760105000144 313760105000132 5482 
313760105000144 313760105000135 7134 
313760105000144 313760105000139 8278 
313760105000144 313760105000145 1388 
313760105000144 313760105000146 4237 
313760105000144 313760105000152 10433 
313760105000144 313760105000168 4964 
313760105000144 313760105000172 9063 
313760105000144 313760105000186 8077 
313760105000144 313760105000201 3802 
313760105000144 313760105000206 6426 
313760105000144 313760105000219 6307 
313760105000144 31376010500022 6921 
313760105000144 313760105000221 6280 
313760105000144 313760105000225 6616 
313760105000144 313760105000226 6971 
313760105000144 313760105000229 7125 
313760105000144 313760105000231 8547 
313760105000144 313760105000235 6022 
313760105000144 313760105000239 3098 
313760105000144 313760105000257 2548 
313760105000144 313760105000259 5014 
313760105000144 313760105000264 5939 
313760105000144 313760105000273 6897 
313760105000144 31376010500028 8238 
313760105000144 313760114000002 4768 
313760105000144 313760114000007 3747 
313760105000144 313760114000008 3447 
313760105000144 313760114000009 2474 
313760105000144 31376011400001 5379 
313760105000144 313760115000003 11004 
313760105000144 313760115000005 12452 
313760105000144 313760115000006 14662 
313760105000144 313760115000007 12674 
313760105000144 313760115000011 13756 
313760105000144 313760115000015 9933 
313760105000144 31376011500002 10029 
313760105000145 313760105000013 2386 
313760105000145 313760105000026 5966 
313760105000145 313760105000048 2818 
313760105000145 31376010500005 7973 
313760105000145 313760105000076 3532 
313760105000145 313760105000082 2780 
313760105000145 313760105000098 3590 
313760105000145 313760105000102 3901 
313760105000145 313760105000122 6613 
313760105000145 313760105000125 5616 
313760105000145 313760105000132 6332 
313760105000145 313760105000135 8115 
313760105000145 313760105000139 9387 
313760105000145 313760105000145 0 
313760105000145 313760105000146 5518 
313760105000145 313760105000152 11709 
313760105000145 313760105000168 5811 
313760105000145 313760105000172 9583 
313760105000145 313760105000186 9190 
313760105000145 313760105000201 3512 
313760105000145 313760105000206 6755 
313760105000145 313760105000219 7356 
313760105000145 31376010500022 8036 
313760105000145 313760105000221 7390 
313760105000145 313760105000225 7799 
313760105000145 313760105000226 8129 
313760105000145 313760105000229 8308 
313760105000145 313760105000231 8620 
313760105000145 313760105000235 6473 
313760105000145 313760105000239 4105 
313760105000145 313760105000257 3569 
313760105000145 313760105000259 6038 
313760105000145 313760105000264 7324 
313760105000145 313760105000273 6441 
313760105000145 31376010500028 9595 
313760105000145 313760114000002 3387 
313760105000145 313760114000007 2412 
313760105000145 313760114000008 2070 
313760105000145 313760114000009 1103 
313760105000145 31376011400001 4381 
313760105000145 313760115000003 12212 
313760105000145 313760115000005 13308 
313760105000145 313760115000006 15802 
313760105000145 313760115000007 13961 
313760105000145 313760115000011 14814 
313760105000145 313760115000015 10896 
313760105000145 31376011500002 11250 
313760105000146 313760105000013 5548 
313760105000146 313760105000026 8071 
313760105000146 313760105000048 3765 
313760105000146 31376010500005 11462 
313760105000146 313760105000076 5017 
313760105000146 313760105000082 4820 
313760105000146 313760105000098 6298 
313760105000146 313760105000102 8233 
313760105000146 313760105000122 7910 
313760105000146 313760105000125 7321 
313760105000146 313760105000132 6564 
313760105000146 313760105000135 7296 
313760105000146 313760105000139 7613 
313760105000146 313760105000145 5518 
313760105000146 313760105000146 0 
313760105000146 313760105000152 8424 
313760105000146 313760105000168 6223 
313760105000146 313760105000172 10537 
313760105000146 313760105000186 7423 
313760105000146 313760105000201 7525 
313760105000146 313760105000206 8744 
313760105000146 313760105000219 6356 
313760105000146 31376010500022 6483 
313760105000146 313760105000221 6030 
313760105000146 313760105000225 5862 
313760105000146 313760105000226 6282 
313760105000146 313760105000229 6246 
313760105000146 313760105000231 11172 
313760105000146 313760105000235 8123 
313760105000146 313760105000239 4699 
313760105000146 313760105000257 4492 
313760105000146 313760105000259 5589 
313760105000146 313760105000264 3176 
313760105000146 313760105000273 10529 
313760105000146 31376010500028 5654 
313760105000146 313760114000002 8858 
313760105000146 313760114000007 7531 
313760105000146 313760114000008 7388 
313760105000146 313760114000009 6464 
313760105000146 31376011400001 8141 
313760105000146 313760115000003 9426 
313760105000146 313760115000005 12484 
313760105000146 313760115000006 13248 
313760105000146 313760115000007 10425 
313760105000146 313760115000011 12817 
313760105000146 313760115000015 9746 
313760105000146 31376011500002 8461 
313760105000147 313760105000013 6376 
313760105000147 313760105000026 2877 
313760105000147 313760105000048 10529 
313760105000147 31376010500005 4627 
313760105000147 313760105000076 5580 
313760105000147 313760105000082 6273 
313760105000147 313760105000098 5159 
313760105000147 313760105000102 6131 
313760105000147 313760105000122 2163 
313760105000147 313760105000125 3135 
313760105000147 313760105000132 3230 
313760105000147 313760105000135 3302 
313760105000147 313760105000139 4618 
313760105000147 313760105000145 8749 
313760105000147 313760105000146 9795 
313760105000147 313760105000152 7804 
313760105000147 313760105000168 3605 
313760105000147 313760105000172 837 
313760105000147 313760105000186 4596 
313760105000147 313760105000201 5862 
313760105000147 313760105000206 2196 
313760105000147 313760105000219 3917 
313760105000147 31376010500022 4416 
313760105000147 313760105000221 4391 
313760105000147 313760105000225 5034 
313760105000147 313760105000226 4820 
313760105000147 313760105000229 5101 
313760105000147 313760105000231 2831 
313760105000147 313760105000235 2283 
313760105000147 313760105000239 5435 
313760105000147 313760105000257 5894 
313760105000147 313760105000259 4227 
313760105000147 313760105000264 8096 
313760105000147 313760105000273 5603 
313760105000147 31376010500028 8106 
313760105000147 313760114000002 10349 
313760105000147 313760114000007 10626 
313760105000147 313760114000008 10112 
313760105000147 313760114000009 9501 
313760105000147 31376011400001 13049 
313760105000147 313760115000003 7230 
313760105000147 313760115000005 5266 
313760105000147 313760115000006 9354 
313760105000147 313760115000007 9579 
313760105000147 313760115000011 7816 
313760105000147 313760115000015 4043 
313760105000147 31376011500002 6760 
31376010500015 313760105000013 7729 
31376010500015 313760105000026 6461 
31376010500015 313760105000048 10009 
31376010500015 31376010500005 9785 
31376010500015 313760105000076 6350 
31376010500015 313760105000082 7023 
31376010500015 313760105000098 7125 
31376010500015 313760105000102 9292 
31376010500015 313760105000122 5405 
31376010500015 313760105000125 5904 
31376010500015 313760105000132 4185 
31376010500015 313760105000135 2504 
31376010500015 313760105000139 956 
31376010500015 313760105000145 9718 
31376010500015 313760105000146 7366 
31376010500015 313760105000152 2398 
31376010500015 313760105000168 4544 
31376010500015 313760105000172 5818 
31376010500015 313760105000186 986 
31376010500015 313760105000201 8651 
31376010500015 313760105000206 6458 
31376010500015 313760105000219 2655 
31376010500015 31376010500022 1818 
31376010500015 313760105000221 2421 
31376010500015 313760105000225 1918 
31376010500015 313760105000226 1610 
31376010500015 313760105000229 1409 
31376010500015 313760105000231 8293 
31376010500015 313760105000235 5886 
31376010500015 313760105000239 5671 
31376010500015 313760105000257 6174 
31376010500015 313760105000259 3864 
31376010500015 313760105000264 4377 
31376010500015 313760105000273 10110 
31376010500015 31376010500028 2954 
31376010500015 313760114000002 12600 
31376010500015 313760114000007 12106 
31376010500015 313760114000008 11693 
31376010500015 313760114000009 10787 
31376010500015 31376011400001 13896 
31376010500015 313760115000003 2504 
31376010500015 313760115000005 5422 
31376010500015 313760115000006 6155 
31376010500015 313760115000007 4545 
31376010500015 313760115000011 5478 
31376010500015 313760115000015 2837 
31376010500015 31376011500002 1588 
313760105000151 313760105000013 8102 
313760105000151 313760105000026 6736 
313760105000151 313760105000048 10400 
313760105000151 31376010500005 9998 
313760105000151 313760105000076 6726 
313760105000151 313760105000082 7404 
313760105000151 313760105000098 7477 
313760105000151 313760105000102 9622 
313760105000151 313760105000122 5664 
313760105000151 313760105000125 6204 
313760105000151 313760105000132 4502 
313760105000151 313760105000135 2752 
313760105000151 313760105000139 1112 
313760105000151 313760105000145 10105 
313760105000151 313760105000146 7726 
313760105000151 313760105000152 2152 
313760105000151 313760105000168 4879 
313760105000151 313760105000172 5891 
313760105000151 313760105000186 1206 
313760105000151 313760105000201 8990 
313760105000151 313760105000206 6698 
313760105000151 313760105000219 2992 
313760105000151 31376010500022 2167 
313760105000151 313760105000221 2785 
313760105000151 313760105000225 2307 
313760105000151 313760105000226 1987 
313760105000151 313760105000229 1798 
313760105000151 313760105000231 8457 
313760105000151 313760105000235 6145 
313760105000151 313760105000239 6051 
313760105000151 313760105000257 6557 
313760105000151 313760105000259 4227 
313760105000151 313760105000264 4704 
313760105000151 313760105000273 10378 
313760105000151 31376010500028 3117 
313760105000151 313760114000002 12972 
313760105000151 313760114000007 12492 
313760105000151 313760114000008 12077 
313760105000151 313760114000009 11173 
313760105000151 31376011400001 14288 
313760105000151 313760115000003 2127 
313760105000151 313760115000005 5175 
313760105000151 313760115000006 5762 
313760105000151 313760115000007 4231 
313760105000151 313760115000011 5103 
313760105000151 313760115000015 2681 
313760105000151 31376011500002 1248 
313760105000152 313760105000013 9897 
313760105000152 313760105000026 8859 
313760105000152 313760105000048 11583 
313760105000152 31376010500005 12150 
313760105000152 313760105000076 8515 
313760105000152 313760105000082 9130 
313760105000152 313760105000098 9410 
313760105000152 313760105000102 11633 
313760105000152 313760105000122 7801 
313760105000152 313760105000125 8293 
313760105000152 313760105000132 6562 
313760105000152 313760105000135 4894 
313760105000152 313760105000139 3265 
313760105000152 313760105000145 11709 
313760105000152 313760105000146 8424 
313760105000152 313760105000152 0 
313760105000152 313760105000168 6891 
313760105000152 313760105000172 7928 
313760105000152 313760105000186 3352 
313760105000152 313760105000201 10971 
313760105000152 313760105000206 8846 
313760105000152 313760105000219 5015 
313760105000152 31376010500022 4169 
313760105000152 313760105000221 4716 
313760105000152 313760105000225 4079 
313760105000152 313760105000226 3885 
313760105000152 313760105000229 3614 
313760105000152 313760105000231 10590 
313760105000152 313760105000235 8283 
313760105000152 313760105000239 7804 
313760105000152 313760105000257 8263 
313760105000152 313760105000259 6136 
313760105000152 313760105000264 5247 
313760105000152 313760105000273 12509 
313760105000152 31376010500028 2856 
313760105000152 313760114000002 14754 
313760105000152 313760114000007 14121 
313760105000152 313760114000008 13742 
313760105000152 313760114000009 12803 
313760105000152 31376011400001 15706 
313760105000152 313760115000003 1358 
313760105000152 313760115000005 6199 
313760105000152 313760115000006 4917 
313760105000152 313760115000007 2259 
313760105000152 313760115000011 4942 
313760105000152 313760115000015 4309 
313760105000152 31376011500002 1083 
313760105000161 313760105000013 4042 
313760105000161 313760105000026 427 
313760105000161 313760105000048 8429 
313760105000161 31376010500005 3362 
313760105000161 313760105000076 3634 
313760105000161 313760105000082 4178 
313760105000161 313760105000098 2795 
313760105000161 313760105000102 3515 
313760105000161 313760105000122 1209 
313760105000161 313760105000125 1182 
313760105000161 313760105000132 2678 
313760105000161 313760105000135 4121 
313760105000161 313760105000139 5778 
313760105000161 313760105000145 6331 
313760105000161 313760105000146 8491 
313760105000161 313760105000152 9011 
313760105000161 313760105000168 2646 
313760105000161 313760105000172 3403 
313760105000161 313760105000186 5667 
313760105000161 313760105000201 3245 
313760105000161 313760105000206 438 
313760105000161 313760105000219 4146 
313760105000161 31376010500022 4946 
313760105000161 313760105000221 4573 
313760105000161 313760105000225 5321 
313760105000161 313760105000226 5313 
313760105000161 313760105000229 5621 
313760105000161 313760105000231 2684 
313760105000161 313760105000235 728 
313760105000161 313760105000239 3796 
313760105000161 313760105000257 4091 
313760105000161 313760105000259 3590 
313760105000161 313760105000264 7638 
313760105000161 313760105000273 3512 
313760105000161 31376010500028 8456 
313760105000161 313760114000002 7726 
313760105000161 313760114000007 8058 
313760105000161 313760114000008 7539 
313760105000161 313760114000009 6986 
313760105000161 31376011400001 10532 
313760105000161 313760115000003 8790 
313760105000161 313760115000005 7798 
313760105000161 313760115000006 11508 
313760105000161 313760115000007 11070 
313760105000161 313760115000011 10099 
313760105000161 313760115000015 6087 
313760105000161 31376011500002 8093 
313760105000162 313760105000013 7495 
313760105000162 313760105000026 6022 
313760105000162 313760105000048 10002 
313760105000162 31376010500005 9288 
313760105000162 313760105000076 6128 
313760105000162 313760105000082 6826 
313760105000162 313760105000098 6822 
313760105000162 313760105000102 8937 
313760105000162 313760105000122 4947 
313760105000162 313760105000125 5498 
313760105000162 313760105000132 3809 
313760105000162 313760105000135 2035 
313760105000162 313760105000139 417 
313760105000162 313760105000145 9558 
313760105000162 313760105000146 7531 
313760105000162 313760105000152 2865 
313760105000162 313760105000168 4203 
313760105000162 313760105000172 5275 
313760105000162 313760105000186 489 
313760105000162 313760105000201 8315 
313760105000162 313760105000206 5982 
313760105000162 313760105000219 2327 
313760105000162 31376010500022 1536 
313760105000162 313760105000221 2178 
313760105000162 313760105000225 1827 
313760105000162 313760105000226 1445 
313760105000162 313760105000229 1342 
313760105000162 313760105000231 7769 
313760105000162 313760105000235 5428 
313760105000162 313760105000239 5473 
313760105000162 313760105000257 5994 
313760105000162 313760105000259 3602 
313760105000162 313760105000264 4646 
313760105000162 313760105000273 9662 
313760105000162 31376010500028 3436 
313760105000162 313760114000002 12356 
313760105000162 313760114000007 11928 
313760105000162 313760114000008 11502 
313760105000162 313760114000009 10613 
313760105000162 31376011400001 13792 
313760105000162 313760115000003 2770 
313760105000162 313760115000005 5082 
313760105000162 313760115000006 6249 
313760105000162 313760115000007 4938 
313760105000162 313760115000011 5427 
313760105000162 313760115000015 2417 
313760105000162 31376011500002 1951 
313760105000163 313760105000013 7552 
313760105000163 313760105000026 6063 
313760105000163 313760105000048 10061 
313760105000163 31376010500005 9319 
313760105000163 313760105000076 6185 
313760105000163 313760105000082 6884 
313760105000163 313760105000098 6875 
313760105000163 313760105000102 8986 
313760105000163 313760105000122 4986 
313760105000163 313760105000125 5543 
313760105000163 313760105000132 3858 
313760105000163 313760105000135 2074 
313760105000163 313760105000139 437 
313760105000163 313760105000145 9617 
313760105000163 313760105000146 7585 
313760105000163 313760105000152 2832 
313760105000163 313760105000168 4255 
313760105000163 313760105000172 5282 
313760105000163 313760105000186 530 
313760105000163 313760105000201 8367 
313760105000163 313760105000206 6017 
313760105000163 313760105000219 2381 
313760105000163 31376010500022 1593 
313760105000163 313760105000221 2235 
313760105000163 313760105000225 1887 
313760105000163 313760105000226 1504 
313760105000163 313760105000229 1401 
313760105000163 313760105000231 7792 
313760105000163 313760105000235 5467 
313760105000163 313760105000239 5531 
313760105000163 313760105000257 6052 
313760105000163 313760105000259 3658 
313760105000163 313760105000264 4692 
313760105000163 313760105000273 9702 
313760105000163 31376010500028 3456 
313760105000163 313760114000002 12412 
313760105000163 313760114000007 11986 
313760105000163 313760114000008 11560 
313760105000163 313760114000009 10671 
313760105000163 31376011400001 13851 
313760105000163 313760115000003 2718 
313760105000163 313760115000005 5038 
313760105000163 313760115000006 6190 
313760105000163 313760115000007 4894 
313760105000163 313760115000011 5368 
313760105000163 313760115000015 2382 
313760105000163 31376011500002 1907 
313760105000164 313760105000013 7532 
313760105000164 313760105000026 6144 
313760105000164 313760105000048 9958 
313760105000164 31376010500005 9440 
313760105000164 313760105000076 6160 
313760105000164 313760105000082 6849 
313760105000164 313760105000098 6886 
313760105000164 313760105000102 9023 
313760105000164 313760105000122 5078 
313760105000164 313760105000125 5605 
313760105000164 313760105000132 3902 
313760105000164 313760105000135 2169 
313760105000164 313760105000139 597 
313760105000164 313760105000145 9568 
313760105000164 313760105000146 7429 
313760105000164 313760105000152 2724 
313760105000164 313760105000168 4281 
313760105000164 313760105000172 5460 
313760105000164 313760105000186 634 
313760105000164 313760105000201 8394 
313760105000164 313760105000206 6123 
313760105000164 313760105000219 2396 
313760105000164 31376010500022 1580 
313760105000164 313760105000221 2210 
313760105000164 313760105000225 1798 
313760105000164 313760105000226 1439 
313760105000164 313760105000229 1298 
313760105000164 313760105000231 7936 
313760105000164 313760105000235 5560 
313760105000164 313760105000239 5495 
313760105000164 313760105000257 6010 
313760105000164 313760105000259 3646 
313760105000164 313760105000264 4511 
313760105000164 313760105000273 9790 
313760105000164 31376010500028 3250 
313760105000164 313760114000002 12399 
313760105000164 313760114000007 11946 
313760105000164 313760114000008 11524 
313760105000164 313760114000009 10629 
313760105000164 31376011400001 13783 
313760105000164 313760115000003 2707 
313760105000164 313760115000005 5228 
313760105000164 313760115000006 6254 
313760105000164 313760115000007 4830 
313760105000164 313760115000011 5481 
313760105000164 313760115000015 2584 
313760105000164 31376011500002 1848 
313760105000165 313760105000013 2920 
313760105000165 313760105000026 959 
313760105000165 313760105000048 7171 
313760105000165 31376010500005 4551 
313760105000165 313760105000076 2284 
313760105000165 313760105000082 2890 
313760105000165 313760105000098 1716 
313760105000165 313760105000102 3318 
313760105000165 313760105000122 1323 
313760105000165 313760105000125 320 
313760105000165 313760105000132 1862 
313760105000165 313760105000135 3693 
313760105000165 313760105000139 5328 
313760105000165 313760105000145 5296 
313760105000165 313760105000146 7112 
313760105000165 313760105000152 8424 
313760105000165 313760105000168 1594 
313760105000165 313760105000172 4291 
313760105000165 313760105000186 5180 
313760105000165 313760105000201 2785 
313760105000165 313760105000206 1684 
313760105000165 313760105000219 3412 
313760105000165 31376010500022 4257 
313760105000165 313760105000221 3758 
313760105000165 313760105000225 4481 
313760105000165 313760105000226 4570 
313760105000165 313760105000229 4865 
313760105000165 313760105000231 4065 
313760105000165 313760105000235 1208 
313760105000165 313760105000239 2415 
313760105000165 313760105000257 2719 
313760105000165 313760105000259 2519 
313760105000165 313760105000264 6416 
313760105000165 313760105000273 4245 
313760105000165 31376010500028 7493 
313760105000165 313760114000002 7197 
313760105000165 313760114000007 7262 
313760105000165 313760114000008 6758 
313760105000165 313760114000009 6085 
313760105000165 31376011400001 9622 
313760105000165 313760115000003 8405 
313760105000165 313760115000005 8228 
313760105000165 313760115000006 11466 
313760105000165 313760115000007 10587 
313760105000165 313760115000011 10195 
313760105000165 313760115000015 6135 
313760105000165 31376011500002 7605 
313760105000166 313760105000013 4184 
313760105000166 313760105000026 861 
313760105000166 313760105000048 8619 
313760105000166 31376010500005 2832 
313760105000166 313760105000076 3946 
313760105000166 313760105000082 4424 
313760105000166 313760105000098 2960 
313760105000166 313760105000102 3280 
313760105000166 313760105000122 1748 
313760105000166 313760105000125 1649 
313760105000166 313760105000132 3220 
313760105000166 313760105000135 4654 
313760105000166 313760105000139 6307 
313760105000166 313760105000145 6390 
313760105000166 313760105000146 8881 
313760105000166 313760105000152 9548 
313760105000166 313760105000168 3167 
313760105000166 313760105000172 3606 
313760105000166 313760105000186 6200 
313760105000166 313760105000201 3124 
313760105000166 313760105000206 767 
313760105000166 313760105000219 4693 
313760105000166 31376010500022 5492 
313760105000166 313760105000221 5120 
313760105000166 313760105000225 5867 
313760105000166 313760105000226 5859 
313760105000166 313760105000229 6168 
313760105000166 313760105000231 2360 
313760105000166 313760105000235 1268 
313760105000166 313760105000239 4183 
313760105000166 313760105000257 4431 
313760105000166 313760105000259 4115 
313760105000166 313760105000264 8141 
313760105000166 313760105000273 2996 
313760105000166 31376010500028 8999 
313760105000166 313760114000002 7541 
313760105000166 313760114000007 7983 
313760105000166 313760114000008 7461 
313760105000166 313760114000009 6970 
313760105000166 31376011400001 10499 
313760105000166 313760115000003 9305 
313760105000166 313760115000005 8130 
313760105000166 313760115000006 11957 
313760105000166 313760115000007 11594 
313760105000166 313760115000011 10518 
313760105000166 313760115000015 6536 
313760105000166 31376011500002 8621 
313760105000167 313760105000013 3799 
313760105000167 313760105000026 701 
313760105000167 313760105000048 8237 
313760105000167 31376010500005 3032 
313760105000167 313760105000076 3600 
313760105000167 313760105000082 4056 
313760105000167 313760105000098 2579 
313760105000167 313760105000102 2966 
313760105000167 313760105000122 1762 
313760105000167 313760105000125 1439 
313760105000167 313760105000132 3112 
313760105000167 313760105000135 4666 
313760105000167 313760105000139 6329 
313760105000167 313760105000145 6004 
313760105000167 313760105000146 8564 
313760105000167 313760105000152 9545 
313760105000167 313760105000168 2999 
313760105000167 313760105000172 3917 
313760105000167 313760105000186 6211 
313760105000167 313760105000201 2764 
313760105000167 313760105000206 978 
313760105000167 313760105000219 4626 
313760105000167 31376010500022 5443 
313760105000167 313760105000221 5034 
313760105000167 313760105000225 5779 
313760105000167 313760105000226 5799 
313760105000167 313760105000229 6105 
313760105000167 313760105000231 2731 
313760105000167 313760105000235 1288 
313760105000167 313760105000239 3873 
313760105000167 313760105000257 4095 
313760105000167 313760105000259 3949 
313760105000167 313760105000264 7926 
313760105000167 313760105000273 2963 
313760105000167 31376010500028 8881 
313760105000167 313760114000002 7209 
313760105000167 313760114000007 7616 
313760105000167 313760114000008 7095 
313760105000167 313760114000009 6592 
313760105000167 31376011400001 10124 
313760105000167 313760115000003 9357 
313760105000167 313760115000005 8377 
313760105000167 313760115000006 12105 
313760105000167 313760115000007 11626 
313760105000167 313760115000011 10696 
313760105000167 313760115000015 6685 
313760105000167 31376011500002 8644 
313760105000168 313760105000013 3507 
313760105000168 313760105000026 2317 
313760105000168 313760105000048 7103 
313760105000168 31376010500005 5999 
313760105000168 313760105000076 2297 
313760105000168 313760105000082 3057 
313760105000168 313760105000098 2644 
313760105000168 313760105000102 4748 
313760105000168 313760105000122 1736 
313760105000168 313760105000125 1566 
313760105000168 313760105000132 522 
313760105000168 313760105000135 2391 
313760105000168 313760105000139 3915 
313760105000168 313760105000145 5811 
313760105000168 313760105000146 6223 
313760105000168 313760105000152 6891 
313760105000168 313760105000168 0 
313760105000168 313760105000172 4390 
313760105000168 313760105000186 3746 
313760105000168 313760105000201 4112 
313760105000168 313760105000206 2742 
313760105000168 313760105000219 1888 
313760105000168 31376010500022 2729 
313760105000168 313760105000221 2186 
313760105000168 313760105000225 2894 
313760105000168 313760105000226 3011 
313760105000168 313760105000229 3298 
313760105000168 313760105000231 5158 
313760105000168 313760105000235 2060 
313760105000168 313760105000239 1922 
313760105000168 313760105000257 2445 
313760105000168 313760105000259 950 
313760105000168 313760105000264 5002 
313760105000168 313760105000273 5836 
313760105000168 31376010500028 5906 
313760105000168 313760114000002 8257 
313760105000168 313760114000007 8038 
313760105000168 313760114000008 7569 
313760105000168 313760114000009 6765 
313760105000168 31376011400001 10188 
313760105000168 313760115000003 6974 
313760105000168 313760115000005 7509 
313760105000168 313760115000006 10240 
313760105000168 313760115000007 9088 
313760105000168 313760115000011 9099 
313760105000168 313760115000015 5106 
313760105000168 31376011500002 6125 
313760105000169 313760105000013 3614 
313760105000169 313760105000026 2073 
313760105000169 313760105000048 7333 
313760105000169 31376010500005 5743 
313760105000169 313760105000076 2471 
313760105000169 313760105000082 3226 
313760105000169 313760105000098 2669 
313760105000169 313760105000102 4677 
313760105000169 313760105000122 1436 
313760105000169 313760105000125 1354 
313760105000169 313760105000132 454 
313760105000169 313760105000135 2367 
313760105000169 313760105000139 3950 
313760105000169 313760105000145 5952 
313760105000169 313760105000146 6521 
313760105000169 313760105000152 6997 
313760105000169 313760105000168 302 
313760105000169 313760105000172 4113 
313760105000169 313760105000186 3791 
313760105000169 313760105000201 4070 
313760105000169 313760105000206 2457 
313760105000169 313760105000219 1982 
313760105000169 31376010500022 2828 
313760105000169 313760105000221 2327 
313760105000169 313760105000225 3055 
313760105000169 313760105000226 3136 
313760105000169 313760105000229 3432 
313760105000169 313760105000231 4864 
313760105000169 313760105000235 1774 
313760105000169 313760105000239 2160 
313760105000169 313760105000257 2666 
313760105000169 313760105000259 1209 
313760105000169 313760105000264 5284 
313760105000169 313760105000273 5644 
313760105000169 31376010500028 6118 
313760105000169 313760114000002 8299 
313760105000169 313760114000007 8140 
313760105000169 313760114000008 7663 
313760105000169 313760114000009 6881 
313760105000169 31376011400001 10333 
313760105000169 313760115000003 7023 
313760105000169 313760115000005 7356 
313760105000169 313760115000006 10216 
313760105000169 313760115000007 9173 
313760105000169 313760115000011 9036 
313760105000169 313760115000015 5014 
313760105000169 31376011500002 6197 
31376010500017 313760105000013 2635 
31376010500017 313760105000026 2943 
31376010500017 313760105000048 6747 
31376010500017 31376010500005 3882 
31376010500017 313760105000076 3430 
31376010500017 313760105000082 3375 
31376010500017 313760105000098 2115 
31376010500017 313760105000102 404 
31376010500017 313760105000122 4013 
31376010500017 313760105000125 3160 
31376010500017 313760105000132 4773 
31376010500017 313760105000135 6638 
31376010500017 313760105000139 8264 
31376010500017 313760105000145 4091 
31376010500017 313760105000146 8174 
31376010500017 313760105000152 11299 
31376010500017 313760105000168 4408 
31376010500017 313760105000172 6480 
31376010500017 313760105000186 8111 
31376010500017 313760105000201 661 
31376010500017 313760105000206 3532 
31376010500017 313760105000219 6293 
31376010500017 31376010500022 7137 
31376010500017 313760105000221 6586 
31376010500017 313760105000225 7267 
31376010500017 313760105000226 7416 
31376010500017 313760105000229 7696 
31376010500017 313760105000231 4742 
31376010500017 313760105000235 3631 
31376010500017 313760105000239 4073 
31376010500017 313760105000257 3942 
31376010500017 313760105000259 5207 
31376010500017 313760105000264 8517 
31376010500017 313760105000273 2442 
31376010500017 31376010500028 10067 
31376010500017 313760114000002 4659 
31376010500017 313760114000007 5228 
31376010500017 313760114000008 4708 
31376010500017 313760114000009 4382 
31376010500017 31376011400001 7802 
31376010500017 313760115000003 11341 
31376010500017 313760115000005 10896 
31376010500017 313760115000006 14389 
31376010500017 313760115000007 13493 
31376010500017 313760115000011 13070 
31376010500017 313760115000015 9014 
31376010500017 31376011500002 10521 
313760105000171 313760105000013 2323 
313760105000171 313760105000026 3063 
313760105000171 313760105000048 6397 
313760105000171 31376010500005 4228 
313760105000171 313760105000076 3201 
313760105000171 313760105000082 3091 
313760105000171 313760105000098 1925 
313760105000171 313760105000102 423 
313760105000171 313760105000122 4095 
313760105000171 313760105000125 3194 
313760105000171 313760105000132 4741 
313760105000171 313760105000135 6629 
313760105000171 313760105000139 8237 
313760105000171 313760105000145 3745 
313760105000171 313760105000146 7870 
313760105000171 313760105000152 11227 
313760105000171 313760105000168 4348 
313760105000171 313760105000172 6664 
313760105000171 313760105000186 8078 
313760105000171 313760105000201 347 
313760105000171 313760105000206 3700 
313760105000171 313760105000219 6237 
313760105000171 31376010500022 7077 
313760105000171 313760105000221 6510 
313760105000171 313760105000225 7174 
313760105000171 313760105000226 7342 
313760105000171 313760105000229 7616 
313760105000171 313760105000231 5038 
313760105000171 313760105000235 3740 
313760105000171 313760105000239 3868 
313760105000171 313760105000257 3701 
313760105000171 313760105000259 5108 
313760105000171 313760105000264 8301 
313760105000171 313760105000273 2786 
313760105000171 31376010500028 9915 
313760105000171 313760114000002 4459 
313760105000171 313760114000007 4945 
313760105000171 313760114000008 4423 
313760105000171 313760114000009 4062 
313760105000171 31376011400001 7507 
313760105000171 313760115000003 11310 
313760105000171 313760115000005 11018 
313760105000171 313760115000006 14420 
313760105000171 313760115000007 13435 
313760105000171 313760115000011 13130 
313760105000171 313760115000015 9070 
313760105000171 31376011500002 10473 
313760105000172 313760105000013 7212 
313760105000172 313760105000026 3685 
313760105000172 313760105000048 11359 
313760105000172 31376010500005 4974 
313760105000172 313760105000076 6411 
313760105000172 313760105000082 7108 
313760105000172 313760105000098 5993 
313760105000172 313760105000102 6881 
313760105000172 313760105000122 3000 
313760105000172 313760105000125 3972 
313760105000172 313760105000132 3986 
313760105000172 313760105000135 3760 
313760105000172 313760105000139 4864 
313760105000172 313760105000145 9583 
313760105000172 313760105000146 10537 
313760105000172 313760105000152 7928 
313760105000172 313760105000168 4390 
313760105000172 313760105000172 0 
313760105000172 313760105000186 4877 
313760105000172 313760105000201 6649 
313760105000172 313760105000206 2967 
313760105000172 313760105000219 4489 
313760105000172 31376010500022 4881 
313760105000172 313760105000221 4948 
313760105000172 313760105000225 5535 
313760105000172 313760105000226 5275 
313760105000172 313760105000229 5536 
313760105000172 313760105000231 3045 
313760105000172 313760105000235 3112 
313760105000172 313760105000239 6248 
313760105000172 313760105000257 6716 
313760105000172 313760105000259 4950 
313760105000172 313760105000264 8698 
313760105000172 313760105000273 6148 
313760105000172 31376010500028 8506 
313760105000172 313760114000002 11123 
313760105000172 313760114000007 11440 
313760105000172 313760114000008 10924 
313760105000172 313760114000009 10326 
313760105000172 31376011400001 13875 
313760105000172 313760115000003 7220 
313760105000172 313760115000005 4689 
313760105000172 313760115000006 9015 
313760105000172 313760115000007 9560 
313760105000172 313760115000011 7414 
313760105000172 313760115000015 3894 
313760105000172 31376011500002 6857 
313760105000173 313760105000013 5423 
313760105000173 313760105000026 1887 
313760105000173 313760105000048 9848 
313760105000173 31376010500005 2515 
313760105000173 313760105000076 5094 
313760105000173 313760105000082 5622 
313760105000173 313760105000098 4190 
313760105000173 313760105000102 4376 
313760105000173 313760105000122 2213 
313760105000173 313760105000125 2609 
313760105000173 313760105000132 3813 
313760105000173 313760105000135 4821 
313760105000173 313760105000139 6387 
313760105000173 313760105000145 7634 
313760105000173 313760105000146 9930 
313760105000173 313760105000152 9650 
313760105000173 313760105000168 3915 
313760105000173 313760105000172 2732 
313760105000173 313760105000186 6317 
313760105000173 313760105000201 4315 
313760105000173 313760105000206 1193 
313760105000173 313760105000219 5095 
313760105000173 31376010500022 5811 
313760105000173 313760105000221 5561 
313760105000173 313760105000225 6295 
313760105000173 313760105000226 6206 
313760105000173 313760105000229 6512 
313760105000173 313760105000231 1250 
313760105000173 313760105000235 1858 
313760105000173 313760105000239 5245 
313760105000173 313760105000257 5551 
313760105000173 313760105000259 4815 
313760105000173 313760105000264 8903 
313760105000173 313760105000273 3423 
313760105000173 31376010500028 9466 
313760105000173 313760114000002 8642 
313760105000173 313760114000007 9175 
313760105000173 313760114000008 8653 
313760105000173 313760114000009 8194 
313760105000173 31376011400001 11711 
313760105000173 313760115000003 9233 
313760105000173 313760115000005 7409 
313760105000173 313760115000006 11545 
313760105000173 313760115000007 11570 
313760105000173 313760115000011 10015 
313760105000173 313760115000015 6189 
313760105000173 31376011500002 8656 
313760105000174 313760105000013 5995 
313760105000174 313760105000026 2463 
313760105000174 313760105000048 10424 
313760105000174 31376010500005 2423 
313760105000174 313760105000076 5671 
313760105000174 313760105000082 6202 
313760105000174 313760105000098 4765 
313760105000174 313760105000102 4842 
313760105000174 313760105000122 2695 
313760105000174 313760105000125 3171 
313760105000174 313760105000132 4281 
313760105000174 313760105000135 5132 
313760105000174 313760105000139 6641 
313760105000174 313760105000145 8189 
313760105000174 313760105000146 10487 
313760105000174 313760105000152 9889 
313760105000174 313760105000168 4422 
313760105000174 313760105000172 2577 
313760105000174 313760105000186 6586 
313760105000174 313760105000201 4830 
313760105000174 313760105000206 1743 
313760105000174 313760105000219 5485 
313760105000174 31376010500022 6163 
313760105000174 313760105000221 5959 
313760105000174 313760105000225 6682 
313760105000174 313760105000226 6564 
313760105000174 313760105000229 6867 
313760105000174 313760105000231 756 
313760105000174 313760105000235 2383 
313760105000174 313760105000239 5810 
313760105000174 313760105000257 6125 
313760105000174 313760105000259 5300 
313760105000174 313760105000264 9385 
313760105000174 313760105000273 3624 
313760105000174 31376010500028 9848 
313760105000174 313760114000002 9092 
313760105000174 313760114000007 9681 
313760105000174 313760114000008 9159 
313760105000174 313760114000009 8726 
313760105000174 31376011400001 12230 
313760105000174 313760115000003 9399 
313760105000174 313760115000005 7259 
313760105000174 313760115000006 11539 
313760105000174 313760115000007 11746 
313760105000174 313760115000011 9968 
313760105000174 313760115000015 6253 
313760105000174 31376011500002 8872 
313760105000175 313760105000013 3870 
313760105000175 313760105000026 2311 
313760105000175 313760105000048 7484 
313760105000175 31376010500005 5957 
313760105000175 313760105000076 2680 
313760105000175 313760105000082 3440 
313760105000175 313760105000098 2957 
313760105000175 313760105000102 4979 
313760105000175 313760105000122 1558 
313760105000175 313760105000125 1625 
313760105000175 313760105000132 156 
313760105000175 313760105000135 2072 
313760105000175 313760105000139 3647 
313760105000175 313760105000145 6187 
313760105000175 313760105000146 6518 
313760105000175 313760105000152 6700 
313760105000175 313760105000168 386 
313760105000175 313760105000172 4051 
313760105000175 313760105000186 3488 
313760105000175 313760105000201 4371 
313760105000175 313760105000206 2628 
313760105000175 313760105000219 1686 
313760105000175 31376010500022 2532 
313760105000175 313760105000221 2046 
313760105000175 313760105000225 2782 
313760105000175 313760105000226 2847 
313760105000175 313760105000229 3145 
313760105000175 313760105000231 4997 
313760105000175 313760105000235 1946 
313760105000175 313760105000239 2303 
313760105000175 313760105000257 2830 
313760105000175 313760105000259 1049 
313760105000175 313760105000264 5136 
313760105000175 313760105000273 5913 
313760105000175 31376010500028 5873 
313760105000175 313760114000002 8585 
313760105000175 313760114000007 8400 
313760105000175 313760114000008 7927 
313760105000175 313760114000009 7132 
313760105000175 31376011400001 10566 
313760105000175 313760115000003 6720 
313760105000175 313760115000005 7127 
313760105000175 313760115000006 9923 
313760105000175 313760115000007 8873 
313760105000175 313760115000011 8756 
313760105000175 313760115000015 4746 
313760105000175 31376011500002 5896 
313760105000176 313760105000013 3758 
313760105000176 313760105000026 2473 
313760105000176 313760105000048 7279 
313760105000176 31376010500005 6140 
313760105000176 313760105000076 2524 
313760105000176 313760105000082 3285 
313760105000176 313760105000098 2908 
313760105000176 313760105000102 5002 
313760105000176 313760105000122 1783 
313760105000176 313760105000125 1751 
313760105000176 313760105000132 321 
313760105000176 313760105000135 2130 
313760105000176 313760105000139 3652 
313760105000176 313760105000145 6048 
313760105000176 313760105000146 6271 
313760105000176 313760105000152 6643 
313760105000176 313760105000168 263 
313760105000176 313760105000172 4293 
313760105000176 313760105000186 3484 
313760105000176 313760105000201 4372 
313760105000176 313760105000206 2836 
313760105000176 313760105000219 1634 
313760105000176 31376010500022 2477 
313760105000176 313760105000221 1950 
313760105000176 313760105000225 2669 
313760105000176 313760105000226 2769 
313760105000176 313760105000229 3059 
313760105000176 313760105000231 5223 
313760105000176 313760105000235 2152 
313760105000176 313760105000239 2104 
313760105000176 313760105000257 2640 
313760105000176 313760105000259 825 
313760105000176 313760105000264 4913 
313760105000176 313760105000273 6038 
313760105000176 31376010500028 5718 
313760105000176 313760114000002 8519 
313760105000176 313760114000007 8289 
313760105000176 313760114000008 7822 
313760105000176 313760114000009 7011 
313760105000176 31376011400001 10422 
313760105000176 313760115000003 6713 
313760105000176 313760115000005 7285 
313760105000176 313760115000006 9977 
313760105000176 313760115000007 8834 
313760105000176 313760115000011 8843 
313760105000176 313760115000015 4858 
313760105000176 31376011500002 5868 
313760105000177 313760105000013 4970 
313760105000177 313760105000026 1911 
313760105000177 313760105000048 8985 
313760105000177 31376010500005 4931 
313760105000177 313760105000076 4048 
313760105000177 313760105000082 4768 
313760105000177 313760105000098 3815 
313760105000177 313760105000102 5233 
313760105000177 313760105000122 827 
313760105000177 313760105000125 1807 
313760105000177 313760105000132 1661 
313760105000177 313760105000135 2358 
313760105000177 313760105000139 3967 
313760105000177 313760105000145 7356 
313760105000177 313760105000146 8216 
313760105000177 313760105000152 7229 
313760105000177 313760105000168 2010 
313760105000177 313760105000172 2395 
313760105000177 313760105000186 3879 
313760105000177 313760105000201 4811 
313760105000177 313760105000206 1640 
313760105000177 313760105000219 2658 
313760105000177 31376010500022 3341 
313760105000177 313760105000221 3133 
313760105000177 313760105000225 3852 
313760105000177 313760105000226 3739 
313760105000177 313760105000229 4044 
313760105000177 313760105000231 3583 
313760105000177 313760105000235 1222 
313760105000177 313760105000239 3853 
313760105000177 313760105000257 4328 
313760105000177 313760105000259 2686 
313760105000177 313760105000264 6682 
313760105000177 313760105000273 5383 
313760105000177 31376010500028 7018 
313760105000177 313760114000002 9281 
313760105000177 313760114000007 9375 
313760105000177 313760114000008 8872 
313760105000177 313760114000009 8185 
313760105000177 31376011400001 11711 
313760105000177 313760115000003 6925 
313760105000177 313760115000005 6128 
313760105000177 313760115000006 9625 
313760105000177 313760115000007 9228 
313760105000177 313760115000011 8249 
313760105000177 313760115000015 4211 
313760105000177 31376011500002 6270 
313760105000178 313760105000013 4996 
313760105000178 313760105000026 1913 
313760105000178 313760105000048 9019 
313760105000178 31376010500005 4907 
313760105000178 313760105000076 4080 
313760105000178 313760105000082 4799 
313760105000178 313760105000098 3838 
313760105000178 313760105000102 5240 
313760105000178 313760105000122 839 
313760105000178 313760105000125 1826 
313760105000178 313760105000132 1701 
313760105000178 313760105000135 2383 
313760105000178 313760105000139 3988 
313760105000178 313760105000145 7383 
313760105000178 313760105000146 8256 
313760105000178 313760105000152 7251 
313760105000178 313760105000168 2049 
313760105000178 313760105000172 2358 
313760105000178 313760105000186 3902 
313760105000178 313760105000201 4823 
313760105000178 313760105000206 1625 
313760105000178 313760105000219 2692 
313760105000178 31376010500022 3372 
313760105000178 313760105000221 3169 
313760105000178 313760105000225 3886 
313760105000178 313760105000226 3770 
313760105000178 313760105000229 4075 
313760105000178 313760105000231 3549 
313760105000178 313760105000235 1223 
313760105000178 313760105000239 3889 
313760105000178 313760105000257 4363 
313760105000178 313760105000259 2726 
313760105000178 313760105000264 6721 
313760105000178 313760105000273 5371 
313760105000178 31376010500028 7051 
313760105000178 313760114000002 9296 
313760105000178 313760114000007 9396 
313760105000178 313760114000008 8892 
313760105000178 313760114000009 8209 
313760105000178 31376011400001 11736 
313760105000178 313760115000003 6940 
313760105000178 313760115000005 6113 
313760105000178 313760115000006 9627 
313760105000178 313760115000007 9245 
313760105000178 313760115000011 8247 
313760105000178 313760115000015 4212 
313760105000178 31376011500002 6289 
313760105000179 313760105000013 4923 
313760105000179 313760105000026 2214 
313760105000179 313760105000048 8781 
313760105000179 31376010500005 5422 
313760105000179 313760105000076 3888 
313760105000179 313760105000082 4632 
313760105000179 313760105000098 3832 
313760105000179 313760105000102 5450 
313760105000179 313760105000122 1093 
313760105000179 313760105000125 1925 
313760105000179 313760105000132 1271 
313760105000179 313760105000135 1873 
313760105000179 313760105000139 3510 
313760105000179 313760105000145 7299 
313760105000179 313760105000146 7828 
313760105000179 313760105000152 6763 
313760105000179 313760105000168 1700 
313760105000179 313760105000172 2714 
313760105000179 313760105000186 3411 
313760105000179 313760105000201 4971 
313760105000179 313760105000206 2083 
313760105000179 313760105000219 2138 
313760105000179 31376010500022 2827 
313760105000179 313760105000221 2615 
313760105000179 313760105000225 3332 
313760105000179 313760105000226 3223 
313760105000179 313760105000229 3529 
313760105000179 313760105000231 4103 
313760105000179 313760105000235 1561 
313760105000179 313760105000239 3608 
313760105000179 313760105000257 4113 
313760105000179 313760105000259 2254 
313760105000179 313760105000264 6193 
313760105000179 313760105000273 5790 
313760105000179 31376010500028 6499 
313760105000179 313760114000002 9395 
313760105000179 313760114000007 9396 
313760105000179 313760114000008 8902 
313760105000179 313760114000009 8174 
313760105000179 31376011400001 11674 
313760105000179 313760115000003 6511 
313760105000179 313760115000005 6057 
313760105000179 313760115000006 9337 
313760105000179 313760115000007 8795 
313760105000179 313760115000011 8016 
313760105000179 313760115000015 3957 
313760105000179 31376011500002 5823 
31376010500018 313760105000013 4986 
31376010500018 313760105000026 2121 
31376010500018 313760105000048 8907 
31376010500018 31376010500005 5238 
31376010500018 313760105000076 3994 
31376010500018 313760105000082 4730 
31376010500018 313760105000098 3867 
31376010500018 313760105000102 5403 
31376010500018 313760105000122 1002 
31376010500018 313760105000125 1910 
31376010500018 313760105000132 1454 
31376010500018 313760105000135 2050 
31376010500018 313760105000139 3670 
31376010500018 313760105000145 7368 
31376010500018 313760105000146 8018 
31376010500018 313760105000152 6929 
31376010500018 313760105000168 1856 
31376010500018 313760105000172 2538 
31376010500018 313760105000186 3577 
31376010500018 313760105000201 4948 
31376010500018 313760105000206 1924 
31376010500018 313760105000219 2352 
31376010500018 31376010500022 3028 
31376010500018 313760105000221 2829 
31376010500018 313760105000225 3543 
31376010500018 313760105000226 3427 
31376010500018 313760105000229 3732 
31376010500018 313760105000231 3892 
31376010500018 313760105000235 1447 
31376010500018 313760105000239 3746 
31376010500018 313760105000257 4240 
31376010500018 313760105000259 2455 
31376010500018 313760105000264 6408 
31376010500018 313760105000273 5654 
31376010500018 31376010500028 6708 
31376010500018 313760114000002 9395 
31376010500018 313760114000007 9434 
31376010500018 313760114000008 8936 
31376010500018 313760114000009 8225 
31376010500018 31376011400001 11736 
31376010500018 313760115000003 6647 
31376010500018 313760115000005 6030 
31376010500018 313760115000006 9410 
31376010500018 313760115000007 8942 
31376010500018 313760115000011 8062 
31376010500018 313760115000015 4010 
31376010500018 31376011500002 5977 
313760105000182 313760105000013 7902 
313760105000182 313760105000026 6188 
313760105000182 313760105000048 10541 
313760105000182 31376010500005 9316 
313760105000182 313760105000076 6550 
313760105000182 313760105000082 7264 
313760105000182 313760105000098 7167 
313760105000182 313760105000102 9214 
313760105000182 313760105000122 5087 
313760105000182 313760105000125 5722 
313760105000182 313760105000132 4094 
313760105000182 313760105000135 2217 
313760105000182 313760105000139 630 
313760105000182 313760105000145 10017 
313760105000182 313760105000146 8112 
313760105000182 313760105000152 2882 
313760105000182 313760105000168 4526 
313760105000182 313760105000172 5073 
313760105000182 313760105000186 827 
313760105000182 313760105000201 8618 
313760105000182 313760105000206 6074 
313760105000182 313760105000219 2700 
313760105000182 31376010500022 1983 
313760105000182 313760105000221 2628 
313760105000182 313760105000225 2368 
313760105000182 313760105000226 1966 
313760105000182 313760105000229 1901 
313760105000182 313760105000231 7713 
313760105000182 313760105000235 5563 
313760105000182 313760105000239 5917 
313760105000182 313760105000257 6448 
313760105000182 313760105000259 4009 
313760105000182 313760105000264 5221 
313760105000182 313760105000273 9798 
313760105000182 31376010500028 3892 
313760105000182 313760114000002 12745 
313760105000182 313760114000007 12370 
313760105000182 313760114000008 11934 
313760105000182 313760114000009 11059 
313760105000182 31376011400001 14281 
313760105000182 313760115000003 2511 
313760105000182 313760115000005 4516 
313760105000182 313760115000006 5788 
313760105000182 313760115000007 4791 
313760105000182 313760115000011 4888 
313760105000182 313760115000015 1896 
313760105000182 31376011500002 1852 
313760105000183 313760105000013 7897 
313760105000183 313760105000026 6201 
313760105000183 313760105000048 10522 
313760105000183 31376010500005 9337 
313760105000183 313760105000076 6543 
313760105000183 313760105000082 7256 
313760105000183 313760105000098 7166 
313760105000183 313760105000102 9219 
313760105000183 313760105000122 5100 
313760105000183 313760105000125 5730 
313760105000183 313760105000132 4097 
313760105000183 313760105000135 2225 
313760105000183 313760105000139 623 
313760105000183 313760105000145 10007 
313760105000183 313760105000146 8083 
313760105000183 313760105000152 2855 
313760105000183 313760105000168 4527 
313760105000183 313760105000172 5104 
313760105000183 313760105000186 817 
313760105000183 313760105000201 8622 
313760105000183 313760105000206 6091 
313760105000183 313760105000219 2695 
313760105000183 31376010500022 1971 
313760105000183 313760105000221 2617 
313760105000183 313760105000225 2347 
313760105000183 313760105000226 1947 
313760105000183 313760105000229 1877 
313760105000183 313760105000231 7739 
313760105000183 313760105000235 5578 
313760105000183 313760105000239 5908 
313760105000183 313760105000257 6438 
313760105000183 313760105000259 4003 
313760105000183 313760105000264 5188 
313760105000183 313760105000273 9813 
313760105000183 31376010500028 3854 
313760105000183 313760114000002 12741 
313760105000183 313760114000007 12362 
313760105000183 313760114000008 11927 
313760105000183 313760114000009 11050 
313760105000183 31376011400001 14268 
313760105000183 313760115000003 2500 
313760105000183 313760115000005 4551 
313760105000183 313760115000006 5797 
313760105000183 313760115000007 4774 
313760105000183 313760115000011 4907 
313760105000183 313760115000015 1934 
313760105000183 31376011500002 1830 
313760105000184 313760105000013 7816 
313760105000184 313760105000026 6376 
313760105000184 313760105000048 10232 
313760105000184 31376010500005 9630 
313760105000184 313760105000076 6445 
313760105000184 313760105000082 7134 
313760105000184 313760105000098 7161 
313760105000184 313760105000102 9286 
313760105000184 313760105000122 5300 
313760105000184 313760105000125 5852 
313760105000184 313760105000132 4161 
313760105000184 313760105000135 2389 
313760105000184 313760105000139 744 
313760105000184 313760105000145 9855 
313760105000184 313760105000146 7664 
313760105000184 313760105000152 2520 
313760105000184 313760105000168 4549 
313760105000184 313760105000172 5551 
313760105000184 313760105000186 843 
313760105000184 313760105000201 8662 
313760105000184 313760105000206 6331 
313760105000184 313760105000219 2668 
313760105000184 31376010500022 1861 
313760105000184 313760105000221 2494 
313760105000184 313760105000225 2081 
313760105000184 313760105000226 1726 
313760105000184 313760105000229 1578 
313760105000184 313760105000231 8093 
313760105000184 313760105000235 5781 
313760105000184 313760105000239 5781 
313760105000184 313760105000257 6296 
313760105000184 313760105000259 3928 
313760105000184 313760105000264 4708 
313760105000184 313760105000273 10016 
313760105000184 31376010500028 3306 
313760105000184 313760114000002 12682 
313760105000184 313760114000007 12232 
313760105000184 313760114000008 11810 
313760105000184 313760114000009 10915 
313760105000184 31376011400001 14067 
313760105000184 313760115000003 2429 
313760105000184 313760115000005 5069 
313760105000184 313760115000006 5970 
313760105000184 313760115000007 4583 
313760105000184 313760115000011 5216 
313760105000184 313760115000015 2481 
313760105000184 31376011500002 1596 
313760105000185 313760105000013 7892 
313760105000185 313760105000026 6515 
313760105000185 313760105000048 10239 
313760105000185 31376010500005 9788 
313760105000185 313760105000076 6517 
313760105000185 313760105000082 7200 
313760105000185 313760105000098 7259 
313760105000185 313760105000102 9400 
313760105000185 313760105000122 5445 
313760105000185 313760105000125 5981 
313760105000185 313760105000132 4279 
313760105000185 313760105000135 2533 
313760105000185 313760105000139 906 
313760105000185 313760105000145 9908 
313760105000185 313760105000146 7618 
313760105000185 313760105000152 2365 
313760105000185 313760105000168 4658 
313760105000185 313760105000172 5723 
313760105000185 313760105000186 988 
313760105000185 313760105000201 8770 
313760105000185 313760105000206 6482 
313760105000185 313760105000219 2771 
313760105000185 31376010500022 1950 
313760105000185 313760105000221 2572 
313760105000185 313760105000225 2117 
313760105000185 313760105000226 1782 
313760105000185 313760105000229 1608 
313760105000185 313760105000231 8260 
313760105000185 313760105000235 5926 
313760105000185 313760105000239 5846 
313760105000185 313760105000257 6356 
313760105000185 313760105000259 4012 
313760105000185 313760105000264 4631 
313760105000185 313760105000273 10159 
313760105000185 31376010500028 3160 
313760105000185 313760114000002 12762 
313760105000185 313760114000007 12291 
313760105000185 313760114000008 11874 
313760105000185 313760114000009 10973 
313760105000185 31376011400001 14104 
313760105000185 313760115000003 2339 
313760105000185 313760115000005 5180 
313760105000185 313760115000006 5938 
313760105000185 313760115000007 4453 
313760105000185 313760115000011 5233 
313760105000185 313760115000015 2623 
313760105000185 31376011500002 1470 
313760105000186 313760105000013 7085 
313760105000186 313760105000026 5533 
313760105000186 313760105000048 9741 
313760105000186 31376010500005 8806 
313760105000186 313760105000076 5728 
313760105000186 313760105000082 6439 
313760105000186 313760105000098 6376 
313760105000186 313760105000102 8467 
313760105000186 313760105000122 4458 
313760105000186 313760105000125 5015 
313760105000186 313760105000132 3338 
313760105000186 313760105000135 1546 
313760105000186 313760105000139 204 
313760105000186 313760105000145 9190 
313760105000186 313760105000146 7423 
313760105000186 313760105000152 3352 
313760105000186 313760105000168 3746 
313760105000186 313760105000172 4877 
313760105000186 313760105000186 0 
313760105000186 313760105000201 7854 
313760105000186 313760105000206 5494 
313760105000186 313760105000219 1889 
313760105000186 31376010500022 1156 
313760105000186 313760105000221 1800 
313760105000186 313760105000225 1593 
313760105000186 313760105000226 1175 
313760105000186 313760105000229 1177 
313760105000186 313760105000231 7306 
313760105000186 313760105000235 4939 
313760105000186 313760105000239 5091 
313760105000186 313760105000257 5620 
313760105000186 313760105000259 3189 
313760105000186 313760105000264 4657 
313760105000186 313760105000273 9173 
313760105000186 31376010500028 3708 
313760105000186 313760114000002 11935 
313760105000186 313760114000007 11545 
313760105000186 313760114000008 11111 
313760105000186 313760114000009 10233 
313760105000186 31376011400001 13455 
313760105000186 313760115000003 3232 
313760105000186 313760115000005 5087 
313760105000186 313760115000006 6614 
313760105000186 313760115000007 5424 
313760105000186 313760115000011 5700 
313760105000186 313760115000015 2361 
313760105000186 31376011500002 2437 
313760105000187 313760105000013 6873 
313760105000187 313760105000026 5338 
313760105000187 313760105000048 9560 
313760105000187 31376010500005 8638 
313760105000187 313760105000076 5517 
313760105000187 313760105000082 6230 
313760105000187 313760105000098 6163 
313760105000187 313760105000102 8257 
313760105000187 313760105000122 4269 
313760105000187 313760105000125 4811 
313760105000187 313760105000132 3128 
313760105000187 313760105000135 1360 
313760105000187 313760105000139 403 
313760105000187 313760105000145 8983 
313760105000187 313760105000146 7292 
313760105000187 313760105000152 3534 
313760105000187 313760105000168 3533 
313760105000187 313760105000172 4789 
313760105000187 313760105000186 213 
313760105000187 313760105000201 7642 
313760105000187 313760105000206 5314 
313760105000187 313760105000219 1676 
313760105000187 31376010500022 956 
313760105000187 313760105000221 1597 
313760105000187 313760105000225 1440 
313760105000187 313760105000226 1018 
313760105000187 313760105000229 1065 
313760105000187 313760105000231 7162 
313760105000187 313760105000235 4750 
313760105000187 313760105000239 4882 
313760105000187 313760105000257 5414 
313760105000187 313760105000259 2978 
313760105000187 313760105000264 4578 
313760105000187 313760105000273 8981 
313760105000187 31376010500028 3750 
313760105000187 313760114000002 11722 
313760105000187 313760114000007 11336 
313760105000187 313760114000008 10901 
313760105000187 313760114000009 10025 
313760105000187 31376011400001 13255 
313760105000187 313760115000003 3443 
313760105000187 313760115000005 5199 
313760105000187 313760115000006 6822 
313760105000187 313760115000007 5625 
313760105000187 313760115000011 5891 
313760105000187 313760115000015 2463 
313760105000187 31376011500002 2637 
313760105000188 313760105000013 4415 
313760105000188 313760105000026 3247 
313760105000188 313760105000048 7577 
313760105000188 31376010500005 6868 
313760105000188 313760105000076 3094 
313760105000188 313760105000082 3837 
313760105000188 313760105000098 3678 
313760105000188 313760105000102 5829 
313760105000188 313760105000122 2406 
313760105000188 313760105000125 2563 
313760105000188 313760105000132 836 
313760105000188 313760105000135 1509 
313760105000188 313760105000139 2879 
313760105000188 313760105000145 6616 
313760105000188 313760105000146 6131 
313760105000188 313760105000152 5809 
313760105000188 313760105000168 1082 
313760105000188 313760105000172 4445 
313760105000188 313760105000186 2701 
313760105000188 313760105000201 5185 
313760105000188 313760105000206 3508 
313760105000188 313760105000219 816 
313760105000188 31376010500022 1649 
313760105000188 313760105000221 1113 
313760105000188 313760105000225 1842 
313760105000188 313760105000226 1931 
313760105000188 313760105000229 2222 
313760105000188 313760105000231 5804 
313760105000188 313760105000235 2836 
313760105000188 313760105000239 2533 
313760105000188 313760105000257 3084 
313760105000188 313760105000259 629 
313760105000188 313760105000264 4380 
313760105000188 313760105000273 6853 
313760105000188 31376010500028 4943 
313760105000188 313760114000002 9243 
313760105000188 313760114000007 8920 
313760105000188 313760114000008 8469 
313760105000188 313760114000009 7622 
313760105000188 31376011400001 10957 
313760105000188 313760115000003 5914 
313760105000188 313760115000005 6869 
313760105000188 313760115000006 9264 
313760105000188 313760115000007 8008 
313760105000188 313760115000011 8202 
313760105000188 313760115000015 4308 
313760105000188 31376011500002 5050 
313760105000189 313760105000013 4858 
313760105000189 313760105000026 3508 
313760105000189 313760105000048 7968 
313760105000189 31376010500005 7065 
313760105000189 313760105000076 3536 
313760105000189 313760105000082 4277 
313760105000189 313760105000098 4104 
313760105000189 313760105000102 6221 
313760105000189 313760105000122 2575 
313760105000189 313760105000125 2872 
313760105000189 313760105000132 1127 
313760105000189 313760105000135 1086 
313760105000189 313760105000139 2447 
313760105000189 313760105000145 7056 
313760105000189 313760105000146 6376 
313760105000189 313760105000152 5438 
313760105000189 313760105000168 1478 
313760105000189 313760105000172 4302 
313760105000189 313760105000186 2273 
313760105000189 313760105000201 5590 
313760105000189 313760105000206 3684 
313760105000189 313760105000219 425 
313760105000189 31376010500022 1269 
313760105000189 313760105000221 839 
313760105000189 313760105000225 1586 
313760105000189 313760105000226 1595 
313760105000189 313760105000229 1899 
313760105000189 313760105000231 5894 
313760105000189 313760105000235 3033 
313760105000189 313760105000239 2967 
313760105000189 313760105000257 3516 
313760105000189 313760105000259 1038 
313760105000189 313760105000264 4418 
313760105000189 313760105000273 7146 
313760105000189 31376010500028 4747 
313760105000189 313760114000002 9681 
313760105000189 313760114000007 9363 
313760105000189 313760114000008 8913 
313760105000189 313760114000009 8065 
313760105000189 31376011400001 11392 
313760105000189 313760115000003 5496 
313760105000189 313760115000005 6473 
313760105000189 313760115000006 8823 
313760105000189 313760115000007 7618 
313760105000189 313760115000011 7760 
313760105000189 313760115000015 3883 
313760105000189 31376011500002 4648 
31376010500019 313760105000013 7967 
31376010500019 313760105000026 6832 
31376010500019 313760105000048 10077 
31376010500019 31376010500005 10187 
31376010500019 313760105000076 6584 
31376010500019 313760105000082 7237 
31376010500019 313760105000098 7411 
31376010500019 313760105000102 9608 
31376010500019 313760105000122 5788 
31376010500019 313760105000125 6257 
31376010500019 313760105000132 4525 
31376010500019 313760105000135 2899 
31376010500019 313760105000139 1376 
31376010500019 313760105000145 9899 
31376010500019 313760105000146 7306 
31376010500019 313760105000152 2036 
31376010500019 313760105000168 4862 
31376010500019 313760105000172 6236 
31376010500019 313760105000186 1401 
31376010500019 313760105000201 8956 
31376010500019 313760105000206 6850 
31376010500019 313760105000219 2980 
31376010500019 31376010500022 2134 
31376010500019 313760105000221 2702 
31376010500019 313760105000225 2122 
31376010500019 313760105000226 1872 
31376010500019 313760105000229 1626 
31376010500019 313760105000231 8708 
31376010500019 313760105000235 6269 
31376010500019 313760105000239 5891 
31376010500019 313760105000257 6380 
31376010500019 313760105000259 4138 
31376010500019 313760105000264 4247 
31376010500019 313760105000273 10484 
31376010500019 31376010500028 2624 
31376010500019 313760114000002 12838 
31376010500019 313760114000007 12298 
31376010500019 313760114000008 11895 
31376010500019 313760114000009 10978 
31376010500019 31376011400001 14031 
31376010500019 313760115000003 2322 
31376010500019 313760115000005 5674 
31376010500019 313760115000006 6072 
31376010500019 313760115000007 4233 
31376010500019 313760115000011 5511 
31376010500019 313760115000015 3163 
31376010500019 31376011500002 1351 
313760105000191 313760105000013 7948 
313760105000191 313760105000026 6791 
313760105000191 313760105000048 10082 
313760105000191 31376010500005 10140 
313760105000191 313760105000076 6565 
313760105000191 313760105000082 7221 
313760105000191 313760105000098 7384 
313760105000191 313760105000102 9577 
313760105000191 313760105000122 5745 
313760105000191 313760105000125 6219 
313760105000191 313760105000132 4489 
313760105000191 313760105000135 2853 
313760105000191 313760105000139 1322 
313760105000191 313760105000145 9889 
313760105000191 313760105000146 7327 
313760105000191 313760105000152 2073 
313760105000191 313760105000168 4830 
313760105000191 313760105000172 6181 
313760105000191 313760105000186 1350 
313760105000191 313760105000201 8926 
313760105000191 313760105000206 6805 
313760105000191 313760105000219 2946 
313760105000191 31376010500022 2101 
313760105000191 313760105000221 2675 
313760105000191 313760105000225 2105 
313760105000191 313760105000226 1846 
313760105000191 313760105000229 1606 
313760105000191 313760105000231 8657 
313760105000191 313760105000235 6226 
313760105000191 313760105000239 5874 
313760105000191 313760105000257 6365 
313760105000191 313760105000259 4112 
313760105000191 313760105000264 4276 
313760105000191 313760105000273 10443 
313760105000191 31376010500028 2674 
313760105000191 313760114000002 12820 
313760105000191 313760114000007 12286 
313760105000191 313760114000008 11882 
313760105000191 313760114000009 10966 
313760105000191 31376011400001 14027 
313760105000191 313760115000003 2328 
313760105000191 313760115000005 5628 
313760105000191 313760115000006 6066 
313760105000191 313760115000007 4262 
313760105000191 313760115000011 5490 
313760105000191 313760115000015 3111 
313760105000191 31376011500002 1363 
313760105000192 313760105000013 8265 
313760105000192 313760105000026 7310 
313760105000192 313760105000048 10146 
313760105000192 31376010500005 10707 
313760105000192 313760105000076 6882 
313760105000192 313760105000082 7508 
313760105000192 313760105000098 7774 
313760105000192 313760105000102 10008 
313760105000192 313760105000122 6284 
313760105000192 313760105000125 6711 
313760105000192 313760105000132 4969 
313760105000192 313760105000135 3418 
313760105000192 313760105000139 1932 
313760105000192 313760105000145 10118 
313760105000192 313760105000146 7215 
313760105000192 313760105000152 1637 
313760105000192 313760105000168 5275 
313760105000192 313760105000172 6792 
313760105000192 313760105000186 1949 
313760105000192 313760105000201 9340 
313760105000192 313760105000206 7357 
313760105000192 313760105000219 3416 
313760105000192 31376010500022 2574 
313760105000192 313760105000221 3092 
313760105000192 313760105000225 2442 
313760105000192 313760105000226 2264 
313760105000192 313760105000229 1984 
313760105000192 313760105000231 9250 
313760105000192 313760105000235 6763 
313760105000192 313760105000239 6175 
313760105000192 313760105000257 6642 
313760105000192 313760105000259 4501 
313760105000192 313760105000264 4087 
313760105000192 313760105000273 10962 
313760105000192 31376010500028 2198 
313760105000192 313760114000002 13128 
313760105000192 313760114000007 12527 
313760105000192 313760114000008 12138 
313760105000192 313760114000009 11207 
313760105000192 31376011400001 14182 
313760105000192 313760115000003 2233 
313760105000192 313760115000005 6071 
313760105000192 313760115000006 6054 
313760105000192 313760115000007 3888 
313760105000192 313760115000011 5650 
313760105000192 313760115000015 3649 
313760105000192 31376011500002 1250 
313760105000193 313760105000013 7879 
313760105000193 313760105000026 6626 
313760105000193 313760105000048 10116 
313760105000193 31376010500005 9946 
313760105000193 313760105000076 6499 
313760105000193 313760105000082 7168 
313760105000193 313760105000098 7284 
313760105000193 313760105000102 9455 
313760105000193 313760105000122 5570 
313760105000193 313760105000125 6070 
313760105000193 313760105000132 4350 
313760105000193 313760105000135 2667 
313760105000193 313760105000139 1099 
313760105000193 313760105000145 9856 
313760105000193 313760105000146 7429 
313760105000193 313760105000152 2232 
313760105000193 313760105000168 4707 
313760105000193 313760105000172 5951 
313760105000193 313760105000186 1143 
313760105000193 313760105000201 8813 
313760105000193 313760105000206 6622 
313760105000193 313760105000219 2819 
313760105000193 31376010500022 1979 
313760105000193 313760105000221 2577 
313760105000193 313760105000225 2057 
313760105000193 313760105000226 1761 
313760105000193 313760105000229 1549 
313760105000193 313760105000231 8446 
313760105000193 313760105000235 6051 
313760105000193 313760105000239 5817 
313760105000193 313760105000257 6317 
313760105000193 313760105000259 4020 
313760105000193 313760105000264 4411 
313760105000193 313760105000273 10276 
313760105000193 31376010500028 2893 
313760105000193 313760114000002 12751 
313760105000193 313760114000007 12247 
313760105000193 313760114000008 11836 
313760105000193 313760114000009 10928 
313760105000193 31376011400001 14022 
313760105000193 313760115000003 2359 
313760105000193 313760115000005 5435 
313760105000193 313760115000006 6039 
313760105000193 313760115000007 4381 
313760105000193 313760115000011 5399 
313760105000193 313760115000015 2890 
313760105000193 31376011500002 1431 
313760105000194 313760105000013 7707 
313760105000194 313760105000026 6512 
313760105000194 313760105000048 9925 
313760105000194 31376010500005 9863 
313760105000194 313760105000076 6326 
313760105000194 313760105000082 6990 
313760105000194 313760105000098 7125 
313760105000194 313760105000102 9309 
313760105000194 313760105000122 5466 
313760105000194 313760105000125 5942 
313760105000194 313760105000132 4215 
313760105000194 313760105000135 2575 
313760105000194 313760105000139 1076 
313760105000194 313760105000145 9673 
313760105000194 313760105000146 7247 
313760105000194 313760105000152 2350 
313760105000194 313760105000168 4561 
313760105000194 313760105000172 5941 
313760105000194 313760105000186 1086 
313760105000194 313760105000201 8661 
313760105000194 313760105000206 6527 
313760105000194 313760105000219 2675 
313760105000194 31376010500022 1831 
313760105000194 313760105000221 2416 
313760105000194 313760105000225 1876 
313760105000194 313760105000226 1593 
313760105000194 313760105000229 1370 
313760105000194 313760105000231 8389 
313760105000194 313760105000235 5947 
313760105000194 313760105000239 5640 
313760105000194 313760105000257 6137 
313760105000194 313760105000259 3857 
313760105000194 313760105000264 4242 
313760105000194 313760105000273 10164 
313760105000194 31376010500028 2803 
313760105000194 313760114000002 12579 
313760105000194 313760114000007 12066 
313760105000194 313760114000008 11657 
313760105000194 313760114000009 10746 
313760105000194 31376011400001 13834 
313760105000194 313760115000003 2540 
313760105000194 313760115000005 5570 
313760105000194 313760115000006 6230 
313760105000194 313760115000007 4527 
313760105000194 313760115000011 5585 
313760105000194 313760115000015 2989 
313760105000194 31376011500002 1598 
313760105000195 313760105000013 5441 
313760105000195 313760105000026 5103 
313760105000195 313760105000048 7544 
313760105000195 31376010500005 8748 
313760105000195 313760105000076 4063 
313760105000195 313760105000082 4669 
313760105000195 313760105000098 5052 
313760105000195 313760105000102 7359 
313760105000195 313760105000122 4288 
313760105000195 313760105000125 4380 
313760105000195 313760105000132 2711 
313760105000195 313760105000135 2285 
313760105000195 313760105000139 2458 
313760105000195 313760105000145 7287 
313760105000195 313760105000146 5198 
313760105000195 313760105000152 4461 
313760105000195 313760105000168 2817 
313760105000195 313760105000172 5977 
313760105000195 313760105000186 2258 
313760105000195 313760105000201 6655 
313760105000195 313760105000206 5392 
313760105000195 313760105000219 1496 
313760105000195 31376010500022 1301 
313760105000195 313760105000221 1028 
313760105000195 313760105000225 668 
313760105000195 313760105000226 1090 
313760105000195 313760105000229 1121 
313760105000195 313760105000231 7661 
313760105000195 313760105000235 4719 
313760105000195 313760105000239 3346 
313760105000195 313760105000257 3802 
313760105000195 313760105000259 1893 
313760105000195 313760105000264 2740 
313760105000195 313760105000273 8652 
313760105000195 31376010500028 3088 
313760105000195 313760114000002 10293 
313760105000195 313760114000007 9692 
313760105000195 313760114000008 9298 
313760105000195 313760114000009 8372 
313760105000195 31376011400001 11419 
313760105000195 313760115000003 4940 
313760105000195 313760115000005 7286 
313760105000195 313760115000006 8638 
313760105000195 313760115000007 6721 
313760105000195 313760115000011 7890 
313760105000195 313760115000015 4549 
313760105000195 31376011500002 3967 
313760105000196 313760105000013 4835 
313760105000196 313760105000026 4418 
313760105000196 313760105000048 7265 
313760105000196 31376010500005 8078 
313760105000196 313760105000076 3452 
313760105000196 313760105000082 4098 
313760105000196 313760105000098 4379 
313760105000196 313760105000102 6672 
313760105000196 313760105000122 3643 
313760105000196 313760105000125 3686 
313760105000196 313760105000132 2049 
313760105000196 313760105000135 2037 
313760105000196 313760105000139 2690 
313760105000196 313760105000145 6784 
313760105000196 313760105000146 5260 
313760105000196 313760105000152 5068 
313760105000196 313760105000168 2120 
313760105000196 313760105000172 5549 
313760105000196 313760105000186 2485 
313760105000196 313760105000201 5975 
313760105000196 313760105000206 4738 
313760105000196 313760105000219 1110 
313760105000196 31376010500022 1353 
313760105000196 313760105000221 782 
313760105000196 313760105000225 1019 
313760105000196 313760105000226 1353 
313760105000196 313760105000229 1525 
313760105000196 313760105000231 7050 
313760105000196 313760105000235 4059 
313760105000196 313760105000239 2752 
313760105000196 313760105000257 3243 
313760105000196 313760105000259 1191 
313760105000196 313760105000264 3170 
313760105000196 313760105000273 7952 
313760105000196 31376010500028 3786 
313760105000196 313760114000002 9704 
313760105000196 313760114000007 9172 
313760105000196 313760114000008 8762 
313760105000196 313760114000009 7853 
313760105000196 31376011400001 10995 
313760105000196 313760115000003 5434 
313760105000196 313760115000005 7315 
313760105000196 313760115000006 9044 
313760105000196 313760115000007 7321 
313760105000196 313760115000011 8185 
313760105000196 313760115000015 4608 
313760105000196 31376011500002 4486 
313760105000198 313760105000013 1979 
313760105000198 313760105000026 2828 
313760105000198 313760105000048 6188 
313760105000198 31376010500005 4393 
313760105000198 313760105000076 2788 
313760105000198 313760105000082 2710 
313760105000198 313760105000098 1506 
313760105000198 313760105000102 841 
313760105000198 313760105000122 3812 
313760105000198 313760105000125 2877 
313760105000198 313760105000132 4369 
313760105000198 313760105000135 6269 
313760105000198 313760105000139 7864 
313760105000198 313760105000145 3619 
313760105000198 313760105000146 7511 
313760105000198 313760105000152 10830 
313760105000198 313760105000168 3963 
313760105000198 313760105000172 6481 
313760105000198 313760105000186 7702 
313760105000198 313760105000201 171 
313760105000198 313760105000206 3514 
313760105000198 313760105000219 5851 
313760105000198 31376010500022 6687 
313760105000198 313760105000221 6114 
313760105000198 313760105000225 6771 
313760105000198 313760105000226 6946 
313760105000198 313760105000229 7217 
313760105000198 313760105000231 5041 
313760105000198 313760105000235 3487 
313760105000198 313760105000239 3450 
313760105000198 313760105000257 3293 
313760105000198 313760105000259 4705 
313760105000198 313760105000264 7886 
313760105000198 313760105000273 3070 
313760105000198 31376010500028 9497 
313760105000198 313760114000002 4666 
313760105000198 313760114000007 5018 
313760105000198 313760114000008 4496 
313760105000198 313760114000009 4048 
313760105000198 31376011400001 7548 
313760105000198 313760115000003 10933 
313760105000198 313760115000005 10758 
313760105000198 313760115000006 14081 
313760105000198 313760115000007 13044 
313760105000198 313760115000011 12812 
313760105000198 313760115000015 8752 
313760105000198 31376011500002 10087 
313760105000199 313760105000013 1716 
313760105000199 313760105000026 3108 
313760105000199 313760105000048 5838 
313760105000199 31376010500005 4749 
313760105000199 313760105000076 2672 
313760105000199 313760105000082 2502 
313760105000199 313760105000098 1482 
313760105000199 313760105000102 979 
313760105000199 313760105000122 4049 
313760105000199 313760105000125 3085 
313760105000199 313760105000132 4490 
313760105000199 313760105000135 6401 
313760105000199 313760105000139 7972 
313760105000199 313760105000145 3254 
313760105000199 313760105000146 7264 
313760105000199 313760105000152 10883 
313760105000199 313760105000168 4057 
313760105000199 313760105000172 6781 
313760105000199 313760105000186 7804 
313760105000199 313760105000201 281 
313760105000199 313760105000206 3820 
313760105000199 313760105000219 5936 
313760105000199 31376010500022 6764 
313760105000199 313760105000221 6174 
313760105000199 313760105000225 6811 
313760105000199 313760105000226 7005 
313760105000199 313760105000229 7269 
313760105000199 313760105000231 5403 
313760105000199 313760105000235 3749 
313760105000199 313760105000239 3364 
313760105000199 313760105000257 3152 
313760105000199 313760105000259 4747 
313760105000199 313760105000264 7769 
313760105000199 313760105000273 3380 
313760105000199 31376010500028 9460 
313760105000199 313760114000002 4408 
313760105000199 313760114000007 4687 
313760105000199 313760114000008 4166 
313760105000199 313760114000009 3692 
313760105000199 31376011400001 7203 
313760105000199 313760115000003 11030 
313760105000199 313760115000005 11001 
313760105000199 313760115000006 14237 
313760105000199 313760115000007 13110 
313760105000199 313760115000011 12997 
313760105000199 313760115000015 8939 
313760105000199 31376011500002 10168 
3137601050002 313760105000013 1647 
3137601050002 313760105000026 2831 
3137601050002 313760105000048 5909 
3137601050002 31376010500005 4670 
3137601050002 313760105000076 2468 
3137601050002 313760105000082 2372 
3137601050002 313760105000098 1221 
3137601050002 313760105000102 1150 
3137601050002 313760105000122 3755 
3137601050002 313760105000125 2787 
3137601050002 313760105000132 4193 
3137601050002 313760105000135 6103 
3137601050002 313760105000139 7677 
3137601050002 313760105000145 3402 
3137601050002 313760105000146 7173 
3137601050002 313760105000152 10603 
3137601050002 313760105000168 3765 
3137601050002 313760105000172 6512 
3137601050002 313760105000186 7511 
3137601050002 313760105000201 399 
3137601050002 313760105000206 3558 
3137601050002 313760105000219 5646 
3137601050002 31376010500022 6476 
3137601050002 313760105000221 5891 
3137601050002 313760105000225 6534 
3137601050002 313760105000226 6722 
3137601050002 313760105000229 6988 
3137601050002 313760105000231 5222 
3137601050002 313760105000235 3464 
3137601050002 313760105000239 3142 
3137601050002 313760105000257 2966 
3137601050002 313760105000259 4468 
3137601050002 313760105000264 7569 
3137601050002 313760105000273 3396 
3137601050002 31376010500028 9215 
3137601050002 313760114000002 4702 
3137601050002 313760114000007 4939 
3137601050002 313760114000008 4419 
3137601050002 313760114000009 3906 
3137601050002 31376011400001 7435 
3137601050002 313760115000003 10739 
3137601050002 313760115000005 10707 
3137601050002 313760115000006 13937 
3137601050002 313760115000007 12826 
3137601050002 313760115000011 12696 
3137601050002 313760115000015 8639 
3137601050002 31376011500002 9880 
313760105000201 313760105000013 1980 
313760105000201 313760105000026 2998 
313760105000201 313760105000048 6115 
313760105000201 31376010500005 4477 
313760105000201 313760105000076 2866 
313760105000201 313760105000082 2744 
313760105000201 313760105000098 1615 
313760105000201 313760105000102 752 
313760105000201 313760105000122 3983 
313760105000201 313760105000125 3045 
313760105000201 313760105000132 4524 
313760105000201 313760105000135 6427 
313760105000201 313760105000139 8017 
313760105000201 313760105000145 3512 
313760105000201 313760105000146 7525 
313760105000201 313760105000152 10971 
313760105000201 313760105000168 4112 
313760105000201 313760105000172 6649 
313760105000201 313760105000186 7854 
313760105000201 313760105000201 0 
313760105000201 313760105000206 3682 
313760105000201 313760105000219 5999 
313760105000201 31376010500022 6833 
313760105000201 313760105000221 6256 
313760105000201 313760105000225 6907 
313760105000201 313760105000226 7087 
313760105000201 313760105000229 7357 
313760105000201 313760105000231 5176 
313760105000201 313760105000235 3658 
313760105000201 313760105000239 3542 
313760105000201 313760105000257 3361 
313760105000201 313760105000259 4841 
313760105000201 313760105000264 7967 
313760105000201 313760105000273 3100 
313760105000201 31376010500028 9610 
313760105000201 313760114000002 4495 
313760105000201 313760114000007 4862 
313760105000201 313760114000008 4340 
313760105000201 313760114000009 3909 
313760105000201 31376011400001 7399 
313760105000201 313760115000003 11085 
313760105000201 313760115000005 10929 
313760105000201 313760115000006 14244 
313760105000201 313760115000007 13188 
313760105000201 313760115000011 12979 
313760105000201 313760115000015 8919 
313760105000201 31376011500002 10235 
313760105000202 313760105000013 2183 
313760105000202 313760105000026 3164 
313760105000202 313760105000048 6219 
313760105000202 31376010500005 4409 
313760105000202 313760105000076 3117 
313760105000202 313760105000082 2971 
313760105000202 313760105000098 1873 
313760105000202 313760105000102 510 
313760105000202 313760105000122 4176 
313760105000202 313760105000125 3256 
313760105000202 313760105000132 4764 
313760105000202 313760105000135 6662 
313760105000202 313760105000139 8259 
313760105000202 313760105000145 3563 
313760105000202 313760105000146 7732 
313760105000202 313760105000152 11223 
313760105000202 313760105000168 4358 
313760105000202 313760105000172 6788 
313760105000202 313760105000186 8097 
313760105000202 313760105000201 258 
313760105000202 313760105000206 3821 
313760105000202 313760105000219 6246 
313760105000202 31376010500022 7082 
313760105000202 313760105000221 6507 
313760105000202 313760105000225 7162 
313760105000202 313760105000226 7339 
313760105000202 313760105000229 7610 
313760105000202 313760105000231 5207 
313760105000202 313760105000235 3835 
313760105000202 313760105000239 3797 
313760105000202 313760105000257 3607 
313760105000202 313760105000259 5095 
313760105000202 313760105000264 8218 
313760105000202 313760105000273 2958 
313760105000202 31376010500028 9868 
313760105000202 313760114000002 4338 
313760105000202 313760114000007 4785 
313760105000202 313760114000008 4263 
313760105000202 313760114000009 3887 
313760105000202 31376011400001 7342 
313760105000202 313760115000003 11328 
313760105000202 313760115000005 11112 
313760105000202 313760115000006 14469 
313760105000202 313760115000007 13439 
313760105000202 313760115000011 13193 
313760105000202 313760115000015 9133 
313760105000202 31376011500002 10483 
313760105000203 313760105000013 3090 
313760105000203 313760105000026 562 
313760105000203 313760105000048 7457 
313760105000203 31376010500005 4004 
313760105000203 313760105000076 2676 
313760105000203 313760105000082 3204 
313760105000203 313760105000098 1843 
313760105000203 313760105000102 3012 
313760105000203 313760105000122 1409 
313760105000203 313760105000125 590 
313760105000203 313760105000132 2335 
313760105000203 313760105000135 4085 
313760105000203 313760105000139 5740 
313760105000203 313760105000145 5416 
313760105000203 313760105000146 7596 
313760105000203 313760105000152 8884 
313760105000203 313760105000168 2122 
313760105000203 313760105000172 4198 
313760105000203 313760105000186 5602 
313760105000203 313760105000201 2575 
313760105000203 313760105000206 1360 
313760105000203 313760105000219 3886 
313760105000203 31376010500022 4727 
313760105000203 313760105000221 4255 
313760105000203 313760105000225 4987 
313760105000203 313760105000226 5055 
313760105000203 313760105000229 5354 
313760105000203 313760105000231 3620 
313760105000203 313760105000235 1104 
313760105000203 313760105000239 2899 
313760105000203 313760105000257 3150 
313760105000203 313760105000259 3058 
313760105000203 313760105000264 6968 
313760105000203 313760105000273 3715 
313760105000203 31376010500028 8027 
313760105000203 313760114000002 7059 
313760105000203 313760114000007 7251 
313760105000203 313760114000008 6738 
313760105000203 313760114000009 6127 
313760105000203 31376011400001 9677 
313760105000203 313760115000003 8810 
313760105000203 313760115000005 8355 
313760105000203 313760115000006 11772 
313760105000203 313760115000007 11023 
313760105000203 313760115000011 10452 
313760105000203 313760115000015 6395 
313760105000203 31376011500002 8037 
313760105000204 313760105000013 3158 
313760105000204 313760105000026 519 
313760105000204 313760105000048 7554 
313760105000204 31376010500005 3803 
313760105000204 313760105000076 2823 
313760105000204 313760105000082 3322 
313760105000204 313760105000098 1911 
313760105000204 313760105000102 2897 
313760105000204 313760105000122 1513 
313760105000204 313760105000125 783 
313760105000204 313760105000132 2530 
313760105000204 313760105000135 4256 
313760105000204 313760105000139 5914 
313760105000204 313760105000145 5455 
313760105000204 313760105000146 7770 
313760105000204 313760105000152 9070 
313760105000204 313760105000168 2328 
313760105000204 313760105000172 4203 
313760105000204 313760105000186 5779 
313760105000204 313760105000201 2502 
313760105000204 313760105000206 1300 
313760105000204 313760105000219 4080 
313760105000204 31376010500022 4918 
313760105000204 313760105000221 4454 
313760105000204 313760105000225 5187 
313760105000204 313760105000226 5250 
313760105000204 313760105000229 5550 
313760105000204 313760105000231 3475 
313760105000204 313760105000235 1156 
313760105000204 313760105000239 3077 
313760105000204 313760105000257 3309 
313760105000204 313760105000259 3266 
313760105000204 313760105000264 7174 
313760105000204 313760105000273 3511 
313760105000204 31376010500028 8234 
313760105000204 313760114000002 6996 
313760105000204 313760114000007 7236 
313760105000204 313760114000008 6720 
313760105000204 313760114000009 6135 
313760105000204 31376011400001 9684 
313760105000204 313760115000003 8980 
313760105000204 313760115000005 8432 
313760105000204 313760115000006 11909 
313760105000204 313760115000007 11202 
313760105000204 313760115000011 10572 
313760105000204 313760115000015 6520 
313760105000204 31376011500002 8215 
313760105000205 313760105000013 4353 
313760105000205 313760105000026 776 
313760105000205 313760105000048 8757 
313760105000205 31376010500005 3090 
313760105000205 313760105000076 3981 
313760105000205 313760105000082 4515 
313760105000205 313760105000098 3109 
313760105000205 313760105000102 3653 
313760105000205 313760105000122 1409 
313760105000205 313760105000125 1527 
313760105000205 313760105000132 2950 
313760105000205 313760105000135 4289 
313760105000205 313760105000139 5932 
313760105000205 313760105000145 6617 
313760105000205 313760105000146 8841 
313760105000205 313760105000152 9182 
313760105000205 313760105000168 2954 
313760105000205 313760105000172 3228 
313760105000205 313760105000186 5831 
313760105000205 313760105000201 3446 
313760105000205 313760105000206 352 
313760105000205 313760105000219 4378 
313760105000205 31376010500022 5160 
313760105000205 313760105000221 4817 
313760105000205 313760105000225 5564 
313760105000205 313760105000226 5536 
313760105000205 313760105000229 5845 
313760105000205 313760105000231 2333 
313760105000205 313760105000235 945 
313760105000205 313760105000239 4147 
313760105000205 313760105000257 4441 
313760105000205 313760105000259 3891 
313760105000205 313760105000264 7954 
313760105000205 313760105000273 3396 
313760105000205 31376010500028 8715 
313760105000205 313760114000002 7898 
313760105000205 313760114000007 8288 
313760105000205 313760114000008 7768 
313760105000205 313760114000009 7243 
313760105000205 31376011400001 10783 
313760105000205 313760115000003 8914 
313760105000205 313760115000005 7720 
313760105000205 313760115000006 11539 
313760105000205 313760115000007 11211 
313760105000205 313760115000011 10099 
313760105000205 313760115000015 6119 
313760105000205 31376011500002 8244 
313760105000206 313760105000013 4448 
313760105000206 313760105000026 797 
313760105000206 313760105000048 8811 
313760105000206 31376010500005 3382 
313760105000206 313760105000076 3966 
313760105000206 313760105000082 4544 
313760105000206 313760105000098 3200 
313760105000206 313760105000102 3935 
313760105000206 313760105000122 1109 
313760105000206 313760105000125 1430 
313760105000206 313760105000132 2689 
313760105000206 313760105000135 3954 
313760105000206 313760105000139 5592 
313760105000206 313760105000145 6755 
313760105000206 313760105000146 8744 
313760105000206 313760105000152 8846 
313760105000206 313760105000168 2742 
313760105000206 313760105000172 2967 
313760105000206 313760105000186 5494 
313760105000206 313760105000201 3682 
313760105000206 313760105000206 0 
313760105000206 313760105000219 4077 
313760105000206 31376010500022 4847 
313760105000206 313760105000221 4524 
313760105000206 313760105000225 5270 
313760105000206 313760105000226 5227 
313760105000206 313760105000229 5536 
313760105000206 313760105000231 2444 
313760105000206 313760105000235 684 
313760105000206 313760105000239 4070 
313760105000206 313760105000257 4401 
313760105000206 313760105000259 3661 
313760105000206 313760105000264 7742 
313760105000206 313760105000273 3748 
313760105000206 31376010500028 8429 
313760105000206 313760114000002 8158 
313760105000206 313760114000007 8496 
313760105000206 313760114000008 7977 
313760105000206 313760114000009 7421 
313760105000206 31376011400001 10968 
313760105000206 313760115000003 8565 
313760105000206 313760115000005 7400 
313760105000206 313760115000006 11189 
313760105000206 313760115000007 10866 
313760105000206 313760115000011 9754 
313760105000206 313760115000015 5769 
313760105000206 31376011500002 7901 
313760105000207 313760105000013 4683 
313760105000207 313760105000026 1374 
313760105000207 313760105000048 8843 
313760105000207 31376010500005 4385 
313760105000207 313760105000076 3896 
313760105000207 313760105000082 4578 
313760105000207 313760105000098 3480 
313760105000207 313760105000102 4719 
313760105000207 313760105000122 466 
313760105000207 313760105000125 1446 
313760105000207 313760105000132 1896 
313760105000207 313760105000135 2911 
313760105000207 313760105000139 4539 
313760105000207 313760105000145 7062 
313760105000207 313760105000146 8327 
313760105000207 313760105000152 7797 
313760105000207 313760105000168 2117 
313760105000207 313760105000172 2537 
313760105000207 313760105000186 4445 
313760105000207 313760105000201 4339 
313760105000207 313760105000206 1056 
313760105000207 313760105000219 3116 
313760105000207 31376010500022 3847 
313760105000207 313760105000221 3580 
313760105000207 313760105000225 4316 
313760105000207 313760105000226 4237 
313760105000207 313760105000229 4545 
313760105000207 313760105000231 3157 
313760105000207 313760105000235 686 
313760105000207 313760105000239 3807 
313760105000207 313760105000257 4237 
313760105000207 313760105000259 2929 
313760105000207 313760105000264 6999 
313760105000207 313760105000273 4796 
313760105000207 31376010500028 7487 
313760105000207 313760114000002 8830 
313760105000207 313760114000007 8999 
313760105000207 313760114000008 8490 
313760105000207 313760114000009 7842 
313760105000207 31376011400001 11384 
313760105000207 313760115000003 7510 
313760105000207 313760115000005 6592 
313760105000207 313760115000006 10195 
313760105000207 313760115000007 9810 
313760105000207 313760115000011 8799 
313760105000207 313760115000015 4775 
313760105000207 31376011500002 6846 
313760105000208 313760105000013 4481 
313760105000208 313760105000026 1259 
313760105000208 313760105000048 8631 
313760105000208 31376010500005 4444 
313760105000208 313760105000076 3683 
313760105000208 313760105000082 4367 
313760105000208 313760105000098 3285 
313760105000208 313760105000102 4589 
313760105000208 313760105000122 255 
313760105000208 313760105000125 1250 
313760105000208 313760105000132 1739 
313760105000208 313760105000135 2884 
313760105000208 313760105000139 4529 
313760105000208 313760105000145 6863 
313760105000208 313760105000146 8129 
313760105000208 313760105000152 7777 
313760105000208 313760105000168 1929 
313760105000208 313760105000172 2744 
313760105000208 313760105000186 4426 
313760105000208 313760105000201 4187 
313760105000208 313760105000206 1073 
313760105000208 313760105000219 3025 
313760105000208 31376010500022 3779 
313760105000208 313760105000221 3482 
313760105000208 313760105000225 4223 
313760105000208 313760105000226 4163 
313760105000208 313760105000229 4472 
313760105000208 313760105000231 3294 
313760105000208 313760105000235 571 
313760105000208 313760105000239 3597 
313760105000208 313760105000257 4025 
313760105000208 313760105000259 2765 
313760105000208 313760105000264 6844 
313760105000208 313760105000273 4772 
313760105000208 31376010500028 7391 
313760105000208 313760114000002 8671 
313760105000208 313760114000007 8816 
313760105000208 313760114000008 8308 
313760105000208 313760114000009 7652 
313760105000208 31376011400001 11191 
313760105000208 313760115000003 7527 
313760105000208 313760115000005 6742 
313760105000208 313760115000006 10275 
313760105000208 313760115000007 9814 
313760105000208 313760115000011 8900 
313760105000208 313760115000015 4863 
313760105000208 31376011500002 6842 
313760105000209 313760105000013 7706 
313760105000209 313760105000026 6189 
313760105000209 313760105000048 10210 
313760105000209 31376010500005 9421 
313760105000209 313760105000076 6340 
313760105000209 313760105000082 7039 
313760105000209 313760105000098 7025 
313760105000209 313760105000102 9129 
313760105000209 313760105000122 5107 
313760105000209 313760105000125 5678 
313760105000209 313760105000132 4000 
313760105000209 313760105000135 2198 
313760105000209 313760105000139 538 
313760105000209 313760105000145 9772 
313760105000209 313760105000146 7712 
313760105000209 313760105000152 2729 
313760105000209 313760105000168 4402 
313760105000209 313760105000172 5329 
313760105000209 313760105000186 663 
313760105000209 313760105000201 8512 
313760105000209 313760105000206 6131 
313760105000209 313760105000219 2531 
313760105000209 31376010500022 1748 
313760105000209 313760105000221 2391 
313760105000209 313760105000225 2038 
313760105000209 313760105000226 1658 
313760105000209 313760105000229 1548 
313760105000209 313760105000231 7876 
313760105000209 313760105000235 5588 
313760105000209 313760105000239 5687 
313760105000209 313760105000257 6208 
313760105000209 313760105000259 3812 
313760105000209 313760105000264 4798 
313760105000209 313760105000273 9824 
313760105000209 31376010500028 3487 
313760105000209 313760114000002 12566 
313760105000209 313760114000007 12142 
313760105000209 313760114000008 11715 
313760105000209 313760114000009 10827 
313760105000209 31376011400001 14006 
313760105000209 313760115000003 2572 
313760105000209 313760115000005 4945 
313760105000209 313760115000006 6035 
313760105000209 313760115000007 4765 
313760105000209 313760115000011 5221 
313760105000209 313760115000015 2317 
313760105000209 31376011500002 1779 
31376010500021 313760105000013 8064 
31376010500021 313760105000026 6506 
31376010500021 313760105000048 10540 
31376010500021 31376010500005 9690 
31376010500021 313760105000076 6698 
31376010500021 313760105000082 7396 
31376010500021 313760105000098 7379 
31376010500021 313760105000102 9473 
31376010500021 313760105000122 5415 
31376010500021 313760105000125 6010 
31376010500021 313760105000132 4344 
31376010500021 313760105000135 2515 
31376010500021 313760105000139 854 
31376010500021 313760105000145 10128 
31376010500021 313760105000146 7983 
31376010500021 313760105000152 2480 
31376010500021 313760105000168 4752 
31376010500021 313760105000172 5490 
31376010500021 313760105000186 1006 
31376010500021 313760105000201 8861 
31376010500021 313760105000206 6424 
31376010500021 313760105000219 2886 
31376010500021 31376010500022 2106 
31376010500021 313760105000221 2748 
31376010500021 313760105000225 2377 
31376010500021 313760105000226 2007 
31376010500021 313760105000229 1879 
31376010500021 313760105000231 8110 
31376010500021 313760105000235 5894 
31376010500021 313760105000239 6043 
31376010500021 313760105000257 6564 
31376010500021 313760105000259 4169 
31376010500021 313760105000264 5019 
31376010500021 313760105000273 10132 
31376010500021 31376010500028 3542 
31376010500021 313760114000002 12923 
31376010500021 313760114000007 12498 
31376010500021 313760114000008 12072 
31376010500021 313760114000009 11183 
31376010500021 31376011400001 14355 
31376010500021 313760115000003 2226 
31376010500021 313760115000005 4782 
31376010500021 313760115000006 5683 
31376010500021 313760115000007 4450 
31376010500021 313760115000011 4901 
31376010500021 313760115000015 2245 
31376010500021 31376011500002 1478 
313760105000211 313760105000013 2226 
313760105000211 313760105000026 2559 
313760105000211 313760105000048 5885 
313760105000211 31376010500005 6081 
313760105000211 313760105000076 987 
313760105000211 313760105000082 1745 
313760105000211 313760105000098 1595 
313760105000211 313760105000102 3916 
313760105000211 313760105000122 2548 
313760105000211 313760105000125 1814 
313760105000211 313760105000132 1836 
313760105000211 313760105000135 3650 
313760105000211 313760105000139 5064 
313760105000211 313760105000145 4498 
313760105000211 313760105000146 5513 
313760105000211 313760105000152 7829 
313760105000211 313760105000168 1314 
313760105000211 313760105000172 5485 
313760105000211 313760105000186 4880 
313760105000211 313760105000201 3201 
313760105000211 313760105000206 3244 
313760105000211 313760105000219 2991 
313760105000211 31376010500022 3775 
313760105000211 313760105000221 3154 
313760105000211 313760105000225 3749 
313760105000211 313760105000226 3975 
313760105000211 313760105000229 4223 
313760105000211 313760105000231 5660 
313760105000211 313760105000235 2660 
313760105000211 313760105000239 826 
313760105000211 313760105000257 1232 
313760105000211 313760105000259 1711 
313760105000211 313760105000264 5003 
313760105000211 313760105000273 5516 
313760105000211 31376010500028 6425 
313760105000211 313760114000002 7055 
313760105000211 313760114000007 6749 
313760105000211 313760114000008 6289 
313760105000211 313760114000009 5464 
313760105000211 31376011400001 8874 
313760105000211 313760115000003 8062 
313760105000211 313760115000005 8822 
313760105000211 313760115000006 11458 
313760105000211 313760115000007 10069 
313760105000211 313760115000011 10370 
313760105000211 313760115000015 6406 
313760105000211 31376011500002 7163 
313760105000212 313760105000013 1938 
313760105000212 313760105000026 2475 
313760105000212 313760105000048 5771 
313760105000212 31376010500005 5901 
313760105000212 313760105000076 822 
313760105000212 313760105000082 1547 
313760105000212 313760105000098 1265 
313760105000212 313760105000102 3595 
313760105000212 313760105000122 2610 
313760105000212 313760105000125 1780 
313760105000212 313760105000132 2088 
313760105000212 313760105000135 3940 
313760105000212 313760105000139 5380 
313760105000212 313760105000145 4252 
313760105000212 313760105000146 5617 
313760105000212 313760105000152 8160 
313760105000212 313760105000168 1570 
313760105000212 313760105000172 5589 
313760105000212 313760105000186 5198 
313760105000212 313760105000201 2875 
313760105000212 313760105000206 3203 
313760105000212 313760105000219 3308 
313760105000212 31376010500022 4099 
313760105000212 313760105000221 3482 
313760105000212 313760105000225 4081 
313760105000212 313760105000226 4304 
313760105000212 313760105000229 4553 
313760105000212 313760105000231 5583 
313760105000212 313760105000235 2663 
313760105000212 313760105000239 929 
313760105000212 313760105000257 1198 
313760105000212 313760105000259 2039 
313760105000212 313760105000264 5267 
313760105000212 313760105000273 5261 
313760105000212 31376010500028 6743 
313760105000212 313760114000002 6739 
313760105000212 313760114000007 6468 
313760105000212 313760114000008 6002 
313760105000212 313760114000009 5194 
313760105000212 31376011400001 8633 
313760105000212 313760115000003 8387 
313760105000212 313760115000005 9056 
313760105000212 313760115000006 11764 
313760105000212 313760115000007 10400 
313760105000212 313760115000011 10659 
313760105000212 313760115000015 6677 
313760105000212 31376011500002 7491 
313760105000213 313760105000013 1699 
313760105000213 313760105000026 3347 
313760105000213 313760105000048 5691 
313760105000213 31376010500005 4917 
313760105000213 313760105000076 2759 
313760105000213 313760105000082 2523 
313760105000213 313760105000098 1639 
313760105000213 313760105000102 1002 
313760105000213 313760105000122 4282 
313760105000213 313760105000125 3313 
313760105000213 313760105000132 4689 
313760105000213 313760105000135 6603 
313760105000213 313760105000139 8163 
313760105000213 313760105000145 3064 
313760105000213 313760105000146 7236 
313760105000213 313760105000152 11049 
313760105000213 313760105000168 4248 
313760105000213 313760105000172 7021 
313760105000213 313760105000186 7993 
313760105000213 313760105000201 450 
313760105000213 313760105000206 4060 
313760105000213 313760105000219 6119 
313760105000213 31376010500022 6942 
313760105000213 313760105000221 6347 
313760105000213 313760105000225 6972 
313760105000213 313760105000226 7176 
313760105000213 313760105000229 7436 
313760105000213 313760105000231 5621 
313760105000213 313760105000235 3987 
313760105000213 313760105000239 3466 
313760105000213 313760105000257 3220 
313760105000213 313760105000259 4914 
313760105000213 313760105000264 7841 
313760105000213 313760105000273 3491 
313760105000213 31376010500028 9579 
313760105000213 313760114000002 4175 
313760105000213 313760114000007 4449 
313760105000213 313760114000008 3928 
313760105000213 313760114000009 3467 
313760105000213 31376011400001 6970 
313760105000213 313760115000003 11216 
313760105000213 313760115000005 11234 
313760105000213 313760115000006 14445 
313760105000213 313760115000007 13281 
313760105000213 313760115000011 13214 
313760105000213 313760115000015 9159 
313760105000213 31376011500002 10346 
313760105000214 313760105000013 1405 
313760105000214 313760105000026 3115 
313760105000214 313760105000048 5588 
313760105000214 31376010500005 4990 
313760105000214 313760105000076 2384 
313760105000214 313760105000082 2191 
313760105000214 313760105000098 1259 
313760105000214 313760105000102 1291 
313760105000214 313760105000122 3999 
313760105000214 313760105000125 3014 
313760105000214 313760105000132 4332 
313760105000214 313760105000135 6248 
313760105000214 313760105000139 7796 
313760105000214 313760105000145 3066 
313760105000214 313760105000146 6953 
313760105000214 313760105000152 10668 
313760105000214 313760105000168 3882 
313760105000214 313760105000172 6800 
313760105000214 313760105000186 7625 
313760105000214 313760105000201 577 
313760105000214 313760105000206 3857 
313760105000214 313760105000219 5747 
313760105000214 31376010500022 6567 
313760105000214 313760105000221 5969 
313760105000214 313760105000225 6590 
313760105000214 313760105000226 6797 
313760105000214 313760105000229 7056 
313760105000214 313760105000231 5558 
313760105000214 313760105000235 3731 
313760105000214 313760105000239 3086 
313760105000214 313760105000257 2855 
313760105000214 313760105000259 4534 
313760105000214 313760105000264 7475 
313760105000214 313760105000273 3670 
313760105000214 31376010500028 9196 
313760105000214 313760114000002 4476 
313760105000214 313760114000007 4640 
313760105000214 313760114000008 4123 
313760105000214 313760114000009 3584 
313760105000214 31376011400001 7120 
313760105000214 313760115000003 10845 
313760105000214 313760115000005 10944 
313760105000214 313760115000006 14095 
313760105000214 313760115000007 12901 
313760105000214 313760115000011 12880 
313760105000214 313760115000015 8828 
313760105000214 31376011500002 9971 
313760105000215 313760105000013 5184 
313760105000215 313760105000026 2297 
313760105000215 313760105000048 9616 
313760105000215 31376010500005 1397 
313760105000215 313760105000076 5207 
313760105000215 313760105000082 5584 
313760105000215 313760105000098 4054 
313760105000215 313760105000102 3521 
313760105000215 313760105000122 3102 
313760105000215 313760105000125 3081 
313760105000215 313760105000132 4639 
313760105000215 313760105000135 5940 
313760105000215 313760105000139 7560 
313760105000215 313760105000145 7162 
313760105000215 313760105000146 10207 
313760105000215 313760105000152 10822 
313760105000215 313760105000168 4605 
313760105000215 313760105000172 4048 
313760105000215 313760105000186 7471 
313760105000215 313760105000201 3670 
313760105000215 313760105000206 2000 
313760105000215 313760105000219 6073 
313760105000215 31376010500022 6847 
313760105000215 313760105000221 6514 
313760105000215 313760105000225 7261 
313760105000215 313760105000226 7227 
313760105000215 313760105000229 7536 
313760105000215 313760105000231 1572 
313760105000215 313760105000235 2642 
313760105000215 313760105000239 5531 
313760105000215 313760105000257 5720 
313760105000215 313760105000259 5552 
313760105000215 313760105000264 9578 
313760105000215 313760105000273 2101 
313760105000215 31376010500028 10410 
313760105000215 313760114000002 7692 
313760105000215 313760114000007 8414 
313760105000215 313760114000008 7896 
313760105000215 313760114000009 7564 
313760105000215 31376011400001 10994 
313760105000215 313760115000003 10480 
313760105000215 313760115000005 8736 
313760105000215 313760115000006 12879 
313760105000215 313760115000007 12802 
313760105000215 313760115000011 11355 
313760105000215 313760115000015 7507 
313760105000215 31376011500002 9858 
313760105000216 313760105000013 4579 
313760105000216 313760105000026 1349 
313760105000216 313760105000048 9024 
313760105000216 31376010500005 2368 
313760105000216 313760105000076 4412 
313760105000216 313760105000082 4866 
313760105000216 313760105000098 3375 
313760105000216 313760105000102 3413 
313760105000216 313760105000122 2143 
313760105000216 313760105000125 2137 
313760105000216 313760105000132 3669 
313760105000216 313760105000135 5016 
313760105000216 313760105000139 6653 
313760105000216 313760105000145 6725 
313760105000216 313760105000146 9365 
313760105000216 313760105000152 9908 
313760105000216 313760105000168 3640 
313760105000216 313760105000172 3580 
313760105000216 313760105000186 6556 
313760105000216 313760105000201 3359 
313760105000216 313760105000206 1061 
313760105000216 313760105000219 5111 
313760105000216 31376010500022 5895 
313760105000216 313760105000221 5548 
313760105000216 313760105000225 6296 
313760105000216 313760105000226 6270 
313760105000216 313760105000229 6579 
313760105000216 313760105000231 1932 
313760105000216 313760105000235 1677 
313760105000216 313760105000239 4668 
313760105000216 313760105000257 4904 
313760105000216 313760105000259 4586 
313760105000216 313760105000264 8624 
313760105000216 313760105000273 2736 
313760105000216 31376010500028 9442 
313760105000216 313760114000002 7681 
313760105000216 313760114000007 8216 
313760105000216 313760114000008 7694 
313760105000216 313760114000009 7252 
313760105000216 31376011400001 10758 
313760105000216 313760115000003 9615 
313760105000216 313760115000005 8197 
313760105000216 313760115000006 12157 
313760105000216 313760115000007 11922 
313760105000216 313760115000011 10682 
313760105000216 313760115000015 6748 
313760105000216 31376011500002 8961 
313760105000217 313760105000013 4874 
313760105000217 313760105000026 1666 
313760105000217 313760105000048 8969 
313760105000217 31376010500005 4638 
313760105000217 313760105000076 4021 
313760105000217 313760105000082 4723 
313760105000217 313760105000098 3691 
313760105000217 313760105000102 5006 
313760105000217 313760105000122 653 
313760105000217 313760105000125 1659 
313760105000217 313760105000132 1813 
313760105000217 313760105000135 2650 
313760105000217 313760105000139 4264 
313760105000217 313760105000145 7259 
313760105000217 313760105000146 8325 
313760105000217 313760105000152 7526 
313760105000217 313760105000168 2102 
313760105000217 313760105000172 2390 
313760105000217 313760105000186 4175 
313760105000217 313760105000201 4610 
313760105000217 313760105000206 1346 
313760105000217 313760105000219 2917 
313760105000217 31376010500022 3619 
313760105000217 313760105000221 3389 
313760105000217 313760105000225 4115 
313760105000217 313760105000226 4014 
313760105000217 313760105000229 4321 
313760105000217 313760105000231 3325 
313760105000217 313760105000235 974 
313760105000217 313760105000239 3879 
313760105000217 313760105000257 4333 
313760105000217 313760105000259 2849 
313760105000217 313760105000264 6885 
313760105000217 313760105000273 5092 
313760105000217 31376010500028 7284 
313760105000217 313760114000002 9095 
313760105000217 313760114000007 9232 
313760105000217 313760114000008 8726 
313760105000217 313760114000009 8061 
313760105000217 31376011400001 11597 
313760105000217 313760115000003 7219 
313760105000217 313760115000005 6318 
313760105000217 313760115000006 9892 
313760105000217 313760115000007 9524 
313760105000217 313760115000011 8500 
313760105000217 313760115000015 4473 
313760105000217 31376011500002 6566 
313760105000218 313760105000013 4548 
313760105000218 313760105000026 1511 
313760105000218 313760105000048 8617 
313760105000218 31376010500005 4741 
313760105000218 313760105000076 3670 
313760105000218 313760105000082 4376 
313760105000218 313760105000098 3382 
313760105000218 313760105000102 4808 
313760105000218 313760105000122 398 
313760105000218 313760105000125 1367 
313760105000218 313760105000132 1511 
313760105000218 313760105000135 2584 
313760105000218 313760105000139 4231 
313760105000218 313760105000145 6935 
313760105000218 313760105000146 7986 
313760105000218 313760105000152 7477 
313760105000218 313760105000168 1764 
313760105000218 313760105000172 2742 
313760105000218 313760105000186 4127 
313760105000218 313760105000201 4375 
313760105000218 313760105000206 1373 
313760105000218 313760105000219 2736 
313760105000218 31376010500022 3483 
313760105000218 313760105000221 3198 
313760105000218 313760105000225 3936 
313760105000218 313760105000226 3869 
313760105000218 313760105000229 4177 
313760105000218 313760105000231 3548 
313760105000218 313760105000235 840 
313760105000218 313760105000239 3524 
313760105000218 313760105000257 3978 
313760105000218 313760105000259 2547 
313760105000218 313760105000264 6610 
313760105000218 313760105000273 5066 
313760105000218 31376010500028 7106 
313760105000218 313760114000002 8842 
313760105000218 313760114000007 8938 
313760105000218 313760114000008 8435 
313760105000218 313760114000009 7753 
313760105000218 31376011400001 11283 
313760105000218 313760115000003 7235 
313760105000218 313760115000005 6567 
313760105000218 313760115000006 10019 
313760105000218 313760115000007 9518 
313760105000218 313760115000011 8662 
313760105000218 313760115000015 4614 
313760105000218 31376011500002 6545 
313760105000219 313760105000013 5203 
313760105000219 313760105000026 3925 
313760105000219 313760105000048 8145 
313760105000219 31376010500005 7460 
313760105000219 313760105000076 3859 
313760105000219 313760105000082 4586 
313760105000219 313760105000098 4494 
313760105000219 313760105000102 6636 
313760105000219 313760105000122 2971 
313760105000219 313760105000125 3297 
313760105000219 313760105000132 1552 
313760105000219 313760105000135 947 
313760105000219 313760105000139 2072 
313760105000219 313760105000145 7356 
313760105000219 313760105000146 6356 
313760105000219 313760105000152 5015 
313760105000219 313760105000168 1888 
313760105000219 313760105000172 4489 
313760105000219 313760105000186 1889 
313760105000219 313760105000201 5999 
313760105000219 313760105000206 4077 
313760105000219 313760105000219 0 
313760105000219 31376010500022 846 
313760105000219 313760105000221 479 
313760105000219 313760105000225 1200 
313760105000219 313760105000226 1173 
313760105000219 313760105000229 1479 
313760105000219 313760105000231 6240 
313760105000219 313760105000235 3435 
313760105000219 313760105000239 3252 
313760105000219 313760105000257 3795 
313760105000219 313760105000259 1319 
313760105000219 313760105000264 4210 
313760105000219 313760105000273 7568 
313760105000219 31376010500028 4371 
313760105000219 313760114000002 10046 
313760105000219 313760114000007 9686 
313760105000219 313760114000008 9244 
313760105000219 313760114000009 8381 
313760105000219 31376011400001 11668 
313760105000219 313760115000003 5097 
313760105000219 313760115000005 6320 
313760105000219 313760115000006 8478 
313760105000219 313760115000007 7200 
313760105000219 313760115000011 7462 
313760105000219 313760115000015 3669 
313760105000219 31376011500002 4236 
31376010500022 313760105000013 5958 
31376010500022 313760105000026 4746 
31376010500022 313760105000048 8618 
31376010500022 31376010500005 8224 
31376010500022 313760105000076 4592 
31376010500022 313760105000082 5293 
31376010500022 313760105000098 5310 
31376010500022 313760105000102 7477 
31376010500022 313760105000122 3752 
31376010500022 313760105000125 4137 
31376010500022 313760105000132 2396 
31376010500022 313760105000135 1122 
31376010500022 313760105000139 1357 
31376010500022 313760105000145 8036 
31376010500022 313760105000146 6483 
31376010500022 313760105000152 4169 
31376010500022 313760105000168 2729 
31376010500022 313760105000172 4881 
31376010500022 313760105000186 1156 
31376010500022 313760105000201 6833 
31376010500022 313760105000206 4847 
31376010500022 313760105000219 846 
31376010500022 31376010500022 0 
31376010500022 313760105000221 646 
31376010500022 313760105000225 691 
31376010500022 313760105000226 405 
31376010500022 313760105000229 704 
31376010500022 313760105000231 6911 
31376010500022 313760105000235 4225 
31376010500022 313760105000239 3942 
31376010500022 313760105000257 4468 
31376010500022 313760105000259 2067 
31376010500022 313760105000264 3982 
31376010500022 313760105000273 8395 
31376010500022 31376010500028 3706 
31376010500022 313760114000002 10821 
31376010500022 313760114000007 10398 
31376010500022 313760114000008 9968 
31376010500022 313760114000009 9084 
31376010500022 31376011400001 12299 
31376010500022 313760115000003 4287 
31376010500022 313760115000005 6013 
31376010500022 313760115000006 7765 
31376010500022 313760115000007 6358 
31376010500022 313760115000011 6847 
31376010500022 313760115000015 3285 
31376010500022 31376011500002 3404 
313760105000221 313760105000013 5322 
313760105000221 313760105000026 4333 
313760105000221 313760105000048 8011 
313760105000221 31376010500005 7905 
313760105000221 313760105000076 3951 
313760105000221 313760105000082 4648 
313760105000221 313760105000098 4710 
313760105000221 313760105000102 6917 
313760105000221 313760105000122 3415 
313760105000221 313760105000125 3671 
313760105000221 313760105000132 1928 
313760105000221 313760105000135 1292 
313760105000221 313760105000139 2000 
313760105000221 313760105000145 7390 
313760105000221 313760105000146 6030 
313760105000221 313760105000152 4716 
313760105000221 313760105000168 2186 
313760105000221 313760105000172 4948 
313760105000221 313760105000186 1800 
313760105000221 313760105000201 6256 
313760105000221 313760105000206 4524 
313760105000221 313760105000219 479 
313760105000221 31376010500022 646 
313760105000221 313760105000221 0 
313760105000221 313760105000225 747 
313760105000221 313760105000226 831 
313760105000221 313760105000229 1111 
313760105000221 313760105000231 6714 
313760105000221 313760105000235 3872 
313760105000221 313760105000239 3297 
313760105000221 313760105000257 3822 
313760105000221 313760105000259 1443 
313760105000221 313760105000264 3760 
313760105000221 313760105000273 7958 
313760105000221 31376010500028 3909 
313760105000221 313760114000002 10189 
313760105000221 313760114000007 9752 
313760105000221 313760114000008 9324 
313760105000221 313760114000009 8438 
313760105000221 31376011400001 11657 
313760105000221 313760115000003 4912 
313760105000221 313760115000005 6534 
313760105000221 313760115000006 8411 
313760105000221 313760115000007 6935 
313760105000221 313760115000011 7481 
313760105000221 313760115000015 3832 
313760105000221 31376011500002 4008 
313760105000222 313760105000013 7147 
313760105000222 313760105000026 6175 
313760105000222 313760105000048 9287 
313760105000222 31376010500005 9629 
313760105000222 313760105000076 5764 
313760105000222 313760105000082 6411 
313760105000222 313760105000098 6621 
313760105000222 313760105000102 8846 
313760105000222 313760105000122 5173 
313760105000222 313760105000125 5561 
313760105000222 313760105000132 3815 
313760105000222 313760105000135 2377 
313760105000222 313760105000139 1252 
313760105000222 313760105000145 9070 
313760105000222 313760105000146 6635 
313760105000222 313760105000152 2790 
313760105000222 313760105000168 4114 
313760105000222 313760105000172 5972 
313760105000222 313760105000186 1152 
313760105000222 313760105000201 8181 
313760105000222 313760105000206 6260 
313760105000222 313760105000219 2263 
313760105000222 31376010500022 1429 
313760105000222 313760105000221 1930 
313760105000222 313760105000225 1302 
313760105000222 313760105000226 1102 
313760105000222 313760105000229 824 
313760105000222 313760105000231 8247 
313760105000222 313760105000235 5649 
313760105000222 313760105000239 5067 
313760105000222 313760105000257 5552 
313760105000222 313760105000259 3346 
313760105000222 313760105000264 3683 
313760105000222 313760105000273 9825 
313760105000222 31376010500028 2560 
313760105000222 313760114000002 12017 
313760105000222 313760114000007 11469 
313760105000222 313760114000008 11067 
313760105000222 313760114000009 10149 
313760105000222 31376011400001 13210 
313760105000222 313760115000003 3147 
313760105000222 313760115000005 6057 
313760105000222 313760115000006 6865 
313760105000222 313760115000007 5025 
313760105000222 313760115000011 6214 
313760105000222 313760115000015 3394 
313760105000222 31376011500002 2180 
313760105000223 313760105000013 7068 
313760105000223 313760105000026 5915 
313760105000223 313760105000048 9389 
313760105000223 31376010500005 9323 
313760105000223 313760105000076 5689 
313760105000223 313760105000082 6360 
313760105000223 313760105000098 6482 
313760105000223 313760105000102 8671 
313760105000223 313760105000122 4889 
313760105000223 313760105000125 5326 
313760105000223 313760105000132 3590 
313760105000223 313760105000135 2045 
313760105000223 313760105000139 886 
313760105000223 313760105000145 9056 
313760105000223 313760105000146 6856 
313760105000223 313760105000152 2972 
313760105000223 313760105000168 3924 
313760105000223 313760105000172 5597 
313760105000223 313760105000186 772 
313760105000223 313760105000201 8020 
313760105000223 313760105000206 5966 
313760105000223 313760105000219 2043 
313760105000223 31376010500022 1197 
313760105000223 313760105000221 1772 
313760105000223 313760105000225 1258 
313760105000223 313760105000226 950 
313760105000223 313760105000229 749 
313760105000223 313760105000231 7909 
313760105000223 313760105000235 5368 
313760105000223 313760105000239 5008 
313760105000223 313760105000257 5511 
313760105000223 313760105000259 3213 
313760105000223 313760105000264 3973 
313760105000223 313760105000273 9568 
313760105000223 31376010500028 2943 
313760105000223 313760114000002 11940 
313760105000223 313760114000007 11443 
313760105000223 313760114000008 11030 
313760105000223 313760114000009 10124 
313760105000223 31376011400001 13244 
313760105000223 313760115000003 3167 
313760105000223 313760115000005 5749 
313760105000223 313760115000006 6798 
313760105000223 313760115000007 5168 
313760105000223 313760115000011 6058 
313760105000223 313760115000015 3059 
313760105000223 31376011500002 2240 
313760105000224 313760105000013 6592 
313760105000224 313760105000026 5756 
313760105000224 313760105000048 8755 
313760105000224 31376010500005 9275 
313760105000224 313760105000076 5209 
313760105000224 313760105000082 5851 
313760105000224 313760105000098 6091 
313760105000224 313760105000102 8337 
313760105000224 313760105000122 4793 
313760105000224 313760105000125 5111 
313760105000224 313760105000132 3365 
313760105000224 313760105000135 2138 
313760105000224 313760105000139 1460 
313760105000224 313760105000145 8507 
313760105000224 313760105000146 6201 
313760105000224 313760105000152 3322 
313760105000224 313760105000168 3627 
313760105000224 313760105000172 5856 
313760105000224 313760105000186 1296 
313760105000224 313760105000201 7662 
313760105000224 313760105000206 5894 
313760105000224 313760105000219 1832 
313760105000224 31376010500022 1060 
313760105000224 313760105000221 1443 
313760105000224 313760105000225 757 
313760105000224 313760105000226 667 
313760105000224 313760105000229 358 
313760105000224 313760105000231 7970 
313760105000224 313760105000235 5262 
313760105000224 313760105000239 4509 
313760105000224 313760105000257 4991 
313760105000224 313760105000259 2821 
313760105000224 313760105000264 3362 
313760105000224 313760105000273 9393 
313760105000224 31376010500028 2666 
313760105000224 313760114000002 11461 
313760105000224 313760114000007 10906 
313760105000224 313760114000008 10505 
313760105000224 313760114000009 9586 
313760105000224 31376011400001 12653 
313760105000224 313760115000003 3709 
313760105000224 313760115000005 6367 
313760105000224 313760115000006 7409 
313760105000224 313760115000007 5568 
313760105000224 313760115000011 6709 
313760105000224 313760115000015 3653 
313760105000224 31376011500002 2743 
313760105000225 313760105000013 5845 
313760105000225 313760105000026 5077 
313760105000225 313760105000048 8176 
313760105000225 31376010500005 8651 
313760105000225 313760105000076 4462 
313760105000225 313760105000082 5116 
313760105000225 313760105000098 5333 
313760105000225 313760105000102 7586 
313760105000225 313760105000122 4161 
313760105000225 313760105000125 4406 
313760105000225 313760105000132 2669 
313760105000225 313760105000135 1780 
313760105000225 313760105000139 1794 
313760105000225 313760105000145 7799 
313760105000225 313760105000146 5862 
313760105000225 313760105000152 4079 
313760105000225 313760105000168 2894 
313760105000225 313760105000172 5535 
313760105000225 313760105000186 1593 
313760105000225 313760105000201 6907 
313760105000225 313760105000206 5270 
313760105000225 313760105000219 1200 
313760105000225 31376010500022 691 
313760105000225 313760105000221 747 
313760105000225 313760105000225 0 
313760105000225 313760105000226 422 
313760105000225 313760105000229 509 
313760105000225 313760105000231 7435 
313760105000225 313760105000235 4619 
313760105000225 313760105000239 3769 
313760105000225 313760105000257 4262 
313760105000225 313760105000259 2066 
313760105000225 313760105000264 3291 
313760105000225 313760105000273 8695 
313760105000225 31376010500028 3171 
313760105000225 313760114000002 10716 
313760105000225 313760114000007 10190 
313760105000225 313760114000008 9781 
313760105000225 313760114000009 8870 
313760105000225 31376011400001 11988 
313760105000225 313760115000003 4416 
313760105000225 313760115000005 6622 
313760105000225 313760115000006 8050 
313760105000225 313760115000007 6324 
313760105000225 313760115000011 7252 
313760105000225 313760115000015 3884 
313760105000225 31376011500002 3467 
313760105000226 313760105000013 6119 
313760105000226 313760105000026 5099 
313760105000226 313760105000048 8575 
313760105000226 31376010500005 8608 
313760105000226 313760105000076 4740 
313760105000226 313760105000082 5417 
313760105000226 313760105000098 5538 
313760105000226 313760105000102 7748 
313760105000226 313760105000122 4127 
313760105000226 313760105000125 4467 
313760105000226 313760105000132 2719 
313760105000226 313760105000135 1521 
313760105000226 313760105000139 1378 
313760105000226 313760105000145 8129 
313760105000226 313760105000146 6282 
313760105000226 313760105000152 3885 
313760105000226 313760105000168 3011 
313760105000226 313760105000172 5275 
313760105000226 313760105000186 1175 
313760105000226 313760105000201 7087 
313760105000226 313760105000206 5227 
313760105000226 313760105000219 1173 
313760105000226 31376010500022 405 
313760105000226 313760105000221 831 
313760105000226 313760105000225 422 
313760105000226 313760105000226 0 
313760105000226 313760105000229 308 
313760105000226 313760105000231 7313 
313760105000226 313760105000235 4597 
313760105000226 313760105000239 4064 
313760105000226 313760105000257 4573 
313760105000226 313760105000259 2265 
313760105000226 313760105000264 3663 
313760105000226 313760105000273 8741 
313760105000226 31376010500028 3300 
313760105000226 313760114000002 10990 
313760105000226 313760114000007 10509 
313760105000226 313760114000008 10091 
313760105000226 313760114000009 9191 
313760105000226 31376011400001 12348 
313760105000226 313760115000003 4112 
313760105000226 313760115000005 6202 
313760105000226 313760115000006 7690 
313760105000226 313760115000007 6104 
313760105000226 313760115000011 6854 
313760105000226 313760115000015 3464 
313760105000226 31376011500002 3191 
313760105000227 313760105000013 6459 
313760105000227 313760105000026 5215 
313760105000227 313760105000048 9007 
313760105000227 31376010500005 8644 
313760105000227 313760105000076 5088 
313760105000227 313760105000082 5781 
313760105000227 313760105000098 5823 
313760105000227 313760105000102 7988 
313760105000227 313760105000122 4196 
313760105000227 313760105000125 4626 
313760105000227 313760105000132 2893 
313760105000227 313760105000135 1401 
313760105000227 313760105000139 941 
313760105000227 313760105000145 8512 
313760105000227 313760105000146 6711 
313760105000227 313760105000152 3668 
313760105000227 313760105000168 3239 
313760105000227 313760105000172 5080 
313760105000227 313760105000186 737 
313760105000227 313760105000201 7345 
313760105000227 313760105000206 5278 
313760105000227 313760105000219 1352 
313760105000227 31376010500022 512 
313760105000227 313760105000221 1137 
313760105000227 313760105000225 859 
313760105000227 313760105000226 438 
313760105000227 313760105000229 515 
313760105000227 313760105000231 7268 
313760105000227 313760105000235 4674 
313760105000227 313760105000239 4428 
313760105000227 313760105000257 4948 
313760105000227 313760105000259 2574 
313760105000227 313760105000264 4033 
313760105000227 313760105000273 8868 
313760105000227 31376010500028 3429 
313760105000227 313760114000002 11326 
313760105000227 313760114000007 10882 
313760105000227 313760114000008 10458 
313760105000227 313760114000009 9567 
313760105000227 31376011400001 12753 
313760105000227 313760115000003 3778 
313760105000227 313760115000005 5778 
313760105000227 313760115000006 7293 
313760105000227 313760115000007 5848 
313760105000227 313760115000011 6427 
313760105000227 313760115000015 3040 
313760105000227 31376011500002 2891 
313760105000228 313760105000013 6631 
313760105000228 313760105000026 5464 
313760105000228 313760105000048 9071 
313760105000228 31376010500005 8900 
313760105000228 313760105000076 5255 
313760105000228 313760105000082 5936 
313760105000228 313760105000098 6025 
313760105000228 313760105000102 8208 
313760105000228 313760105000122 4449 
313760105000228 313760105000125 4867 
313760105000228 313760105000132 3129 
313760105000228 313760105000135 1654 
313760105000228 313760105000139 935 
313760105000228 313760105000145 8650 
313760105000228 313760105000146 6678 
313760105000228 313760105000152 3434 
313760105000228 313760105000168 3461 
313760105000228 313760105000172 5309 
313760105000228 313760105000186 748 
313760105000228 313760105000201 7559 
313760105000228 313760105000206 5533 
313760105000228 313760105000219 1580 
313760105000228 31376010500022 734 
313760105000228 313760105000221 1318 
313760105000228 313760105000225 894 
313760105000228 313760105000226 521 
313760105000228 313760105000229 431 
313760105000228 313760105000231 7523 
313760105000228 313760105000235 4927 
313760105000228 313760105000239 4583 
313760105000228 313760105000257 5094 
313760105000228 313760105000259 2761 
313760105000228 313760105000264 3922 
313760105000228 313760105000273 9116 
313760105000228 31376010500028 3197 
313760105000228 313760114000002 11502 
313760105000228 313760114000007 11030 
313760105000228 313760114000008 10611 
313760105000228 313760114000009 9712 
313760105000228 31376011400001 12866 
313760105000228 313760115000003 3598 
313760105000228 313760115000005 5835 
313760105000228 313760115000006 7171 
313760105000228 313760115000007 5629 
313760105000228 313760115000011 6357 
313760105000228 313760115000015 3106 
313760105000228 31376011500002 2689 
313760105000229 313760105000013 6341 
313760105000229 313760105000026 5405 
313760105000229 313760105000048 8663 
313760105000229 31376010500005 8916 
313760105000229 313760105000076 4959 
313760105000229 313760105000082 5620 
313760105000229 313760105000098 5797 
313760105000229 313760105000102 8024 
313760105000229 313760105000122 4436 
313760105000229 313760105000125 4767 
313760105000229 313760105000132 3019 
313760105000229 313760105000135 1798 
313760105000229 313760105000139 1367 
313760105000229 313760105000145 8308 
313760105000229 313760105000146 6246 
313760105000229 313760105000152 3614 
313760105000229 313760105000168 3298 
313760105000229 313760105000172 5536 
313760105000229 313760105000186 1177 
313760105000229 313760105000201 7357 
313760105000229 313760105000206 5536 
313760105000229 313760105000219 1479 
313760105000229 31376010500022 704 
313760105000229 313760105000221 1111 
313760105000229 313760105000225 509 
313760105000229 313760105000226 308 
313760105000229 313760105000229 0 
313760105000229 313760105000231 7615 
313760105000229 313760105000235 4905 
313760105000229 313760105000239 4271 
313760105000229 313760105000257 4768 
313760105000229 313760105000259 2522 
313760105000229 313760105000264 3521 
313760105000229 313760105000273 9045 
313760105000229 31376010500028 3008 
313760105000229 313760114000002 11213 
313760105000229 313760114000007 10698 
313760105000229 313760114000008 10287 
313760105000229 313760114000009 9379 
313760105000229 31376011400001 12495 
313760105000229 313760115000003 3908 
313760105000229 313760115000005 6260 
313760105000229 313760115000006 7544 
313760105000229 313760115000007 5847 
313760105000229 313760115000011 6769 
313760105000229 313760115000015 3527 
313760105000229 31376011500002 2965 
31376010500023 313760105000013 6171 
31376010500023 313760105000026 2851 
31376010500023 313760105000048 10619 
31376010500023 31376010500005 1714 
31376010500023 313760105000076 6008 
31376010500023 313760105000082 6474 
31376010500023 313760105000098 4980 
31376010500023 313760105000102 4691 
31376010500023 313760105000122 3296 
31376010500023 313760105000125 3616 
31376010500023 313760105000132 4896 
31376010500023 313760105000135 5855 
31376010500023 313760105000139 7383 
31376010500023 313760105000145 8254 
31376010500023 313760105000146 10923 
31376010500023 313760105000152 10634 
31376010500023 313760105000168 4986 
31376010500023 313760105000172 3260 
31376010500023 313760105000186 7324 
31376010500023 313760105000201 4796 
31376010500023 313760105000206 2246 
31376010500023 313760105000219 6168 
31376010500023 31376010500022 6869 
31376010500023 313760105000221 6637 
31376010500023 313760105000225 7368 
31376010500023 313760105000226 7267 
31376010500023 313760105000229 7572 
31376010500023 313760105000231 393 
31376010500023 313760105000235 2925 
31376010500023 313760105000239 6224 
31376010500023 313760105000257 6490 
31376010500023 313760105000259 5894 
31376010500023 313760105000264 9981 
31376010500023 313760105000273 3117 
31376010500023 31376010500028 10539 
31376010500023 313760114000002 8870 
31376010500023 313760114000007 9581 
31376010500023 313760114000008 9062 
31376010500023 313760114000009 8704 
31376010500023 31376011400001 12156 
31376010500023 313760115000003 10151 
31376010500023 313760115000005 7912 
31376010500023 313760115000006 12258 
31376010500023 313760115000007 12497 
31376010500023 313760115000011 10672 
31376010500023 313760115000015 6996 
31376010500023 31376011500002 9620 
313760105000231 313760105000013 6511 
313760105000231 313760105000026 3108 
313760105000231 313760105000048 10957 
313760105000231 31376010500005 1978 
313760105000231 313760105000076 6295 
313760105000231 313760105000082 6785 
313760105000231 313760105000098 5306 
313760105000231 313760105000102 5082 
313760105000231 313760105000122 3440 
313760105000231 313760105000125 3851 
313760105000231 313760105000132 5032 
313760105000231 313760105000135 5870 
313760105000231 313760105000139 7354 
313760105000231 313760105000145 8620 
313760105000231 313760105000146 11172 
313760105000231 313760105000152 10590 
313760105000231 313760105000168 5158 
313760105000231 313760105000172 3045 
313760105000231 313760105000186 7306 
313760105000231 313760105000201 5176 
313760105000231 313760105000206 2444 
313760105000231 313760105000219 6240 
313760105000231 31376010500022 6911 
313760105000231 313760105000221 6714 
313760105000231 313760105000225 7435 
313760105000231 313760105000226 7313 
313760105000231 313760105000229 7615 
313760105000231 313760105000231 0 
313760105000231 313760105000235 3106 
313760105000231 313760105000239 6480 
313760105000231 313760105000257 6767 
313760105000231 313760105000259 6046 
313760105000231 313760105000264 10133 
313760105000231 313760105000273 3483 
313760105000231 31376010500028 10600 
313760105000231 313760114000002 9264 
313760105000231 313760114000007 9970 
313760105000231 313760114000008 9451 
313760105000231 313760114000009 9084 
313760105000231 31376011400001 12543 
313760105000231 313760115000003 10059 
313760105000231 313760115000005 7649 
313760105000231 313760115000006 12060 
313760105000231 313760115000007 12409 
313760105000231 313760115000011 10455 
313760105000231 313760115000015 6852 
313760105000231 31376011500002 9562 
313760105000232 313760105000013 6080 
313760105000232 313760105000026 3301 
313760105000232 313760105000048 9791 
313760105000232 31376010500005 6109 
313760105000232 313760105000076 4980 
313760105000232 313760105000082 5736 
313760105000232 313760105000098 5014 
313760105000232 313760105000102 6603 
313760105000232 313760105000122 2195 
313760105000232 313760105000125 3104 
313760105000232 313760105000132 2194 
313760105000232 313760105000135 1522 
313760105000232 313760105000139 2847 
313760105000232 313760105000145 8444 
313760105000232 313760105000146 8501 
313760105000232 313760105000152 6084 
313760105000232 313760105000168 2702 
313760105000232 313760105000172 2244 
313760105000232 313760105000186 2809 
313760105000232 313760105000201 6147 
313760105000232 313760105000206 2983 
313760105000232 313760105000219 2267 
313760105000232 31376010500022 2644 
313760105000232 313760105000221 2714 
313760105000232 313760105000225 3292 
313760105000232 313760105000226 3043 
313760105000232 313760105000229 3314 
313760105000232 313760105000231 4509 
313760105000232 313760105000235 2613 
313760105000232 313760105000239 4616 
313760105000232 313760105000257 5146 
313760105000232 313760105000259 2963 
313760105000232 313760105000264 6474 
313760105000232 313760105000273 6729 
313760105000232 31376010500028 6310 
313760105000232 313760114000002 10581 
313760105000232 313760114000007 10572 
313760105000232 313760114000008 10081 
313760105000232 313760114000009 9341 
313760105000232 31376011400001 12824 
313760105000232 313760115000003 5643 
313760105000232 313760115000005 4879 
313760105000232 313760115000006 8234 
313760105000232 313760115000007 7976 
313760105000232 313760115000011 6864 
313760105000232 313760115000015 2820 
313760105000232 31376011500002 5070 
313760105000233 313760105000013 7046 
313760105000233 313760105000026 4630 
313760105000233 313760105000048 10377 
313760105000233 31376010500005 7475 
313760105000233 313760105000076 5815 
313760105000233 313760105000082 6574 
313760105000233 313760105000098 6093 
313760105000233 313760105000102 7870 
313760105000233 313760105000122 3509 
313760105000233 313760105000125 4330 
313760105000233 313760105000132 3025 
313760105000233 313760105000135 1338 
313760105000233 313760105000139 1721 
313760105000233 313760105000145 9345 
313760105000233 313760105000146 8589 
313760105000233 313760105000152 4812 
313760105000233 313760105000168 3541 
313760105000233 313760105000172 3157 
313760105000233 313760105000186 1763 
313760105000233 313760105000201 7363 
313760105000233 313760105000206 4365 
313760105000233 313760105000219 2278 
313760105000233 31376010500022 2166 
313760105000233 313760105000221 2559 
313760105000233 313760105000225 2851 
313760105000233 313760105000226 2479 
313760105000233 313760105000229 2661 
313760105000233 313760105000231 5806 
313760105000233 313760105000235 3955 
313760105000233 313760105000239 5321 
313760105000233 313760105000257 5871 
313760105000233 313760105000259 3435 
313760105000233 313760105000264 6139 
313760105000233 313760105000273 8113 
313760105000233 31376010500028 5465 
313760105000233 313760114000002 11719 
313760105000233 313760114000007 11577 
313760105000233 313760114000008 11103 
313760105000233 313760114000009 10307 
313760105000233 31376011400001 13714 
313760105000233 313760115000003 4274 
313760105000233 313760115000005 4064 
313760105000233 313760115000006 6909 
313760105000233 313760115000007 6617 
313760105000233 313760115000011 5621 
313760105000233 313760115000015 1574 
313760105000233 31376011500002 3763 
313760105000234 313760105000013 3772 
313760105000234 313760105000026 583 
313760105000234 313760105000048 8025 
313760105000234 31376010500005 4182 
313760105000234 313760105000076 3113 
313760105000234 313760105000082 3744 
313760105000234 313760105000098 2549 
313760105000234 313760105000102 3825 
313760105000234 313760105000122 585 
313760105000234 313760105000125 552 
313760105000234 313760105000132 1863 
313760105000234 313760105000135 3409 
313760105000234 313760105000139 5074 
313760105000234 313760105000145 6139 
313760105000234 313760105000146 7810 
313760105000234 313760105000152 8276 
313760105000234 313760105000168 1833 
313760105000234 313760105000172 3443 
313760105000234 313760105000186 4950 
313760105000234 313760105000201 3405 
313760105000234 313760105000206 941 
313760105000234 313760105000219 3355 
313760105000234 31376010500022 4169 
313760105000234 313760105000221 3771 
313760105000234 313760105000225 4517 
313760105000234 313760105000226 4526 
313760105000234 313760105000229 4833 
313760105000234 313760105000231 3385 
313760105000234 313760105000235 349 
313760105000234 313760105000239 3154 
313760105000234 313760105000257 3515 
313760105000234 313760105000259 2773 
313760105000234 313760105000264 6833 
313760105000234 313760105000273 4234 
313760105000234 31376010500028 7642 
313760105000234 313760114000002 7887 
313760105000234 313760114000007 8048 
313760105000234 313760114000008 7538 
313760105000234 313760114000009 6898 
313760105000234 31376011400001 10444 
313760105000234 313760115000003 8121 
313760105000234 313760115000005 7525 
313760105000234 313760115000006 10989 
313760105000234 313760115000007 10372 
313760105000234 313760115000011 9644 
313760105000234 313760115000015 5593 
313760105000234 31376011500002 7386 
313760105000235 313760105000013 4112 
313760105000235 313760105000026 691 
313760105000235 313760105000048 8375 
313760105000235 31376010500005 4036 
313760105000235 313760105000076 3460 
313760105000235 313760105000082 4094 
313760105000235 313760105000098 2882 
313760105000235 313760105000102 4033 
313760105000235 313760105000122 481 
313760105000235 313760105000125 901 
313760105000235 313760105000132 2010 
313760105000235 313760105000135 3392 
313760105000235 313760105000139 5051 
313760105000235 313760105000145 6473 
313760105000235 313760105000146 8123 
313760105000235 313760105000152 8283 
313760105000235 313760105000168 2060 
313760105000235 313760105000172 3112 
313760105000235 313760105000186 4939 
313760105000235 313760105000201 3658 
313760105000235 313760105000206 684 
313760105000235 313760105000219 3435 
313760105000235 31376010500022 4225 
313760105000235 313760105000221 3872 
313760105000235 313760105000225 4619 
313760105000235 313760105000226 4597 
313760105000235 313760105000229 4905 
313760105000235 313760105000231 3106 
313760105000235 313760105000235 0 
313760105000235 313760105000239 3485 
313760105000235 313760105000257 3857 
313760105000235 313760105000259 2977 
313760105000235 313760105000264 7058 
313760105000235 313760105000273 4237 
313760105000235 31376010500028 7769 
313760105000235 313760114000002 8151 
313760105000235 313760114000007 8353 
313760105000235 313760114000008 7841 
313760105000235 313760114000009 7217 
313760105000235 31376011400001 10765 
313760105000235 313760115000003 8070 
313760105000235 313760115000005 7278 
313760105000235 313760115000006 10846 
313760105000235 313760115000007 10345 
313760105000235 313760115000011 9470 
313760105000235 313760115000015 5434 
313760105000235 31376011500002 7366 
313760105000236 313760105000013 3812 
313760105000236 313760105000026 1830 
313760105000236 313760105000048 7648 
313760105000236 31376010500005 5462 
313760105000236 313760105000076 2744 
313760105000236 313760105000082 3489 
313760105000236 313760105000098 2785 
313760105000236 313760105000102 4656 
313760105000236 313760105000122 1079 
313760105000236 313760105000125 1189 
313760105000236 313760105000132 581 
313760105000236 313760105000135 2350 
313760105000236 313760105000139 3983 
313760105000236 313760105000145 6175 
313760105000236 313760105000146 6893 
313760105000236 313760105000152 7104 
313760105000236 313760105000168 673 
313760105000236 313760105000172 3762 
313760105000236 313760105000186 3837 
313760105000236 313760105000201 4089 
313760105000236 313760105000206 2133 
313760105000236 313760105000219 2113 
313760105000236 31376010500022 2949 
313760105000236 313760105000221 2505 
313760105000236 313760105000225 3248 
313760105000236 313760105000226 3286 
313760105000236 313760105000229 3589 
313760105000236 313760105000231 4517 
313760105000236 313760105000235 1450 
313760105000236 313760105000239 2491 
313760105000236 313760105000257 2981 
313760105000236 313760105000259 1532 
313760105000236 313760105000264 5619 
313760105000236 313760105000273 5456 
313760105000236 31376010500028 6360 
313760105000236 313760114000002 8406 
313760105000236 313760114000007 8316 
313760105000236 313760114000008 7831 
313760105000236 313760114000009 7075 
313760105000236 31376011400001 10555 
313760105000236 313760115000003 7059 
313760105000236 313760115000005 7144 
313760105000236 313760115000006 10157 
313760105000236 313760115000007 9251 
313760105000236 313760115000011 8930 
313760105000236 313760115000015 4885 
313760105000236 31376011500002 6266 
313760105000237 313760105000013 4046 
313760105000237 313760105000026 1792 
313760105000237 313760105000048 7917 
313760105000237 31376010500005 5359 
313760105000237 313760105000076 3007 
313760105000237 313760105000082 3747 
313760105000237 313760105000098 2987 
313760105000237 313760105000102 4771 
313760105000237 313760105000122 900 
313760105000237 313760105000125 1245 
313760105000237 313760105000132 699 
313760105000237 313760105000135 2259 
313760105000237 313760105000139 3914 
313760105000237 313760105000145 6417 
313760105000237 313760105000146 7145 
313760105000237 313760105000152 7079 
313760105000237 313760105000168 922 
313760105000237 313760105000172 3491 
313760105000237 313760105000186 3778 
313760105000237 313760105000201 4231 
313760105000237 313760105000206 1996 
313760105000237 313760105000219 2136 
313760105000237 31376010500022 2953 
313760105000237 313760105000221 2558 
313760105000237 313760105000225 3305 
313760105000237 313760105000226 3308 
313760105000237 313760105000229 3615 
313760105000237 313760105000231 4334 
313760105000237 313760105000235 1323 
313760105000237 313760105000239 2762 
313760105000237 313760105000257 3251 
313760105000237 313760105000259 1718 
313760105000237 313760105000264 5800 
313760105000237 313760105000273 5442 
313760105000237 31376010500028 6446 
313760105000237 313760114000002 8591 
313760105000237 313760114000007 8537 
313760105000237 313760114000008 8048 
313760105000237 313760114000009 7304 
313760105000237 31376011400001 10794 
313760105000237 313760115000003 6984 
313760105000237 313760115000005 6916 
313760105000237 313760115000006 10013 
313760105000237 313760115000007 9202 
313760105000237 313760115000011 8759 
313760105000237 313760115000015 4705 
313760105000237 31376011500002 6214 
313760105000238 313760105000013 2007 
313760105000238 313760105000026 4284 
313760105000238 313760105000048 4203 
313760105000238 31376010500005 7584 
313760105000238 313760105000076 1139 
313760105000238 313760105000082 1137 
313760105000238 313760105000098 2445 
313760105000238 313760105000102 4588 
313760105000238 313760105000122 4350 
313760105000238 313760105000125 3587 
313760105000238 313760105000132 3400 
313760105000238 313760105000135 4900 
313760105000238 313760105000139 5995 
313760105000238 313760105000145 3475 
313760105000238 313760105000146 3877 
313760105000238 313760105000152 8239 
313760105000238 313760105000168 2914 
313760105000238 313760105000172 7256 
313760105000238 313760105000186 5793 
313760105000238 313760105000201 3842 
313760105000238 313760105000206 5014 
313760105000238 313760105000219 4042 
313760105000238 31376010500022 4638 
313760105000238 313760105000221 3997 
313760105000238 313760105000225 4342 
313760105000238 313760105000226 4690 
313760105000238 313760105000229 4852 
313760105000238 313760105000231 7389 
313760105000238 313760105000235 4456 
313760105000238 313760105000239 1008 
313760105000238 313760105000257 624 
313760105000238 313760105000259 2777 
313760105000238 313760105000264 4247 
313760105000238 313760105000273 6709 
313760105000238 31376010500028 6258 
313760105000238 313760114000002 6597 
313760105000238 313760114000007 5883 
313760105000238 313760114000008 5504 
313760105000238 313760114000009 4564 
313760105000238 31376011400001 7662 
313760105000238 313760115000003 8746 
313760105000238 313760115000005 10270 
313760105000238 313760115000006 12381 
313760105000238 313760115000007 10494 
313760105000238 313760115000011 11477 
313760105000238 313760115000015 7694 
313760105000238 31376011500002 7779 
313760105000239 313760105000013 2095 
313760105000239 313760105000026 3374 
313760105000239 313760105000048 5180 
313760105000239 31376010500005 6830 
313760105000239 313760105000076 726 
313760105000239 313760105000082 1353 
313760105000239 313760105000098 1958 
313760105000239 313760105000102 4289 
313760105000239 313760105000122 3353 
313760105000239 313760105000125 2639 
313760105000239 313760105000132 2421 
313760105000239 313760105000135 4043 
313760105000239 313760105000139 5286 
313760105000239 313760105000145 4105 
313760105000239 313760105000146 4699 
313760105000239 313760105000152 7804 
313760105000239 313760105000168 1922 
313760105000239 313760105000172 6248 
313760105000239 313760105000186 5091 
313760105000239 313760105000201 3542 
313760105000239 313760105000206 4070 
313760105000239 313760105000219 3252 
313760105000239 31376010500022 3942 
313760105000239 313760105000221 3297 
313760105000239 313760105000225 3769 
313760105000239 313760105000226 4064 
313760105000239 313760105000229 4271 
313760105000239 313760105000231 6480 
313760105000239 313760105000235 3485 
313760105000239 313760105000239 0 
313760105000239 313760105000257 550 
313760105000239 313760105000259 1937 
313760105000239 313760105000264 4445 
313760105000239 313760105000273 6139 
313760105000239 31376010500028 6123 
313760105000239 313760114000002 6953 
313760105000239 313760114000007 6455 
313760105000239 313760114000008 6029 
313760105000239 313760114000009 5142 
313760105000239 31376011400001 8425 
313760105000239 313760115000003 8175 
313760105000239 313760115000005 9358 
313760105000239 313760115000006 11705 
313760105000239 313760115000007 10062 
313760105000239 313760115000011 10713 
313760105000239 313760115000015 6840 
313760105000239 31376011500002 7236 
31376010500024 313760105000013 2442 
31376010500024 313760105000026 4148 
31376010500024 313760105000048 4707 
31376010500024 31376010500005 7602 
31376010500024 313760105000076 1281 
31376010500024 313760105000082 1579 
31376010500024 313760105000098 2622 
31376010500024 313760105000102 4889 
31376010500024 313760105000122 4065 
31376010500024 313760105000125 3403 
31376010500024 313760105000132 2957 
31376010500024 313760105000135 4351 
31376010500024 313760105000139 5404 
31376010500024 313760105000145 4069 
31376010500024 313760105000146 3923 
31376010500024 313760105000152 7652 
31376010500024 313760105000168 2504 
31376010500024 313760105000172 6890 
31376010500024 313760105000186 5202 
31376010500024 313760105000201 4137 
31376010500024 313760105000206 4831 
31376010500024 313760105000219 3473 
31376010500024 31376010500022 4048 
31376010500024 313760105000221 3410 
31376010500024 313760105000225 3744 
31376010500024 313760105000226 4094 
31376010500024 313760105000229 4254 
31376010500024 313760105000231 7250 
31376010500024 313760105000235 4229 
31376010500024 313760105000239 778 
31376010500024 313760105000257 779 
31376010500024 313760105000259 2240 
31376010500024 313760105000264 3841 
31376010500024 313760105000273 6862 
31376010500024 31376010500028 5733 
31376010500024 313760114000002 7151 
31376010500024 313760114000007 6474 
31376010500024 313760114000008 6089 
31376010500024 313760114000009 5155 
31376010500024 31376011400001 8256 
31376010500024 313760115000003 8149 
31376010500024 313760115000005 9737 
31376010500024 313760115000006 11784 
31376010500024 313760115000007 9909 
31376010500024 313760115000011 10891 
31376010500024 313760115000015 7136 
31376010500024 31376011500002 7183 
313760105000241 313760105000013 2379 
313760105000241 313760105000026 3508 
313760105000241 313760105000048 5272 
313760105000241 31376010500005 7023 
313760105000241 313760105000076 1018 
313760105000241 313760105000082 1612 
313760105000241 313760105000098 2235 
313760105000241 313760105000102 4572 
313760105000241 313760105000122 3395 
313760105000241 313760105000125 2751 
313760105000241 313760105000132 2334 
313760105000241 313760105000135 3864 
313760105000241 313760105000139 5055 
313760105000241 313760105000145 4332 
313760105000241 313760105000146 4570 
313760105000241 313760105000152 7527 
313760105000241 313760105000168 1860 
313760105000241 313760105000172 6234 
313760105000241 313760105000186 4857 
313760105000241 313760105000201 3827 
313760105000241 313760105000206 4174 
313760105000241 313760105000219 3042 
313760105000241 31376010500022 3704 
313760105000241 313760105000221 3058 
313760105000241 313760105000225 3505 
313760105000241 313760105000226 3811 
313760105000241 313760105000229 4009 
313760105000241 313760105000231 6602 
313760105000241 313760105000235 3565 
313760105000241 313760105000239 292 
313760105000241 313760105000257 764 
313760105000241 313760105000259 1742 
313760105000241 313760105000264 4174 
313760105000241 313760105000273 6382 
313760105000241 31376010500028 5830 
313760105000241 313760114000002 7228 
313760105000241 313760114000007 6699 
313760105000241 313760114000008 6280 
313760105000241 313760114000009 5383 
313760105000241 31376011400001 8626 
313760105000241 313760115000003 7917 
313760105000241 313760115000005 9213 
313760105000241 313760115000006 11470 
313760105000241 313760115000007 9785 
313760105000241 313760115000011 10503 
313760105000241 313760115000015 6663 
313760105000241 31376011500002 6972 
313760105000242 313760105000013 4318 
313760105000242 313760105000026 3024 
313760105000242 313760105000048 7598 
313760105000242 31376010500005 6643 
313760105000242 313760105000076 3023 
313760105000242 313760105000082 3774 
313760105000242 313760105000098 3533 
313760105000242 313760105000102 5651 
313760105000242 313760105000122 2182 
313760105000242 313760105000125 2348 
313760105000242 313760105000132 612 
313760105000242 313760105000135 1563 
313760105000242 313760105000139 3017 
313760105000242 313760105000145 6554 
313760105000242 313760105000146 6261 
313760105000242 313760105000152 5997 
313760105000242 313760105000168 905 
313760105000242 313760105000172 4291 
313760105000242 313760105000186 2845 
313760105000242 313760105000201 5017 
313760105000242 313760105000206 3283 
313760105000242 313760105000219 985 
313760105000242 31376010500022 1830 
313760105000242 313760105000221 1323 
313760105000242 313760105000225 2059 
313760105000242 313760105000226 2130 
313760105000242 313760105000229 2425 
313760105000242 313760105000231 5586 
313760105000242 313760105000235 2610 
313760105000242 313760105000239 2500 
313760105000242 313760105000257 3051 
313760105000242 313760105000259 687 
313760105000242 313760105000264 4583 
313760105000242 313760105000273 6636 
313760105000242 31376010500028 5168 
313760105000242 313760114000002 9123 
313760105000242 313760114000007 8837 
313760105000242 313760114000008 8380 
313760105000242 313760114000009 7546 
313760105000242 31376011400001 10909 
313760105000242 313760115000003 6070 
313760105000242 313760115000005 6866 
313760105000242 313760115000006 9374 
313760105000242 313760115000007 8186 
313760105000242 313760115000011 8280 
313760105000242 313760115000015 4347 
313760105000242 31376011500002 5220 
313760105000243 313760105000013 4295 
313760105000243 313760105000026 2759 
313760105000243 313760105000048 7725 
313760105000243 31376010500005 6357 
313760105000243 313760105000076 3044 
313760105000243 313760105000082 3803 
313760105000243 313760105000098 3438 
313760105000243 313760105000102 5488 
313760105000243 313760105000122 1886 
313760105000243 313760105000125 2111 
313760105000243 313760105000132 367 
313760105000243 313760105000135 1593 
313760105000243 313760105000139 3141 
313760105000243 313760105000145 6574 
313760105000243 313760105000146 6505 
313760105000243 313760105000152 6194 
313760105000243 313760105000168 798 
313760105000243 313760105000172 4034 
313760105000243 313760105000186 2980 
313760105000243 313760105000201 4876 
313760105000243 313760105000206 2991 
313760105000243 313760105000219 1186 
313760105000243 31376010500022 2029 
313760105000243 313760105000221 1573 
313760105000243 313760105000225 2318 
313760105000243 313760105000226 2355 
313760105000243 313760105000229 2657 
313760105000243 313760105000231 5285 
313760105000243 313760105000235 2321 
313760105000243 313760105000239 2579 
313760105000243 313760105000257 3124 
313760105000243 313760105000259 916 
313760105000243 313760105000264 4882 
313760105000243 313760105000273 6389 
313760105000243 31376010500028 5449 
313760105000243 313760114000002 9055 
313760105000243 313760114000007 8825 
313760105000243 313760114000008 8359 
313760105000243 313760114000009 7544 
313760105000243 31376011400001 10943 
313760105000243 313760115000003 6212 
313760105000243 313760115000005 6782 
313760105000243 313760115000006 9443 
313760105000243 313760115000007 8363 
313760105000243 313760115000011 8304 
313760105000243 313760115000015 4325 
313760105000243 31376011500002 5386 
313760105000245 313760105000013 2611 
313760105000245 313760105000026 2787 
313760105000245 313760105000048 6012 
313760105000245 31376010500005 6392 
313760105000245 313760105000076 1282 
313760105000245 313760105000082 2033 
313760105000245 313760105000098 2050 
313760105000245 313760105000102 4368 
313760105000245 313760105000122 2591 
313760105000245 313760105000125 2008 
313760105000245 313760105000132 1595 
313760105000245 313760105000135 3304 
313760105000245 313760105000139 4661 
313760105000245 313760105000145 4812 
313760105000245 313760105000146 5341 
313760105000245 313760105000152 7382 
313760105000245 313760105000168 1090 
313760105000245 313760105000172 5433 
313760105000245 313760105000186 4474 
313760105000245 313760105000201 3655 
313760105000245 313760105000206 3410 
313760105000245 313760105000219 2591 
313760105000245 31376010500022 3354 
313760105000245 313760105000221 2725 
313760105000245 313760105000225 3303 
313760105000245 313760105000226 3539 
313760105000245 313760105000229 3781 
313760105000245 313760105000231 5851 
313760105000245 313760105000235 2781 
313760105000245 313760105000239 832 
313760105000245 313760105000257 1358 
313760105000245 313760105000259 1287 
313760105000245 313760105000264 4619 
313760105000245 313760105000273 5910 
313760105000245 31376010500028 5978 
313760105000245 313760114000002 7467 
313760105000245 313760114000007 7106 
313760105000245 313760114000008 6657 
313760105000245 313760114000009 5809 
313760105000245 31376011400001 9171 
313760105000245 313760115000003 7637 
313760105000245 313760115000005 8561 
313760105000245 313760115000006 11069 
313760105000245 313760115000007 9626 
313760105000245 313760115000011 10014 
313760105000245 313760115000015 6086 
313760105000245 31376011500002 6729 
313760105000246 313760105000013 3814 
313760105000246 313760105000026 2959 
313760105000246 313760105000048 7057 
313760105000246 31376010500005 6636 
313760105000246 313760105000076 2494 
313760105000246 313760105000082 3239 
313760105000246 313760105000098 3106 
313760105000246 313760105000102 5306 
313760105000246 313760105000122 2291 
313760105000246 313760105000125 2214 
313760105000246 313760105000132 739 
313760105000246 313760105000135 2097 
313760105000246 313760105000139 3472 
313760105000246 313760105000145 6019 
313760105000246 313760105000146 5841 
313760105000246 313760105000152 6329 
313760105000246 313760105000168 647 
313760105000246 313760105000172 4697 
313760105000246 313760105000186 3289 
313760105000246 313760105000201 4642 
313760105000246 313760105000206 3345 
313760105000246 313760105000219 1400 
313760105000246 31376010500022 2204 
313760105000246 313760105000221 1613 
313760105000246 313760105000225 2287 
313760105000246 313760105000226 2445 
313760105000246 313760105000229 2717 
313760105000246 313760105000231 5732 
313760105000246 313760105000235 2660 
313760105000246 313760105000239 1953 
313760105000246 313760105000257 2504 
313760105000246 313760105000259 316 
313760105000246 313760105000264 4403 
313760105000246 313760105000273 6479 
313760105000246 31376010500028 5260 
313760105000246 313760114000002 8647 
313760105000246 313760114000007 8318 
313760105000246 313760114000008 7867 
313760105000246 313760114000009 7022 
313760105000246 31376011400001 10368 
313760105000246 313760115000003 6488 
313760105000246 313760115000005 7415 
313760105000246 313760115000006 9865 
313760105000246 313760115000007 8547 
313760105000246 313760115000011 8802 
313760105000246 313760115000015 4890 
313760105000246 31376011500002 5608 
313760105000247 313760105000013 3620 
313760105000247 313760105000026 2900 
313760105000247 313760105000048 6883 
313760105000247 31376010500005 6585 
313760105000247 313760105000076 2298 
313760105000247 313760105000082 3045 
313760105000247 313760105000098 2929 
313760105000247 313760105000102 5149 
313760105000247 313760105000122 2302 
313760105000247 313760105000125 2139 
313760105000247 313760105000132 821 
313760105000247 313760105000135 2291 
313760105000247 313760105000139 3662 
313760105000247 313760105000145 5825 
313760105000247 313760105000146 5743 
313760105000247 313760105000152 6493 
313760105000247 313760105000168 589 
313760105000247 313760105000172 4805 
313760105000247 313760105000186 3478 
313760105000247 313760105000201 4477 
313760105000247 313760105000206 3328 
313760105000247 313760105000219 1589 
313760105000247 31376010500022 2384 
313760105000247 313760105000221 1782 
313760105000247 313760105000225 2437 
313760105000247 313760105000226 2612 
313760105000247 313760105000229 2879 
313760105000247 313760105000231 5737 
313760105000247 313760105000235 2646 
313760105000247 313760105000239 1764 
313760105000247 313760105000257 2314 
313760105000247 313760105000259 387 
313760105000247 313760105000264 4413 
313760105000247 313760105000273 6378 
313760105000247 31376010500028 5361 
313760105000247 313760114000002 8457 
313760105000247 313760114000007 8123 
313760105000247 313760114000008 7672 
313760105000247 313760114000009 6826 
313760105000247 31376011400001 10174 
313760105000247 313760115000003 6671 
313760105000247 313760115000005 7599 
313760105000247 313760115000006 10059 
313760105000247 313760115000007 8717 
313760105000247 313760115000011 8997 
313760105000247 313760115000015 5082 
313760105000247 31376011500002 5785 
313760105000248 313760105000013 1052 
313760105000248 313760105000026 2668 
313760105000248 313760105000048 5352 
313760105000248 31376010500005 5608 
313760105000248 313760105000076 942 
313760105000248 313760105000082 1149 
313760105000248 313760105000098 414 
313760105000248 313760105000102 2696 
313760105000248 313760105000122 3180 
313760105000248 313760105000125 2197 
313760105000248 313760105000132 3041 
313760105000248 313760105000135 4934 
313760105000248 313760105000139 6407 
313760105000248 313760105000145 3438 
313760105000248 313760105000146 5884 
313760105000248 313760105000152 9187 
313760105000248 313760105000168 2544 
313760105000248 313760105000172 6169 
313760105000248 313760105000186 6226 
313760105000248 313760105000201 1949 
313760105000248 313760105000206 3463 
313760105000248 313760105000219 4337 
313760105000248 31376010500022 5133 
313760105000248 313760105000221 4516 
313760105000248 313760105000225 5108 
313760105000248 313760105000226 5337 
313760105000248 313760105000229 5584 
313760105000248 313760105000231 5647 
313760105000248 313760105000235 3081 
313760105000248 313760105000239 1592 
313760105000248 313760105000257 1469 
313760105000248 313760105000259 3073 
313760105000248 313760105000264 6028 
313760105000248 313760105000273 4678 
313760105000248 31376010500028 7682 
313760105000248 313760114000002 5719 
313760105000248 313760114000007 5533 
313760105000248 313760114000008 5050 
313760105000248 313760114000009 4295 
313760105000248 31376011400001 7798 
313760105000248 313760115000003 9421 
313760105000248 313760115000005 9926 
313760105000248 313760115000006 12776 
313760105000248 313760115000007 11430 
313760105000248 313760115000011 11641 
313760105000248 313760115000015 7630 
313760105000248 31376011500002 8525 
313760105000249 313760105000013 1417 
313760105000249 313760105000026 2395 
313760105000249 313760105000048 5631 
313760105000249 31376010500005 5516 
313760105000249 313760105000076 928 
313760105000249 313760105000082 1364 
313760105000249 313760105000098 547 
313760105000249 313760105000102 2891 
313760105000249 313760105000122 2832 
313760105000249 313760105000125 1865 
313760105000249 313760105000132 2670 
313760105000249 313760105000135 4568 
313760105000249 313760105000139 6057 
313760105000249 313760105000145 3802 
313760105000249 313760105000146 5945 
313760105000249 313760105000152 8877 
313760105000249 313760105000168 2177 
313760105000249 313760105000172 5828 
313760105000249 313760105000186 5879 
313760105000249 313760105000201 2162 
313760105000249 313760105000206 3182 
313760105000249 313760105000219 3991 
313760105000249 31376010500022 4797 
313760105000249 313760105000221 4188 
313760105000249 313760105000225 4799 
313760105000249 313760105000226 5013 
313760105000249 313760105000229 5267 
313760105000249 313760105000231 5432 
313760105000249 313760105000235 2760 
313760105000249 313760105000239 1448 
313760105000249 313760105000257 1460 
313760105000249 313760105000259 2747 
313760105000249 313760105000264 5888 
313760105000249 313760105000273 4705 
313760105000249 31376010500028 7448 
313760105000249 313760114000002 6081 
313760105000249 313760114000007 5909 
313760105000249 313760114000008 5427 
313760105000249 313760114000009 4670 
313760105000249 31376011400001 8168 
313760105000249 313760115000003 9083 
313760105000249 313760115000005 9550 
313760105000249 313760115000006 12415 
313760105000249 313760115000007 11114 
313760105000249 313760115000011 11271 
313760105000249 313760115000015 7256 
313760105000249 31376011500002 8195 
31376010500025 313760105000013 4170 
31376010500025 313760105000026 1502 
31376010500025 313760105000048 8172 
31376010500025 31376010500005 4983 
31376010500025 313760105000076 3231 
31376010500025 313760105000082 3951 
31376010500025 313760105000098 3043 
31376010500025 313760105000102 4651 
31376010500025 313760105000122 499 
31376010500025 313760105000125 1115 
31376010500025 313760105000132 1108 
31376010500025 313760105000135 2489 
31376010500025 313760105000139 4153 
31376010500025 313760105000145 6555 
31376010500025 313760105000146 7521 
31376010500025 313760105000152 7360 
31376010500025 313760105000168 1304 
31376010500025 313760105000172 3194 
31376010500025 313760105000186 4030 
31376010500025 313760105000201 4160 
31376010500025 313760105000206 1606 
31376010500025 313760105000219 2482 
31376010500025 31376010500022 3276 
31376010500025 313760105000221 2921 
31376010500025 313760105000225 3668 
31376010500025 313760105000226 3645 
31376010500025 313760105000229 3953 
31376010500025 313760105000231 3923 
31376010500025 313760105000235 952 
31376010500025 313760105000239 3060 
31376010500025 313760105000257 3522 
31376010500025 313760105000259 2129 
31376010500025 313760105000264 6211 
31376010500025 313760105000273 5148 
31376010500025 31376010500028 6823 
31376010500025 313760114000002 8585 
31376010500025 313760114000007 8610 
31376010500025 313760114000008 8113 
31376010500025 313760114000009 7404 
31376010500025 31376011400001 10919 
31376010500025 313760115000003 7203 
31376010500025 313760115000005 6851 
31376010500025 313760115000006 10126 
31376010500025 313760115000007 9451 
31376010500025 313760115000011 8822 
31376010500025 313760115000015 4762 
31376010500025 31376011500002 6466 
313760105000251 313760105000013 4073 
313760105000251 313760105000026 1316 
313760105000251 313760105000048 8131 
313760105000251 31376010500005 4819 
313760105000251 313760105000076 3183 
313760105000251 313760105000082 3889 
313760105000251 313760105000098 2924 
313760105000251 313760105000102 4479 
313760105000251 313760105000122 365 
313760105000251 313760105000125 955 
313760105000251 313760105000132 1241 
313760105000251 313760105000135 2675 
313760105000251 313760105000139 4340 
313760105000251 313760105000145 6460 
313760105000251 313760105000146 7569 
313760105000251 313760105000152 7546 
313760105000251 313760105000168 1375 
313760105000251 313760105000172 3228 
313760105000251 313760105000186 4217 
313760105000251 313760105000201 4000 
313760105000251 313760105000206 1451 
313760105000251 313760105000219 2655 
313760105000251 31376010500022 3455 
313760105000251 313760105000221 3089 
313760105000251 313760105000225 3836 
313760105000251 313760105000226 3821 
313760105000251 313760105000229 4129 
313760105000251 313760105000231 3805 
313760105000251 313760105000235 783 
313760105000251 313760105000239 3054 
313760105000251 313760105000257 3498 
313760105000251 313760105000259 2241 
313760105000251 313760105000264 6329 
313760105000251 313760105000273 4963 
313760105000251 31376010500028 6986 
313760105000251 313760114000002 8438 
313760105000251 313760114000007 8489 
313760105000251 313760114000008 7989 
313760105000251 313760114000009 7292 
313760105000251 31376011400001 10815 
313760105000251 313760115000003 7389 
313760105000251 313760115000005 6986 
313760105000251 313760115000006 10301 
313760105000251 313760115000007 9638 
313760105000251 313760115000011 8989 
313760105000251 313760115000015 4929 
313760105000251 31376011500002 6652 
313760105000252 313760105000013 4623 
313760105000252 313760105000026 2084 
313760105000252 313760105000048 8464 
313760105000252 31376010500005 5444 
313760105000252 313760105000076 3573 
313760105000252 313760105000082 4318 
313760105000252 313760105000098 3551 
313760105000252 313760105000102 5243 
313760105000252 313760105000122 996 
313760105000252 313760105000125 1701 
313760105000252 313760105000132 981 
313760105000252 313760105000135 1916 
313760105000252 313760105000139 3578 
313760105000252 313760105000145 6995 
313760105000252 313760105000146 7545 
313760105000252 313760105000152 6805 
313760105000252 313760105000168 1388 
313760105000252 313760105000172 3011 
313760105000252 313760105000186 3462 
313760105000252 313760105000201 4738 
313760105000252 313760105000206 2069 
313760105000252 313760105000219 2034 
313760105000252 31376010500022 2780 
313760105000252 313760105000221 2499 
313760105000252 313760105000225 3235 
313760105000252 313760105000226 3164 
313760105000252 313760105000229 3473 
313760105000252 313760105000231 4224 
313760105000252 313760105000235 1477 
313760105000252 313760105000239 3292 
313760105000252 313760105000257 3796 
313760105000252 313760105000259 1992 
313760105000252 313760105000264 5989 
313760105000252 313760105000273 5710 
313760105000252 31376010500028 6405 
313760105000252 313760114000002 9136 
313760105000252 313760114000007 9108 
313760105000252 313760114000008 8617 
313760105000252 313760114000009 7880 
313760105000252 31376011400001 11372 
313760105000252 313760115000003 6615 
313760105000252 313760115000005 6343 
313760105000252 313760115000006 9531 
313760105000252 313760115000007 8875 
313760105000252 313760115000011 8240 
313760105000252 313760115000015 4180 
313760105000252 31376011500002 5893 
313760105000253 313760105000013 4319 
313760105000253 313760105000026 1929 
313760105000253 313760105000048 8169 
313760105000253 31376010500005 5410 
313760105000253 313760105000076 3270 
313760105000253 313760105000082 4014 
313760105000253 313760105000098 3257 
313760105000253 313760105000102 5002 
313760105000253 313760105000122 920 
313760105000253 313760105000125 1461 
313760105000253 313760105000132 777 
313760105000253 313760105000135 2070 
313760105000253 313760105000139 3733 
313760105000253 313760105000145 6690 
313760105000253 313760105000146 7318 
313760105000253 313760105000152 6929 
313760105000253 313760105000168 1119 
313760105000253 313760105000172 3271 
313760105000253 313760105000186 3606 
313760105000253 313760105000201 4477 
313760105000253 313760105000206 2028 
313760105000253 313760105000219 2051 
313760105000253 31376010500022 2840 
313760105000253 313760105000221 2495 
313760105000253 313760105000225 3241 
313760105000253 313760105000226 3210 
313760105000253 313760105000229 3519 
313760105000253 313760105000231 4291 
313760105000253 313760105000235 1386 
313760105000253 313760105000239 3003 
313760105000253 313760105000257 3500 
313760105000253 313760105000259 1813 
313760105000253 313760105000264 5865 
313760105000253 313760105000273 5579 
313760105000253 31376010500028 6402 
313760105000253 313760114000002 8854 
313760105000253 313760114000007 8809 
313760105000253 313760114000008 8319 
313760105000253 313760114000009 7578 
313760105000253 31376011400001 11067 
313760105000253 313760115000003 6792 
313760105000253 313760115000005 6643 
313760105000253 313760115000006 9774 
313760105000253 313760115000007 9029 
313760105000253 313760115000011 8505 
313760105000253 313760115000015 4448 
313760105000253 31376011500002 6043 
313760105000254 313760105000013 6384 
313760105000254 313760105000026 4789 
313760105000254 313760105000048 9228 
313760105000254 31376010500005 8119 
313760105000254 313760105000076 5042 
313760105000254 313760105000082 5768 
313760105000254 313760105000098 5639 
313760105000254 313760105000102 7713 
313760105000254 313760105000122 3726 
313760105000254 313760105000125 4260 
313760105000254 313760105000132 2584 
313760105000254 313760105000135 829 
313760105000254 313760105000139 914 
313760105000254 313760105000145 8535 
313760105000254 313760105000146 7146 
313760105000254 313760105000152 4075 
313760105000254 313760105000168 3001 
313760105000254 313760105000172 4435 
313760105000254 313760105000186 756 
313760105000254 313760105000201 7103 
313760105000254 313760105000206 4780 
313760105000254 313760105000219 1183 
313760105000254 31376010500022 662 
313760105000254 313760105000221 1217 
313760105000254 313760105000225 1321 
313760105000254 313760105000226 938 
313760105000254 313760105000229 1135 
313760105000254 313760105000231 6683 
313760105000254 313760105000235 4207 
313760105000254 313760105000239 4430 
313760105000254 313760105000257 4970 
313760105000254 313760105000259 2503 
313760105000254 313760105000264 4601 
313760105000254 313760105000273 8435 
313760105000254 31376010500028 4072 
313760105000254 313760114000002 11218 
313760105000254 313760114000007 10870 
313760105000254 313760114000008 10427 
313760105000254 313760114000009 9564 
313760105000254 31376011400001 12836 
313760105000254 313760115000003 3986 
313760105000254 313760115000005 5353 
313760105000254 313760115000006 7295 
313760105000254 313760115000007 6176 
313760105000254 313760115000011 6292 
313760105000254 313760115000015 2630 
313760105000254 31376011500002 3189 
313760105000255 313760105000013 6436 
313760105000255 313760105000026 4960 
313760105000255 313760105000048 9175 
313760105000255 31376010500005 8323 
313760105000255 313760105000076 5082 
313760105000255 313760105000082 5797 
313760105000255 313760105000098 5728 
313760105000255 313760105000102 7835 
313760105000255 313760105000122 3910 
313760105000255 313760105000125 4410 
313760105000255 313760105000132 2709 
313760105000255 313760105000135 1039 
313760105000255 313760105000139 838 
313760105000255 313760105000145 8554 
313760105000255 313760105000146 7011 
313760105000255 313760105000152 3898 
313760105000255 313760105000168 3103 
313760105000255 313760105000172 4667 
313760105000255 313760105000186 650 
313760105000255 313760105000201 7214 
313760105000255 313760105000206 4974 
313760105000255 313760105000219 1238 
313760105000255 31376010500022 559 
313760105000255 313760105000221 1180 
313760105000255 313760105000225 1157 
313760105000255 313760105000226 752 
313760105000255 313760105000229 918 
313760105000255 313760105000231 6904 
313760105000255 313760105000235 4391 
313760105000255 313760105000239 4451 
313760105000255 313760105000257 4985 
313760105000255 313760105000259 2541 
313760105000255 313760105000264 4412 
313760105000255 313760105000273 8610 
313760105000255 31376010500028 3839 
313760105000255 313760114000002 11284 
313760105000255 313760114000007 10902 
313760105000255 313760114000008 10466 
313760105000255 313760114000009 9592 
313760105000255 31376011400001 12835 
313760105000255 313760115000003 3870 
313760105000255 313760115000005 5474 
313760105000255 313760115000006 7255 
313760105000255 313760115000007 6026 
313760105000255 313760115000011 6301 
313760105000255 313760115000015 2740 
313760105000255 31376011500002 3042 
313760105000256 313760105000013 1680 
313760105000256 313760105000026 3439 
313760105000256 313760105000048 4874 
313760105000256 31376010500005 6765 
313760105000256 313760105000076 376 
313760105000256 313760105000082 920 
313760105000256 313760105000098 1716 
313760105000256 313760105000102 3994 
313760105000256 313760105000122 3553 
313760105000256 313760105000125 2751 
313760105000256 313760105000132 2770 
313760105000256 313760105000135 4451 
313760105000256 313760105000139 5717 
313760105000256 313760105000145 3679 
313760105000256 313760105000146 4702 
313760105000256 313760105000152 8229 
313760105000256 313760105000168 2256 
313760105000256 313760105000172 6501 
313760105000256 313760105000186 5522 
313760105000256 313760105000201 3242 
313760105000256 313760105000206 4174 
313760105000256 313760105000219 3676 
313760105000256 31376010500022 4374 
313760105000256 313760105000221 3729 
313760105000256 313760105000225 4201 
313760105000256 313760105000226 4498 
313760105000256 313760105000229 4703 
313760105000256 313760105000231 6543 
313760105000256 313760105000235 3631 
313760105000256 313760105000239 433 
313760105000256 313760105000257 226 
313760105000256 313760105000259 2358 
313760105000256 313760105000264 4726 
313760105000256 313760105000273 5966 
313760105000256 31376010500028 6499 
313760105000256 313760114000002 6525 
313760105000256 313760114000007 6023 
313760105000256 313760114000008 5596 
313760105000256 313760114000009 4711 
313760105000256 31376011400001 8013 
313760105000256 313760115000003 8608 
313760105000256 313760115000005 9738 
313760105000256 313760115000006 12136 
313760105000256 313760115000007 10488 
313760105000256 313760115000011 11135 
313760105000256 313760115000015 7245 
313760105000256 31376011500002 7668 
313760105000257 313760105000013 1694 
313760105000257 313760105000026 3664 
313760105000257 313760105000048 4668 
313760105000257 31376010500005 6970 
313760105000257 313760105000076 536 
313760105000257 313760105000082 868 
313760105000257 313760105000098 1877 
313760105000257 313760105000102 4113 
313760105000257 313760105000122 3775 
313760105000257 313760105000125 2978 
313760105000257 313760105000132 2953 
313760105000257 313760105000135 4593 
313760105000257 313760105000139 5818 
313760105000257 313760105000145 3569 
313760105000257 313760105000146 4492 
313760105000257 313760105000152 8263 
313760105000257 313760105000168 2445 
313760105000257 313760105000172 6716 
313760105000257 313760105000186 5620 
313760105000257 313760105000201 3361 
313760105000257 313760105000206 4401 
313760105000257 313760105000219 3795 
313760105000257 31376010500022 4468 
313760105000257 313760105000221 3822 
313760105000257 313760105000225 4262 
313760105000257 313760105000226 4573 
313760105000257 313760105000229 4768 
313760105000257 313760105000231 6767 
313760105000257 313760105000235 3857 
313760105000257 313760105000239 550 
313760105000257 313760105000257 0 
313760105000257 313760105000259 2483 
313760105000257 313760105000264 4621 
313760105000257 313760105000273 6140 
313760105000257 31376010500028 6463 
313760105000257 313760114000002 6494 
313760105000257 313760114000007 5936 
313760105000257 313760114000008 5519 
313760105000257 313760114000009 4619 
313760105000257 31376011400001 7877 
313760105000257 313760115000003 8676 
313760105000257 313760115000005 9906 
313760105000257 313760115000006 12234 
313760105000257 313760115000007 10523 
313760105000257 313760115000011 11257 
313760105000257 313760115000015 7391 
313760105000257 31376011500002 7728 
313760105000258 313760105000013 4137 
313760105000258 313760105000026 3272 
313760105000258 313760105000048 7225 
313760105000258 31376010500005 6934 
313760105000258 313760105000076 2795 
313760105000258 313760105000082 3527 
313760105000258 313760105000098 3466 
313760105000258 313760105000102 5675 
313760105000258 313760105000122 2528 
313760105000258 313760105000125 2546 
313760105000258 313760105000132 928 
313760105000258 313760105000135 1846 
313760105000258 313760105000139 3136 
313760105000258 313760105000145 6303 
313760105000258 313760105000146 5811 
313760105000258 313760105000152 5961 
313760105000258 313760105000168 989 
313760105000258 313760105000172 4741 
313760105000258 313760105000186 2950 
313760105000258 313760105000201 5010 
313760105000258 313760105000206 3609 
313760105000258 313760105000219 1066 
313760105000258 31376010500022 1847 
313760105000258 313760105000221 1246 
313760105000258 313760105000225 1919 
313760105000258 313760105000226 2077 
313760105000258 313760105000229 2348 
313760105000258 313760105000231 5959 
313760105000258 313760105000235 2927 
313760105000258 313760105000239 2207 
313760105000258 313760105000257 2755 
313760105000258 313760105000259 278 
313760105000258 313760105000264 4181 
313760105000258 313760105000273 6825 
313760105000258 31376010500028 4922 
313760105000258 313760114000002 8986 
313760105000258 313760114000007 8623 
313760105000258 313760114000008 8179 
313760105000258 313760114000009 7320 
313760105000258 31376011400001 10633 
313760105000258 313760115000003 6134 
313760105000258 313760115000005 7219 
313760105000258 313760115000006 9544 
313760105000258 313760115000007 8181 
313760105000258 313760115000011 8511 
313760105000258 313760115000015 4645 
313760105000258 31376011500002 5247 
313760105000259 313760105000013 3895 
313760105000259 313760105000026 3267 
313760105000259 313760105000048 6948 
313760105000259 31376010500005 6947 
313760105000259 313760105000076 2541 
313760105000259 313760105000082 3266 
313760105000259 313760105000098 3275 
313760105000259 313760105000102 5521 
313760105000259 313760105000122 2606 
313760105000259 313760105000125 2514 
313760105000259 313760105000132 1037 
313760105000259 313760105000135 2124 
313760105000259 313760105000139 3379 
313760105000259 313760105000145 6038 
313760105000259 313760105000146 5589 
313760105000259 313760105000152 6136 
313760105000259 313760105000168 950 
313760105000259 313760105000172 4950 
313760105000259 313760105000186 3189 
313760105000259 313760105000201 4841 
313760105000259 313760105000206 3661 
313760105000259 313760105000219 1319 
313760105000259 31376010500022 2067 
313760105000259 313760105000221 1443 
313760105000259 313760105000225 2066 
313760105000259 313760105000226 2265 
313760105000259 313760105000229 2522 
313760105000259 313760105000231 6046 
313760105000259 313760105000235 2977 
313760105000259 313760105000239 1937 
313760105000259 313760105000257 2483 
313760105000259 313760105000259 0 
313760105000259 313760105000264 4087 
313760105000259 313760105000273 6764 
313760105000259 31376010500028 4974 
313760105000259 313760114000002 8754 
313760105000259 313760114000007 8367 
313760105000259 313760114000008 7926 
313760105000259 313760114000009 7061 
313760105000259 31376011400001 10361 
313760105000259 313760115000003 6352 
313760105000259 313760115000005 7498 
313760105000259 313760115000006 9794 
313760105000259 313760115000007 8367 
313760105000259 313760115000011 8777 
313760105000259 313760115000015 4922 
313760105000259 31376011500002 5451 
31376010500026 313760105000013 5287 
31376010500026 313760105000026 3587 
31376010500026 313760105000048 8489 
31376010500026 31376010500005 7023 
31376010500026 313760105000076 3994 
31376010500026 313760105000082 4744 
31376010500026 313760105000098 4461 
31376010500026 313760105000102 6489 
31376010500026 313760105000122 2561 
31376010500026 313760105000125 3033 
31376010500026 313760105000132 1366 
31376010500026 313760105000135 591 
31376010500026 313760105000139 2135 
31376010500026 313760105000145 7524 
31376010500026 313760105000146 6871 
31376010500026 313760105000152 5274 
31376010500026 313760105000168 1817 
31376010500026 313760105000172 3910 
31376010500026 313760105000186 1985 
31376010500026 313760105000201 5890 
31376010500026 313760105000206 3649 
31376010500026 313760105000219 578 
31376010500026 31376010500022 1201 
31376010500026 313760105000221 1047 
31376010500026 313760105000225 1718 
31376010500026 313760105000226 1593 
31376010500026 313760105000229 1900 
31376010500026 313760105000231 5728 
31376010500026 313760105000235 3038 
31376010500026 313760105000239 3455 
31376010500026 313760105000257 4006 
31376010500026 313760105000259 1548 
31376010500026 313760105000264 4788 
31376010500026 313760105000273 7239 
31376010500026 31376010500028 4872 
31376010500026 313760114000002 10073 
31376010500026 313760114000007 9808 
31376010500026 313760114000008 9350 
31376010500026 313760114000009 8518 
31376010500026 31376011400001 11874 
31376010500026 313760115000003 5212 
31376010500026 313760115000005 5952 
31376010500026 313760115000006 8423 
31376010500026 313760115000007 7401 
31376010500026 313760115000011 7309 
31376010500026 313760115000015 3385 
31376010500026 31376011500002 4415 
313760105000261 313760105000013 5363 
313760105000261 313760105000026 3594 
313760105000261 313760105000048 8589 
313760105000261 31376010500005 7002 
313760105000261 313760105000076 4077 
313760105000261 313760105000082 4829 
313760105000261 313760105000098 4522 
313760105000261 313760105000102 6530 
313760105000261 313760105000122 2553 
313760105000261 313760105000125 3058 
313760105000261 313760105000132 1416 
313760105000261 313760105000135 512 
313760105000261 313760105000139 2100 
313760105000261 313760105000145 7608 
313760105000261 313760105000146 6973 
313760105000261 313760105000152 5264 
313760105000261 313760105000168 1882 
313760105000261 313760105000172 3825 
313760105000261 313760105000186 1957 
313760105000261 313760105000201 5938 
313760105000261 313760105000206 3633 
313760105000261 313760105000219 666 
313760105000261 31376010500022 1231 
313760105000261 313760105000221 1125 
313760105000261 313760105000225 1776 
313760105000261 313760105000226 1629 
313760105000261 313760105000229 1934 
313760105000261 313760105000231 5684 
313760105000261 313760105000235 3032 
313760105000261 313760105000239 3545 
313760105000261 313760105000257 4096 
313760105000261 313760105000259 1644 
313760105000261 313760105000264 4875 
313760105000261 313760105000273 7245 
313760105000261 31376010500028 4920 
313760105000261 313760114000002 10139 
313760105000261 313760114000007 9887 
313760105000261 313760114000008 9427 
313760105000261 313760114000009 8598 
313760105000261 31376011400001 11962 
313760105000261 313760115000003 5176 
313760105000261 313760115000005 5854 
313760105000261 313760115000006 8358 
313760105000261 313760115000007 7379 
313760105000261 313760115000011 7232 
313760105000261 313760115000015 3295 
313760105000261 31376011500002 4391 
313760105000262 313760105000013 5305 
313760105000262 313760105000026 3514 
313760105000262 313760105000048 8561 
313760105000262 31376010500005 6925 
313760105000262 313760105000076 4026 
313760105000262 313760105000082 4779 
313760105000262 313760105000098 4455 
313760105000262 313760105000102 6455 
313760105000262 313760105000122 2473 
313760105000262 313760105000125 2979 
313760105000262 313760105000132 1346 
313760105000262 313760105000135 573 
313760105000262 313760105000139 2177 
313760105000262 313760105000145 7558 
313760105000262 313760105000146 6980 
313760105000262 313760105000152 5344 
313760105000262 313760105000168 1817 
313760105000262 313760105000172 3784 
313760105000262 313760105000186 2035 
313760105000262 313760105000201 5865 
313760105000262 313760105000206 3555 
313760105000262 313760105000219 705 
313760105000262 31376010500022 1305 
313760105000262 313760105000221 1173 
313760105000262 313760105000225 1839 
313760105000262 313760105000226 1702 
313760105000262 313760105000229 2007 
313760105000262 313760105000231 5614 
313760105000262 313760105000235 2952 
313760105000262 313760105000239 3503 
313760105000262 313760105000257 4053 
313760105000262 313760105000259 1614 
313760105000262 313760105000264 4914 
313760105000262 313760105000273 7164 
313760105000262 31376010500028 4988 
313760105000262 313760114000002 10074 
313760105000262 313760114000007 9831 
313760105000262 313760114000008 9369 
313760105000262 313760114000009 8544 
313760105000262 31376011400001 11914 
313760105000262 313760115000003 5253 
313760105000262 313760115000005 5884 
313760105000262 313760115000006 8425 
313760105000262 313760115000007 7458 
313760105000262 313760115000011 7290 
313760105000262 313760115000015 3341 
313760105000262 31376011500002 4471 
313760105000263 313760105000013 5305 
313760105000263 313760105000026 3155 
313760105000263 313760105000048 8782 
313760105000263 31376010500005 6463 
313760105000263 313760105000076 4094 
313760105000263 313760105000082 4855 
313760105000263 313760105000098 4361 
313760105000263 313760105000102 6236 
313760105000263 313760105000122 2068 
313760105000263 313760105000125 2705 
313760105000263 313760105000132 1286 
313760105000263 313760105000135 843 
313760105000263 313760105000139 2503 
313760105000263 313760105000145 7616 
313760105000263 313760105000146 7385 
313760105000263 313760105000152 5736 
313760105000263 313760105000168 1805 
313760105000263 313760105000172 3281 
313760105000263 313760105000186 2389 
313760105000263 313760105000201 5685 
313760105000263 313760105000206 3114 
313760105000263 313760105000219 1222 
313760105000263 31376010500022 1807 
313760105000263 313760105000221 1697 
313760105000263 313760105000225 2365 
313760105000263 313760105000226 2210 
313760105000263 313760105000229 2511 
313760105000263 313760105000231 5103 
313760105000263 313760105000235 2549 
313760105000263 313760105000239 3644 
313760105000263 313760105000257 4189 
313760105000263 313760105000259 1875 
313760105000263 313760105000264 5420 
313760105000263 313760105000273 6785 
313760105000263 31376010500028 5505 
313760105000263 313760114000002 9991 
313760105000263 313760114000007 9836 
313760105000263 313760114000008 9361 
313760105000263 313760114000009 8568 
313760105000263 31376011400001 11992 
313760105000263 313760115000003 5547 
313760105000263 313760115000005 5719 
313760105000263 313760115000006 8558 
313760105000263 313760115000007 7800 
313760105000263 313760115000011 7341 
313760105000263 313760115000015 3314 
313760105000263 31376011500002 4818 
313760105000264 313760105000013 6249 
313760105000264 313760105000026 7280 
313760105000264 313760105000048 6526 
313760105000264 31376010500005 10958 
313760105000264 313760105000076 5101 
313760105000264 313760105000082 5377 
313760105000264 313760105000098 6403 
313760105000264 313760105000102 8719 
313760105000264 313760105000122 6693 
313760105000264 313760105000125 6497 
313760105000264 313760105000132 5105 
313760105000264 313760105000135 5023 
313760105000264 313760105000139 4822 
313760105000264 313760105000145 7324 
313760105000264 313760105000146 3176 
313760105000264 313760105000152 5247 
313760105000264 313760105000168 5002 
313760105000264 313760105000172 8698 
313760105000264 313760105000186 4657 
313760105000264 313760105000201 7967 
313760105000264 313760105000206 7742 
313760105000264 313760105000219 4210 
313760105000264 31376010500022 3982 
313760105000264 313760105000221 3760 
313760105000264 313760105000225 3291 
313760105000264 313760105000226 3663 
313760105000264 313760105000229 3521 
313760105000264 313760105000231 10133 
313760105000264 313760105000235 7058 
313760105000264 313760105000239 4445 
313760105000264 313760105000257 4621 
313760105000264 313760105000259 4087 
313760105000264 313760105000264 0 
313760105000264 313760105000273 10520 
313760105000264 31376010500028 2522 
313760105000264 313760114000002 10665 
313760105000264 313760114000007 9666 
313760105000264 313760114000008 9386 
313760105000264 313760114000009 8413 
313760105000264 31376011400001 10830 
313760105000264 313760115000003 6269 
313760105000264 313760115000005 9722 
313760105000264 313760115000006 10085 
313760105000264 313760115000007 7283 
313760105000264 313760115000011 9731 
313760105000264 313760115000015 7015 
313760105000264 31376011500002 5319 
313760105000265 313760105000013 2356 
313760105000265 313760105000026 1666 
313760105000265 313760105000048 6799 
313760105000265 31376010500005 3948 
313760105000265 313760105000076 2544 
313760105000265 313760105000082 2790 
313760105000265 313760105000098 1257 
313760105000265 313760105000102 1790 
313760105000265 313760105000122 2654 
313760105000265 313760105000125 1753 
313760105000265 313760105000132 3369 
313760105000265 313760105000135 5225 
313760105000265 313760105000139 6854 
313760105000265 313760105000145 4475 
313760105000265 313760105000146 7543 
313760105000265 313760105000152 9915 
313760105000265 313760105000168 3027 
313760105000265 313760105000172 5338 
313760105000265 313760105000186 6703 
313760105000265 313760105000201 1337 
313760105000265 313760105000206 2381 
313760105000265 313760105000219 4901 
313760105000265 31376010500022 5747 
313760105000265 313760105000221 5214 
313760105000265 313760105000225 5911 
313760105000265 313760105000226 6039 
313760105000265 313760105000229 6325 
313760105000265 313760105000231 4176 
313760105000265 313760105000235 2321 
313760105000265 313760105000239 3046 
313760105000265 313760105000257 3080 
313760105000265 313760105000259 3871 
313760105000265 313760105000264 7439 
313760105000265 313760105000273 3094 
313760105000265 31376010500028 8804 
313760105000265 313760114000002 5831 
313760105000265 313760114000007 6114 
313760105000265 313760114000008 5595 
313760105000265 313760114000009 5061 
313760105000265 31376011400001 8600 
313760105000265 313760115000003 9931 
313760105000265 313760115000005 9594 
313760105000265 313760115000006 12984 
313760105000265 313760115000007 12097 
313760105000265 313760115000011 11685 
313760105000265 313760115000015 7626 
313760105000265 31376011500002 9120 
313760105000266 313760105000013 7184 
313760105000266 313760105000026 5917 
313760105000266 313760105000048 9578 
313760105000266 31376010500005 9281 
313760105000266 313760105000076 5808 
313760105000266 313760105000082 6489 
313760105000266 313760105000098 6565 
313760105000266 313760105000102 8729 
313760105000266 313760105000122 4873 
313760105000266 313760105000125 5349 
313760105000266 313760105000132 3625 
313760105000266 313760105000135 1992 
313760105000266 313760105000139 681 
313760105000266 313760105000145 9201 
313760105000266 313760105000146 7074 
313760105000266 313760105000152 2945 
313760105000266 313760105000168 3982 
313760105000266 313760105000172 5463 
313760105000266 313760105000186 595 
313760105000266 313760105000201 8089 
313760105000266 313760105000206 5938 
313760105000266 313760105000219 2093 
313760105000266 31376010500022 1256 
313760105000266 313760105000221 1867 
313760105000266 313760105000225 1420 
313760105000266 313760105000226 1072 
313760105000266 313760105000229 917 
313760105000266 313760105000231 7833 
313760105000266 313760105000235 5354 
313760105000266 313760105000239 5136 
313760105000266 313760105000257 5646 
313760105000266 313760105000259 3309 
313760105000266 313760105000264 4196 
313760105000266 313760105000273 9569 
313760105000266 31376010500028 3114 
313760105000266 313760114000002 12054 
313760105000266 313760114000007 11582 
313760105000266 313760114000008 11164 
313760105000266 313760114000009 10264 
313760105000266 31376011400001 13407 
313760105000266 313760115000003 3046 
313760105000266 313760115000005 5526 
313760105000266 313760115000006 6631 
313760105000266 313760115000007 5107 
313760105000266 313760115000011 5860 
313760105000266 313760115000015 2840 
313760105000266 31376011500002 2148 
313760105000267 313760105000013 7358 
313760105000267 313760105000026 6125 
313760105000267 313760105000048 9684 
313760105000267 31376010500005 9487 
313760105000267 313760105000076 5980 
313760105000267 313760105000082 6655 
313760105000267 313760105000098 6755 
313760105000267 313760105000102 8928 
313760105000267 313760105000122 5081 
313760105000267 313760105000125 5555 
313760105000267 313760105000132 3829 
313760105000267 313760105000135 2198 
313760105000267 313760105000139 802 
313760105000267 313760105000145 9355 
313760105000267 313760105000146 7116 
313760105000267 313760105000152 2738 
313760105000267 313760105000168 4180 
313760105000267 313760105000172 5635 
313760105000267 313760105000186 758 
313760105000267 313760105000201 8284 
313760105000267 313760105000206 6145 
313760105000267 313760105000219 2292 
313760105000267 31376010500022 1451 
313760105000267 313760105000221 2050 
313760105000267 313760105000225 1559 
313760105000267 313760105000226 1239 
313760105000267 313760105000229 1050 
313760105000267 313760105000231 8031 
313760105000267 313760105000235 5562 
313760105000267 313760105000239 5302 
313760105000267 313760105000257 5807 
313760105000267 313760105000259 3493 
313760105000267 313760105000264 4189 
313760105000267 313760105000273 9777 
313760105000267 31376010500028 2984 
313760105000267 313760114000002 12230 
313760105000267 313760114000007 11741 
313760105000267 313760114000008 11327 
313760105000267 313760114000009 10423 
313760105000267 31376011400001 13545 
313760105000267 313760115000003 2873 
313760105000267 313760115000005 5548 
313760105000267 313760115000006 6498 
313760105000267 313760115000007 4908 
313760105000267 313760115000011 5771 
313760105000267 313760115000015 2892 
313760105000267 31376011500002 1958 
313760105000268 313760105000013 7047 
313760105000268 313760105000026 5783 
313760105000268 313760105000048 9469 
313760105000268 31376010500005 9159 
313760105000268 313760105000076 5672 
313760105000268 313760105000082 6356 
313760105000268 313760105000098 6425 
313760105000268 313760105000102 8589 
313760105000268 313760105000122 4743 
313760105000268 313760105000125 5212 
313760105000268 313760105000132 3487 
313760105000268 313760105000135 1872 
313760105000268 313760105000139 676 
313760105000268 313760105000145 9071 
313760105000268 313760105000146 7002 
313760105000268 313760105000152 3081 
313760105000268 313760105000168 3841 
313760105000268 313760105000172 5383 
313760105000268 313760105000186 551 
313760105000268 313760105000201 7949 
313760105000268 313760105000206 5811 
313760105000268 313760105000219 1953 
313760105000268 31376010500022 1116 
313760105000268 313760105000221 1728 
313760105000268 313760105000225 1301 
313760105000268 313760105000226 941 
313760105000268 313760105000229 806 
313760105000268 313760105000231 7723 
313760105000268 313760105000235 5224 
313760105000268 313760105000239 5002 
313760105000268 313760105000257 5514 
313760105000268 313760105000259 3170 
313760105000268 313760105000264 4157 
313760105000268 313760105000273 9436 
313760105000268 31376010500028 3164 
313760105000268 313760114000002 11917 
313760105000268 313760114000007 11450 
313760105000268 313760114000008 11031 
313760105000268 313760114000009 10133 
313760105000268 31376011400001 13283 
313760105000268 313760115000003 3183 
313760105000268 313760115000005 5565 
313760105000268 313760115000006 6754 
313760105000268 313760115000007 5247 
313760105000268 313760115000011 5963 
313760105000268 313760115000015 2862 
313760105000268 31376011500002 2288 
313760105000269 313760105000013 6954 
313760105000269 313760105000026 5710 
313760105000269 313760105000048 9381 
313760105000269 31376010500005 9099 
313760105000269 313760105000076 5579 
313760105000269 313760105000082 6262 
313760105000269 313760105000098 6335 
313760105000269 313760105000102 8503 
313760105000269 313760105000122 4675 
313760105000269 313760105000125 5133 
313760105000269 313760105000132 3405 
313760105000269 313760105000135 1815 
313760105000269 313760105000139 719 
313760105000269 313760105000145 8977 
313760105000269 313760105000146 6930 
313760105000269 313760105000152 3159 
313760105000269 313760105000168 3755 
313760105000269 313760105000172 5362 
313760105000269 313760105000186 573 
313760105000269 313760105000201 7861 
313760105000269 313760105000206 5746 
313760105000269 313760105000219 1867 
313760105000269 31376010500022 1027 
313760105000269 313760105000221 1636 
313760105000269 313760105000225 1210 
313760105000269 313760105000226 848 
313760105000269 313760105000229 719 
313760105000269 313760105000231 7675 
313760105000269 313760105000235 5154 
313760105000269 313760105000239 4909 
313760105000269 313760105000257 5421 
313760105000269 313760105000259 3078 
313760105000269 313760105000264 4104 
313760105000269 313760105000273 9362 
313760105000269 31376010500028 3169 
313760105000269 313760114000002 11824 
313760105000269 313760114000007 11357 
313760105000269 313760114000008 10937 
313760105000269 313760114000009 10039 
313760105000269 31376011400001 13191 
313760105000269 313760115000003 3276 
313760105000269 313760115000005 5622 
313760105000269 313760115000006 6846 
313760105000269 313760115000007 5332 
313760105000269 313760115000011 6049 
313760105000269 313760115000015 2911 
313760105000269 31376011500002 2377 
31376010500027 313760105000013 936 
31376010500027 313760105000026 4467 
31376010500027 313760105000048 3899 
31376010500027 31376010500005 6681 
31376010500027 313760105000076 2255 
31376010500027 313760105000082 1587 
31376010500027 313760105000098 2093 
31376010500027 313760105000102 2776 
31376010500027 313760105000122 5125 
31376010500027 313760105000125 4125 
31376010500027 313760105000132 4956 
31376010500027 313760105000135 6801 
31376010500027 313760105000139 8174 
31376010500027 313760105000145 1499 
31376010500027 313760105000146 5652 
31376010500027 313760105000152 10717 
31376010500027 313760105000168 4441 
31376010500027 313760105000172 8087 
31376010500027 313760105000186 7983 
31376010500027 313760105000201 2219 
31376010500027 313760105000206 5257 
31376010500027 313760105000219 6109 
31376010500027 31376010500022 6847 
31376010500027 313760105000221 6205 
31376010500027 313760105000225 6697 
31376010500027 313760105000226 6988 
31376010500027 313760105000229 7198 
31376010500027 313760105000231 7179 
31376010500027 313760105000235 4975 
31376010500027 313760105000239 2927 
31376010500027 313760105000257 2454 
31376010500027 313760105000259 4794 
31376010500027 313760105000264 6794 
31376010500027 313760105000273 5297 
31376010500027 31376010500028 8849 
31376010500027 313760114000002 4040 
31376010500027 313760114000007 3598 
31376010500027 313760114000008 3138 
31376010500027 313760114000009 2330 
31376010500027 31376011400001 5829 
31376010500027 313760115000003 11101 
31376010500027 313760115000005 11890 
31376010500027 313760115000006 14587 
31376010500027 313760115000007 12977 
31376010500027 313760115000011 13522 
31376010500027 313760115000015 9548 
31376010500027 31376011500002 10164 
313760105000271 313760105000013 897 
313760105000271 313760105000026 4530 
313760105000271 313760105000048 3688 
313760105000271 31376010500005 6895 
313760105000271 313760105000076 2094 
313760105000271 313760105000082 1380 
313760105000271 313760105000098 2130 
313760105000271 313760105000102 3053 
313760105000271 313760105000122 5127 
313760105000271 313760105000125 4137 
313760105000271 313760105000132 4857 
313760105000271 313760105000135 6673 
313760105000271 313760105000139 8008 
313760105000271 313760105000145 1495 
313760105000271 313760105000146 5332 
313760105000271 313760105000152 10494 
313760105000271 313760105000168 4337 
313760105000271 313760105000172 8108 
313760105000271 313760105000186 7814 
313760105000271 313760105000201 2461 
313760105000271 313760105000206 5326 
313760105000271 313760105000219 5952 
313760105000271 31376010500022 6671 
313760105000271 313760105000221 6027 
313760105000271 313760105000225 6495 
313760105000271 313760105000226 6798 
313760105000271 313760105000229 7000 
313760105000271 313760105000231 7320 
313760105000271 313760105000235 5006 
313760105000271 313760105000239 2733 
313760105000271 313760105000257 2235 
313760105000271 313760105000259 4633 
313760105000271 313760105000264 6497 
313760105000271 313760105000273 5555 
313760105000271 31376010500028 8580 
313760105000271 313760114000002 4281 
313760105000271 313760114000007 3734 
313760105000271 313760114000008 3297 
313760105000271 313760114000009 2435 
313760105000271 31376011400001 5872 
313760105000271 313760115000003 10907 
313760105000271 313760115000005 11820 
313760105000271 313760115000006 14426 
313760105000271 313760115000007 12753 
313760105000271 313760115000011 13388 
313760105000271 313760115000015 9438 
313760105000271 31376011500002 9962 
313760105000272 313760105000013 4796 
313760105000272 313760105000026 3523 
313760105000272 313760105000048 8914 
313760105000272 31376010500005 2015 
313760105000272 313760105000076 5378 
313760105000272 313760105000082 5469 
313760105000272 313760105000098 4036 
313760105000272 313760105000102 2298 
313760105000272 313760105000122 4606 
313760105000272 313760105000125 4135 
313760105000272 313760105000132 5880 
313760105000272 313760105000135 7510 
313760105000272 313760105000139 9173 
313760105000272 313760105000145 6193 
313760105000272 313760105000146 10290 
313760105000272 313760105000152 12382 
313760105000272 313760105000168 5670 
313760105000272 313760105000172 6155 
313760105000272 313760105000186 9054 
313760105000272 313760105000201 2850 
313760105000272 313760105000206 3669 
313760105000272 313760105000219 7424 
313760105000272 31376010500022 8256 
313760105000272 313760105000221 7807 
313760105000272 313760105000225 8541 
313760105000272 313760105000226 8597 
313760105000272 313760105000229 8899 
313760105000272 313760105000231 3572 
313760105000272 313760105000235 4128 
313760105000272 313760105000239 5922 
313760105000272 313760105000257 5912 
313760105000272 313760105000259 6592 
313760105000272 313760105000264 10315 
313760105000272 313760105000273 250 
313760105000272 31376010500028 11567 
313760105000272 313760114000002 5920 
313760105000272 313760114000007 6913 
313760105000272 313760114000008 6420 
313760105000272 313760114000009 6308 
313760105000272 31376011400001 9499 
313760105000272 313760115000003 12198 
313760105000272 313760115000005 10830 
313760105000272 313760115000006 14839 
313760105000272 313760115000007 14471 
313760105000272 313760115000011 13365 
313760105000272 313760115000015 9426 
313760105000272 31376011500002 11488 
313760105000273 313760105000013 5042 
313760105000273 313760105000026 3652 
313760105000273 313760105000048 9164 
313760105000273 31376010500005 1833 
313760105000273 313760105000076 5604 
313760105000273 313760105000082 5709 
313760105000273 313760105000098 4265 
313760105000273 313760105000102 2547 
313760105000273 313760105000122 4717 
313760105000273 313760105000125 4290 
313760105000273 313760105000132 6030 
313760105000273 313760105000135 7627 
313760105000273 313760105000139 9288 
313760105000273 313760105000145 6441 
313760105000273 313760105000146 10529 
313760105000273 313760105000152 12509 
313760105000273 313760105000168 5836 
313760105000273 313760105000172 6148 
313760105000273 313760105000186 9173 
313760105000273 313760105000201 3100 
313760105000273 313760105000206 3748 
313760105000273 313760105000219 7568 
313760105000273 31376010500022 8395 
313760105000273 313760105000221 7958 
313760105000273 313760105000225 8695 
313760105000273 313760105000226 8741 
313760105000273 313760105000229 9045 
313760105000273 313760105000231 3483 
313760105000273 313760105000235 4237 
313760105000273 313760105000239 6139 
313760105000273 313760105000257 6140 
313760105000273 313760105000259 6764 
313760105000273 313760105000264 10520 
313760105000273 313760105000273 0 
313760105000273 31376010500028 11738 
313760105000273 313760114000002 6111 
313760105000273 313760114000007 7133 
313760105000273 313760114000008 6643 
313760105000273 313760114000009 6546 
313760105000273 31376011400001 9716 
313760105000273 313760115000003 12300 
313760105000273 313760115000005 10832 
313760105000273 313760115000006 14892 
313760105000273 313760115000007 14582 
313760105000273 313760115000011 13402 
313760105000273 313760115000015 9485 
313760105000273 31376011500002 11603 
313760105000274 313760105000013 2770 
313760105000274 313760105000026 3804 
313760105000274 313760105000048 6450 
313760105000274 31376010500005 4439 
313760105000274 313760105000076 3833 
313760105000274 313760105000082 3608 
313760105000274 313760105000098 2631 
313760105000274 313760105000102 465 
313760105000274 313760105000122 4859 
313760105000274 313760105000125 3974 
313760105000274 313760105000132 5523 
313760105000274 313760105000135 7413 
313760105000274 313760105000139 9019 
313760105000274 313760105000145 3679 
313760105000274 313760105000146 8275 
313760105000274 313760105000152 11993 
313760105000274 313760105000168 5124 
313760105000274 313760105000172 7347 
313760105000274 313760105000186 8858 
313760105000274 313760105000201 1024 
313760105000274 313760105000206 4400 
313760105000274 313760105000219 7012 
313760105000274 31376010500022 7849 
313760105000274 313760105000221 7277 
313760105000274 313760105000225 7931 
313760105000274 313760105000226 8108 
313760105000274 313760105000229 8379 
313760105000274 313760105000231 5506 
313760105000274 313760105000235 4489 
313760105000274 313760105000239 4529 
313760105000274 313760105000257 4303 
313760105000274 313760105000259 5865 
313760105000274 313760105000264 8925 
313760105000274 313760105000273 2782 
313760105000274 31376010500028 10621 
313760105000274 313760114000002 3811 
313760105000274 313760114000007 4493 
313760105000274 313760114000008 3981 
313760105000274 313760114000009 3779 
313760105000274 31376011400001 7084 
313760105000274 313760115000003 12090 
313760105000274 313760115000005 11760 
313760105000274 313760115000006 15203 
313760105000274 313760115000007 14207 
313760105000274 313760115000011 13905 
313760105000274 313760115000015 9846 
313760105000274 31376011500002 11249 
313760105000275 313760105000013 2997 
313760105000275 313760105000026 3802 
313760105000275 313760105000048 6701 
313760105000275 31376010500005 4235 
313760105000275 313760105000076 4022 
313760105000275 313760105000082 3826 
313760105000275 313760105000098 2788 
313760105000275 313760105000102 480 
313760105000275 313760105000122 4877 
313760105000275 313760105000125 4020 
313760105000275 313760105000132 5609 
313760105000275 313760105000135 7487 
313760105000275 313760105000139 9105 
313760105000275 313760105000145 3926 
313760105000275 313760105000146 8514 
313760105000275 313760105000152 12108 
313760105000275 313760105000168 5226 
313760105000275 313760105000172 7291 
313760105000275 313760105000186 8948 
313760105000275 313760105000201 1173 
313760105000275 313760105000206 4364 
313760105000275 313760105000219 7114 
313760105000275 31376010500022 7955 
313760105000275 313760105000221 7391 
313760105000275 313760105000225 8056 
313760105000275 313760105000226 8222 
313760105000275 313760105000229 8497 
313760105000275 313760105000231 5363 
313760105000275 313760105000235 4491 
313760105000275 313760105000239 4709 
313760105000275 313760105000257 4502 
313760105000275 313760105000259 5990 
313760105000275 313760105000264 9121 
313760105000275 313760105000273 2549 
313760105000275 31376010500028 10783 
313760105000275 313760114000002 3917 
313760105000275 313760114000007 4674 
313760105000275 313760114000008 4166 
313760105000275 313760114000009 4000 
313760105000275 31376011400001 7267 
313760105000275 313760115000003 12179 
313760105000275 313760115000005 11746 
313760105000275 313760115000006 15251 
313760105000275 313760115000007 14314 
313760105000275 313760115000011 13935 
313760105000275 313760115000015 9879 
313760105000275 31376011500002 11349 
313760105000276 313760105000013 4213 
313760105000276 313760105000026 3800 
313760105000276 313760105000048 6942 
313760105000276 31376010500005 7478 
313760105000276 313760105000076 2833 
313760105000276 313760105000082 3515 
313760105000276 313760105000098 3704 
313760105000276 313760105000102 5990 
313760105000276 313760105000122 3108 
313760105000276 313760105000125 3049 
313760105000276 313760105000132 1514 
313760105000276 313760105000135 2125 
313760105000276 313760105000139 3142 
313760105000276 313760105000145 6249 
313760105000276 313760105000146 5296 
313760105000276 313760105000152 5720 
313760105000276 313760105000168 1484 
313760105000276 313760105000172 5295 
313760105000276 313760105000186 2942 
313760105000276 313760105000201 5295 
313760105000276 313760105000206 4178 
313760105000276 313760105000219 1203 
313760105000276 31376010500022 1788 
313760105000276 313760105000221 1142 
313760105000276 313760105000225 1642 
313760105000276 313760105000226 1907 
313760105000276 313760105000229 2129 
313760105000276 313760105000231 6545 
313760105000276 313760105000235 3495 
313760105000276 313760105000239 2161 
313760105000276 313760105000257 2681 
313760105000276 313760105000259 534 
313760105000276 313760105000264 3591 
313760105000276 313760105000273 7292 
313760105000276 31376010500028 4449 
313760105000276 313760114000002 9086 
313760105000276 313760114000007 8615 
313760105000276 313760114000008 8190 
313760105000276 313760114000009 7299 
313760105000276 31376011400001 10519 
313760105000276 313760115000003 6020 
313760105000276 313760115000005 7519 
313760105000276 313760115000006 9553 
313760105000276 313760115000007 7966 
313760105000276 313760115000011 8612 
313760105000276 313760115000015 4871 
313760105000276 31376011500002 5092 
313760105000277 313760105000013 4386 
313760105000277 313760105000026 4059 
313760105000277 313760105000048 6959 
313760105000277 31376010500005 7736 
313760105000277 313760105000076 3003 
313760105000277 313760105000082 3661 
313760105000277 313760105000098 3925 
313760105000277 313760105000102 6223 
313760105000277 313760105000122 3354 
313760105000277 313760105000125 3308 
313760105000277 313760105000132 1755 
313760105000277 313760105000135 2169 
313760105000277 313760105000139 3049 
313760105000277 313760105000145 6369 
313760105000277 313760105000146 5172 
313760105000277 313760105000152 5522 
313760105000277 313760105000168 1743 
313760105000277 313760105000172 5470 
313760105000277 313760105000186 2846 
313760105000277 313760105000201 5523 
313760105000277 313760105000206 4430 
313760105000277 313760105000219 1224 
313760105000277 31376010500022 1692 
313760105000277 313760105000221 1059 
313760105000277 313760105000225 1459 
313760105000277 313760105000226 1760 
313760105000277 313760105000229 1959 
313760105000277 313760105000231 6787 
313760105000277 313760105000235 3746 
313760105000277 313760105000239 2311 
313760105000277 313760105000257 2813 
313760105000277 313760105000259 793 
313760105000277 313760105000264 3357 
313760105000277 313760105000273 7550 
313760105000277 31376010500028 4194 
313760105000277 313760114000002 9257 
313760105000277 313760114000007 8748 
313760105000277 313760114000008 8332 
313760105000277 313760114000009 7431 
313760105000277 31376011400001 10610 
313760105000277 313760115000003 5865 
313760105000277 313760115000005 7538 
313760105000277 313760115000006 9440 
313760105000277 313760115000007 7774 
313760105000277 313760115000011 8538 
313760105000277 313760115000015 4863 
313760105000277 31376011500002 4925 
313760105000278 313760105000013 4299 
313760105000278 313760105000026 2301 
313760105000278 313760105000048 7972 
313760105000278 31376010500005 5844 
313760105000278 313760105000076 3149 
313760105000278 313760105000082 3907 
313760105000278 313760105000098 3323 
313760105000278 313760105000102 5222 
313760105000278 313760105000122 1359 
313760105000278 313760105000125 1731 
313760105000278 313760105000132 395 
313760105000278 313760105000135 1784 
313760105000278 313760105000139 3425 
313760105000278 313760105000145 6638 
313760105000278 313760105000146 6954 
313760105000278 313760105000152 6574 
313760105000278 313760105000168 870 
313760105000278 313760105000172 3591 
313760105000278 313760105000186 3284 
313760105000278 313760105000201 4655 
313760105000278 313760105000206 2467 
313760105000278 313760105000219 1630 
313760105000278 31376010500022 2444 
313760105000278 313760105000221 2061 
313760105000278 313760105000225 2808 
313760105000278 313760105000226 2801 
313760105000278 313760105000229 3108 
313760105000278 313760105000231 4743 
313760105000278 313760105000235 1810 
313760105000278 313760105000239 2792 
313760105000278 313760105000257 3316 
313760105000278 313760105000259 1397 
313760105000278 313760105000264 5421 
313760105000278 313760105000273 5952 
313760105000278 31376010500028 5962 
313760105000278 313760114000002 8952 
313760105000278 313760114000007 8822 
313760105000278 313760114000008 8342 
313760105000278 313760114000009 7566 
313760105000278 31376011400001 11019 
313760105000278 313760115000003 6500 
313760105000278 313760115000005 6669 
313760105000278 313760115000006 9594 
313760105000278 313760115000007 8704 
313760105000278 313760115000011 8381 
313760105000278 313760115000015 4345 
313760105000278 31376011500002 5717 
313760105000279 313760105000013 4219 
313760105000279 313760105000026 2082 
313760105000279 313760105000048 7984 
313760105000279 31376010500005 5623 
313760105000279 313760105000076 3117 
313760105000279 313760105000082 3869 
313760105000279 313760105000098 3203 
313760105000279 313760105000102 5045 
313760105000279 313760105000122 1140 
313760105000279 313760105000125 1532 
313760105000279 313760105000132 518 
313760105000279 313760105000135 1972 
313760105000279 313760105000139 3624 
313760105000279 313760105000145 6575 
313760105000279 313760105000146 7070 
313760105000279 313760105000152 6787 
313760105000279 313760105000168 897 
313760105000279 313760105000172 3500 
313760105000279 313760105000186 3486 
313760105000279 313760105000201 4493 
313760105000279 313760105000206 2248 
313760105000279 313760105000219 1853 
313760105000279 31376010500022 2664 
313760105000279 313760105000221 2283 
313760105000279 313760105000225 3031 
313760105000279 313760105000226 3023 
313760105000279 313760105000229 3330 
313760105000279 313760105000231 4541 
313760105000279 313760105000235 1588 
313760105000279 313760105000239 2808 
313760105000279 313760105000257 3318 
313760105000279 313760105000259 1554 
313760105000279 313760105000264 5608 
313760105000279 313760105000273 5734 
313760105000279 31376010500028 6182 
313760105000279 313760114000002 8823 
313760105000279 313760114000007 8730 
313760105000279 313760114000008 8246 
313760105000279 313760114000009 7485 
313760105000279 31376011400001 10956 
313760105000279 313760115000003 6695 
313760105000279 313760115000005 6736 
313760105000279 313760115000006 9751 
313760105000279 313760115000007 8910 
313760105000279 313760115000011 8515 
313760105000279 313760115000015 4468 
313760105000279 31376011500002 5922 
31376010500028 313760105000013 8157 
31376010500028 313760105000026 8184 
31376010500028 313760105000048 9034 
31376010500028 31376010500005 11805 
31376010500028 313760105000076 6845 
31376010500028 313760105000082 7309 
31376010500028 313760105000098 7995 
31376010500028 313760105000102 10337 
31376010500028 313760105000122 7320 
31376010500028 313760105000125 7468 
31376010500028 313760105000132 5779 
31376010500028 313760105000135 4804 
31376010500028 313760105000139 3784 
31376010500028 313760105000145 9595 
31376010500028 313760105000146 5654 
31376010500028 313760105000152 2856 
31376010500028 313760105000168 5906 
31376010500028 313760105000172 8506 
31376010500028 313760105000186 3708 
31376010500028 313760105000201 9610 
31376010500028 313760105000206 8429 
31376010500028 313760105000219 4371 
31376010500028 31376010500022 3706 
31376010500028 313760105000221 3909 
31376010500028 313760105000225 3171 
31376010500028 313760105000226 3300 
31376010500028 313760105000229 3008 
31376010500028 313760105000231 10600 
31376010500028 313760105000235 7769 
31376010500028 313760105000239 6123 
31376010500028 313760105000257 6463 
31376010500028 313760105000259 4974 
31376010500028 313760105000264 2522 
31376010500028 313760105000273 11738 
31376010500028 31376010500028 0 
31376010500028 313760114000002 12845 
31376010500028 313760114000007 11986 
31376010500028 313760114000008 11665 
31376010500028 313760114000009 10698 
31376010500028 31376011400001 13301 
31376010500028 313760115000003 4054 
31376010500028 313760115000005 8268 
31376010500028 313760115000006 7772 
31376010500028 313760115000007 4772 
31376010500028 313760115000011 7658 
31376010500028 313760115000015 5783 
31376010500028 31376011500002 3223 
313760105000281 313760105000013 6402 
313760105000281 313760105000026 6082 
313760105000281 313760105000048 8140 
313760105000281 31376010500005 9698 
313760105000281 313760105000076 5034 
313760105000281 313760105000082 5603 
313760105000281 313760105000098 6065 
313760105000281 313760105000102 8379 
313760105000281 313760105000122 5214 
313760105000281 313760105000125 5376 
313760105000281 313760105000132 3673 
313760105000281 313760105000135 2840 
313760105000281 313760105000139 2348 
313760105000281 313760105000145 8140 
313760105000281 313760105000146 5389 
313760105000281 313760105000152 3569 
313760105000281 313760105000168 3822 
313760105000281 313760105000172 6600 
313760105000281 313760105000186 2187 
313760105000281 313760105000201 7672 
313760105000281 313760105000206 6323 
313760105000281 313760105000219 2282 
313760105000281 31376010500022 1719 
313760105000281 313760105000221 1811 
313760105000281 313760105000225 1094 
313760105000281 313760105000226 1329 
313760105000281 313760105000229 1106 
313760105000281 313760105000231 8523 
313760105000281 313760105000235 5662 
313760105000281 313760105000239 4310 
313760105000281 313760105000257 4735 
313760105000281 313760105000259 2911 
313760105000281 313760105000264 2475 
313760105000281 313760105000273 9658 
313760105000281 31376010500028 2107 
313760105000281 313760114000002 11226 
313760105000281 313760114000007 10552 
313760105000281 313760114000008 10178 
313760105000281 313760114000009 9236 
313760105000281 31376011400001 12166 
313760105000281 313760115000003 4228 
313760105000281 313760115000005 7248 
313760105000281 313760115000006 8020 
313760105000281 313760115000007 5820 
313760105000281 313760115000011 7445 
313760105000281 313760115000015 4541 
313760105000281 31376011500002 3238 
313760105000282 313760105000013 6923 
313760105000282 313760105000026 5217 
313760105000282 313760105000048 9737 
313760105000282 31376010500005 8447 
313760105000282 313760105000076 5584 
313760105000282 313760105000082 6310 
313760105000282 313760105000098 6164 
313760105000282 313760105000102 8209 
313760105000282 313760105000122 4129 
313760105000282 313760105000125 4727 
313760105000282 313760105000132 3087 
313760105000282 313760105000135 1227 
313760105000282 313760105000139 442 
313760105000282 313760105000145 9076 
313760105000282 313760105000146 7552 
313760105000282 313760105000152 3704 
313760105000282 313760105000168 3522 
313760105000282 313760105000172 4500 
313760105000282 313760105000186 381 
313760105000282 313760105000201 7612 
313760105000282 313760105000206 5150 
313760105000282 313760105000219 1725 
313760105000282 31376010500022 1122 
313760105000282 313760105000221 1733 
313760105000282 313760105000225 1690 
313760105000282 313760105000226 1270 
313760105000282 313760105000229 1358 
313760105000282 313760105000231 6931 
313760105000282 313760105000235 4609 
313760105000282 313760105000239 4971 
313760105000282 313760105000257 5510 
313760105000282 313760105000259 3044 
313760105000282 313760105000264 4879 
313760105000282 313760105000273 8846 
313760105000282 31376010500028 4060 
313760105000282 313760114000002 11753 
313760105000282 313760114000007 11411 
313760105000282 313760114000008 10968 
313760105000282 313760114000009 10105 
313760105000282 31376011400001 13373 
313760105000282 313760115000003 3501 
313760105000282 313760115000005 4932 
313760105000282 313760115000006 6755 
313760105000282 313760115000007 5737 
313760105000282 313760115000011 5756 
313760105000282 313760115000015 2194 
313760105000282 31376011500002 2756 
313760105000283 313760105000013 6596 
313760105000283 313760105000026 4848 
313760105000283 313760105000048 9510 
313760105000283 31376010500005 8098 
313760105000283 313760105000076 5267 
313760105000283 313760105000082 6000 
313760105000283 313760105000098 5814 
313760105000283 313760105000102 7844 
313760105000283 313760105000122 3762 
313760105000283 313760105000125 4357 
313760105000283 313760105000132 2726 
313760105000283 313760105000135 857 
313760105000283 313760105000139 808 
313760105000283 313760105000145 8774 
313760105000283 313760105000146 7445 
313760105000283 313760105000152 4058 
313760105000283 313760105000168 3170 
313760105000283 313760105000172 4260 
313760105000283 313760105000186 708 
313760105000283 313760105000201 7250 
313760105000283 313760105000206 4789 
313760105000283 313760105000219 1419 
313760105000283 31376010500022 962 
313760105000283 313760105000221 1503 
313760105000283 313760105000225 1613 
313760105000283 313760105000226 1218 
313760105000283 313760105000229 1386 
313760105000283 313760105000231 6609 
313760105000283 313760105000235 4243 
313760105000283 313760105000239 4671 
313760105000283 313760105000257 5214 
313760105000283 313760105000259 2736 
313760105000283 313760105000264 4881 
313760105000283 313760105000273 8479 
313760105000283 31376010500028 4253 
313760105000283 313760114000002 11413 
313760105000283 313760114000007 11096 
313760105000283 313760114000008 10648 
313760105000283 313760114000009 9794 
313760105000283 31376011400001 13087 
313760105000283 313760115000003 3870 
313760105000283 313760115000005 5054 
313760105000283 313760115000006 7086 
313760105000283 313760115000007 6106 
313760105000283 313760115000011 6043 
313760105000283 313760115000015 2334 
313760105000283 31376011500002 3123 
313760105000284 313760105000013 3919 
313760105000284 313760105000026 4552 
313760105000284 313760105000048 7336 
313760105000284 31376010500005 4214 
313760105000284 313760105000076 4987 
313760105000284 313760105000082 4765 
313760105000284 313760105000098 3753 
313760105000284 313760105000102 1415 
313760105000284 313760105000122 5659 
313760105000284 313760105000125 4865 
313760105000284 313760105000132 6507 
313760105000284 313760105000135 8360 
313760105000284 313760105000139 9994 
313760105000284 313760105000145 4519 
313760105000284 313760105000146 9388 
313760105000284 313760105000152 13035 
313760105000284 313760105000168 6144 
313760105000284 313760105000172 7868 
313760105000284 313760105000186 9843 
313760105000284 313760105000201 2139 
313760105000284 313760105000206 5023 
313760105000284 313760105000219 8029 
313760105000284 31376010500022 8873 
313760105000284 313760105000221 8321 
313760105000284 313760105000225 8996 
313760105000284 313760105000226 9151 
313760105000284 313760105000229 9430 
313760105000284 313760105000231 5641 
313760105000284 313760105000235 5243 
313760105000284 313760105000239 5676 
313760105000284 313760105000257 5462 
313760105000284 313760105000259 6932 
313760105000284 313760105000264 10082 
313760105000284 313760105000273 2391 
313760105000284 31376010500028 11748 
313760105000284 313760114000002 3721 
313760105000284 313760114000007 4796 
313760105000284 313760114000008 4326 
313760105000284 313760114000009 4374 
313760105000284 31376011400001 7359 
313760105000284 313760115000003 13071 
313760105000284 313760115000005 12422 
313760105000284 313760115000006 16069 
313760105000284 313760115000007 15229 
313760105000284 313760115000011 14713 
313760105000284 313760115000015 10670 
313760105000284 31376011500002 12256 
313760105000285 313760105000013 3863 
313760105000285 313760105000026 1858 
313760105000285 313760105000048 8263 
313760105000285 31376010500005 2386 
313760105000285 313760105000076 4083 
313760105000285 313760105000082 4352 
313760105000285 313760105000098 2820 
313760105000285 313760105000102 2178 
313760105000285 313760105000122 2954 
313760105000285 313760105000125 2481 
313760105000285 313760105000132 4221 
313760105000285 313760105000135 5849 
313760105000285 313760105000139 7513 
313760105000285 313760105000145 5770 
313760105000285 313760105000146 9096 
313760105000285 313760105000152 10716 
313760105000285 313760105000168 4034 
313760105000285 313760105000172 4866 
313760105000285 313760105000186 7392 
313760105000285 313760105000201 2275 
313760105000285 313760105000206 2097 
313760105000285 313760105000219 5760 
313760105000285 31376010500022 6590 
313760105000285 313760105000221 6149 
313760105000285 313760105000225 6886 
313760105000285 313760105000226 6934 
313760105000285 313760105000229 7237 
313760105000285 313760105000231 2919 
313760105000285 313760105000235 2482 
313760105000285 313760105000239 4521 
313760105000285 313760105000257 4614 
313760105000285 313760105000259 4969 
313760105000285 313760105000264 8807 
313760105000285 313760105000273 1809 
313760105000285 31376010500028 9940 
313760105000285 313760114000002 6424 
313760105000285 313760114000007 7053 
313760105000285 313760114000008 6533 
313760105000285 313760114000009 6174 
313760105000285 31376011400001 9624 
313760105000285 313760115000003 10549 
313760105000285 313760115000005 9450 
313760105000285 313760115000006 13281 
313760105000285 313760115000007 12811 
313760105000285 313760115000011 11851 
313760105000285 313760115000015 7859 
313760105000285 31376011500002 9827 
313760114000002 313760105000013 4872 
313760114000002 313760105000026 7494 
313760114000002 313760105000048 5604 
313760114000002 31376010500005 7935 
313760114000002 313760105000076 6254 
313760114000002 313760105000082 5626 
313760114000002 313760105000098 5630 
313760114000002 313760105000102 4269 
313760114000002 313760105000122 8457 
313760114000002 313760105000125 7485 
313760114000002 313760105000132 8741 
313760114000002 313760105000135 10648 
313760114000002 313760105000139 12119 
313760114000002 313760105000145 3387 
313760114000002 313760105000146 8858 
313760114000002 313760105000152 14754 
313760114000002 313760105000168 8257 
313760114000002 313760105000172 11123 
313760114000002 313760105000186 11935 
313760114000002 313760105000201 4495 
313760114000002 313760105000206 8158 
313760114000002 313760105000219 10046 
313760114000002 31376010500022 10821 
313760114000002 313760105000221 10189 
313760114000002 313760105000225 10716 
313760114000002 313760105000226 10990 
313760114000002 313760105000229 11213 
313760114000002 313760105000231 9264 
313760114000002 313760105000235 8151 
313760114000002 313760105000239 6953 
313760114000002 313760105000257 6494 
313760114000002 313760105000259 8754 
313760114000002 313760105000264 10665 
313760114000002 313760105000273 6111 
313760114000002 31376010500028 12845 
313760114000002 313760114000002 0 
313760114000002 313760114000007 1675 
313760114000002 313760114000008 1542 
313760114000002 313760114000009 2395 
313760114000002 31376011400001 3845 
313760114000002 313760115000003 15100 
313760114000002 313760115000005 15409 
313760114000002 313760115000006 18496 
313760114000002 313760115000007 17013 
313760114000002 313760115000011 17332 
313760114000002 313760115000015 13291 
313760114000002 31376011500002 14178 
313760114000007 313760105000013 4531 
313760114000007 313760105000026 7755 
313760114000007 313760105000048 4053 
313760114000007 31376010500005 8895 
313760114000007 313760105000076 5828 
313760114000007 313760105000082 5105 
313760114000007 313760105000098 5567 
313760114000007 313760105000102 4894 
313760114000007 313760105000122 8579 
313760114000007 313760105000125 7574 
313760114000007 313760105000132 8551 
313760114000007 313760105000135 10398 
313760114000007 313760105000139 11739 
313760114000007 313760105000145 2412 
313760114000007 313760105000146 7531 
313760114000007 313760105000152 14121 
313760114000007 313760105000168 8038 
313760114000007 313760105000172 11440 
313760114000007 313760105000186 11545 
313760114000007 313760105000201 4862 
313760114000007 313760105000206 8496 
313760114000007 313760105000219 9686 
313760114000007 31376010500022 10398 
313760114000007 313760105000221 9752 
313760114000007 313760105000225 10190 
313760114000007 313760105000226 10509 
313760114000007 313760105000229 10698 
313760114000007 313760105000231 9970 
313760114000007 313760105000235 8353 
313760114000007 313760105000239 6455 
313760114000007 313760105000257 5936 
313760114000007 313760105000259 8367 
313760114000007 313760105000264 9666 
313760114000007 313760105000273 7133 
313760114000007 31376010500028 11986 
313760114000007 313760114000002 1675 
313760114000007 313760114000007 0 
313760114000007 313760114000008 522 
313760114000007 313760114000009 1320 
313760114000007 31376011400001 2592 
313760114000007 313760115000003 14606 
313760114000007 313760115000005 15451 
313760114000007 313760115000006 18158 
313760114000007 313760115000007 16373 
313760114000007 313760115000011 17118 
313760114000007 313760115000015 13145 
313760114000007 31376011500002 13649 
313760114000008 313760105000013 4064 
313760114000008 313760105000026 7238 
313760114000008 313760105000048 4062 
313760114000008 31376010500005 8394 
313760114000008 313760105000076 5385 
313760114000008 313760105000082 4676 
313760114000008 313760105000098 5070 
313760114000008 313760105000102 4377 
313760114000008 313760105000122 8073 
313760114000008 313760105000125 7069 
313760114000008 313760105000132 8079 
313760114000008 313760105000135 9939 
313760114000008 313760105000139 11304 
313760114000008 313760105000145 2070 
313760114000008 313760105000146 7388 
313760114000008 313760105000152 13742 
313760114000008 313760105000168 7569 
313760114000008 313760105000172 10924 
313760114000008 313760105000186 11111 
313760114000008 313760105000201 4340 
313760114000008 313760105000206 7977 
313760114000008 313760105000219 9244 
313760114000008 31376010500022 9968 
313760114000008 313760105000221 9324 
313760114000008 313760105000225 9781 
313760114000008 313760105000226 10091 
313760114000008 313760105000229 10287 
313760114000008 313760105000231 9451 
313760114000008 313760105000235 7841 
313760114000008 313760105000239 6029 
313760114000008 313760105000257 5519 
313760114000008 313760105000259 7926 
313760114000008 313760105000264 9386 
313760114000008 313760105000273 6643 
313760114000008 31376010500028 11665 
313760114000008 313760114000002 1542 
313760114000008 313760114000007 522 
313760114000008 313760114000008 0 
313760114000008 313760114000009 973 
313760114000008 31376011400001 3102 
313760114000008 313760115000003 14196 
313760114000008 313760115000005 14959 
313760114000008 313760115000006 17721 
313760114000008 313760115000007 15998 
313760114000008 313760115000011 16659 
313760114000008 313760115000015 12673 
313760114000008 31376011500002 13246 
313760114000009 313760105000013 3266 
313760114000009 313760105000026 6654 
313760114000009 313760105000048 3319 
313760114000009 31376010500005 8211 
313760114000009 313760105000076 4528 
313760114000009 313760105000082 3796 
313760114000009 313760105000098 4371 
313760114000009 313760105000102 4107 
313760114000009 313760105000122 7408 
313760114000009 313760105000125 6402 
313760114000009 313760105000132 7282 
313760114000009 313760105000135 9109 
313760114000009 313760105000139 10428 
313760114000009 313760105000145 1103 
313760114000009 313760105000146 6464 
313760114000009 313760105000152 12803 
313760114000009 313760105000168 6765 
313760114000009 313760105000172 10326 
313760114000009 313760105000186 10233 
313760114000009 313760105000201 3909 
313760114000009 313760105000206 7421 
313760114000009 313760105000219 8381 
313760114000009 31376010500022 9084 
313760114000009 313760105000221 8438 
313760114000009 313760105000225 8870 
313760114000009 313760105000226 9191 
313760114000009 313760105000229 9379 
313760114000009 313760105000231 9084 
313760114000009 313760105000235 7217 
313760114000009 313760105000239 5142 
313760114000009 313760105000257 4619 
313760114000009 313760105000259 7061 
313760114000009 313760105000264 8413 
313760114000009 313760105000273 6546 
313760114000009 31376010500028 10698 
313760114000009 313760114000002 2395 
313760114000009 313760114000007 1320 
313760114000009 313760114000008 973 
313760114000009 313760114000009 0 
313760114000009 31376011400001 3549 
313760114000009 313760115000003 13286 
313760114000009 313760115000005 14219 
313760114000009 313760115000006 16847 
313760114000009 313760115000007 15057 
313760114000009 313760115000011 15824 
313760114000009 313760115000015 11870 
313760114000009 31376011500002 12329 
31376011400001 313760105000013 6751 
31376011400001 313760105000026 10203 
31376011400001 313760105000048 4381 
31376011400001 31376010500005 11486 
31376011400001 313760105000076 7899 
31376011400001 313760105000082 7140 
31376011400001 313760105000098 7906 
31376011400001 313760105000102 7477 
31376011400001 313760105000122 10946 
31376011400001 313760105000125 9941 
31376011400001 313760105000132 10710 
31376011400001 313760105000135 12465 
31376011400001 313760105000139 13657 
31376011400001 313760105000145 4381 
31376011400001 313760105000146 8141 
31376011400001 313760105000152 15706 
31376011400001 313760105000168 10188 
31376011400001 313760105000172 13875 
31376011400001 313760105000186 13455 
31376011400001 313760105000201 7399 
31376011400001 313760105000206 10968 
31376011400001 313760105000219 11668 
31376011400001 31376010500022 12299 
31376011400001 313760105000221 11657 
31376011400001 313760105000225 11988 
31376011400001 313760105000226 12348 
31376011400001 313760105000229 12495 
31376011400001 313760105000231 12543 
31376011400001 313760105000235 10765 
31376011400001 313760105000239 8425 
31376011400001 313760105000257 7877 
31376011400001 313760105000259 10361 
31376011400001 313760105000264 10830 
31376011400001 313760105000273 9716 
31376011400001 31376010500028 13301 
31376011400001 313760114000002 3845 
31376011400001 313760114000007 2592 
31376011400001 313760114000008 3102 
31376011400001 313760114000009 3549 
31376011400001 31376011400001 0 
31376011400001 313760115000003 16353 
31376011400001 313760115000005 17689 
31376011400001 313760115000006 20037 
31376011400001 313760115000007 17916 
31376011400001 313760115000011 19128 
31376011400001 313760115000015 15256 
31376011400001 31376011500002 15371 
313760115000001 313760105000013 12137 
313760115000001 313760105000026 9375 
313760115000001 313760105000048 15327 
313760115000001 31376010500005 11259 
313760115000001 313760105000076 10908 
313760115000001 313760105000082 11665 
313760115000001 313760105000098 11144 
313760115000001 313760105000102 12719 
313760115000001 313760105000122 8319 
313760115000001 313760105000125 9260 
313760115000001 313760105000132 8118 
313760115000001 313760105000135 6348 
313760115000001 313760105000139 5448 
313760115000001 313760105000145 14439 
313760115000001 313760105000146 13027 
313760115000001 313760105000152 5785 
313760115000001 313760105000168 8636 
313760115000001 313760105000172 6298 
313760115000001 313760105000186 5648 
313760115000001 313760105000201 12297 
313760115000001 313760105000206 8879 
313760115000001 313760105000219 7200 
313760115000001 31376010500022 6724 
313760115000001 313760105000221 7317 
313760115000001 313760105000225 7241 
313760115000001 313760105000226 6822 
313760115000001 313760105000229 6805 
313760115000001 313760105000231 9297 
313760115000001 313760105000235 8686 
313760115000001 313760105000239 10390 
313760115000001 313760105000257 10941 
313760115000001 313760105000259 8469 
313760115000001 313760105000264 10068 
313760115000001 313760105000273 12410 
313760115000001 31376010500028 8259 
313760115000001 313760114000002 16737 
313760115000001 313760114000007 16665 
313760115000001 313760114000008 16186 
313760115000001 313760114000009 15400 
313760115000001 31376011400001 18804 
313760115000001 313760115000003 4428 
313760115000001 313760115000005 1681 
313760115000001 313760115000006 3228 
313760115000001 313760115000007 5795 
313760115000001 313760115000011 1535 
313760115000001 313760115000015 3550 
313760115000001 31376011500002 5058 
313760115000002 313760105000013 13100 
313760115000002 313760105000026 10355 
313760115000002 313760105000048 16226 
313760115000002 31376010500005 12189 
313760115000002 313760105000076 11860 
313760115000002 313760105000082 12615 
313760115000002 313760105000098 12117 
313760115000002 313760105000102 13699 
313760115000002 313760105000122 9299 
313760115000002 313760105000125 10239 
313760115000002 313760105000132 9079 
313760115000002 313760105000135 7288 
313760115000002 313760105000139 6304 
313760115000002 313760105000145 15392 
313760115000002 313760105000146 13828 
313760115000002 313760105000152 6260 
313760115000002 313760105000168 9596 
313760115000002 313760105000172 7243 
313760115000002 313760105000186 6507 
313760115000002 313760105000201 13277 
313760115000002 313760105000206 9856 
313760115000002 313760105000219 8121 
313760115000002 31376010500022 7609 
313760115000002 313760105000221 8216 
313760115000002 313760105000225 8097 
313760115000002 313760105000226 7683 
313760115000002 313760105000229 7645 
313760115000002 313760105000231 10220 
313760115000002 313760105000235 9666 
313760115000002 313760105000239 11331 
313760115000002 313760105000257 11881 
313760115000002 313760105000259 9403 
313760115000002 313760105000264 10814 
313760115000002 313760105000273 13369 
313760115000002 31376010500028 8880 
313760115000002 313760114000002 17715 
313760115000002 313760114000007 17630 
313760115000002 313760114000008 17153 
313760115000002 313760114000009 16361 
313760115000002 31376011400001 19751 
313760115000002 313760115000003 4910 
313760115000002 313760115000005 2571 
313760115000002 313760115000006 2811 
313760115000002 313760115000007 5916 
313760115000002 313760115000011 1426 
313760115000002 313760115000015 4496 
313760115000002 31376011500002 5657 
313760115000003 313760105000013 10230 
313760115000003 313760105000026 8699 
313760115000003 313760105000048 12368 
313760115000003 31376010500005 11748 
313760115000003 313760105000076 8853 
313760115000003 313760105000082 9527 
313760115000003 313760105000098 9591 
313760115000003 313760105000102 11699 
313760115000003 313760105000122 7595 
313760115000003 313760105000125 8228 
313760115000003 313760105000132 6570 
313760115000003 313760105000135 4724 
313760115000003 313760105000139 3076 
313760115000003 313760105000145 12212 
313760115000003 313760105000146 9426 
313760115000003 313760105000152 1358 
313760115000003 313760105000168 6974 
313760115000003 313760105000172 7220 
313760115000003 313760105000186 3232 
313760115000003 313760105000201 11085 
313760115000003 313760105000206 8565 
313760115000003 313760105000219 5097 
313760115000003 31376010500022 4287 
313760115000003 313760105000221 4912 
313760115000003 313760105000225 4416 
313760115000003 313760105000226 4112 
313760115000003 313760105000229 3908 
313760115000003 313760105000231 10059 
313760115000003 313760105000235 8070 
313760115000003 313760105000239 8175 
313760115000003 313760105000257 8676 
313760115000003 313760105000259 6352 
313760115000003 313760105000264 6269 
313760115000003 313760105000273 12300 
313760115000003 31376010500028 4054 
313760115000003 313760114000002 15100 
313760115000003 313760114000007 14606 
313760115000003 313760114000008 14196 
313760115000003 313760114000009 13286 
313760115000003 31376011400001 16353 
313760115000003 313760115000003 0 
313760115000003 313760115000005 4926 
313760115000003 313760115000006 3825 
313760115000003 313760115000007 2349 
313760115000003 313760115000011 3620 
313760115000003 313760115000015 3386 
313760115000003 31376011500002 990 
313760115000005 313760105000013 10956 
313760115000005 313760105000026 7957 
313760115000005 313760105000048 14442 
313760115000005 31376010500005 9620 
313760115000005 313760105000076 9806 
313760115000005 313760105000082 10566 
313760115000005 313760105000098 9889 
313760115000005 313760105000102 11300 
313760115000005 313760105000122 6952 
313760115000005 313760105000125 7930 
313760115000005 313760105000132 6986 
313760115000005 313760105000135 5397 
313760115000005 313760105000139 4909 
313760115000005 313760105000145 13308 
313760115000005 313760105000146 12484 
313760115000005 313760105000152 6199 
313760115000005 313760105000168 7509 
313760115000005 313760105000172 4689 
313760115000005 313760105000186 5087 
313760115000005 313760105000201 10929 
313760115000005 313760105000206 7400 
313760115000005 313760105000219 6320 
313760115000005 31376010500022 6013 
313760115000005 313760105000221 6534 
313760115000005 313760105000225 6622 
313760115000005 313760105000226 6202 
313760115000005 313760105000229 6260 
313760115000005 313760105000231 7649 
313760115000005 313760105000235 7278 
313760115000005 313760105000239 9358 
313760115000005 313760105000257 9906 
313760115000005 313760105000259 7498 
313760115000005 313760105000264 9722 
313760115000005 313760105000273 10832 
313760115000005 31376010500028 8268 
313760115000005 313760114000002 15409 
313760115000005 313760114000007 15451 
313760115000005 313760114000008 14959 
313760115000005 313760114000009 14219 
313760115000005 31376011400001 17689 
313760115000005 313760115000003 4926 
313760115000005 313760115000005 0 
313760115000005 313760115000006 4800 
313760115000005 313760115000007 6767 
313760115000005 313760115000011 3079 
313760115000005 313760115000015 2737 
313760115000005 31376011500002 5269 
313760115000006 313760105000013 13679 
313760115000006 313760105000026 11530 
313760115000006 313760105000048 16149 
313760115000006 31376010500005 13962 
313760115000006 313760105000076 12336 
313760115000006 313760105000082 13053 
313760115000006 313760105000098 12879 
313760115000006 313760105000102 14774 
313760115000006 313760105000122 10413 
313760115000006 313760105000125 11231 
313760115000006 313760105000132 9767 
313760115000006 313760105000135 7852 
313760115000006 313760105000139 6418 
313760115000006 313760105000145 15802 
313760115000006 313760105000146 13248 
313760115000006 313760105000152 4917 
313760115000006 313760105000168 10240 
313760115000006 313760105000172 9015 
313760115000006 313760105000186 6614 
313760115000006 313760105000201 14244 
313760115000006 313760105000206 11189 
313760115000006 313760105000219 8478 
313760115000006 31376010500022 7765 
313760115000006 313760105000221 8411 
313760115000006 313760105000225 8050 
313760115000006 313760105000226 7690 
313760115000006 313760105000229 7544 
313760115000006 313760105000231 12060 
313760115000006 313760105000235 10846 
313760115000006 313760105000239 11705 
313760115000006 313760105000257 12234 
313760115000006 313760105000259 9794 
313760115000006 313760105000264 10085 
313760115000006 313760105000273 14892 
313760115000006 31376010500028 7772 
313760115000006 313760114000002 18496 
313760115000006 313760114000007 18158 
313760115000006 313760114000008 17721 
313760115000006 313760114000009 16847 
313760115000006 31376011400001 20037 
313760115000006 313760115000003 3825 
313760115000006 313760115000005 4800 
313760115000006 313760115000006 0 
313760115000006 313760115000007 3688 
313760115000006 313760115000011 1722 
313760115000006 313760115000015 5421 
313760115000006 31376011500002 4804 
313760115000007 313760105000013 12154 
313760115000007 313760105000026 10954 
313760115000007 313760105000048 13738 
313760115000007 31376010500005 14085 
313760115000007 313760105000076 10771 
313760115000007 313760105000082 11390 
313760115000007 313760105000098 11642 
313760115000007 313760105000102 13836 
313760115000007 313760105000122 9866 
313760115000007 313760105000125 10435 
313760115000007 313760105000132 8729 
313760115000007 313760105000135 6962 
313760115000007 313760105000139 5298 
313760115000007 313760105000145 13961 
313760115000007 313760105000146 10425 
313760115000007 313760105000152 2259 
313760115000007 313760105000168 9088 
313760115000007 313760105000172 9560 
313760115000007 313760105000186 5424 
313760115000007 313760105000201 13188 
313760115000007 313760105000206 10866 
313760115000007 313760105000219 7200 
313760115000007 31376010500022 6358 
313760115000007 313760105000221 6935 
313760115000007 313760105000225 6324 
313760115000007 313760105000226 6104 
313760115000007 313760105000229 5847 
313760115000007 313760105000231 12409 
313760115000007 313760105000235 10345 
313760115000007 313760105000239 10062 
313760115000007 313760105000257 10523 
313760115000007 313760105000259 8367 
313760115000007 313760105000264 7283 
313760115000007 313760105000273 14582 
313760115000007 31376010500028 4772 
313760115000007 313760114000002 17013 
313760115000007 313760114000007 16373 
313760115000007 313760114000008 15998 
313760115000007 313760114000009 15057 
313760115000007 31376011400001 17916 
313760115000007 313760115000003 2349 
313760115000007 313760115000005 6767 
313760115000007 313760115000006 3688 
313760115000007 313760115000007 0 
313760115000007 313760115000011 4490 
313760115000007 313760115000015 5694 
313760115000007 31376011500002 2987 
313760115000008 313760105000013 12057 
313760115000008 313760105000026 9490 
313760115000008 313760105000048 15055 
313760115000008 31376010500005 11612 
313760115000008 313760105000076 10785 
313760115000008 313760105000082 11534 
313760115000008 313760105000098 11121 
313760115000008 313760105000102 12814 
313760115000008 313760105000122 8403 
313760115000008 313760105000125 9306 
313760115000008 313760105000132 8042 
313760115000008 313760105000135 6199 
313760115000008 313760105000139 5113 
313760115000008 313760105000145 14314 
313760115000008 313760105000146 12596 
313760115000008 313760105000152 5068 
313760115000008 313760105000168 8550 
313760115000008 313760105000172 6638 
313760115000008 313760105000186 5317 
313760115000008 313760105000201 12352 
313760115000008 313760105000206 9052 
313760115000008 313760105000219 6993 
313760115000008 31376010500022 6439 
313760115000008 313760105000221 7058 
313760115000008 313760105000225 6900 
313760115000008 313760105000226 6490 
313760115000008 313760105000229 6438 
313760115000008 313760105000231 9674 
313760115000008 313760105000235 8798 
313760115000008 313760105000239 10229 
313760115000008 313760105000257 10778 
313760115000008 313760105000259 8294 
313760115000008 313760105000264 9571 
313760115000008 313760105000273 12668 
313760115000008 31376010500028 7643 
313760115000008 313760114000002 16743 
313760115000008 313760114000007 16587 
313760115000008 313760114000008 16120 
313760115000008 313760114000009 15305 
313760115000008 31376011400001 18655 
313760115000008 313760115000003 3711 
313760115000008 313760115000005 2266 
313760115000008 313760115000006 2535 
313760115000008 313760115000007 4965 
313760115000008 313760115000011 816 
313760115000008 313760115000015 3453 
313760115000008 31376011500002 4421 
313760115000009 313760105000013 11220 
313760115000009 313760105000026 8615 
313760115000009 313760105000048 14308 
313760115000009 31376010500005 10764 
313760115000009 313760105000076 9962 
313760115000009 313760105000082 10715 
313760115000009 313760105000098 10267 
313760115000009 313760105000102 11941 
313760115000009 313760105000122 7530 
313760115000009 313760105000125 8438 
313760115000009 313760105000132 7200 
313760115000009 313760105000135 5381 
313760115000009 313760105000139 4399 
313760115000009 313760105000145 13494 
313760115000009 313760105000146 11964 
313760115000009 313760105000152 4836 
313760115000009 313760105000168 7712 
313760115000009 313760105000172 5793 
313760115000009 313760105000186 4600 
313760115000009 313760105000201 11483 
313760115000009 313760105000206 8176 
313760115000009 313760105000219 6204 
313760115000009 31376010500022 5693 
313760115000009 313760105000221 6297 
313760115000009 313760105000225 6193 
313760115000009 313760105000226 5776 
313760115000009 313760105000229 5750 
313760115000009 313760105000231 8835 
313760115000009 313760105000235 7923 
313760115000009 313760105000239 9422 
313760115000009 313760105000257 9972 
313760115000009 313760105000259 7491 
313760115000009 313760105000264 9003 
313760115000009 313760105000273 11799 
313760115000009 31376010500028 7224 
313760115000009 313760114000002 15885 
313760115000009 313760114000007 15751 
313760115000009 313760114000008 15280 
313760115000009 313760114000009 14474 
313760115000009 31376011400001 17846 
313760115000009 313760115000003 3495 
313760115000009 313760115000005 1685 
313760115000009 313760115000006 3269 
313760115000009 313760115000007 5128 
313760115000009 313760115000011 1620 
313760115000009 313760115000015 2606 
313760115000009 31376011500002 4045 
31376011500001 313760105000013 12981 
31376011500001 313760105000026 10395 
31376011500001 313760105000048 15947 
31376011500001 31376010500005 12429 
31376011500001 313760105000076 11707 
31376011500001 313760105000082 12456 
31376011500001 313760105000098 12045 
31376011500001 313760105000102 13724 
31376011500001 313760105000122 9313 
31376011500001 313760105000125 10223 
31376011500001 313760105000132 8966 
31376011500001 313760105000135 7121 
31376011500001 313760105000139 6002 
31376011500001 313760105000145 15236 
31376011500001 313760105000146 13423 
31376011500001 313760105000152 5651 
31376011500001 313760105000168 9475 
31376011500001 313760105000172 7458 
31376011500001 313760105000186 6206 
31376011500001 313760105000201 13268 
31376011500001 313760105000206 9942 
31376011500001 313760105000219 7908 
31376011500001 31376010500022 7337 
31376011500001 313760105000221 7961 
31376011500001 313760105000225 7781 
31376011500001 313760105000226 7375 
31376011500001 313760105000229 7310 
31376011500001 313760105000231 10476 
31376011500001 313760105000235 9703 
31376011500001 313760105000239 11148 
31376011500001 313760105000257 11695 
31376011500001 313760105000259 9211 
31376011500001 313760105000264 10363 
31376011500001 313760105000273 13531 
31376011500001 31376010500028 8339 
31376011500001 313760114000002 17666 
31376011500001 313760114000007 17511 
31376011500001 313760114000008 17044 
31376011500001 313760114000009 16228 
31376011500001 31376011400001 19573 
31376011500001 313760115000003 4319 
31376011500001 313760115000005 2901 
31376011500001 313760115000006 2114 
31376011500001 313760115000007 5193 
31376011500001 313760115000011 724 
31376011500001 313760115000015 4377 
31376011500001 31376011500002 5124 
313760115000011 313760105000013 12595 
313760115000011 313760105000026 10160 
313760115000011 313760105000048 15428 
313760115000011 31376010500005 12384 
313760115000011 313760105000076 11296 
313760115000011 313760105000082 12037 
313760115000011 313760105000098 11702 
313760115000011 313760105000102 13464 
313760115000011 313760105000122 9060 
313760115000011 313760105000125 9937 
313760115000011 313760105000132 8600 
313760115000011 313760105000135 6720 
313760115000011 313760105000139 5496 
313760115000011 313760105000145 14814 
313760115000011 313760105000146 12817 
313760115000011 313760105000152 4942 
313760115000011 313760105000168 9099 
313760115000011 313760105000172 7414 
313760115000011 313760105000186 5700 
313760115000011 313760105000201 12979 
313760115000011 313760105000206 9754 
313760115000011 313760105000219 7462 
313760115000011 31376010500022 6847 
313760115000011 313760105000221 7481 
313760115000011 313760105000225 7252 
313760115000011 313760105000226 6854 
313760115000011 313760105000229 6769 
313760115000011 313760105000231 10455 
313760115000011 313760105000235 9470 
313760115000011 313760105000239 10713 
313760115000011 313760105000257 11257 
313760115000011 313760105000259 8777 
313760115000011 313760105000264 9731 
313760115000011 313760105000273 13402 
313760115000011 31376010500028 7658 
313760115000011 313760114000002 17332 
313760115000011 313760114000007 17118 
313760115000011 313760114000008 16659 
313760115000011 313760114000009 15824 
313760115000011 31376011400001 19128 
313760115000011 313760115000003 3620 
313760115000011 313760115000005 3079 
313760115000011 313760115000006 1722 
313760115000011 313760115000007 4490 
313760115000011 313760115000011 0 
313760115000011 313760115000015 4060 
313760115000011 31376011500002 4455 
313760115000014 313760105000013 8588 
313760115000014 313760105000026 6995 
313760115000014 313760105000048 11011 
313760115000014 31376010500005 10121 
313760115000014 313760105000076 7221 
313760115000014 313760105000082 7917 
313760115000014 313760105000098 7904 
313760115000014 313760105000102 9990 
313760115000014 313760105000122 5896 
313760115000014 313760105000125 6515 
313760115000014 313760105000132 4861 
313760115000014 313760105000135 3013 
313760115000014 313760105000139 1365 
313760115000014 313760105000145 10643 
313760115000014 313760105000146 8367 
313760115000014 313760105000152 2133 
313760115000014 313760105000168 5275 
313760115000014 313760105000172 5795 
313760115000014 313760105000186 1528 
313760115000014 313760105000201 9381 
313760115000014 313760105000206 6887 
313760115000014 313760105000219 3412 
313760115000014 31376010500022 2630 
313760115000014 313760105000221 3270 
313760115000014 313760105000225 2872 
313760115000014 313760105000226 2516 
313760115000014 313760105000229 2367 
313760115000014 313760105000231 8499 
313760115000014 313760105000235 6374 
313760115000014 313760105000239 6564 
313760115000014 313760105000257 7082 
313760115000014 313760105000259 4694 
313760115000014 313760105000264 5339 
313760115000014 313760105000273 10609 
313760115000014 31376010500028 3645 
313760115000014 313760114000002 13449 
313760115000014 313760114000007 13017 
313760115000014 313760114000008 12593 
313760115000014 313760114000009 11701 
313760115000014 31376011400001 14859 
313760115000014 313760115000003 1712 
313760115000014 313760115000005 4623 
313760115000014 313760115000006 5178 
313760115000014 313760115000007 3979 
313760115000014 313760115000011 4466 
313760115000014 313760115000015 2283 
313760115000014 31376011500002 1067 
313760115000015 313760105000013 8613 
313760115000015 313760105000026 6121 
313760115000015 313760105000048 11813 
313760115000015 31376010500005 8665 
313760115000015 313760105000076 7364 
313760115000015 313760105000082 8119 
313760115000015 313760105000098 7667 
313760115000015 313760105000102 9407 
313760115000015 313760105000122 5011 
313760115000015 313760105000125 5877 
313760115000015 313760105000132 4594 
313760115000015 313760105000135 2799 
313760115000015 313760105000139 2192 
313760115000015 313760105000145 10896 
313760115000015 313760105000146 9746 
313760115000015 313760105000152 4309 
313760115000015 313760105000168 5106 
313760115000015 313760105000172 3894 
313760115000015 313760105000186 2361 
313760115000015 313760105000201 8919 
313760115000015 313760105000206 5769 
313760115000015 313760105000219 3669 
313760115000015 31376010500022 3285 
313760115000015 313760105000221 3832 
313760115000015 313760105000225 3884 
313760115000015 313760105000226 3464 
313760115000015 313760105000229 3527 
313760115000015 313760105000231 6852 
313760115000015 313760105000235 5434 
313760115000015 313760105000239 6840 
313760115000015 313760105000257 7391 
313760115000015 313760105000259 4922 
313760115000015 313760105000264 7015 
313760115000015 313760105000273 9485 
313760115000015 31376010500028 5783 
313760115000015 313760114000002 13291 
313760115000015 313760114000007 13145 
313760115000015 313760114000008 12673 
313760115000015 313760114000009 11870 
313760115000015 31376011400001 15256 
313760115000015 313760115000003 3386 
313760115000015 313760115000005 2737 
313760115000015 313760115000006 5421 
313760115000015 313760115000007 5694 
313760115000015 313760115000011 4060 
313760115000015 313760115000015 0 
313760115000015 31376011500002 3234 
313760115000018 313760105000013 11410 
313760115000018 313760105000026 9026 
313760115000018 313760105000048 14270 
313760115000018 31376010500005 11384 
313760115000018 313760105000076 10110 
313760115000018 313760105000082 10851 
313760115000018 313760105000098 10524 
313760115000018 313760105000102 12313 
313760115000018 313760105000122 7918 
313760115000018 313760105000125 8779 
313760115000018 313760105000132 7419 
313760115000018 313760105000135 5535 
313760115000018 313760105000139 4327 
313760115000018 313760105000145 13629 
313760115000018 313760105000146 11735 
313760115000018 313760105000152 4183 
313760115000018 313760105000168 7916 
313760115000018 313760105000172 6441 
313760115000018 313760105000186 4532 
313760115000018 313760105000201 11816 
313760115000018 313760105000206 8648 
313760115000018 313760105000219 6278 
313760115000018 31376010500022 5673 
313760115000018 313760105000221 6304 
313760115000018 313760105000225 6097 
313760115000018 313760105000226 5694 
313760115000018 313760105000229 5622 
313760115000018 313760105000231 9485 
313760115000018 313760105000235 8337 
313760115000018 313760105000239 9529 
313760115000018 313760105000257 10073 
313760115000018 313760105000259 7592 
313760115000018 313760105000264 8690 
313760115000018 313760105000273 12330 
313760115000018 31376010500028 6741 
313760115000018 313760114000002 16155 
313760115000018 313760114000007 15932 
313760115000018 313760114000008 15474 
313760115000018 313760114000009 14638 
313760115000018 31376011400001 17945 
313760115000018 313760115000003 2825 
313760115000018 313760115000005 2564 
313760115000018 313760115000006 2578 
313760115000018 313760115000007 4273 
313760115000018 313760115000011 1186 
313760115000018 313760115000015 2907 
313760115000018 31376011500002 3519 
313760115000019 313760105000013 11377 
313760115000019 313760105000026 9361 
313760115000019 313760105000048 13877 
313760115000019 31376010500005 12032 
313760115000019 313760105000076 10029 
313760115000019 313760105000082 10744 
313760115000019 313760105000098 10601 
313760115000019 313760105000102 12551 
313760115000019 313760105000122 8239 
313760115000019 313760105000125 9012 
313760115000019 313760105000132 7495 
313760115000019 313760105000135 5579 
313760115000019 313760105000139 4110 
313760115000019 313760105000145 13491 
313760115000019 313760105000146 11091 
313760115000019 313760105000152 3074 
313760115000019 313760105000168 7958 
313760115000019 313760105000172 7196 
313760115000019 313760105000186 4304 
313760115000019 313760105000201 11997 
313760115000019 313760105000206 9083 
313760115000019 313760105000219 6174 
313760115000019 31376010500022 5455 
313760115000019 313760105000221 6101 
313760115000019 313760105000225 5748 
313760115000019 313760105000226 5383 
313760115000019 313760105000229 5244 
313760115000019 313760105000231 10201 
313760115000019 313760105000235 8689 
313760115000019 313760105000239 9395 
313760115000019 313760105000257 9923 
313760115000019 313760105000259 7488 
313760115000019 313760105000264 7962 
313760115000019 313760105000273 12822 
313760115000019 31376010500028 5810 
313760115000019 313760114000002 16206 
313760115000019 313760114000007 15849 
313760115000019 313760114000008 15414 
313760115000019 313760114000009 14538 
313760115000019 31376011400001 17731 
313760115000019 313760115000003 1759 
313760115000019 313760115000005 3809 
313760115000019 313760115000006 2310 
313760115000019 313760115000007 2975 
313760115000019 313760115000011 1867 
313760115000019 313760115000015 3367 
313760115000019 31376011500002 2645 
31376011500002 313760105000013 9305 
31376011500002 313760105000026 7969 
31376011500002 313760105000048 11377 
31376011500002 31376010500005 11166 
31376011500002 313760105000076 7924 
31376011500002 313760105000082 8584 
31376011500002 313760105000098 8713 
31376011500002 313760105000102 10870 
31376011500002 313760105000122 6886 
31376011500002 313760105000125 7448 
31376011500002 313760105000132 5750 
31376011500002 313760105000135 3977 
31376011500002 313760105000139 2315 
31376011500002 313760105000145 11250 
31376011500002 313760105000146 8461 
31376011500002 313760105000152 1083 
31376011500002 313760105000168 6125 
31376011500002 313760105000172 6857 
31376011500002 313760105000186 2437 
31376011500002 313760105000201 10235 
31376011500002 313760105000206 7901 
31376011500002 313760105000219 4236 
31376011500002 31376010500022 3404 
31376011500002 313760105000221 4008 
31376011500002 313760105000225 3467 
31376011500002 313760105000226 3191 
31376011500002 313760105000229 2965 
31376011500002 313760105000231 9562 
31376011500002 313760105000235 7366 
31376011500002 313760105000239 7236 
31376011500002 313760105000257 7728 
31376011500002 313760105000259 5451 
31376011500002 313760105000264 5319 
31376011500002 313760105000273 11603 
31376011500002 31376010500028 3223 
31376011500002 313760114000002 14178 
31376011500002 313760114000007 13649 
31376011500002 313760114000008 13246 
31376011500002 313760114000009 12329 
31376011500002 31376011400001 15371 
31376011500002 313760115000003 990 
31376011500002 313760115000005 5269 
31376011500002 313760115000006 4804 
31376011500002 313760115000007 2987 
31376011500002 313760115000011 4455 
31376011500002 313760115000015 3234 
31376011500002 31376011500002 0 
313760115000021 313760105000013 9072 
313760115000021 313760105000026 7595 
313760115000021 313760105000048 11314 
313760115000021 31376010500005 10742 
313760115000021 313760105000076 7696 
313760115000021 313760105000082 8375 
313760115000021 313760105000098 8432 
313760115000021 313760105000102 10552 
313760115000021 313760105000122 6501 
313760115000021 313760105000125 7098 
313760115000021 313760105000132 5423 
313760115000021 313760105000135 3605 
313760115000021 313760105000139 1943 
313760115000021 313760105000145 11073 
313760115000021 313760105000146 8515 
313760115000021 313760105000152 1552 
313760115000021 313760105000168 5819 
313760115000021 313760105000172 6393 
313760115000021 313760105000186 2086 
313760115000021 313760105000201 9931 
313760115000021 313760105000206 7500 
313760115000021 313760105000219 3939 
313760115000021 31376010500022 3127 
313760115000021 313760105000221 3752 
313760115000021 313760105000225 3274 
313760115000021 313760105000226 2958 
313760115000021 313760105000229 2764 
313760115000021 313760105000231 9118 
313760115000021 313760105000235 6980 
313760115000021 313760105000239 7022 
313760115000021 313760105000257 7528 
313760115000021 313760105000259 5192 
313760115000021 313760105000264 5413 
313760115000021 313760105000273 11217 
313760115000021 31376010500028 3472 
313760115000021 313760114000002 13942 
313760115000021 313760114000007 13462 
313760115000021 313760114000008 13048 
313760115000021 313760114000009 12143 
313760115000021 31376011400001 15242 
313760115000021 313760115000003 1160 
313760115000021 313760115000005 4888 
313760115000021 313760115000006 4835 
313760115000021 313760115000007 3366 
313760115000021 313760115000011 4317 
313760115000021 313760115000015 2770 
313760115000021 31376011500002 469 
313760115000022 313760105000013 9428 
313760115000022 313760105000026 7848 
313760115000022 313760105000048 11717 
313760115000022 31376010500005 10920 
313760115000022 313760105000076 8056 
313760115000022 313760105000082 8742 
313760115000022 313760105000098 8762 
313760115000022 313760105000102 10854 
313760115000022 313760105000122 6744 
313760115000022 313760105000125 7377 
313760115000022 313760105000132 5726 
313760115000022 313760105000135 3873 
313760115000022 313760105000139 2230 
313760115000022 313760105000145 11451 
313760115000022 313760105000146 8919 
313760115000022 313760105000152 1615 
313760115000022 313760105000168 6137 
313760115000022 313760105000172 6464 
313760115000022 313760105000186 2391 
313760115000022 313760105000201 10245 
313760115000022 313760105000206 7719 
313760115000022 313760105000219 4268 
313760115000022 31376010500022 3472 
313760115000022 313760105000221 4106 
313760115000022 313760105000225 3655 
313760115000022 313760105000226 3326 
313760115000022 313760105000229 3145 
313760115000022 313760105000231 9255 
313760115000022 313760105000235 7220 
313760115000022 313760105000239 7389 
313760115000022 313760105000257 7900 
313760115000022 313760105000259 5540 
313760115000022 313760105000264 5810 
313760115000022 313760105000273 11451 
313760115000022 31376010500028 3815 
313760115000022 313760114000002 14294 
313760115000022 313760114000007 13835 
313760115000022 313760114000008 13417 
313760115000022 313760114000009 12517 
313760115000022 31376011400001 15634 
313760115000022 313760115000003 851 
313760115000022 313760115000005 4645 
313760115000022 313760115000006 4432 
313760115000022 313760115000007 3164 
313760115000022 313760115000011 3922 
313760115000022 313760115000015 2720 
313760115000022 31376011500002 627 
313760115000023 313760105000013 9292 
313760115000023 313760105000026 7602 
313760115000023 313760105000048 11701 
313760115000023 31376010500005 10626 
313760115000023 313760105000076 7927 
313760115000023 313760105000082 8625 
313760115000023 313760105000098 8590 
313760115000023 313760105000102 10649 
313760115000023 313760105000122 6492 
313760115000023 313760105000125 7153 
313760115000023 313760105000132 5527 
313760115000023 313760105000135 3649 
313760115000023 313760105000139 2039 
313760115000023 313760105000145 11353 
313760115000023 313760105000146 8989 
313760115000023 313760105000152 1953 
313760115000023 313760105000168 5954 
313760115000023 313760105000172 6134 
313760115000023 313760105000186 2215 
313760115000023 313760105000201 10052 
313760115000023 313760105000206 7450 
313760115000023 313760105000219 4105 
313760115000023 31376010500022 3335 
313760115000023 313760105000221 3977 
313760115000023 313760105000225 3579 
313760115000023 313760105000226 3226 
313760115000023 313760105000229 3072 
313760115000023 313760105000231 8944 
313760115000023 313760105000235 6965 
313760115000023 313760105000239 7272 
313760115000023 313760105000257 7791 
313760115000023 313760105000259 5396 
313760115000023 313760105000264 5914 
313760115000023 313760105000273 11189 
313760115000023 31376010500028 4021 
313760115000023 313760114000002 14148 
313760115000023 313760114000007 13726 
313760115000023 313760114000008 13301 
313760115000023 313760114000009 12410 
313760115000023 31376011400001 15567 
313760115000023 313760115000003 1122 
313760115000023 313760115000005 4353 
313760115000023 313760115000006 4472 
313760115000023 313760115000007 3465 
313760115000023 313760115000011 3828 
313760115000023 313760115000015 2376 
313760115000023 31376011500002 924 
313760115000024 313760105000013 9768 
313760115000024 313760105000026 7964 
313760115000024 313760105000048 12225 
313760115000024 31376010500005 10889 
313760115000024 313760105000076 8410 
313760115000024 313760105000082 9115 
313760115000024 313760105000098 9039 
313760115000024 313760105000102 11063 
313760115000024 313760105000122 6847 
313760115000024 313760105000125 7547 
313760115000024 313760105000132 5956 
313760115000024 313760105000135 4056 
313760115000024 313760105000139 2497 
313760115000024 313760105000145 11852 
313760115000024 313760105000146 9508 
313760115000024 313760105000152 2136 
313760115000024 313760105000168 6397 
313760115000024 313760105000172 6277 
313760115000024 313760105000186 2683 
313760115000024 313760105000201 10479 
313760115000024 313760105000206 7772 
313760115000024 313760105000219 4570 
313760115000024 31376010500022 3821 
313760115000024 313760105000221 4466 
313760115000024 313760105000225 4092 
313760115000024 313760105000226 3731 
313760115000024 313760105000229 3588 
313760115000024 313760105000231 9159 
313760115000024 313760105000235 7314 
313760115000024 313760105000239 7763 
313760115000024 313760105000257 8286 
313760115000024 313760105000259 5873 
313760115000024 313760105000264 6422 
313760115000024 313760105000273 11519 
313760115000024 31376010500028 4460 
313760115000024 313760114000002 14616 
313760115000024 313760114000007 14219 
313760115000024 313760114000008 13789 
313760115000024 313760114000009 12905 
313760115000024 31376011400001 16078 
313760115000024 313760115000003 979 
313760115000024 313760115000005 4064 
313760115000024 313760115000006 3959 
313760115000024 313760115000007 3284 
313760115000024 313760115000011 3311 
313760115000024 313760115000015 2416 
313760115000024 31376011500002 1258 
313760115000025 313760105000013 9446 
313760115000025 313760105000026 7630 
313760115000025 313760105000048 11953 
313760115000025 31376010500005 10572 
313760115000025 313760105000076 8090 
313760115000025 313760105000082 8799 
313760115000025 313760105000098 8708 
313760115000025 313760105000102 10727 
313760115000025 313760105000122 6513 
313760115000025 313760105000125 7211 
313760115000025 313760105000132 5622 
313760115000025 313760105000135 3721 
313760115000025 313760105000139 2172 
313760115000025 313760105000145 11541 
313760115000025 313760105000146 9292 
313760115000025 313760105000152 2235 
313760115000025 313760105000168 6065 
313760115000025 313760105000172 5995 
313760115000025 313760105000186 2361 
313760115000025 313760105000201 10145 
313760115000025 313760105000206 7443 
313760115000025 313760105000219 4245 
313760115000025 31376010500022 3506 
313760115000025 313760105000221 4152 
313760115000025 313760105000225 3801 
313760115000025 313760105000226 3431 
313760115000025 313760105000229 3300 
313760115000025 313760105000231 8854 
313760115000025 313760105000235 6981 
313760115000025 313760105000239 7448 
313760115000025 313760105000257 7974 
313760115000025 313760105000259 5551 
313760115000025 313760105000264 6233 
313760115000025 313760105000273 11189 
313760115000025 31376010500028 4366 
313760115000025 313760114000002 14290 
313760115000025 313760114000007 13904 
313760115000025 313760114000008 13472 
313760115000025 313760114000009 12591 
313760115000025 31376011400001 15779 
313760115000025 313760115000003 1227 
313760115000025 313760115000005 4020 
313760115000025 313760115000006 4262 
313760115000025 313760115000007 3567 
313760115000025 313760115000011 3528 
313760115000025 313760115000015 2167 
313760115000025 31376011500002 1248 
313760115000026 313760105000013 9622 
313760115000026 313760105000026 7808 
313760115000026 313760105000048 12106 
313760115000026 31376010500005 10737 
313760115000026 313760105000076 8265 
313760115000026 313760105000082 8972 
313760115000026 313760105000098 8887 
313760115000026 313760105000102 10908 
313760115000026 313760105000122 6691 
313760115000026 313760105000125 7391 
313760115000026 313760105000132 5802 
313760115000026 313760105000135 3901 
313760115000026 313760105000139 2349 
313760115000026 313760105000145 11712 
313760115000026 313760105000146 9417 
313760115000026 313760105000152 2189 
313760115000026 313760105000168 6245 
313760115000026 313760105000172 6139 
313760115000026 313760105000186 2537 
313760115000026 313760105000201 10325 
313760115000026 313760105000206 7617 
313760115000026 313760105000219 4422 
313760115000026 31376010500022 3679 
313760115000026 313760105000221 4324 
313760115000026 313760105000225 3962 
313760115000026 313760105000226 3597 
313760115000026 313760105000229 3460 
313760115000026 313760105000231 9012 
313760115000026 313760105000235 7158 
313760115000026 313760105000239 7621 
313760115000026 313760105000257 8146 
313760115000026 313760105000259 5727 
313760115000026 313760105000264 6343 
313760115000026 313760105000273 11364 
313760115000026 31376010500028 4425 
313760115000026 313760114000002 14468 
313760115000026 313760114000007 14077 
313760115000026 313760114000008 13646 
313760115000026 313760114000009 12763 
313760115000026 31376011400001 15945 
313760115000026 313760115000003 1097 
313760115000026 313760115000005 4028 
313760115000026 313760115000006 4094 
313760115000026 313760115000007 3421 
313760115000026 313760115000011 3400 
313760115000026 313760115000015 2289 
313760115000026 31376011500002 1255 
313760115000027 313760105000013 10054 
313760115000027 313760105000026 8209 
313760115000027 313760105000048 12516 
313760115000027 31376010500005 11088 
313760115000027 313760105000076 8697 
313760115000027 313760105000082 9404 
313760115000027 313760105000098 9316 
313760115000027 313760105000102 11326 
313760115000027 313760105000122 7090 
313760115000027 313760105000125 7804 
313760115000027 313760105000132 6227 
313760115000027 313760105000135 4322 
313760115000027 313760105000139 2780 
313760115000027 313760105000145 12142 
313760115000027 313760105000146 9783 
313760115000027 313760105000152 2235 
313760115000027 313760105000168 6672 
313760115000027 313760105000172 6426 
313760115000027 313760105000186 2969 
313760115000027 313760105000201 10748 
313760115000027 313760105000206 8000 
313760115000027 313760105000219 4853 
313760115000027 31376010500022 4110 
313760115000027 313760105000221 4755 
313760115000027 313760105000225 4385 
313760115000027 313760105000226 4024 
313760115000027 313760105000229 3881 
313760115000027 313760105000231 9337 
313760115000027 313760105000235 7554 
313760115000027 313760105000239 8052 
313760115000027 313760105000257 8576 
313760115000027 313760105000259 6159 
313760115000027 313760105000264 6686 
313760115000027 313760105000273 11749 
313760115000027 31376010500028 4679 
313760115000027 313760114000002 14899 
313760115000027 313760114000007 14508 
313760115000027 313760114000008 14078 
313760115000027 313760114000009 13194 
313760115000027 31376011400001 16371 
313760115000027 313760115000003 959 
313760115000027 313760115000005 3979 
313760115000027 313760115000006 3666 
313760115000027 313760115000007 3161 
313760115000027 313760115000011 3044 
313760115000027 313760115000015 2539 
313760115000027 31376011500002 1457 
313760115000029 313760105000013 9812 
313760115000029 313760105000026 7628 
313760115000029 313760105000048 12618 
313760115000029 31376010500005 10291 
313760115000029 313760105000076 8495 
313760115000029 313760105000082 9230 
313760115000029 313760105000098 8970 
313760115000029 313760105000102 10851 
313760115000029 313760105000122 6507 
313760115000029 313760105000125 7308 
313760115000029 313760105000132 5856 
313760115000029 313760105000135 3948 
313760115000029 313760105000139 2674 
313760115000029 313760105000145 12002 
313760115000029 313760105000146 10140 
313760115000029 313760105000152 3231 
313760115000029 313760105000168 6339 
313760115000029 313760105000172 5505 
313760115000029 313760105000186 2879 
313760115000029 313760105000201 10319 
313760115000029 313760105000206 7334 
313760115000029 313760105000219 4646 
313760115000029 31376010500022 4022 
313760115000029 313760105000221 4656 
313760115000029 313760105000225 4448 
313760115000029 313760105000226 4043 
313760115000029 313760105000229 3978 
313760115000029 313760105000231 8480 
313760115000029 313760105000235 6951 
313760115000029 313760105000239 7898 
313760115000029 313760105000257 8440 
313760115000029 313760105000259 5965 
313760115000029 313760105000264 7149 
313760115000029 313760105000273 11071 
313760115000029 31376010500028 5395 
313760115000029 313760114000002 14595 
313760115000029 313760114000007 14322 
313760115000029 313760114000008 13871 
313760115000029 313760114000009 13022 
313760115000029 31376011400001 16306 
313760115000029 313760115000003 2027 
313760115000029 313760115000005 2979 
313760115000029 313760115000006 3925 
313760115000029 313760115000007 4189 
313760115000029 313760115000011 2825 
313760115000029 313760115000015 1628 
313760115000029 31376011500002 2294 
31376011500003 313760105000013 9668 
31376011500003 313760105000026 7157 
31376011500003 313760105000048 12785 
31376011500003 31376010500005 9555 
31376011500003 313760105000076 8407 
31376011500003 313760105000082 9160 
31376011500003 313760105000098 8729 
31376011500003 313760105000102 10457 
31376011500003 313760105000122 6054 
31376011500003 313760105000125 6933 
31376011500003 313760105000132 5650 
31376011500003 313760105000135 3827 
31376011500003 313760105000139 2949 
31376011500003 313760105000145 11939 
31376011500003 313760105000146 10562 
31376011500003 313760105000152 4231 
31376011500003 313760105000168 6161 
31376011500003 313760105000172 4662 
31376011500003 313760105000186 3143 
31376011500003 313760105000201 9977 
31376011500003 313760105000206 6772 
31376011500003 313760105000219 4660 
31376011500003 31376010500022 4188 
31376011500003 313760105000221 4775 
31376011500003 313760105000225 4729 
31376011500003 313760105000226 4307 
31376011500003 313760105000229 4317 
31376011500003 313760105000231 7687 
31376011500003 313760105000235 6467 
31376011500003 313760105000239 7869 
31376011500003 313760105000257 8419 
31376011500003 313760105000259 5940 
31376011500003 313760105000264 7701 
31376011500003 313760105000273 10460 
31376011500003 31376010500028 6179 
31376011500003 313760114000002 14353 
31376011500003 313760114000007 14199 
31376011500003 313760114000008 13730 
31376011500003 313760114000009 12920 
31376011500003 31376011400001 16292 
31376011500003 313760115000003 3067 
31376011500003 313760115000005 2089 
31376011500003 313760115000006 4432 
31376011500003 313760115000007 5209 
31376011500003 313760115000011 3007 
31376011500003 313760115000015 1062 
31376011500003 31376011500002 3237 
313760115000031 313760105000013 10271 
313760115000031 313760105000026 7931 
313760115000031 313760105000048 13179 
313760115000031 31376010500005 10425 
313760115000031 313760105000076 8973 
313760115000031 313760105000082 9716 
313760115000031 313760105000098 9388 
313760115000031 313760105000102 11200 
313760115000031 313760105000122 6818 
313760115000031 313760105000125 7661 
313760115000031 313760105000132 6281 
313760115000031 313760105000135 4396 
313760115000031 313760105000139 3235 
313760115000031 313760105000145 12494 
313760115000031 313760105000146 10746 
313760115000031 313760105000152 3731 
313760115000031 313760105000168 6777 
313760115000031 313760105000172 5545 
313760115000031 313760105000186 3439 
313760115000031 313760105000201 10693 
313760115000031 313760105000206 7584 
313760115000031 313760105000219 5147 
313760115000031 31376010500022 4566 
313760115000031 313760105000221 5190 
313760115000031 313760105000225 5022 
313760115000031 313760105000226 4611 
313760115000031 313760105000229 4562 
313760115000031 313760105000231 8566 
313760115000031 313760105000235 7246 
313760115000031 313760105000239 8396 
313760115000031 313760105000257 8941 
313760115000031 313760105000259 6459 
313760115000031 313760105000264 7765 
313760115000031 313760105000273 11295 
313760115000031 31376010500028 5997 
313760115000031 313760114000002 15019 
313760115000031 313760114000007 14794 
313760115000031 313760114000008 14335 
313760115000031 313760114000009 13500 
313760115000031 31376011400001 16816 
313760115000031 313760115000003 2448 
313760115000031 313760115000005 2478 
313760115000031 313760115000006 3605 
313760115000031 313760115000007 4426 
313760115000031 313760115000011 2324 
313760115000031 313760115000015 1816 
313760115000031 31376011500002 2855 
313760115000032 313760105000013 11070 
313760115000032 313760105000026 9489 
313760115000032 313760105000048 13164 
313760115000032 31376010500005 12464 
313760115000032 313760105000076 9693 
313760115000032 313760105000082 10366 
313760115000032 313760105000098 10426 
313760115000032 313760105000102 12521 
313760115000032 313760105000122 8378 
313760115000032 313760105000125 9036 
313760115000032 313760105000132 7393 
313760115000032 313760105000135 5531 
313760115000032 313760105000139 3896 
313760115000032 313760105000145 13048 
313760115000032 313760105000146 10149 
313760115000032 313760105000152 1810 
313760115000032 313760105000168 7803 
313760115000032 313760105000172 7832 
313760115000032 313760105000186 4058 
313760115000032 313760105000201 11912 
313760115000032 313760105000206 9326 
313760115000032 313760105000219 5931 
313760115000032 31376010500022 5125 
313760115000032 313760105000221 5751 
313760115000032 313760105000225 5254 
313760115000032 313760105000226 4953 
313760115000032 313760105000229 4747 
313760115000032 313760105000231 10733 
313760115000032 313760105000235 8850 
313760115000032 313760105000239 9015 
313760115000032 313760105000257 9515 
313760115000032 313760105000259 7191 
313760115000032 313760105000264 6978 
313760115000032 313760105000273 13070 
313760115000032 31376010500028 4656 
313760115000032 313760114000002 15940 
313760115000032 313760114000007 15443 
313760115000032 313760114000008 15035 
313760115000032 313760114000009 14123 
313760115000032 31376011400001 17176 
313760115000032 313760115000003 840 
313760115000032 313760115000005 5060 
313760115000032 313760115000006 3119 
313760115000032 313760115000007 1781 
313760115000032 313760115000011 3224 
313760115000032 313760115000015 3945 
313760115000032 31376011500002 1804 
313760115000033 313760105000013 10767 
313760115000033 313760105000026 9007 
313760115000033 313760105000048 13072 
313760115000033 31376010500005 11891 
313760115000033 313760105000076 9401 
313760115000033 313760105000082 10095 
313760115000033 313760105000098 10064 
313760115000033 313760105000102 12103 
313760115000033 313760105000122 7889 
313760115000033 313760105000125 8590 
313760115000033 313760105000132 6991 
313760115000033 313760105000135 5096 
313760115000033 313760105000139 3513 
313760115000033 313760105000145 12813 
313760115000033 313760105000146 10196 
313760115000033 313760105000152 2124 
313760115000033 313760105000168 7425 
313760115000033 313760105000172 7201 
313760115000033 313760105000186 3692 
313760115000033 313760105000201 11515 
313760115000033 313760105000206 8805 
313760115000033 313760105000219 5581 
313760115000033 31376010500022 4809 
313760115000033 313760105000221 5449 
313760115000033 313760105000225 5020 
313760115000033 313760105000226 4684 
313760115000033 313760105000229 4511 
313760115000033 313760105000231 10131 
313760115000033 313760105000235 8354 
313760115000033 313760105000239 8741 
313760115000033 313760105000257 9257 
313760115000033 313760105000259 6872 
313760115000033 313760105000264 7050 
313760115000033 313760105000273 12553 
313760115000033 31376010500028 4858 
313760115000033 313760114000002 15625 
313760115000033 313760114000007 15193 
313760115000033 313760114000008 14771 
313760115000033 313760114000009 13875 
313760115000033 31376011400001 17001 
313760115000033 313760115000003 804 
313760115000033 313760115000005 4398 
313760115000033 313760115000006 3080 
313760115000033 313760115000007 2462 
313760115000033 313760115000011 2823 
313760115000033 313760115000015 3307 
313760115000033 31376011500002 1735 
313760115000034 313760105000013 8305 
313760115000034 313760105000026 6234 
313760115000034 313760105000048 11187 
313760115000034 31376010500005 9125 
313760115000034 313760105000076 6988 
313760115000034 313760105000082 7725 
313760115000034 313760105000098 7473 
313760115000034 313760105000102 9398 
313760115000034 313760105000122 5112 
313760115000034 313760105000125 5861 
313760115000034 313760105000132 4359 
313760115000034 313760105000135 2446 
313760115000034 313760105000139 1281 
313760115000034 313760105000145 10500 
313760115000034 313760105000146 8892 
313760115000034 313760105000152 3356 
313760115000034 313760105000168 4837 
313760115000034 313760105000172 4609 
313760115000034 313760105000186 1478 
313760115000034 313760105000201 8847 
313760115000034 313760105000206 6012 
313760115000034 313760105000219 3146 
313760115000034 31376010500022 2569 
313760115000034 313760105000221 3187 
313760115000034 313760105000225 3070 
313760115000034 313760105000226 2651 
313760115000034 313760105000229 2647 
313760115000034 313760105000231 7418 
313760115000034 313760105000235 5573 
313760115000034 313760105000239 6398 
313760115000034 313760105000257 6942 
313760115000034 313760105000259 4462 
313760115000034 313760105000264 6050 
313760115000034 313760105000273 9761 
313760115000034 31376010500028 4712 
313760115000034 313760114000002 13095 
313760115000034 313760114000007 12816 
313760115000034 313760114000008 12364 
313760115000034 313760114000009 11517 
313760115000034 31376011400001 14814 
313760115000034 313760115000003 2641 
313760115000034 313760115000005 3677 
313760115000034 313760115000006 5407 
313760115000034 313760115000007 4991 
313760115000034 313760115000011 4315 
313760115000034 313760115000015 1075 
313760115000034 31376011500002 2274 
;

end;
