#############################################################################
# Project CNPq: Increasing PHC with team sizing
# Author: João Flávio de Freitas Almeida <joao.flavio@dep.ufmg.br>
# LEPOINT: Laboratório de Estudos em Planejamento de Operações Integradas
# Departamento de Engenharia de Produção
# Universidade Federal de Minas Gerais - Escola de Engenharia
#############################################################################
# Health Care Facility Location Problem: Considering fixed facilities,
# choose intermediate facilities according a criteria that improve service
# quality. Consider health care teams.
#############################################################################
# glpsol -m aps.mod -d LS.dat --cuts

#############################################################################
# DADOS REFERENTES AO MUNICIPIO DE: 
# Belo Horizonte 
#############################################################################
data;
param BUDGET := 361450751.45; # Overall budget constraint ($/year)
param I_L1 := 3818078.0;
param I_L1_exp := 1200000.0;
param: K: Dmax :=
1         5000 # PHC: Primary health care (basic care)
2         30000 # SHC: Secondary health care (intermediate care)
3         35000 # THC: Tertiary health care (hospital care)
;
# Basic health care units teams (PHC)
set E[1] :=
eSF
eSB
eMulti
ACS
;

# Intermediate health care units teams (SHC)
set E[2] :=
EQ2
;

set E[3] :=
EQ3
;

set EL[1] := 
3106200022772
3106200023388
3106200024147
3106200024120
3106200024163
3106200024090
3106203002446
3106200022853
3106200022861
3106200022845
3106200022896
3106200023191
3106200023108
3106200023086
3106200023868
3106200023906
3106200023884
3106202695774
3106200023825
3106200024015
3106202695464
3106200023841
3106200555142
3106202695499
3106200023434
3106200023760
3106200023442
3106200023736
3106200023337
3106200023418
3106200023361
3106200023930
3106209077324
3106202695472
3106202695480
3106200023426
3106200023558
3106200023507
3106200024023
3106207995369
3106200024007
3106200023892
3106202708310
3106200023477
3106200023485
3106200023493
3106200022632
3106200022624
3106200022705
3106200022713
3106200022659
3106200022640
3106200022586
3106203232271
3106200022608
3106200022748
3106200022756
3106203015998
3106203008525
3106200022543
3106200022675
3106200022578
3106200022616
3106200023043
3106200023035
3106200023132
3106205432243
3106200023140
3106200023094
3106202820609
3106204908732
3106200023159
3106200023787
3106200023248
3106205219175
3106200023795
3106200023256
3106200023264
3106202695456
3106205866383
3106200023728
3106200023213
3106200023817
3106209166718
3106200023701
3106200023779
3106202695421
3106200023221
3106200023515
3106200023744
3106200023655
3106209166793
3106200023671
3106203411451
3106200023604
3106200023639
3106200023663
3106200023574
3106200023647
3106206368379
3106200023620
3106200023698
3106200023019
3106200023612
3106205471532
3106200023590
3106203426637
;

set EL[2] := SHC1;
set EL[3] := THC1;
set CL[1] :=
310620005620022
310620005620045
310620005620052
310620005620114
310620005620119
310620005620131
310620005620136
310620005620145
310620005620216
310620005620221
310620005620229
310620005620233
310620005620238
310620005620253
310620005620257
310620005620265
310620005620267
310620005620281
310620005620293
310620005620328
310620005620337
310620005620344
310620005620352
310620005620363
310620005620387
310620005620392
310620005620419
310620005620421
310620005620424
310620005620469
310620005620474
310620005620499
310620005620514
310620005620526
310620005620590
310620005620592
310620005620600
310620005620622
310620005620633
310620005620638
310620005620654
310620005620666
310620005620670
310620005620701
310620005620708
310620005620740
310620005620796
310620005620800
310620005620816
310620005630004
310620005630028
310620005630039
310620005630060
310620005630086
310620005630091
310620005630106
310620005630125
310620005630131
310620005630137
310620005630157
310620005630175
310620005630177
310620005630199
310620005630207
310620005630239
310620005630253
310620005630264
310620005630265
310620005630281
310620005630286
310620005630302
310620005630317
310620005630325
310620005630329
310620005630337
310620005630382
310620005630461
310620005630476
310620005630494
310620005630515
310620005630532
310620005630543
310620005630582
310620005630583
310620005630586
310620005630592
310620005640008
310620005640044
310620005640052
310620005640055
310620005640057
310620005640085
310620005640100
310620005640106
310620005640108
310620005640138
310620005640161
310620005640173
310620005640184
310620005640193
310620005640215
310620005640233
310620005640235
310620005640247
310620005640251
310620005640260
310620005650062
310620005650070
310620005650098
310620005650108
310620005650110
310620005650127
310620005650139
310620005650141
310620005650147
310620005650183
310620005650217
310620005650253
310620005650328
310620005650361
310620005650397
310620005650408
310620005650423
310620005650425
310620005650490
310620005650586
310620005650595
310620005650604
310620005650608
310620005650610
310620005650612
310620005650616
310620005650637
310620005650643
310620005650648
310620005650657
310620005650666
310620005650680
310620005650690
310620005650693
310620005650697
310620005650703
310620005650711
310620005650720
310620005670010
310620005670022
310620005670025
310620005670028
310620005670031
310620005670036
310620005670093
310620005670109
310620005670117
310620005670145
310620005670180
310620005670188
310620005670200
310620005670231
310620005670234
310620005670249
310620005670269
310620005670274
310620005670332
310620005670338
310620005670352
310620005670422
310620005670431
310620005670436
310620005670437
310620005670448
310620005670471
310620005670508
310620005670565
310620005670581
310620005670586
310620005670587
310620005670610
310620005670623
310620005670631
310620005670649
310620005670677
310620005670744
310620005670757
310620005670791
310620005670796
310620005670829
310620005670830
310620005670842
310620005670848
310620005680021
310620005680023
310620005680038
310620005680055
310620005680094
310620005680096
310620005680100
310620005680104
310620005680124
310620005680199
310620005680219
310620005680226
310620005680232
310620005680250
310620005680265
310620005680271
310620005680281
310620005680289
310620005680292
310620005680300
310620005680310
310620005680312
310620005680334
310620005680358
310620005680371
310620005680377
310620005680387
310620005680390
310620005680394
310620005680397
310620005680403
310620005680412
310620005680429
310620005680446
310620005680457
310620005680474
310620005680484
310620005680487
310620005680507
310620005680512
310620005680526
310620005680535
310620005680547
310620005680554
310620025610004
310620025610017
310620025610039
310620025610052
310620025610062
310620025610067
310620025610092
310620025610095
310620025610099
310620025610102
310620025610107
310620025610137
310620025610142
310620025610153
310620025610157
310620025610161
310620025610170
310620025610208
310620025610223
310620025610228
310620025610245
310620025610258
310620025610275
310620025610280
310620025610295
310620025610318
310620025610327
310620025610443
310620025610458
310620025610497
310620025610538
310620025610547
310620025610583
310620025610588
310620025610598
310620025610648
310620025610662
310620060640053
310620060640071
310620060640126
310620060640147
310620060640203
310620060640213
310620060640238
310620060640262
310620060640283
310620060640294
310620060640304
310620060640324
310620060640345
310620060640346
310620060640377
310620060640407
310620060640418
310620060640420
310620060640429
310620060640440
310620060640442
310620060660005
310620060660071
310620060660100
310620060660102
310620060660113
310620060660115
310620060660162
310620060660201
310620060660251
310620060660269
310620060660360
310620060660367
310620060660389
310620060660396
310620060660423
310620060660430
310620060660432
310620060660440
310620060660442
310620060660444
310620060680027
310620060680085
310620060680088
310620060690038
310620060690058
310620060690111
310620060690168
310620060690178
310620060690226
310620060690248
310620060690259
310620060690338
310620060690369
310620060690403
310620060690456
310620060690471
310620060690489
310620060690501
310620060690540
310620060690548
;

set CL[2] := ;
set CL[3] := ;
# of type p at demand point i and 
# vulnerability V (the higher vulnerability, the worse)
# id_setor	populacao	IVS
param: I:       W   IVS:=	
310620005620001 467 0.1055600080327943 
310620005620002 448 0.1028131723512047 
310620005620004 675 0.1159693638392388 
310620005620005 314 0.0975409681704191 
310620005620006 334 0.0982799569339739 
310620005620007 504 0.1085764612828551 
310620005620008 554 0.109827765884307 
310620005620010 351 0.0995344816988355 
310620005620011 369 0.1001543177188222 
310620005620012 416 0.1019577145663725 
310620005620013 557 0.1121566267679906 
310620005620014 275 0.0961469844493729 
310620005620015 159 0.0877991091553461 
310620005620016 317 0.0997899782289889 
310620005620017 583 0.1114827947683915 
310620005620021 575 0.1099889640275394 
310620005620022 381 0.100341344728567 
310620005620023 384 0.0993996735556993 
310620005620024 395 0.0996105703911777 
310620005620025 529 0.1065715164740043 
310620005620026 436 0.1030888609226498 
310620005620028 557 0.1098297238286267 
310620005620029 312 0.09558773529855 
310620005620031 347 0.0979946277235074 
310620005620032 653 0.1182105124404824 
310620005620034 474 0.1050875712004192 
310620005620036 392 0.1000043505938831 
310620005620039 505 0.1079091493812465 
310620005620040 388 0.1012447792691884 
310620005620041 473 0.1062267004166874 
310620005620045 559 0.1100850983037291 
310620005620047 556 0.1094398284502153 
310620005620048 254 0.0928754962923897 
310620005620052 136 0.0884892340756673 
310620005620053 458 0.1037867161283088 
310620005620057 324 0.0983343193220822 
310620005620058 464 0.1050066491017748 
310620005620060 507 0.1073821421999014 
310620005620062 544 0.1075645735468624 
310620005620064 488 0.105829539077903 
310620005620066 531 0.1086334255441271 
310620005620067 408 0.1010785962383796 
310620005620068 502 0.1077417784893158 
310620005620070 335 0.0982976853386218 
310620005620071 462 0.1046921960979953 
310620005620073 547 0.1079331154864087 
310620005620074 434 0.1010872142332372 
310620005620075 426 0.1022479532807022 
310620005620076 468 0.1047442653187792 
310620005620077 329 0.0966079337437216 
310620005620078 352 0.0977535414265191 
310620005620079 557 0.1114568637912766 
310620005620082 303 0.0977255072970815 
310620005620085 535 0.1107205738739424 
310620005620086 466 0.1074801281309255 
310620005620087 421 0.1041818715807702 
310620005620088 292 0.0983886264932143 
310620005620089 354 0.0981998707162691 
310620005620091 413 0.1027663750169182 
310620005620094 322 0.0959629251627409 
310620005620095 340 0.0960464837878848 
310620005620097 454 0.0994289279947177 
310620005620098 359 0.0945740058887902 
310620005620099 721 0.1117322618770802 
310620005620100 566 0.1041778177011887 
310620005620101 702 0.111985214248384 
310620005620102 501 0.1010240636656748 
310620005620103 707 0.1122996747453703 
310620005620104 412 0.09746619831593 
310620005620105 616 0.1074866330197638 
310620005620106 592 0.1116867269894934 
310620005620107 138 0.0827537250961593 
310620005620108 578 0.1045614767624337 
310620005620109 908 0.1229570117494365 
310620005620110 339 0.0926388443008232 
310620005620113 416 0.0971545059893764 
310620005620114 587 0.1061376646978147 
310620005620115 653 0.1256739948894701 
310620005620116 438 0.0983204681734696 
310620005620117 222 0.0867123840393303 
310620005620118 443 0.0975970251077672 
310620005620119 311 0.0914364356514714 
310620005620120 559 0.1065467205342689 
310620005620122 321 0.0917394926844168 
310620005620123 338 0.0922519983403409 
310620005620124 519 0.1022918284888543 
310620005620125 627 0.1077445776102311 
310620005620126 410 0.0965616179369789 
310620005620127 511 0.101848537938655 
310620005620129 679 0.1140342420762459 
310620005620130 541 0.103973049320404 
310620005620131 624 0.107652296563132 
310620005620132 389 0.0964041082391774 
310620005620133 403 0.0963949363242468 
310620005620134 599 0.106801566129916 
310620005620135 327 0.0954152854159581 
310620005620136 595 0.1072294966007653 
310620005620137 307 0.0917302296664688 
310620005620138 470 0.1003334519507581 
310620005620139 553 0.1101095915425291 
310620005620140 412 0.0973289287059106 
310620005620141 790 0.1172994115367042 
310620005620143 689 0.1136933060822737 
310620005620144 423 0.1013848047474039 
310620005620145 758 0.1206242464017961 
310620005620146 366 0.100154321458791 
310620005620147 733 0.1199192565770259 
310620005620149 513 0.1083390612887344 
310620005620151 574 0.1124480881879131 
310620005620153 237 0.0923617232634743 
310620005620154 337 0.0968289720708966 
310620005620155 408 0.1015567920836805 
310620005620156 504 0.1072633027400565 
310620005620157 178 0.0902661799355741 
310620005620158 424 0.1048092168929663 
310620005620159 547 0.1096032329403124 
310620005620160 363 0.0984952603858866 
310620005620163 382 0.0991264464503517 
310620005620164 446 0.1036728379443689 
310620005620165 374 0.1022193020639282 
310620005620168 487 0.1064699759388653 
310620005620169 145 0.0867220159502889 
310620005620170 217 0.0920093460892435 
310620005620171 212 0.0904431911570391 
310620005620172 439 0.1027447600349015 
310620005620174 209 0.0894700125859345 
310620005620175 165 0.087132045707819 
310620005620176 310 0.0979401195365111 
310620005620178 275 0.0945130186837664 
310620005620181 531 0.1087491300821897 
310620005620182 507 0.1091776702163187 
310620005620183 484 0.1072729956307595 
310620005620185 443 0.1014423307926116 
310620005620187 463 0.1064316115762094 
310620005620188 461 0.1038404509324838 
310620005620189 418 0.100938585713697 
310620005620190 466 0.1042990707551725 
310620005620191 419 0.1034395413976755 
310620005620192 620 0.1151176211769596 
310620005620193 415 0.1020620842435044 
310620005620195 724 0.1208903968122404 
310620005620196 545 0.1080758257977145 
310620005620197 475 0.105598720464163 
310620005620201 456 0.1042838539017273 
310620005620202 575 0.1126722651542693 
310620005620203 619 0.1154942341555969 
310620005620204 404 0.1028607742855474 
310620005620206 499 0.1085684292849842 
310620005620207 365 0.1016805193677557 
310620005620208 340 0.0963906554042939 
310620005620209 481 0.1108974009824736 
310620005620210 408 0.1031199291388889 
310620005620213 377 0.1001275553931582 
310620005620214 363 0.0987697011406068 
310620005620215 470 0.1053401950186764 
310620005620216 293 0.0957128401277283 
310620005620217 467 0.1038961668278127 
310620005620218 344 0.0971446723867518 
310620005620221 510 0.1093491399635906 
310620005620222 696 0.1184464088327858 
310620005620225 678 0.1166836548133816 
310620005620228 660 0.1151790611067161 
310620005620229 588 0.1118348753465093 
310620005620230 343 0.0989596202024292 
310620005620232 409 0.0998273185911276 
310620005620233 577 0.1100871518066312 
310620005620234 347 0.0984977797610609 
310620005620235 324 0.0976356685580589 
310620005620236 407 0.100869363033338 
310620005620237 346 0.1000356536354574 
310620005620238 434 0.103951469383975 
310620005620241 487 0.1074810444285805 
310620005620242 448 0.1036737605828596 
310620005620243 356 0.0997259928990022 
310620005620245 576 0.1102149041450626 
310620005620246 215 0.0914987303541633 
310620005620248 257 0.09356221895212 
310620005620249 426 0.1030281035402749 
310620005620251 437 0.104127395520052 
310620005620252 327 0.0961603611318168 
310620005620253 714 0.1206245887042526 
310620005620254 389 0.0989405445605389 
310620005620256 597 0.1134491332360507 
310620005620257 701 0.1147166896985828 
310620005620258 676 0.1154925240234952 
310620005620261 694 0.116826308470939 
310620005620262 300 0.0947196380952491 
310620005620264 346 0.0967260747864665 
310620005620265 279 0.0938443646080951 
310620005620266 564 0.1099059517465478 
310620005620267 514 0.1069118914234912 
310620005620268 580 0.1116902168401721 
310620005620271 563 0.1131461829744885 
310620005620272 639 0.1158529746958017 
310620005620273 520 0.110258774916204 
310620005620274 389 0.1015800544567363 
310620005620275 402 0.101424184137071 
310620005620276 240 0.0937443293199841 
310620005620277 436 0.102631893792009 
310620005620280 177 0.0910263129805676 
310620005620281 187 0.0910804758960664 
310620005620282 240 0.091426013903493 
310620005620283 389 0.10203626208224 
310620005620284 366 0.1017983340520699 
310620005620285 442 0.103967562703967 
310620005620286 408 0.1033642414891457 
310620005620288 803 0.1166855240871499 
310620005620289 411 0.0971562567697687 
310620005620290 575 0.129026731046665 
310620005620291 163 0.0825101487348308 
310620005620292 151 0.0835443417839347 
310620005620293 343 0.092752686500344 
310620005620294 631 0.1318596317659153 
310620005620295 635 0.1082644132007969 
310620005620296 372 0.0941120131867554 
310620005620298 675 0.1098373850778205 
310620005620299 428 0.0971961472193476 
310620005620301 441 0.0970902476853618 
310620005620302 618 0.1299533263027579 
310620005620303 555 0.1096302626497426 
310620005620305 169 0.085190629075323 
310620005620306 570 0.1048365189460868 
310620005620307 334 0.0957591581783134 
310620005620308 468 0.1027307177523999 
310620005620309 343 0.0965657887689234 
310620005620310 492 0.104060454345296 
310620005620311 438 0.1009839483146957 
310620005620312 526 0.107183936432296 
310620005620313 418 0.1010505671390809 
310620005620314 440 0.1021495732836227 
310620005620315 389 0.1007991287637857 
310620005620316 349 0.0982694538818342 
310620005620317 376 0.0987748088831406 
310620005620318 546 0.1101334308621835 
310620005620319 376 0.099747425856557 
310620005620320 394 0.102129199873239 
310620005620321 539 0.1090874637982905 
310620005620322 372 0.0999892756143167 
310620005620323 528 0.1069203030005133 
310620005620325 318 0.0991124226398649 
310620005620326 340 0.0987092525176603 
310620005620327 386 0.1008596692961248 
310620005620328 264 0.0918874427356055 
310620005620330 432 0.1006009539724252 
310620005620331 0 0.0771485028327926 
310620005620332 478 0.1044376466694179 
310620005620334 374 0.0984592504755948 
310620005620336 250 0.0953579362863496 
310620005620337 673 0.1170246073708117 
310620005620339 267 0.0944245940605369 
310620005620340 733 0.121940805488386 
310620005620341 486 0.105794490742208 
310620005620342 573 0.1106067868997356 
310620005620343 409 0.1003436959359181 
310620005620344 182 0.0878331761119039 
310620005620345 399 0.1008420799259234 
310620005620346 465 0.105854530423277 
310620005620347 293 0.0953433844578209 
310620005620348 451 0.1029958070456468 
310620005620349 607 0.1130649167857949 
310620005620350 280 0.0940260172291754 
310620005620351 474 0.1046180086624696 
310620005620352 647 0.1143333853395166 
310620005620358 480 0.1071499372360731 
310620005620359 513 0.1096727250542562 
310620005620360 332 0.0988734412502647 
310620005620361 439 0.1018964026191697 
310620005620363 462 0.1063588872780707 
310620005620364 461 0.1051670256300267 
310620005620368 581 0.1085337352551207 
310620005620369 367 0.0989476425939892 
310620005620370 357 0.0976538863833623 
310620005620371 456 0.1046569452921886 
310620005620372 285 0.0972469533274494 
310620005620373 290 0.0937394504075174 
310620005620374 492 0.1053892556582682 
310620005620375 369 0.0983737092737318 
310620005620378 383 0.1006101400081186 
310620005620379 322 0.0956859598212209 
310620005620380 475 0.1049768012071725 
310620005620381 626 0.1148511457389448 
310620005620383 659 0.1137920780199826 
310620005620384 402 0.1016812337061732 
310620005620385 349 0.0992527084840622 
310620005620387 410 0.1005927821003746 
310620005620388 410 0.1008173728354954 
310620005620389 497 0.106857542649949 
310620005620391 472 0.1063871061889121 
310620005620392 289 0.0949464043373494 
310620005620393 425 0.1033215817276073 
310620005620394 343 0.1004806733794258 
310620005620395 541 0.108599041740803 
310620005620396 254 0.0926183327682582 
310620005620397 273 0.0958847782895072 
310620005620398 530 0.1073195166847308 
310620005620400 533 0.1087025358218313 
310620005620401 393 0.1001874991577213 
310620005620402 756 0.12158136526485 
310620005620403 392 0.1031729533841121 
310620005620404 523 0.1106085476901855 
310620005620405 423 0.1071958575613753 
310620005620406 348 0.0983542746678565 
310620005620407 199 0.0898090342954832 
310620005620408 378 0.0988200955240651 
310620005620409 321 0.097216091753028 
310620005620410 509 0.1069525081889154 
310620005620411 386 0.1005722231541075 
310620005620412 257 0.0937169072204236 
310620005620413 564 0.1096982602158622 
310620005620414 574 0.1096219587144791 
310620005620415 446 0.1051714694048463 
310620005620417 471 0.1056938516014997 
310620005620418 320 0.0958888486632906 
310620005620419 713 0.1175972447535682 
310620005620420 493 0.1067241869251153 
310620005620421 482 0.1087042281766419 
310620005620422 489 0.1113626660319696 
310620005620423 452 0.1054606341627323 
310620005620424 515 0.1081571546493217 
310620005620425 227 0.092091823187143 
310620005620426 523 0.1087254578863814 
310620005620427 322 0.0959805500513493 
310620005620428 136 0.0863577664368208 
310620005620429 512 0.1076597657808768 
310620005620430 251 0.0923316054895045 
310620005620432 234 0.0909327071143809 
310620005620433 585 0.1108393626978246 
310620005620434 247 0.093420834877993 
310620005620435 404 0.102250331529897 
310620005620436 592 0.1127495948364405 
310620005620437 430 0.1029025851173631 
310620005620439 68 0.0826325845329881 
310620005620440 207 0.0916882436300988 
310620005620441 89 0.086548593971541 
310620005620442 578 0.1121359818560272 
310620005620443 371 0.0987254560830992 
310620005620445 177 0.0881393454359838 
310620005620446 268 0.0931564758964729 
310620005620447 217 0.0908796080316057 
310620005620448 221 0.0907193202967937 
310620005620449 455 0.1036275442371274 
310620005620450 126 0.0871688440061784 
310620005620451 145 0.0873436955192467 
310620005620452 79 0.0840331412570349 
310620005620453 335 0.0991926301006202 
310620005620454 110 0.0863959074039585 
310620005620455 263 0.0951681473569306 
310620005620457 108 0.0854758153138108 
310620005620458 357 0.0988594512167532 
310620005620459 129 0.0850891357453779 
310620005620462 242 0.0884350241844961 
310620005620463 331 0.0962349099553958 
310620005620464 134 0.0843991191090445 
310620005620465 185 0.0846697993132501 
310620005620466 470 0.102776889346034 
310620005620467 295 0.0905205268237251 
310620005620468 497 0.1006180959974098 
310620005620469 663 0.1169018756981601 
310620005620472 986 0.1361772386608009 
310620005620474 239 0.0902572093499603 
310620005620475 306 0.0943628496885967 
310620005620478 405 0.0960920700326849 
310620005620479 627 0.1067856225445728 
310620005620480 214 0.0915519571800718 
310620005620481 371 0.1006761784868517 
310620005620483 346 0.0975346768744374 
310620005620484 179 0.0914192100085833 
310620005620485 76 0.0821444233272798 
310620005620486 317 0.0955502650505771 
310620005620487 98 0.0823053254946512 
310620005620488 73 0.0802961408976617 
310620005620489 160 0.0841802443432362 
310620005620490 45 0.078604849174225 
310620005620492 418 0.1019545160197791 
310620005620494 358 0.0977293924484002 
310620005620495 419 0.1018563696993319 
310620005620496 367 0.0999211526749836 
310620005620497 212 0.09137818188391 
310620005620498 492 0.1051724443832217 
310620005620499 368 0.0974423957470785 
310620005620501 655 0.1088196216392541 
310620005620503 260 0.0889955848446272 
310620005620504 704 0.1113530711361949 
310620005620505 772 0.1159260605474832 
310620005620506 398 0.0996395167787566 
310620005620507 288 0.0926362824842945 
310620005620510 557 0.1039939889574647 
310620005620511 381 0.0943401657669768 
310620005620512 793 0.1157885903695757 
310620005620513 549 0.1028871182312455 
310620005620514 249 0.0884210948678926 
310620005620515 541 0.1030322585421187 
310620005620516 521 0.106629529768638 
310620005620517 360 0.0968069903403536 
310620005620518 449 0.1026496049156368 
310620005620519 417 0.1013766933399786 
310620005620520 298 0.0954468066699944 
310620005620521 293 0.094829627995172 
310620005620522 500 0.1080040993488605 
310620005620523 246 0.0914545838099702 
310620005620524 401 0.1021731604606313 
310620005620525 437 0.1044853356293239 
310620005620526 292 0.094710577057428 
310620005620527 405 0.1025947656188745 
310620005620528 589 0.1119597887926818 
310620005620529 407 0.1019753291886599 
310620005620530 329 0.1012276899700821 
310620005620531 137 0.0857151531893007 
310620005620532 174 0.0871475634071241 
310620005620533 290 0.0945060430534857 
310620005620534 370 0.0984525517200151 
310620005620535 354 0.0976275563567828 
310620005620536 324 0.0950950305927095 
310620005620537 322 0.0962167965351365 
310620005620538 404 0.1013515924245078 
310620005620540 455 0.1048803041471144 
310620005620541 403 0.1004769340074274 
310620005620542 191 0.0878798884466085 
310620005620543 265 0.0941459045993257 
310620005620544 127 0.0874959795015058 
310620005620545 408 0.1027399994608427 
310620005620546 304 0.0980933009505186 
310620005620547 261 0.0932376835642359 
310620005620548 598 0.1100530266335386 
310620005620550 278 0.0909996666224716 
310620005620551 476 0.1049588439063738 
310620005620552 429 0.1018643737439891 
310620005620553 356 0.0976308793917545 
310620005620554 322 0.0961674810408055 
310620005620555 464 0.1043005417343725 
310620005620556 394 0.1002083988210236 
310620005620557 438 0.1032069553496762 
310620005620558 345 0.0979589746091191 
310620005620559 340 0.0958423745920932 
310620005620560 280 0.0928646704349296 
310620005620561 401 0.1009888565869287 
310620005620562 377 0.0983998552887976 
310620005620563 379 0.0995860298599319 
310620005620564 223 0.0921257844173881 
310620005620565 595 0.1092038538025511 
310620005620566 309 0.0951041482894802 
310620005620567 344 0.0980701572079757 
310620005620568 411 0.1023086579738525 
310620005620569 334 0.0996564185754343 
310620005620570 529 0.1107816447533222 
310620005620571 326 0.0979488218182751 
310620005620572 393 0.0996539181299315 
310620005620573 456 0.1042010771321029 
310620005620574 372 0.1028426357966823 
310620005620575 433 0.1041484824911562 
310620005620576 331 0.0966635639120361 
310620005620577 308 0.0954040739897498 
310620005620578 434 0.1034630308947358 
310620005620579 410 0.0996894623379825 
310620005620580 557 0.1107143303251035 
310620005620581 442 0.1016860640557731 
310620005620582 452 0.101986345603278 
310620005620583 366 0.1006572670897669 
310620005620584 416 0.102391182643025 
310620005620585 444 0.1037279262658281 
310620005620586 702 0.1173641738437066 
310620005620587 335 0.0980164532304486 
310620005620588 247 0.0918934201104213 
310620005620589 282 0.0938187339692934 
310620005620590 723 0.1184647202917596 
310620005620591 448 0.0990127213615914 
310620005620592 529 0.102923006696232 
310620005620593 708 0.1119001079752651 
310620005620594 831 0.1291860640984342 
310620005620595 529 0.1024188832395254 
310620005620596 636 0.1091182918857666 
310620005620597 979 0.1237596336833125 
310620005620598 467 0.0994377050909868 
310620005620599 417 0.0975030061312342 
310620005620600 475 0.1008276810825754 
310620005620601 515 0.108528098862308 
310620005620602 295 0.0955902032395668 
310620005620603 343 0.0993688740336315 
310620005620604 378 0.1017364003381519 
310620005620605 310 0.0974554891162266 
310620005620606 361 0.0985668998751358 
310620005620607 282 0.0950656767996151 
310620005620608 413 0.100365622236794 
310620005620609 268 0.0931825466320646 
310620005620610 328 0.1016524409709155 
310620005620611 424 0.1017422467561677 
310620005620612 426 0.1024602831670687 
310620005620613 345 0.0974230749735195 
310620005620614 335 0.0984242019464717 
310620005620615 318 0.0951944702033138 
310620005620616 315 0.0964820796961794 
310620005620617 366 0.098244588679122 
310620005620618 352 0.0973502866275065 
310620005620619 308 0.0954677023619809 
310620005620620 351 0.0975360376112728 
310620005620621 287 0.0951194516581929 
310620005620622 423 0.1025885866987487 
310620005620623 349 0.0980648979333035 
310620005620624 359 0.0986013461754965 
310620005620625 493 0.1063682651496535 
310620005620626 443 0.1033980068784567 
310620005620627 253 0.0948245658213259 
310620005620628 158 0.0904176657364029 
310620005620629 348 0.0989520139496168 
310620005620630 386 0.0998152756501442 
310620005620631 272 0.0956788799878783 
310620005620632 399 0.0996836440694445 
310620005620633 413 0.1010963579100882 
310620005620634 335 0.0943674704353847 
310620005620635 367 0.0970646623921514 
310620005620636 313 0.0949504675014372 
310620005620637 271 0.0937788047222113 
310620005620638 280 0.094005090116784 
310620005620639 434 0.1021565586534596 
310620005620640 391 0.1006262915087273 
310620005620641 386 0.10197548719821 
310620005620642 381 0.1006226540978032 
310620005620643 432 0.102823471761712 
310620005620644 309 0.0986011343423103 
310620005620645 246 0.0939676636833423 
310620005620646 313 0.0974465772000665 
310620005620647 177 0.0884755118318557 
310620005620648 328 0.1000231376449389 
310620005620649 175 0.0896772929110378 
310620005620650 510 0.1012816543740598 
310620005620651 456 0.0990377641180449 
310620005620652 271 0.08798195861842 
310620005620653 218 0.0867988829691738 
310620005620654 384 0.0954958847409356 
310620005620655 591 0.1088732024713697 
310620005620656 726 0.1154659993408546 
310620005620657 538 0.1021106375261186 
310620005620658 542 0.1029430898047586 
310620005620659 459 0.0998620022867606 
310620005620660 451 0.0991293914915925 
310620005620661 404 0.0964927966634023 
310620005620662 458 0.0999907469421117 
310620005620663 247 0.0916708050179049 
310620005620664 282 0.0937726035769339 
310620005620665 335 0.0976873981890144 
310620005620666 320 0.0956591183767916 
310620005620667 287 0.0960101825405881 
310620005620668 362 0.099583394475292 
310620005620669 411 0.1015101341781342 
310620005620670 410 0.1012251030328812 
310620005620671 414 0.101189551524862 
310620005620672 175 0.0867676762944071 
310620005620674 446 0.1051223571425392 
310620005620675 208 0.0910729722577602 
310620005620676 194 0.0907058620999947 
310620005620677 351 0.0984284667206563 
310620005620678 291 0.0936440860460447 
310620005620680 288 0.0943761451658276 
310620005620681 315 0.095655564800086 
310620005620682 297 0.0961974625189455 
310620005620683 391 0.1006703453858519 
310620005620684 237 0.0912628735460251 
310620005620685 299 0.0945701782116628 
310620005620686 326 0.0964006119450108 
310620005620687 236 0.0907321084887753 
310620005620688 393 0.0997572135793523 
310620005620689 417 0.106070831382097 
310620005620691 299 0.0952776824346568 
310620005620692 235 0.0925510277239071 
310620005620693 361 0.0987881866719077 
310620005620694 369 0.0994677412281699 
310620005620695 327 0.0976861735915395 
310620005620696 359 0.0985799375381522 
310620005620697 361 0.098835583217563 
310620005620698 345 0.0989604964057421 
310620005620699 719 0.1177242273683371 
310620005620700 265 0.0919287805999553 
310620005620701 442 0.1026275855373415 
310620005620702 358 0.0964372599964113 
310620005620703 318 0.0991968406498114 
310620005620704 369 0.0996467542412523 
310620005620705 475 0.1057119326757313 
310620005620706 340 0.0989939694071798 
310620005620707 298 0.0953423124163927 
310620005620708 378 0.0988240435862469 
310620005620709 213 0.0907550737825944 
310620005620710 273 0.0927350231180128 
310620005620711 525 0.1083587959028594 
310620005620712 233 0.0928567626531029 
310620005620713 235 0.0929310577913856 
310620005620714 358 0.0977660816715444 
310620005620715 230 0.0936202338398788 
310620005620716 431 0.1030891893004313 
310620005620717 136 0.0871778985581012 
310620005620718 166 0.0883620328764348 
310620005620719 137 0.0865728189604918 
310620005620720 196 0.0915211339836262 
310620005620721 474 0.1037789176856106 
310620005620722 355 0.0981086218111242 
310620005620723 425 0.0975306146566541 
310620005620724 360 0.0938420420010466 
310620005620725 512 0.1015472178498046 
310620005620726 563 0.1038452415557969 
310620005620727 486 0.1007998612969411 
310620005620728 297 0.0931639668724629 
310620005620729 275 0.0939549078570014 
310620005620730 235 0.0908385773335834 
310620005620731 224 0.0912870733874553 
310620005620732 222 0.0922383520940649 
310620005620733 327 0.0962255229907648 
310620005620734 372 0.0997704381624787 
310620005620735 313 0.096128599756063 
310620005620736 292 0.0947092567137732 
310620005620738 437 0.100757487633119 
310620005620739 384 0.1015099504422112 
310620005620740 399 0.1007808801142609 
310620005620742 440 0.1027788766082388 
310620005620743 384 0.0985253329202307 
310620005620744 328 0.0952671600758248 
310620005620745 505 0.1065133179113839 
310620005620746 515 0.1066647213914902 
310620005620747 483 0.100689510360506 
310620005620748 530 0.1022216817142603 
310620005620749 389 0.1023795798529566 
310620005620750 334 0.0969107680472635 
310620005620751 446 0.1018802566614037 
310620005620752 467 0.1044560938038748 
310620005620755 309 0.095200629734541 
310620005620756 357 0.0989132206031032 
310620005620757 431 0.097536191084451 
310620005620758 537 0.1030129255915962 
310620005620759 535 0.1064206273772734 
310620005620760 798 0.1169065424721655 
310620005620761 330 0.0952143951553641 
310620005620762 309 0.0946751500909226 
310620005620763 404 0.1040329844462769 
310620005620764 503 0.1019992700423534 
310620005620765 347 0.0995495836129786 
310620005620766 776 0.1214304351374229 
310620005620767 393 0.1015709110343976 
310620005620768 247 0.0929730987924402 
310620005620769 534 0.1079080264166935 
310620005620770 347 0.0945034444085878 
310620005620771 282 0.0933539542945047 
310620005620772 377 0.0998205921468939 
310620005620776 0 0.0771485028327926 
310620005620777 179 0.1074547375286796 
310620005620778 258 0.0928129025709983 
310620005620779 307 0.0936665572844822 
310620005620780 331 0.0959767326948773 
310620005620781 340 0.0971071228085217 
310620005620782 262 0.0936722858316065 
310620005620783 317 0.0995579731767023 
310620005620784 359 0.0980949050073879 
310620005620785 267 0.0949800339784507 
310620005620786 163 0.0877381798157596 
310620005620787 403 0.1016104312492806 
310620005620788 335 0.0966866778600392 
310620005620789 403 0.1016583071469192 
310620005620790 420 0.1020903191220318 
310620005620791 334 0.0994347519099531 
310620005620792 299 0.0970008541443743 
310620005620793 198 0.0894633973150527 
310620005620795 286 0.0933457366091278 
310620005620796 198 0.0917579841960996 
310620005620800 545 0.1094884946354386 
310620005620801 340 0.0986827053428292 
310620005620802 238 0.0938295342297315 
310620005620803 313 0.1410674217945702 
310620005620804 231 0.0924629875185234 
310620005620805 209 0.0924838585548088 
310620005620806 194 0.0906784986335155 
310620005620807 332 0.0978860178341829 
310620005620808 286 0.0934487253926166 
310620005620809 133 0.0830907712744038 
310620005620810 120 0.0823967724091173 
310620005620811 269 0.0934556761545551 
310620005620812 247 0.0912811458088069 
310620005620813 520 0.1055508211015612 
310620005620814 373 0.0949257927694198 
310620005620815 482 0.1052822265189311 
310620005620816 0 0.0771485028327926 
310620005620817 285 0.0959882545704788 
310620005620818 127 0.0875922328075586 
310620005620819 486 0.1075492410705136 
310620005620820 167 0.086585847443945 
310620005630003 526 0.1039067862341757 
310620005630004 416 0.1003188041362105 
310620005630005 553 0.1064128995719963 
310620005630007 489 0.1031112835668906 
310620005630009 532 0.1043850551753098 
310620005630010 741 0.1166044625989767 
310620005630011 539 0.1061472851349976 
310620005630012 588 0.1092508987870317 
310620005630013 194 0.0879215162072861 
310620005630014 412 0.0993036638305753 
310620005630015 656 0.1129839914165857 
310620005630016 524 0.1048335220957682 
310620005630018 440 0.1003020159916852 
310620005630020 87 0.080784962020348 
310620005630021 0 0.0771485028327926 
310620005630023 818 0.1203699245636326 
310620005630024 674 0.1126423976430387 
310620005630025 431 0.0999002354225199 
310620005630026 490 0.1026866276259341 
310620005630027 862 0.1212664708997284 
310620005630028 744 0.1165256726009792 
310620005630029 514 0.1038733734217206 
310620005630030 685 0.1135320191504913 
310620005630031 598 0.1082757961451322 
310620005630032 672 0.113238833517749 
310620005630033 672 0.1132190609725988 
310620005630034 488 0.103909405248081 
310620005630035 547 0.1080550160730421 
310620005630036 568 0.1092348838377354 
310620005630038 528 0.1055392794825162 
310620005630039 530 0.1064997967512862 
310620005630040 476 0.102595770078239 
310620005630041 714 0.1179719779313002 
310620005630042 535 0.1055981746874377 
310620005630043 702 0.1154043935046908 
310620005630044 519 0.1041098789925711 
310620005630045 440 0.0999386857115413 
310620005630046 427 0.0998636188347387 
310620005630047 629 0.1115170779835328 
310620005630048 353 0.0955154708174413 
310620005630049 676 0.1127901696409818 
310620005630050 637 0.1097680460749893 
310620005630051 445 0.101007827077732 
310620005630052 407 0.0981284633206286 
310620005630053 607 0.1077253137849865 
310620005630054 590 0.1061344236728111 
310620005630056 626 0.1075800898194845 
310620005630058 378 0.0964456209351903 
310620005630059 481 0.1020689548896311 
310620005630060 743 0.1184117428389138 
310620005630061 428 0.0989734431833332 
310620005630062 531 0.1062340444163758 
310620005630064 361 0.0966741445646629 
310620005630065 390 0.0999611584694523 
310620005630066 348 0.0978222085928365 
310620005630068 482 0.1044730647360822 
310620005630069 325 0.0992852221478323 
310620005630070 433 0.1014646721830924 
310620005630073 429 0.0998066904728942 
310620005630074 456 0.1019346973216441 
310620005630075 472 0.1030658268271519 
310620005630076 313 0.0938285730226547 
310620005630079 628 0.1108676996081379 
310620005630081 605 0.109497491602109 
310620005630082 448 0.1007371441501715 
310620005630083 344 0.0948638036710497 
310620005630084 668 0.1122593217179792 
310620005630085 591 0.1079068136405984 
310620005630086 380 0.0972734426596843 
310620005630087 466 0.1005878891431078 
310620005630088 808 0.1177771346997052 
310620005630089 473 0.1000197247488042 
310620005630090 687 0.1121244695052243 
310620005630091 633 0.1084735892406249 
310620005630092 597 0.106751362818794 
310620005630093 528 0.1042497952755078 
310620005630094 486 0.1020929159754977 
310620005630095 564 0.1077933785840141 
310620005630096 413 0.1023931047042866 
310620005630097 626 0.1111019686824331 
310620005630098 345 0.0951299046331069 
310620005630099 382 0.0959174994257578 
310620005630100 539 0.1066159825093701 
310620005630101 482 0.105490081884247 
310620005630102 401 0.1001251194517503 
310620005630103 572 0.1098708835246354 
310620005630104 618 0.1124952574223312 
310620005630105 293 0.0946386444688935 
310620005630106 473 0.10297267080134 
310620005630107 501 0.1041030293571023 
310620005630108 389 0.0979980147282518 
310620005630110 419 0.099072438340081 
310620005630112 464 0.1023654124174539 
310620005630113 434 0.1013224986151373 
310620005630114 404 0.0986040948405853 
310620005630115 309 0.093443574198329 
310620005630116 528 0.1054720041184937 
310620005630117 480 0.1029262500676381 
310620005630118 460 0.1009350089456105 
310620005630119 505 0.1036731122814296 
310620005630120 526 0.1037663105639258 
310620005630121 410 0.0984738122104053 
310620005630122 652 0.1111043360924779 
310620005630123 707 0.1143331264402011 
310620005630125 506 0.1026659384174599 
310620005630126 728 0.1138739660696784 
310620005630127 589 0.1066574636848342 
310620005630128 617 0.1076584234294914 
310620005630129 763 0.1157681737103726 
310620005630130 728 0.1129500622095674 
310620005630131 481 0.1012577520115673 
310620005630132 702 0.1132399272750892 
310620005630133 560 0.10673784021937 
310620005630134 549 0.1066168703052652 
310620005630136 515 0.1051040907153969 
310620005630137 471 0.1038958574853548 
310620005630138 446 0.1022066020760364 
310620005630139 438 0.1015764605870514 
310620005630142 516 0.1062633554924602 
310620005630143 358 0.0971636232017646 
310620005630145 754 0.1194476634580727 
310620005630146 541 0.1070569816319683 
310620005630147 452 0.1014517777602203 
310620005630148 400 0.0980324312813739 
310620005630149 535 0.105938364442924 
310620005630150 537 0.1066077820002546 
310620005630151 703 0.1149623631735984 
310620005630152 505 0.1041236970325548 
310620005630153 682 0.1136225966185598 
310620005630154 460 0.1005633614483486 
310620005630155 777 0.1179894099391158 
310620005630156 504 0.102903046318524 
310620005630157 546 0.1053184248912106 
310620005630158 744 0.1156335877271106 
310620005630159 434 0.0995334845835786 
310620005630160 582 0.1062510202480032 
310620005630162 340 0.0931177549934572 
310620005630163 419 0.0975728122701535 
310620005630164 942 0.1237881988650651 
310620005630165 763 0.1140537620408245 
310620005630166 720 0.1133519938784057 
310620005630167 696 0.1109434258073853 
310620005630168 466 0.100030372021932 
310620005630169 334 0.0925382451807662 
310620005630170 699 0.1112692086890086 
310620005630171 506 0.1021390081868433 
310620005630172 892 0.1223015070243913 
310620005630173 376 0.0950890138742976 
310620005630175 547 0.105759070362106 
310620005630176 661 0.1122483357457917 
310620005630177 617 0.1113330059275777 
310620005630178 450 0.1003595125953442 
310620005630180 554 0.1087419123776577 
310620005630181 553 0.1068432040478959 
310620005630182 381 0.0978898888164488 
310620005630183 449 0.1012570305130448 
310620005630184 560 0.1093759953565952 
310620005630185 426 0.0975493725984549 
310620005630186 453 0.1015563399265496 
310620005630187 514 0.1020523784138381 
310620005630189 472 0.1054957502203841 
310620005630190 306 0.0943308571106571 
310620005630191 204 0.0896429747769531 
310620005630192 365 0.0981653971744798 
310620005630196 381 0.099358514125748 
310620005630197 592 0.1090855113611421 
310620005630198 509 0.1044930280142898 
310620005630199 587 0.1097192391846386 
310620005630200 639 0.1131107655752055 
310620005630202 546 0.1066292765432187 
310620005630203 512 0.1057486188900318 
310620005630205 414 0.0978443074192252 
310620005630206 494 0.1024045307210343 
310620005630207 702 0.1119771272380968 
310620005630211 459 0.1008046560382762 
310620005630213 590 0.1088425464951723 
310620005630214 417 0.1002145055504755 
310620005630216 519 0.1078508093197035 
310620005630217 506 0.1061222136722665 
310620005630219 401 0.0999934214010159 
310620005630220 443 0.1020734768237526 
310620005630221 433 0.1007166140548356 
310620005630222 538 0.1066614930864509 
310620005630223 658 0.1123341024256088 
310620005630224 506 0.105278216033865 
310620005630225 292 0.0933821082823365 
310620005630226 523 0.106798724172339 
310620005630227 483 0.1034329412599911 
310620005630228 659 0.1100062354250663 
310620005630229 541 0.1052611594498295 
310620005630230 514 0.103290073896337 
310620005630231 566 0.1055977927391198 
310620005630233 243 0.0910665283901855 
310620005630234 472 0.1021342972561046 
310620005630238 549 0.1078279501287979 
310620005630239 746 0.1200055337955859 
310620005630241 471 0.1042184379615023 
310620005630242 623 0.1147840196445973 
310620005630243 540 0.1063812492843234 
310620005630244 334 0.0981523554315563 
310620005630245 378 0.0981162737869145 
310620005630246 421 0.1007066595207029 
310620005630247 628 0.1143875193323936 
310620005630249 242 0.0908404410013799 
310620005630250 604 0.1119899142584896 
310620005630251 590 0.109926199756878 
310620005630253 548 0.1062709144075485 
310620005630256 95 0.0837044758760384 
310620005630260 650 0.1101886826348358 
310620005630261 766 0.1177694975803194 
310620005630262 823 0.1219842497768503 
310620005630263 512 0.1020704751831046 
310620005630264 550 0.1039652616901047 
310620005630265 601 0.1067190392096746 
310620005630266 648 0.1306000244892369 
310620005630269 600 0.1087599387414729 
310620005630270 528 0.1092488968772895 
310620005630271 816 0.1184383722781515 
310620005630273 149 0.0855546442512607 
310620005630275 265 0.0911868887994225 
310620005630276 363 0.0971448113808289 
310620005630277 435 0.1018169416765311 
310620005630278 111 0.0843131116123501 
310620005630279 247 0.0902866557673403 
310620005630280 467 0.1030538385747223 
310620005630281 344 0.0959956714772624 
310620005630282 455 0.102469522831137 
310620005630283 390 0.0979600128803567 
310620005630284 498 0.1046777755545562 
310620005630285 440 0.1013329949371838 
310620005630286 555 0.1076673569703417 
310620005630287 423 0.1004979796162176 
310620005630288 332 0.09384095043614 
310620005630289 557 0.1083091835561491 
310620005630290 426 0.1005259124368148 
310620005630291 568 0.1086668427753406 
310620005630292 420 0.1005231341010521 
310620005630293 534 0.1059275639530341 
310620005630294 384 0.0991969747044911 
310620005630295 274 0.0932576662445848 
310620005630296 120 0.0853231065669691 
310620005630297 61 0.0824027318929051 
310620005630298 242 0.0918489622185658 
310620005630300 117 0.0834683640384825 
310620005630301 248 0.0927914622196376 
310620005630302 490 0.1033242035725129 
310620005630303 500 0.1035119324774145 
310620005630304 78 0.0807151647696882 
310620005630305 480 0.101547254245397 
310620005630306 53 0.0813479068687453 
310620005630307 178 0.0867058136497633 
310620005630308 152 0.0842958928078262 
310620005630309 140 0.0849104478494059 
310620005630310 449 0.1014537440517903 
310620005630311 0 0.0771485028327926 
310620005630312 368 0.0991746139151607 
310620005630314 373 0.0948438857988226 
310620005630316 214 0.0865194690979664 
310620005630317 308 0.0957689548240415 
310620005630318 286 0.0915044061754188 
310620005630321 553 0.1061398686052609 
310620005630322 125 0.0820638587485206 
310620005630323 463 0.101386061980064 
310620005630324 570 0.1073424321433399 
310620005630325 523 0.1040576061692313 
310620005630326 290 0.091570325970365 
310620005630328 498 0.1026012748598802 
310620005630329 421 0.0984145785902524 
310620005630332 95 0.0820255248422524 
310620005630334 614 0.1104546670356092 
310620005630335 387 0.0974073008515123 
310620005630336 396 0.0960853346593555 
310620005630337 458 0.1054317144645959 
310620005630338 30 0.0771253566204712 
310620005630339 299 0.0921583443932659 
310620005630340 213 0.0875983207315134 
310620005630341 466 0.1012734859196558 
310620005630344 363 0.0949708825526012 
310620005630345 126 0.0826571856327541 
310620005630346 490 0.102392983849965 
310620005630347 515 0.1019636194913879 
310620005630348 437 0.0987025563214618 
310620005630349 686 0.1110047177360398 
310620005630350 198 0.0863069217234831 
310620005630351 194 0.0865537805475849 
310620005630352 322 0.1076529042915477 
310620005630353 165 0.0849467474467696 
310620005630354 362 0.0972159258621036 
310620005630356 222 0.0886726799971863 
310620005630357 316 0.0929439972312667 
310620005630358 158 0.0838967442422269 
310620005630360 586 0.1056745217459401 
310620005630361 485 0.1011699420844035 
310620005630362 325 0.0929827094393577 
310620005630363 683 0.1115546266444125 
310620005630364 568 0.1048157156552356 
310620005630365 400 0.0955661300523596 
310620005630366 180 0.0898740838485128 
310620005630367 424 0.1004193747569177 
310620005630368 610 0.1099077441393656 
310620005630369 501 0.1027989610082788 
310620005630371 509 0.1016138494068894 
310620005630372 771 0.114726356276244 
310620005630373 108 0.0824884749237936 
310620005630374 754 0.1159657908398042 
310620005630375 264 0.0923219461775461 
310620005630376 71 0.0806445783696427 
310620005630377 275 0.0927033146989914 
310620005630378 336 0.0970094822360135 
310620005630379 676 0.1127563283053704 
310620005630380 666 0.1142125913722258 
310620005630381 389 0.0973913271567833 
310620005630382 169 0.085756257015586 
310620005630386 530 0.1051791954682312 
310620005630387 496 0.1022478114493667 
310620005630388 606 0.1084051044170792 
310620005630389 581 0.1062817252077659 
310620005630391 514 0.1020832783857519 
310620005630392 161 0.0839857243088364 
310620005630395 93 0.0796218829259657 
310620005630396 571 0.1039726702758193 
310620005630398 190 0.0836056972226479 
310620005630399 401 0.1012675426952737 
310620005630400 289 0.0944425837175814 
310620005630411 688 0.1161242230912277 
310620005630412 42 0.0787203812639944 
310620005630413 54 0.0797184172310182 
310620005630414 45 0.0787999651663959 
310620005630415 293 0.0938760048969667 
310620005630416 548 0.1073736362943517 
310620005630417 448 0.1006593310838037 
310620005630418 345 0.0934914437814394 
310620005630420 414 0.0995407947612584 
310620005630421 441 0.0994200118193032 
310620005630422 299 0.091422029893933 
310620005630423 403 0.0992722367750201 
310620005630424 441 0.0990482811597436 
310620005630425 397 0.0995816586382089 
310620005630426 489 0.101043465977874 
310620005630427 409 0.0993019388338425 
310620005630428 342 0.0975191115336569 
310620005630429 412 0.097677915879869 
310620005630430 417 0.0984178172748077 
310620005630431 262 0.0914609191710433 
310620005630432 351 0.0950896621218966 
310620005630433 520 0.1043496017354172 
310620005630434 425 0.0987885487541136 
310620005630435 342 0.094694181850532 
310620005630436 398 0.0989102483389806 
310620005630437 359 0.0962006088681394 
310620005630438 353 0.095617453501554 
310620005630439 354 0.0951828278816799 
310620005630440 285 0.0944455125340399 
310620005630441 325 0.0943522064648918 
310620005630442 341 0.0948348519911101 
310620005630443 378 0.0975992662259875 
310620005630444 507 0.1019054424943639 
310620005630445 326 0.0939344884817281 
310620005630446 528 0.105613051214962 
310620005630447 672 0.1125226989900961 
310620005630448 459 0.1014334687755137 
310620005630449 486 0.1007061492156676 
310620005630450 438 0.1005963026097504 
310620005630451 453 0.1011844468947815 
310620005630452 484 0.1026176205970959 
310620005630453 352 0.0962653625475566 
310620005630454 295 0.0930041930797397 
310620005630455 362 0.0965287016326439 
310620005630456 394 0.0978466920118631 
310620005630457 434 0.1002044272010362 
310620005630458 275 0.0909820811857725 
310620005630459 452 0.1006187640403862 
310620005630460 417 0.0991333301127357 
310620005630461 505 0.1023041698660576 
310620005630462 255 0.0914084309899403 
310620005630463 132 0.0842145669990448 
310620005630464 317 0.0926530759913513 
310620005630465 358 0.0947140279348802 
310620005630466 251 0.0906487928142621 
310620005630467 612 0.108688765586962 
310620005630468 377 0.097248425941913 
310620005630469 225 0.0887781960958278 
310620005630470 144 0.0876886910749628 
310620005630471 408 0.1007022262945007 
310620005630472 370 0.0970880445532441 
310620005630473 417 0.0976935284543042 
310620005630474 347 0.0965973024149307 
310620005630475 517 0.102473737557666 
310620005630476 548 0.1048763750497077 
310620005630477 710 0.1123632745702274 
310620005630478 714 0.1122495195864413 
310620005630483 24 0.0779990784998382 
310620005630485 23 0.0771756489727448 
310620005630486 484 0.1025789601086055 
310620005630487 472 0.0994692690160384 
310620005630488 420 0.0999131146633797 
310620005630489 461 0.0990767778551353 
310620005630490 431 0.1126358057829269 
310620005630491 350 0.0928584233371032 
310620005630492 575 0.1096105557762299 
310620005630493 463 0.1018763660706738 
310620005630494 360 0.0943567042204292 
310620005630496 490 0.1040033241026561 
310620005630497 753 0.1166190135772225 
310620005630498 289 0.092076412885225 
310620005630499 196 0.086327645690675 
310620005630500 376 0.0943084805582842 
310620005630501 84 0.0826244082218573 
310620005630502 76 0.0798901582747245 
310620005630503 422 0.0996901917901275 
310620005630504 697 0.1152277020034731 
310620005630505 393 0.0991347441572876 
310620005630507 483 0.1021232343004377 
310620005630508 439 0.100555801649985 
310620005630509 682 0.1145861075071905 
310620005630510 580 0.1079218283023033 
310620005630511 573 0.1072245114572761 
310620005630512 498 0.1061630501928495 
310620005630513 425 0.0975158859528863 
310620005630514 526 0.1032684613855896 
310620005630515 473 0.1028374133355134 
310620005630516 323 0.0942526669112555 
310620005630517 458 0.0985710857424331 
310620005630518 617 0.1068225109873167 
310620005630519 531 0.1056021485040497 
310620005630520 565 0.1061518464931901 
310620005630521 526 0.1048521278139109 
310620005630522 394 0.0967900037856201 
310620005630523 582 0.1064307126591818 
310620005630524 335 0.0930056080578635 
310620005630525 134 0.0840534136226176 
310620005630526 448 0.0995116679476868 
310620005630527 366 0.09763501765022 
310620005630528 374 0.0980212814833612 
310620005630529 467 0.1005430667694353 
310620005630530 433 0.0988815252429242 
310620005630531 395 0.0983198525562162 
310620005630532 372 0.0973457887570509 
310620005630533 377 0.0973149957251405 
310620005630534 345 0.0950647053678876 
310620005630535 291 0.0935192268038269 
310620005630536 269 0.0913816413888826 
310620005630537 425 0.0994046209802829 
310620005630538 394 0.0973095503597969 
310620005630539 359 0.0964269918898352 
310620005630540 411 0.0991754653706896 
310620005630541 319 0.0935101654662179 
310620005630542 328 0.0947340711351671 
310620005630543 359 0.0960185033909046 
310620005630544 349 0.0956095214475014 
310620005630545 414 0.0997176512568688 
310620005630546 364 0.0967058545388742 
310620005630547 368 0.0968062378209949 
310620005630548 368 0.0967202185298733 
310620005630549 369 0.0964995820529496 
310620005630550 386 0.0976429657820341 
310620005630551 376 0.0960132603983329 
310620005630552 433 0.0981647882009238 
310620005630553 406 0.0986839655193322 
310620005630554 377 0.0966778659607196 
310620005630555 268 0.0939657041641845 
310620005630556 346 0.0980664984616421 
310620005630557 405 0.0989133093775407 
310620005630558 368 0.0964376413246122 
310620005630559 363 0.0973600755657231 
310620005630560 329 0.0957366831636323 
310620005630561 196 0.0872872794314017 
310620005630562 0 0.0771485028327926 
310620005630563 333 0.0952984836205571 
310620005630564 289 0.0923486632302508 
310620005630565 479 0.1041329427295705 
310620005630566 283 0.0933030390548681 
310620005630567 469 0.1003657195227622 
310620005630568 462 0.100387033667395 
310620005630569 477 0.1005909048842618 
310620005630570 378 0.0939652279021487 
310620005630571 610 0.1074649027721426 
310620005630572 305 0.0938583131431012 
310620005630573 106 0.0822906007504839 
310620005630574 275 0.0946632492169008 
310620005630575 319 0.0943073134794795 
310620005630576 411 0.0964371406089176 
310620005630577 333 0.0929239496125376 
310620005630578 116 0.081820559553079 
310620005630579 610 0.1095689401408814 
310620005630580 351 0.0963424149765496 
310620005630581 348 0.0956944520763835 
310620005630582 0 0.0771485028327926 
310620005630583 310 0.0932906942747127 
310620005630584 461 0.0999659528666237 
310620005630585 415 0.0985795185951297 
310620005630586 342 0.0961751232168242 
310620005630587 383 0.0966755311776937 
310620005630588 362 0.0954719614208538 
310620005630589 182 0.0884086207990547 
310620005630590 274 0.09402108254559 
310620005630591 370 0.0972536011548157 
310620005630592 317 0.0955466484189378 
310620005630593 316 0.0989294055460452 
310620005630594 317 0.0959771209417226 
310620005640001 722 0.116835927597283 
310620005640002 743 0.1175030659170442 
310620005640003 487 0.1032248723489539 
310620005640004 318 0.0947342409492785 
310620005640005 463 0.1031758957141993 
310620005640006 701 0.116599256297259 
310620005640007 434 0.1021991477297414 
310620005640008 509 0.1057294966247275 
310620005640009 508 0.1048875820813852 
310620005640010 508 0.1055931525678858 
310620005640011 340 0.0966049476766697 
310620005640012 390 0.0984576997952463 
310620005640013 640 0.1123678088657932 
310620005640014 539 0.1062175598632194 
310620005640015 507 0.1042430387008726 
310620005640016 577 0.1100804694285115 
310620005640017 533 0.1083313764504643 
310620005640018 422 0.1016714632061549 
310620005640019 488 0.1062354885767863 
310620005640020 502 0.1060690365608036 
310620005640021 259 0.0912865263294307 
310620005640022 746 0.1192101668488677 
310620005640023 563 0.1076661737086686 
310620005640024 429 0.1011243718775146 
310620005640025 521 0.1057877421433286 
310620005640026 452 0.1024365227737326 
310620005640027 691 0.1143324104705933 
310620005640028 790 0.1190897832205808 
310620005640029 462 0.1020677152162745 
310620005640031 389 0.097514323031049 
310620005640032 473 0.1044441824338558 
310620005640033 392 0.0989386689679084 
310620005640034 67 0.0800819272889907 
310620005640035 491 0.1039985155463839 
310620005640036 540 0.1070989054650501 
310620005640037 324 0.0951386436118461 
310620005640038 389 0.0972217388437093 
310620005640039 415 0.0991314711292723 
310620005640040 709 0.115167151593356 
310620005640041 622 0.111290852560233 
310620005640042 391 0.099351073931263 
310620005640043 363 0.0979130873100347 
310620005640044 703 0.1172388291135916 
310620005640045 835 0.1243792557509052 
310620005640046 763 0.1214467838432291 
310620005640047 527 0.106906602097689 
310620005640048 751 0.1198652568515995 
310620005640049 403 0.0991815112602946 
310620005640050 710 0.1169227503392098 
310620005640051 478 0.1033529910296965 
310620005640052 668 0.1127232566628729 
310620005640053 539 0.1057813551135297 
310620005640054 682 0.1141145290440793 
310620005640055 358 0.0967575753801544 
310620005640056 413 0.0988415469628723 
310620005640057 698 0.1208847364574697 
310620005640058 498 0.1265789438076973 
310620005640059 504 0.1034799071329725 
310620005640060 685 0.123249538619686 
310620005640061 536 0.1050155098672698 
310620005640062 668 0.1127016480181559 
310620005640063 855 0.1225333942455528 
310620005640064 677 0.1129029677716362 
310620005640065 708 0.1170071873702934 
310620005640066 829 0.1249294794342734 
310620005640067 691 0.1155368485006607 
310620005640068 570 0.1103515478537869 
310620005640069 627 0.1125079314589853 
310620005640070 487 0.1052132606751808 
310620005640071 656 0.1145884285776773 
310620005640072 508 0.1056555664391427 
310620005640073 515 0.1066141019876348 
310620005640074 417 0.0999398645729379 
310620005640075 363 0.096238108366722 
310620005640076 707 0.1154372130958878 
310620005640077 350 0.0964274282950252 
310620005640078 649 0.111820197185324 
310620005640079 504 0.1038412126527001 
310620005640080 261 0.0901932358364415 
310620005640081 510 0.1039642502326333 
310620005640082 662 0.1132302981071021 
310620005640083 514 0.1030246119891522 
310620005640084 454 0.0994041987515383 
310620005640085 792 0.118931198923827 
310620005640086 741 0.1154793131468031 
310620005640087 487 0.104222763036677 
310620005640088 724 0.1139851283222128 
310620005640089 454 0.1009005945092778 
310620005640090 812 0.1222066141727682 
310620005640091 466 0.1018196177092126 
310620005640092 514 0.104682084163773 
310620005640093 590 0.1111441840769106 
310620005640094 594 0.1113580268764562 
310620005640095 717 0.1177757434410772 
310620005640096 461 0.1033911091244281 
310620005640098 538 0.1060919657793944 
310620005640099 599 0.1107092519807139 
310620005640100 612 0.1103940560768914 
310620005640101 623 0.1105222175016677 
310620005640102 659 0.1136751223452483 
310620005640103 576 0.1082327286271861 
310620005640104 637 0.1110788997818281 
310620005640105 709 0.1178878433631679 
310620005640106 376 0.0964202909505189 
310620005640107 401 0.0982818681773834 
310620005640108 724 0.1156434799143275 
310620005640110 695 0.1152691422941144 
310620005640111 547 0.1056794523490558 
310620005640112 572 0.1068002699930465 
310620005640113 532 0.1048188430265701 
310620005640114 109 0.0820274705785905 
310620005640115 787 0.1197060328213188 
310620005640116 512 0.1035235530996969 
310620005640117 794 0.1198778004589525 
310620005640118 490 0.1022313015661202 
310620005640120 672 0.113179621021177 
310620005640121 460 0.102075676182368 
310620005640122 482 0.1024656695045793 
310620005640123 773 0.1175487490444508 
310620005640124 695 0.1141175426845433 
310620005640125 758 0.1184773187009796 
310620005640126 210 0.0881477381636223 
310620005640127 676 0.1127388593693822 
310620005640128 559 0.1068422261152953 
310620005640129 164 0.0845368400113133 
310620005640130 413 0.0966367760034425 
310620005640131 859 0.1215858370265664 
310620005640133 984 0.128514938630316 
310620005640134 742 0.1186987401991736 
310620005640135 452 0.1020758575303915 
310620005640136 621 0.1114160692839406 
310620005640137 408 0.0987317611655758 
310620005640138 688 0.1153391157391836 
310620005640139 173 0.0862328854000497 
310620005640140 230 0.0894935966842206 
310620005640141 745 0.1155639324301381 
310620005640143 976 0.1289936638546946 
310620005640146 407 0.098265472359461 
310620005640147 399 0.0980218153338407 
310620005640148 552 0.1055068207823628 
310620005640150 658 0.1097072971131665 
310620005640151 490 0.1038094061096245 
310620005640152 534 0.1053210254037912 
310620005640153 548 0.1054267941907571 
310620005640155 753 0.1190722280639828 
310620005640156 515 0.106029358684534 
310620005640158 348 0.0953510569233693 
310620005640159 337 0.0954129977563958 
310620005640160 347 0.0943455623354098 
310620005640161 672 0.1109248087227135 
310620005640162 669 0.1121921358483121 
310620005640163 728 0.1161163217247676 
310620005640164 640 0.1133444956298957 
310620005640165 403 0.0999924235542829 
310620005640166 291 0.0924727872277947 
310620005640167 157 0.0858555240973372 
310620005640168 598 0.1094043488471566 
310620005640169 286 0.0918429522826933 
310620005640170 174 0.0860064794696044 
310620005640171 422 0.0999688306837581 
310620005640172 504 0.1046169268714571 
310620005640173 496 0.1017006584511422 
310620005640174 275 0.0925847449047514 
310620005640175 150 0.0859346085957172 
310620005640176 411 0.1008439958514386 
310620005640177 457 0.1019704789914031 
310620005640178 626 0.1537237919827368 
310620005640179 397 0.0983424519667083 
310620005640180 78 0.0800142225652946 
310620005640181 146 0.0858139490486302 
310620005640182 144 0.0832117693308312 
310620005640183 605 0.1107568455304246 
310620005640184 462 0.1007576756188147 
310620005640185 0 0.0771485028327926 
310620005640186 299 0.0920626792447649 
310620005640187 269 0.0914110836366472 
310620005640188 299 0.0917627854061678 
310620005640189 225 0.0896724659847852 
310620005640191 74 0.081550313071627 
310620005640192 322 0.0940241269970082 
310620005640193 101 0.0830143553614682 
310620005640194 80 0.0825149106709358 
310620005640195 317 0.0952279200045193 
310620005640196 239 0.0904666499588819 
310620005640197 449 0.0999570376514691 
310620005640198 515 0.1041091343599617 
310620005640199 219 0.0890588579962397 
310620005640200 344 0.0957567549746935 
310620005640201 244 0.0899519196795502 
310620005640202 520 0.1068406633008263 
310620005640204 370 0.0968567155166006 
310620005640205 111 0.0828621473074123 
310620005640206 103 0.0808382515939438 
310620005640207 122 0.0834890869861633 
310620005640208 129 0.0833685796100412 
310620005640209 376 0.0963101525882669 
310620005640210 222 0.0875919550073671 
310620005640211 70 0.080874824177431 
310620005640212 19 0.0771780275429075 
310620005640214 355 0.0964380613864663 
310620005640215 450 0.1011593860029783 
310620005640217 587 0.1083533510087091 
310620005640218 349 0.0958113377746737 
310620005640219 225 0.0871046669389821 
310620005640220 318 0.0946646665355153 
310620005640221 555 0.1063461507993815 
310620005640222 660 0.1119098283544296 
310620005640223 347 0.0945983536778397 
310620005640224 740 0.1159349255650473 
310620005640226 72 0.0813592952823641 
310620005640227 319 0.0934083603526232 
310620005640229 543 0.1049828201673142 
310620005640230 131 0.0834682176997062 
310620005640231 99 0.0853506059793396 
310620005640232 283 0.0930338261403753 
310620005640233 447 0.1006631116645028 
310620005640234 429 0.0989227983292389 
310620005640235 366 0.095742329282233 
310620005640236 659 0.1122923594606353 
310620005640237 338 0.0962131341601714 
310620005640238 396 0.1008694484513494 
310620005640239 296 0.091220380580494 
310620005640240 293 0.0922395219239538 
310620005640241 446 0.0999232628662588 
310620005640242 416 0.098996710539392 
310620005640243 307 0.0952474163360912 
310620005640244 482 0.1030544593655942 
310620005640245 405 0.0985482458800639 
310620005640246 344 0.0954675361117568 
310620005640247 359 0.0959745671972818 
310620005640248 377 0.0967455826302756 
310620005640249 441 0.0999004248718422 
310620005640250 389 0.0977579193391964 
310620005640251 488 0.1033989566393074 
310620005640252 396 0.0992700498296126 
310620005640253 593 0.1077851953741661 
310620005640254 482 0.1011417366612893 
310620005640255 481 0.1026573107427678 
310620005640256 389 0.0988943165020022 
310620005640257 620 0.1104317468366774 
310620005640258 448 0.1008419520930335 
310620005640259 319 0.0943239819886329 
310620005640260 366 0.0956364486508072 
310620005640261 488 0.1046422006298413 
310620005640262 320 0.0955127792363729 
310620005640263 422 0.0992008488930825 
310620005640264 290 0.091139291599208 
310620005640265 346 0.1052469506854996 
310620005640266 407 0.09789751140475 
310620005640267 300 0.0940036197022019 
310620005640268 256 0.0920570991218574 
310620005640269 355 0.0951452593015581 
310620005640270 383 0.0985750643607254 
310620005640271 360 0.0964345705984237 
310620005640272 407 0.0984847014158559 
310620005640273 439 0.0993301256284935 
310620005640274 301 0.0924405688898362 
310620005640275 553 0.1054227990571071 
310620005640276 0 0.0771485028327926 
310620005640277 783 0.1172822755163827 
310620005640278 625 0.1090213299490013 
310620005640279 364 0.0962141533488834 
310620005640280 356 0.096552991922387 
310620005640281 374 0.0987277929410978 
310620005640282 458 0.1021532340624503 
310620005640283 361 0.0962953841046304 
310620005640284 312 0.0928920736414341 
310620005640285 397 0.0986772859279638 
310620005640286 370 0.0967399532468705 
310620005640287 473 0.1029665585784196 
310620005640288 685 0.1159701962497397 
310620005640289 431 0.1032435041292299 
310620005640290 865 0.1249842715703565 
310620005640291 304 0.0913708448966715 
310620005650001 534 0.1066527087550806 
310620005650002 287 0.0918241440053728 
310620005650003 278 0.0932052397033485 
310620005650004 745 0.1182069804114906 
310620005650005 581 0.1093958193641309 
310620005650006 582 0.1094933675359883 
310620005650007 339 0.0954681164204936 
310620005650008 392 0.0986953675988009 
310620005650009 226 0.09015557965101 
310620005650010 442 0.1001402669739464 
310620005650011 409 0.0993625614392444 
310620005650012 402 0.0989492324362879 
310620005650013 451 0.1015927843988025 
310620005650014 532 0.1055395860745557 
310620005650016 817 0.1223979002690978 
310620005650017 432 0.1004389414377942 
310620005650018 459 0.1028124431526475 
310620005650019 322 0.0954670645900735 
310620005650020 525 0.1053918257838791 
310620005650021 298 0.0931658465600479 
310620005650022 249 0.0914766798726511 
310620005650023 382 0.0987967662464922 
310620005650024 540 0.1073901866195896 
310620005650027 384 0.0964112163787601 
310620005650029 720 0.1164855981433373 
310620005650030 366 0.0981218958771026 
310620005650031 451 0.1030353370641807 
310620005650032 581 0.1086659849286556 
310620005650033 497 0.1043284090361831 
310620005650034 372 0.0964640453694203 
310620005650035 559 0.10554640450968 
310620005650036 614 0.1098102469053599 
310620005650038 389 0.0980074100209895 
310620005650039 405 0.0982932315789301 
310620005650040 470 0.1012806631376576 
310620005650041 695 0.115101953593494 
310620005650042 589 0.1082380835568933 
310620005650043 529 0.1049632913728763 
310620005650044 429 0.0997529420478142 
310620005650045 501 0.1038977898118934 
310620005650046 685 0.1133613133646258 
310620005650053 466 0.1011896340449399 
310620005650055 618 0.1104986196215769 
310620005650056 193 0.0862057655187556 
310620005650057 669 0.1111269500939708 
310620005650058 449 0.1012668678876433 
310620005650059 529 0.1059666187590014 
310620005650060 691 0.1133919228312675 
310620005650061 559 0.1080313168721868 
310620005650062 264 0.0918771812313071 
310620005650063 464 0.1028332173762452 
310620005650064 448 0.1012146832705268 
310620005650065 224 0.0890855744448189 
310620005650066 243 0.0905852541399866 
310620005650067 511 0.1053822245742445 
310620005650068 647 0.112111651197197 
310620005650069 379 0.097479846378291 
310620005650070 411 0.0994003061940421 
310620005650071 408 0.0999349935798104 
310620005650072 507 0.105103106818639 
310620005650073 534 0.1056317865228543 
310620005650074 382 0.0985013529821355 
310620005650075 606 0.1111070571987339 
310620005650076 357 0.0953714453381568 
310620005650077 312 0.0941601061519232 
310620005650078 423 0.1016715361363689 
310620005650079 391 0.0986181965766744 
310620005650082 487 0.1036368904853755 
310620005650083 530 0.1072010875465389 
310620005650084 280 0.094756637738283 
310620005650085 345 0.0979200744102905 
310620005650086 236 0.090156363396109 
310620005650087 445 0.1012656439850424 
310620005650088 314 0.0946600215981778 
310620005650089 398 0.0990928325255225 
310620005650090 419 0.098795318620166 
310620005650091 497 0.1030313344127762 
310620005650092 474 0.1025675720043874 
310620005650093 311 0.09200672109513 
310620005650094 182 0.087043406847594 
310620005650095 310 0.0927080852911813 
310620005650096 417 0.0990856433575264 
310620005650097 427 0.0992762546745751 
310620005650098 569 0.1088548318845336 
310620005650099 602 0.1073733814710613 
310620005650101 394 0.0967149180057764 
310620005650102 157 0.0842760706232728 
310620005650103 605 0.1111076048773004 
310620005650104 557 0.1066739334061127 
310620005650106 588 0.1093655757578757 
310620005650107 152 0.0842441266888819 
310620005650108 606 0.1088818313283207 
310620005650109 632 0.1117140792281777 
310620005650110 531 0.1058531486811307 
310620005650114 973 0.1265974462590144 
310620005650115 914 0.1262557080234469 
310620005650116 540 0.1056658573837669 
310620005650117 646 0.1110962115720945 
310620005650118 740 0.114010952033464 
310620005650119 910 0.1228590572970885 
310620005650120 719 0.11368977065203 
310620005650121 650 0.1114762500038591 
310620005650123 663 0.1114584985076016 
310620005650124 388 0.0973970299539586 
310620005650125 464 0.1009512714892356 
310620005650126 531 0.1047829156974432 
310620005650127 637 0.1104773031428337 
310620005650129 511 0.1038771009253301 
310620005650130 604 0.1090200646434288 
310620005650135 212 0.0881062497502821 
310620005650136 563 0.1074191580098116 
310620005650138 324 0.0939400561903637 
310620005650139 643 0.1115084218551317 
310620005650141 664 0.1118189031173263 
310620005650142 580 0.1070890698036759 
310620005650143 797 0.1190482060454671 
310620005650145 713 0.1151095320023879 
310620005650146 896 0.1252954290704164 
310620005650147 766 0.1183391036306196 
310620005650148 763 0.1186779893671518 
310620005650150 689 0.1128227179236389 
310620005650151 381 0.0961027248205661 
310620005650152 736 0.1154166558233666 
310620005650155 568 0.1084300007398674 
310620005650156 207 0.0887615723647416 
310620005650157 532 0.1068776849588238 
310620005650158 611 0.1103365909679928 
310620005650159 422 0.0999433450860894 
310620005650160 562 0.107816857584805 
310620005650161 574 0.1088108253160825 
310620005650162 194 0.0878826199304962 
310620005650163 289 0.0932986109519141 
310620005650164 662 0.1152039116255046 
310620005650165 352 0.0966786634254469 
310620005650166 690 0.1165056651671051 
310620005650167 616 0.1122371449178289 
310620005650168 519 0.1030186930744531 
310620005650169 393 0.1000219712854466 
310620005650170 415 0.100240109581477 
310620005650171 0 0.0771485028327926 
310620005650172 471 0.1042814109777909 
310620005650173 482 0.1050853255601906 
310620005650174 591 0.1096124184809252 
310620005650175 351 0.0967390354750739 
310620005650176 30 0.0795297460044482 
310620005650177 492 0.1020905052829138 
310620005650178 717 0.1151515729750512 
310620005650180 410 0.0989361747258278 
310620005650181 145 0.0857525162700958 
310620005650182 382 0.0966882324058538 
310620005650183 579 0.1183356158681013 
310620005650184 487 0.1022861944214758 
310620005650206 636 0.1114769206654189 
310620005650208 332 0.0935530404388375 
310620005650209 822 0.121521304327042 
310620005650211 420 0.0971618027658583 
310620005650212 728 0.1157333337051614 
310620005650213 466 0.1002038085416064 
310620005650214 722 0.1153480011847635 
310620005650215 350 0.0933688651473783 
310620005650217 52 0.0815918256966472 
310620005650218 322 0.0954014374649907 
310620005650219 653 0.1108997757205724 
310620005650220 637 0.1102451323936432 
310620005650221 648 0.1099529373814475 
310620005650222 575 0.1114799452571809 
310620005650223 220 0.0873300458155482 
310620005650224 367 0.0948400024791868 
310620005650225 550 0.1047431336486061 
310620005650226 379 0.095418109621342 
310620005650227 723 0.1142840374329241 
310620005650230 564 0.1064260813787127 
310620005650231 721 0.1141044194712782 
310620005650232 583 0.10715918631257 
310620005650233 629 0.1098838821539635 
310620005650234 416 0.0975783891445018 
310620005650235 558 0.1066102571957954 
310620005650236 641 0.1111863232999575 
310620005650237 726 0.1152975459104206 
310620005650238 595 0.1075167083606292 
310620005650239 628 0.1105016636217214 
310620005650241 738 0.1167226977706829 
310620005650243 455 0.1001185547541448 
310620005650244 546 0.1054413167343946 
310620005650246 689 0.1128300555618777 
310620005650248 673 0.1124314142624752 
310620005650249 609 0.1075366476551456 
310620005650251 767 0.1158606636861066 
310620005650252 804 0.1191368613390782 
310620005650253 695 0.112571785914021 
310620005650254 608 0.1093056083640382 
310620005650255 444 0.0994192832574545 
310620005650257 498 0.1031425923223835 
310620005650259 444 0.1003075442510852 
310620005650260 452 0.1009523762150944 
310620005650263 743 0.1164652250777994 
310620005650268 526 0.1048806223278739 
310620005650291 155 0.0848983159254401 
310620005650292 249 0.0882397187109026 
310620005650312 459 0.1011536636905312 
310620005650315 711 0.1154020323910064 
310620005650316 481 0.1016079041764001 
310620005650317 564 0.1063146526823702 
310620005650318 716 0.1143421787348046 
310620005650320 548 0.1056244487639799 
310620005650321 576 0.1047061895683994 
310620005650322 502 0.101777142635767 
310620005650324 446 0.1005106432825033 
310620005650325 729 0.1158307039153545 
310620005650326 501 0.1044067169087918 
310620005650327 707 0.1157563133880399 
310620005650328 638 0.1124975323453154 
310620005650329 534 0.1057825322874274 
310620005650330 632 0.1105183477565525 
310620005650331 781 0.118607820170772 
310620005650332 528 0.1039730283976489 
310620005650333 243 0.0893648967241853 
310620005650334 537 0.1044732356647625 
310620005650335 1015 0.1281609050249684 
310620005650336 613 0.1116284875957605 
310620005650337 479 0.103714961445974 
310620005650338 479 0.1034041796037877 
310620005650339 632 0.1099079458940717 
310620005650340 525 0.1053654076802052 
310620005650341 661 0.1118124076047192 
310620005650342 683 0.1138570897209946 
310620005650343 519 0.1038989024180737 
310620005650344 461 0.1019801532633682 
310620005650345 303 0.0914968586485119 
310620005650346 670 0.1137887044621487 
310620005650347 511 0.1048682947247801 
310620005650348 151 0.0850926591831932 
310620005650349 140 0.0843562141371168 
310620005650350 717 0.1143338881782363 
310620005650351 710 0.1142987134854693 
310620005650352 729 0.1150300802130273 
310620005650353 585 0.1080739988866395 
310620005650354 237 0.0875687879296775 
310620005650355 346 0.0933490079999276 
310620005650356 795 0.1195176806291706 
310620005650357 728 0.1130575885946486 
310620005650358 280 0.0900301286436974 
310620005650359 348 0.096175995373429 
310620005650360 394 0.1000006554783882 
310620005650361 402 0.0992856460865649 
310620005650362 387 0.0988534612770316 
310620005650363 446 0.0985180533157772 
310620005650364 518 0.1027893701069725 
310620005650365 662 0.1128111401208866 
310620005650366 518 0.1381391689302788 
310620005650367 743 0.1167471935729148 
310620005650368 505 0.1063425537195451 
310620005650369 374 0.0951129066780969 
310620005650370 382 0.0965555137647254 
310620005650371 655 0.1120288264756259 
310620005650372 352 0.0968121114996975 
310620005650373 550 0.108486763487257 
310620005650374 478 0.1014617020453161 
310620005650375 314 0.0950724661415996 
310620005650376 416 0.1006133618280933 
310620005650377 432 0.0993731504313299 
310620005650378 391 0.0982595515566216 
310620005650379 420 0.1100633763364136 
310620005650380 414 0.0997911778182736 
310620005650381 491 0.104909930034655 
310620005650382 317 0.0958615612906558 
310620005650383 585 0.1090497116960954 
310620005650384 328 0.0940436171413134 
310620005650385 573 0.1091576431456157 
310620005650386 509 0.1049081962096884 
310620005650387 370 0.0963683601132882 
310620005650388 512 0.1055615083880003 
310620005650390 684 0.1151122122841316 
310620005650391 673 0.127970791899032 
310620005650392 628 0.1117645266965719 
310620005650394 620 0.1325003399757568 
310620005650395 526 0.1062004255538944 
310620005650396 750 0.1185374143529139 
310620005650397 559 0.1086040268321709 
310620005650398 402 0.0993736146393998 
310620005650399 546 0.1068752948780626 
310620005650400 640 0.1149474703487784 
310620005650401 535 0.1086308623391382 
310620005650402 670 0.1143023130776895 
310620005650403 339 0.0951507193618962 
310620005650404 754 0.1179864660255885 
310620005650405 492 0.1037600963431361 
310620005650406 536 0.107730907794012 
310620005650407 515 0.1056645361437827 
310620005650408 489 0.1042423411073992 
310620005650409 476 0.1033039056156151 
310620005650410 500 0.1053954692393895 
310620005650412 523 0.1064047200787245 
310620005650413 678 0.1148683782853967 
310620005650414 400 0.0999993304870749 
310620005650416 54 0.079233580242632 
310620005650419 542 0.1062905384002876 
310620005650420 562 0.106999288515404 
310620005650421 443 0.1009920118494732 
310620005650422 403 0.0990000201175735 
310620005650423 571 0.1086879540198006 
310620005650424 244 0.0896614242110252 
310620005650425 131 0.0836717016648048 
310620005650426 262 0.0913814448537153 
310620005650427 79 0.0808888519379313 
310620005650428 233 0.0904734565130781 
310620005650429 72 0.0797609842089866 
310620005650430 327 0.0934261196895415 
310620005650431 321 0.0930971917571066 
310620005650432 99 0.0822343551325781 
310620005650436 320 0.0935440131340928 
310620005650437 492 0.1035542605940356 
310620005650438 85 0.0819816754130007 
310620005650439 301 0.092544389959213 
310620005650440 419 0.1018594226023083 
310620005650441 115 0.0822630320847515 
310620005650442 393 0.0986580056643589 
310620005650443 219 0.0889045695705671 
310620005650444 104 0.0828786442344168 
310620005650445 44 0.080169680756499 
310620005650446 65 0.0811379465462845 
310620005650447 145 0.0837263428457855 
310620005650448 202 0.0861973823571557 
310620005650449 530 0.1046777991853176 
310620005650450 225 0.091585045132607 
310620005650451 201 0.0871305396671981 
310620005650453 267 0.0894425033243488 
310620005650454 69 0.078356436013516 
310620005650455 263 0.0913228000605213 
310620005650456 603 0.1086549943000641 
310620005650457 184 0.0860058346279801 
310620005650458 46 0.0799057061119294 
310620005650459 149 0.0835763436796504 
310620005650460 72 0.0803093924852383 
310620005650462 74 0.0811759662659906 
310620005650463 383 0.0970766531832457 
310620005650464 172 0.0859659106054657 
310620005650466 648 0.1126296080948437 
310620005650467 535 0.1054625138766498 
310620005650468 303 0.0945987635845617 
310620005650470 373 0.0962086394041698 
310620005650471 66 0.0804913143118379 
310620005650473 382 0.0963468703602327 
310620005650474 533 0.1055633579831233 
310620005650476 82 0.0807274717099313 
310620005650477 327 0.0949951029558882 
310620005650478 91 0.0828491407512288 
310620005650479 437 0.1012610505855798 
310620005650480 400 0.0993322490122559 
310620005650481 164 0.0866620484214713 
310620005650483 210 0.0880154801919137 
310620005650486 405 0.0974181802811407 
310620005650487 176 0.0851534402262378 
310620005650488 384 0.0984272935083175 
310620005650489 351 0.094809504829616 
310620005650490 241 0.0889389625385714 
310620005650491 560 0.1074226783751058 
310620005650505 254 0.0890603884739642 
310620005650508 130 0.0827054864207901 
310620005650509 750 0.115431678566189 
310620005650510 556 0.1047516100515553 
310620005650512 236 0.0885657667173572 
310620005650513 345 0.093721517140361 
310620005650515 112 0.0822985545108834 
310620005650516 205 0.0865083182346687 
310620005650517 67 0.0805634282057994 
310620005650518 105 0.0811713633743679 
310620005650519 88 0.0818303482405652 
310620005650520 370 0.0958373933243872 
310620005650521 239 0.0879003417308949 
310620005650522 237 0.0880922879734738 
310620005650523 87 0.0810023184723533 
310620005650524 129 0.0833776816807583 
310620005650530 307 0.0928246438890917 
310620005650548 138 0.086003502312199 
310620005650551 294 0.089978750537283 
310620005650552 178 0.0856099877028902 
310620005650556 112 0.0815493868039084 
310620005650557 314 0.0935109444420499 
310620005650558 106 0.081584755537687 
310620005650559 251 0.0892282064998892 
310620005650560 275 0.0994836116520875 
310620005650561 161 0.0849566071205837 
310620005650563 216 0.0872008801080529 
310620005650564 117 0.0834952528358834 
310620005650565 40 0.0791786670448513 
310620005650566 139 0.084286635819919 
310620005650570 163 0.0865068760301543 
310620005650571 187 0.0876353915763586 
310620005650572 402 0.09867670393271 
310620005650573 431 0.1004923849724622 
310620005650574 343 0.0957261935650151 
310620005650575 305 0.0942868260370953 
310620005650579 192 0.0873313852340851 
310620005650580 474 0.1026836678047585 
310620005650581 275 0.0935618072132191 
310620005650582 409 0.0998823539655399 
310620005650583 443 0.1003718509368577 
310620005650584 402 0.0981941618958939 
310620005650585 355 0.0954063228252965 
310620005650586 502 0.1038335943095697 
310620005650587 177 0.089226551077679 
310620005650588 571 0.1083620360534622 
310620005650589 526 0.1067316429289671 
310620005650590 412 0.1001164364509046 
310620005650591 356 0.0958280735973082 
310620005650592 151 0.0855975415109575 
310620005650593 354 0.096882137694553 
310620005650594 309 0.0951300906547274 
310620005650595 351 0.09679754759506 
310620005650596 237 0.0909414949308238 
310620005650597 315 0.0935320268658583 
310620005650598 366 0.0958413662970397 
310620005650599 323 0.0940248891827016 
310620005650600 486 0.1024197809404408 
310620005650601 344 0.0931120052533936 
310620005650602 612 0.1090774731004423 
310620005650603 299 0.0927404266488223 
310620005650604 305 0.0929146031918109 
310620005650607 631 0.1090255879214651 
310620005650608 489 0.1027280331458239 
310620005650609 704 0.1137622263757614 
310620005650610 643 0.1106799848534485 
310620005650611 644 0.1103579823299295 
310620005650612 450 0.101375897731261 
310620005650613 274 0.0914409789508747 
310620005650614 678 0.1149051078782105 
310620005650615 324 0.0938907443383884 
310620005650616 403 0.0979467935157311 
310620005650617 80 0.0910543543953035 
310620005650618 382 0.0980375291384595 
310620005650619 339 0.0959095672092839 
310620005650620 248 0.1006375793786672 
310620005650621 428 0.101674652036789 
310620005650622 171 0.085712486869221 
310620005650623 228 0.0883341005098555 
310620005650624 364 0.0950557896541646 
310620005650625 807 0.1198811742540655 
310620005650626 447 0.0990073549784302 
310620005650627 630 0.1090470765162773 
310620005650628 461 0.100344040795254 
310620005650629 352 0.0925122372932793 
310620005650630 179 0.0850449301299499 
310620005650631 395 0.099672089492107 
310620005650632 396 0.0984791707016967 
310620005650634 263 0.0905787331406248 
310620005650635 537 0.1047975204169939 
310620005650636 403 0.096710068993851 
310620005650637 599 0.1086639725980716 
310620005650638 408 0.0995302776650371 
310620005650640 538 0.1056390418328611 
310620005650641 481 0.1336230832132946 
310620005650642 502 0.1047545547523064 
310620005650643 401 0.0980201129144936 
310620005650644 454 0.1009057145924392 
310620005650645 462 0.1020580554300078 
310620005650646 500 0.1034758093444283 
310620005650647 453 0.1007797594686447 
310620005650648 585 0.1067165562775015 
310620005650649 534 0.1043654870657559 
310620005650650 382 0.0969236931176907 
310620005650651 402 0.0981813136308284 
310620005650652 377 0.0963219415061132 
310620005650653 450 0.1001844417105542 
310620005650654 407 0.0989686521121784 
310620005650655 478 0.1023757280999197 
310620005650656 364 0.0962272668697995 
310620005650657 458 0.101177743792102 
310620005650658 430 0.0996269479544999 
310620005650659 411 0.0977550016871143 
310620005650660 457 0.1011294994000913 
310620005650661 374 0.0958923802938416 
310620005650662 375 0.0956975992943751 
310620005650663 448 0.0994727903102773 
310620005650664 98 0.0828642167404635 
310620005650665 568 0.106966743631901 
310620005650666 471 0.1008742011048665 
310620005650667 388 0.0971213654529569 
310620005650668 368 0.0962075264634157 
310620005650669 455 0.0998794424400177 
310620005650670 508 0.1031326935790838 
310620005650671 435 0.0992462773386042 
310620005650672 470 0.100631672350545 
310620005650673 377 0.0958191555975841 
310620005650675 423 0.1007302534735579 
310620005650676 436 0.0983051598707831 
310620005650677 374 0.0965902822994809 
310620005650678 421 0.0993193691953539 
310620005650679 448 0.1018476095122643 
310620005650680 413 0.1002460243439245 
310620005650681 442 0.1022061703556113 
310620005650682 155 0.0845662010822014 
310620005650683 382 0.0961348906193321 
310620005650684 279 0.0913585852026368 
310620005650685 595 0.1080323574933631 
310620005650686 347 0.0959739932199434 
310620005650687 286 0.0925094940733609 
310620005650689 435 0.102467244594746 
310620005650690 521 0.1051077073817097 
310620005650691 747 0.1128457881997182 
310620005650692 501 0.1039822233349464 
310620005650693 298 0.0938355722777757 
310620005650694 357 0.0961928533903079 
310620005650695 315 0.0933682052295219 
310620005650696 347 0.0953533373896868 
310620005650697 474 0.1020139766786494 
310620005650698 423 0.0981670845919327 
310620005650699 483 0.1012976376870143 
310620005650700 271 0.0922345117245428 
310620005650701 392 0.0984175017873685 
310620005650702 353 0.0967266037758135 
310620005650703 328 0.0949867636250424 
310620005650704 152 0.0837807602837951 
310620005650705 462 0.1014536701078756 
310620005650706 72 0.0806231410463645 
310620005650707 1404 0.1475470924606024 
310620005650708 220 0.086901413488354 
310620005650709 333 0.093208189192349 
310620005650710 111 0.0829893532240751 
310620005650711 524 0.102493693703903 
310620005650712 85 0.0807651128507139 
310620005650713 135 0.0878992180887952 
310620005650714 268 0.0920482979581309 
310620005650715 111 0.0826567568799609 
310620005650716 190 0.0853355278424428 
310620005650717 784 0.1212680178177875 
310620005650718 520 0.1036935216844042 
310620005650719 389 0.096943982580146 
310620005650720 486 0.1013277512349893 
310620005650721 200 0.0859150159193309 
310620005650722 244 0.0896329101322561 
310620005650723 416 0.099726034101421 
310620005650724 395 0.0989294556974537 
310620005650725 296 0.0940924551696114 
310620005650726 111 0.0828384019105088 
310620005650727 181 0.0860208966158736 
310620005650728 648 0.113061208131573 
310620005660001 481 0.1003226860327421 
310620005660002 356 0.0943031024361344 
310620005660004 234 0.0883630169450577 
310620005660005 170 0.0837056341138489 
310620005660006 434 0.0986811666969164 
310620005660007 842 0.1197937821722786 
310620005660008 464 0.1022629013873265 
310620005660010 429 0.0984587741416824 
310620005660011 172 0.0843649509760427 
310620005660013 245 0.0888715613280053 
310620005660014 279 0.0902463465417494 
310620005660015 194 0.085079854582941 
310620005660016 242 0.0883287389945686 
310620005660017 313 0.0924470856159245 
310620005660018 292 0.0919385896011541 
310620005660019 305 0.0933301522435675 
310620005660020 447 0.0988678018720067 
310620005660022 255 0.0892487498832042 
310620005660024 476 0.1014937428470595 
310620005670001 683 0.1129100828974638 
310620005670002 227 0.0883976899468149 
310620005670003 728 0.11532136392976 
310620005670004 374 0.0960561105976715 
310620005670005 311 0.0928113412927656 
310620005670006 474 0.1025117913117224 
310620005670007 547 0.1067859558785396 
310620005670008 505 0.1029974561130579 
310620005670009 408 0.0977207062571975 
310620005670010 587 0.1079287289459827 
310620005670013 397 0.0983710297129124 
310620005670014 390 0.0960884803283783 
310620005670015 853 0.1212570204247941 
310620005670016 610 0.1122294911973493 
310620005670018 636 0.1114908744996633 
310620005670019 511 0.1026500530279217 
310620005670020 366 0.1008690319233376 
310620005670022 626 0.1090016009891962 
310620005670023 440 0.1001401220293212 
310620005670024 611 0.1088893892798641 
310620005670025 841 0.1204810109103234 
310620005670027 704 0.1155727289055625 
310620005670028 583 0.1070254894486445 
310620005670030 552 0.1056389928684125 
310620005670031 598 0.106942218285824 
310620005670033 663 0.1116738646183365 
310620005670034 433 0.0993601320917872 
310620005670035 639 0.1098660991644362 
310620005670036 961 0.1321826929095335 
310620005670037 658 0.1109624169489565 
310620005670038 648 0.1127228729005281 
310620005670039 491 0.1039032340146595 
310620005670040 556 0.1074506505308647 
310620005670041 316 0.0938580626555931 
310620005670042 412 0.0970735302335924 
310620005670043 593 0.108124321594376 
310620005670044 164 0.0835806153813273 
310620005670045 492 0.1003360797167545 
310620005670046 496 0.100362160994889 
310620005670047 432 0.0966551136728925 
310620005670048 893 0.1237958403294968 
310620005670049 463 0.0988479571666467 
310620005670052 432 0.0997591625083519 
310620005670054 639 0.1111030613956653 
310620005670055 491 0.1036115749822586 
310620005670056 500 0.1034077002206701 
310620005670059 602 0.1093280534282716 
310620005670060 480 0.1036800363865235 
310620005670061 430 0.0992619565931185 
310620005670062 587 0.1075774383598062 
310620005670063 804 0.1185712562753264 
310620005670064 635 0.1106203848016044 
310620005670065 346 0.0945289459785161 
310620005670067 503 0.1027736473087902 
310620005670068 542 0.103619602679635 
310620005670069 645 0.1149667794177122 
310620005670071 487 0.1023527237511468 
310620005670072 566 0.1059871240564204 
310620005670076 327 0.0928331214952693 
310620005670079 309 0.0932714969481474 
310620005670080 616 0.1111854253549456 
310620005670082 431 0.0999751352326824 
310620005670083 686 0.1130319708466222 
310620005670085 393 0.0974412603236163 
310620005670086 424 0.1075077682070192 
310620005670087 209 0.0883525618142198 
310620005670088 490 0.1039913237169186 
310620005670089 580 0.1074430228675085 
310620005670091 646 0.1100018589243609 
310620005670092 300 0.0920387465178768 
310620005670093 742 0.1157454328749493 
310620005670094 655 0.1115152628303444 
310620005670095 597 0.1097379943087148 
310620005670096 727 0.1150210673708584 
310620005670097 817 0.1211607025379632 
310620005670098 515 0.1047804514017494 
310620005670099 337 0.0973038066687698 
310620005670100 673 0.1135532351487592 
310620005670101 342 0.0951546081582101 
310620005670102 698 0.1155397876978609 
310620005670103 843 0.1208475071432089 
310620005670104 715 0.1146358711794987 
310620005670105 359 0.0958214176737333 
310620005670106 455 0.0996396027880796 
310620005670107 685 0.114332059706615 
310620005670109 670 0.1120570888972689 
310620005670110 652 0.1105543833999216 
310620005670111 601 0.1144574340751793 
310620005670113 664 0.112550943975898 
310620005670115 429 0.0992553182537318 
310620005670116 746 0.1163736597171021 
310620005670117 421 0.0991376889264962 
310620005670118 620 0.1077118911967316 
310620005670119 249 0.0885540373512853 
310620005670120 639 0.1084917671810854 
310620005670121 464 0.0991106687583208 
310620005670122 281 0.0897022250432423 
310620005670123 49 0.0790792677842649 
310620005670124 247 0.0892535660093003 
310620005670125 262 0.0889088476486264 
310620005670126 216 0.0867517065393688 
310620005670127 572 0.1048745232188092 
310620005670128 640 0.1096006687897387 
310620005670129 158 0.084267564758044 
310620005670130 616 0.1074627536475625 
310620005670131 511 0.1018492411423953 
310620005670132 434 0.0982770547830068 
310620005670133 303 0.0913076049569464 
310620005670134 373 0.0954784249009274 
310620005670136 163 0.0846082523872665 
310620005670137 259 0.0897228740561089 
310620005670138 300 0.0916506171213558 
310620005670139 553 0.1046414144042227 
310620005670140 482 0.1017646219426724 
310620005670141 406 0.0968759067730457 
310620005670142 756 0.1156407805967779 
310620005670143 327 0.0926111210876173 
310620005670145 323 0.0933908154962008 
310620005670147 334 0.0944445868207847 
310620005670148 325 0.0949424192394869 
310620005670150 591 0.1097359244243777 
310620005670151 729 0.1179669393629638 
310620005670152 541 0.1062458232967524 
310620005670153 640 0.1172096436545554 
310620005670155 367 0.0966059377277907 
310620005670156 511 0.1025962991901684 
310620005670157 675 0.1132795536890135 
310620005670158 550 0.1078880882937872 
310620005670159 562 0.1068265739771293 
310620005670160 372 0.0973718348482498 
310620005670161 383 0.09773228622222 
310620005670162 472 0.1029894946769471 
310620005670163 308 0.0929393138465802 
310620005670164 448 0.1008544080975997 
310620005670165 727 0.1138867990086753 
310620005670167 816 0.1179964137755573 
310620005670168 475 0.0994672683695321 
310620005670170 288 0.0904385277272302 
310620005670171 668 0.110339784382093 
310620005670172 594 0.1051768718492662 
310620005670173 391 0.0946619882529165 
310620005670176 438 0.1009831656105486 
310620005670177 620 0.1124148346394357 
310620005670178 565 0.1074528621766252 
310620005670179 649 0.1119869024564602 
310620005670180 618 0.1102354649805697 
310620005670181 613 0.110214117000474 
310620005670182 408 0.0985008309203368 
310620005670183 460 0.1016859167607794 
310620005670187 366 0.0964276894011312 
310620005670188 476 0.1005752587675303 
310620005670189 305 0.09146581634305 
310620005670190 569 0.1066893404638078 
310620005670193 301 0.0919359464020338 
310620005670194 434 0.0993414960073797 
310620005670195 562 0.106102666229068 
310620005670196 371 0.0951944409950703 
310620005670198 455 0.1009921330757702 
310620005670199 690 0.111878648692207 
310620005670200 285 0.0925746582926928 
310620005670201 412 0.0978535772427597 
310620005670202 626 0.1117826117664477 
310620005670203 388 0.0984617167830117 
310620005670204 333 0.0959348796187355 
310620005670205 385 0.0986869469046804 
310620005670206 443 0.1030662645938016 
310620005670207 396 0.0975954188742851 
310620005670208 499 0.1056567634450867 
310620005670209 606 0.1103097426357688 
310620005670210 635 0.1114552118974213 
310620005670211 473 0.1028619259936873 
310620005670212 468 0.1026953274839059 
310620005670213 49 0.0788362740249825 
310620005670214 173 0.0842072175345467 
310620005670215 798 0.118109603293177 
310620005670216 675 0.1097077576952698 
310620005670217 292 0.0922172082917064 
310620005670218 780 0.1176372479320886 
310620005670219 105 0.0810405839558112 
310620005670222 94 0.0805313889752975 
310620005670224 346 0.0961781834611147 
310620005670225 371 0.0981204678383124 
310620005670226 579 0.1091264754421222 
310620005670227 266 0.0926959512419841 
310620005670228 422 0.1004030942791042 
310620005670229 293 0.0928916744246013 
310620005670230 368 0.0973249841084886 
310620005670231 393 0.098736141617426 
310620005670232 370 0.0975198082115758 
310620005670233 476 0.1033333754328084 
310620005670234 611 0.1105075628422304 
310620005670235 694 0.1148487984305402 
310620005670236 482 0.101354052394123 
310620005670237 318 0.0941950543648419 
310620005670238 645 0.1089202055509976 
310620005670239 400 0.0970114728330575 
310620005670240 188 0.0844191935673158 
310620005670241 252 0.088340033922248 
310620005670242 422 0.1115176501154329 
310620005670243 551 0.1081667603335699 
310620005670244 208 0.0897623266497467 
310620005670245 497 0.1046393080295299 
310620005670246 401 0.1011171298312544 
310620005670247 461 0.1033673836748872 
310620005670248 344 0.096215063980503 
310620005670249 318 0.0950549584397856 
310620005670250 272 0.0915311450042392 
310620005670251 287 0.092792049398513 
310620005670252 521 0.1071180597077119 
310620005670253 529 0.1069469226286232 
310620005670254 652 0.1132149977984515 
310620005670255 521 0.106463703441392 
310620005670256 269 0.0921176587613669 
310620005670257 335 0.0961506890639651 
310620005670258 542 0.1080061822533831 
310620005670259 234 0.0903360953489058 
310620005670260 303 0.0906337483452541 
310620005670261 501 0.0999238171795349 
310620005670262 392 0.0952223613688009 
310620005670263 505 0.1070070924379727 
310620005670264 732 0.1158271854915903 
310620005670265 352 0.0930117919447575 
310620005670266 678 0.136055439008487 
310620005670268 255 0.0900634134988035 
310620005670269 483 0.1060397549382012 
310620005670270 236 0.0922917093872627 
310620005670271 268 0.0930054566252251 
310620005670272 328 0.0968143308832658 
310620005670273 369 0.098424223182398 
310620005670274 513 0.1051062348889201 
310620005670275 223 0.0904860894904184 
310620005670276 424 0.1002942167549734 
310620005670277 404 0.0998623098795764 
310620005670278 413 0.1006636761882355 
310620005670279 282 0.0931501663574938 
310620005670280 397 0.0998110141242865 
310620005670281 289 0.0953730036458755 
310620005670282 409 0.1014398005288711 
310620005670283 337 0.0964120143717871 
310620005670284 232 0.0916094128595255 
310620005670285 546 0.1092363390410239 
310620005670286 471 0.1046857766050923 
310620005670287 361 0.0988419986686427 
310620005670288 392 0.1013586277180235 
310620005670289 282 0.0926593815184925 
310620005670291 370 0.098654507691799 
310620005670292 491 0.1076959428116984 
310620005670293 705 0.1110132286518515 
310620005670294 497 0.1002873255520114 
310620005670295 363 0.0968663421995786 
310620005670296 336 0.097734109786547 
310620005670297 340 0.097167097859955 
310620005670298 479 0.103669408230116 
310620005670299 486 0.104905087018713 
310620005670300 340 0.0968299714732216 
310620005670301 425 0.1005765912482622 
310620005670302 535 0.1072113718412021 
310620005670304 415 0.1012613015285552 
310620005670305 356 0.0976550544397533 
310620005670306 512 0.1068887233240318 
310620005670307 591 0.1123358769088052 
310620005670308 275 0.0930843042675947 
310620005670310 337 0.0981732037554479 
310620005670311 464 0.1041159876114013 
310620005670312 493 0.1065232767640491 
310620005670313 460 0.1051154059739056 
310620005670314 514 0.1056553256321641 
310620005670316 647 0.1164945658928659 
310620005670317 364 0.0947958574330996 
310620005670318 533 0.1046117053552265 
310620005670319 101 0.0828117151217791 
310620005670320 374 0.0961876333141229 
310620005670321 161 0.0842678937733752 
310620005670322 299 0.0913336576859923 
310620005670323 443 0.0997445272421945 
310620005670325 340 0.0928700380711528 
310620005670326 79 0.0813387767234914 
310620005670327 178 0.0899302275046159 
310620005670328 462 0.0997668573068175 
310620005670329 194 0.0864950400637045 
310620005670330 58 0.0805314329127785 
310620005670332 389 0.0960509745152199 
310620005670333 294 0.1016262247897872 
310620005670334 644 0.1132145981567162 
310620005670335 558 0.1103328705954681 
310620005670336 235 0.0893212814267671 
310620005670337 504 0.1029119967349253 
310620005670338 244 0.0887074736706414 
310620005670339 545 0.1052055495756964 
310620005670340 173 0.0851767816306517 
310620005670343 324 0.0936631159029762 
310620005670347 77 0.0800460823861051 
310620005670348 333 0.0942964074036166 
310620005670349 420 0.0989752320619855 
310620005670350 148 0.0839567100594949 
310620005670351 231 0.089611053328827 
310620005670352 638 0.1098665246294462 
310620005670353 615 0.1088577193950829 
310620005670354 494 0.1029183155419712 
310620005670357 374 0.0953460540608239 
310620005670359 70 0.0790037340535128 
310620005670361 252 0.0891854761876555 
310620005670362 461 0.0999311197346712 
310620005670363 121 0.0821475502075585 
310620005670364 628 0.1107369651207217 
310620005670365 645 0.1121650010304703 
310620005670366 123 0.0840181390767075 
310620005670369 88 0.0812476066887483 
310620005670372 382 0.0976694186996905 
310620005670377 216 0.0877810456577627 
310620005670379 674 0.1121581906009796 
310620005670380 359 0.0957915124514549 
310620005670381 402 0.0984673707952226 
310620005670382 458 0.1017693114648761 
310620005670383 438 0.1008206423739224 
310620005670384 452 0.1036530534021244 
310620005670385 501 0.1054870705667839 
310620005670386 248 0.0916436131184425 
310620005670387 242 0.0894216989813923 
310620005670388 482 0.1026392920162634 
310620005670389 151 0.0863634856274432 
310620005670390 368 0.0969454206822118 
310620005670391 413 0.0994011324889184 
310620005670392 349 0.0937120479298099 
310620005670393 154 0.0845511362921459 
310620005670394 209 0.0877754867834928 
310620005670395 401 0.0973442748917851 
310620005670396 647 0.109516432845789 
310620005670397 123 0.0811120287368741 
310620005670400 320 0.0927228989762933 
310620005670401 108 0.0815604852803115 
310620005670402 143 0.0827829459274102 
310620005670404 345 0.0941555946743106 
310620005670406 491 0.100685200342607 
310620005670407 77 0.0804685428451487 
310620005670408 230 0.0871832126397827 
310620005670409 510 0.1029794257910238 
310620005670410 250 0.0896286540301408 
310620005670411 84 0.0819573041594946 
310620005670412 524 0.1044493714988903 
310620005670414 27 0.0777500640710489 
310620005670415 211 0.0885159523099018 
310620005670416 148 0.0858125384316952 
310620005670417 163 0.0851999634234376 
310620005670418 187 0.0889981025255603 
310620005670419 341 0.0963289353312727 
310620005670420 156 0.0847744622427172 
310620005670421 338 0.0948674020695143 
310620005670422 615 0.1111046985085769 
310620005670424 130 0.0857498818820805 
310620005670425 221 0.0874279726088318 
310620005670426 466 0.1024813932154347 
310620005670427 180 0.0856506586030783 
310620005670428 117 0.0828571164845194 
310620005670431 823 0.1174203482402097 
310620005670432 110 0.0816102310708042 
310620005670433 673 0.1104426843104175 
310620005670434 63 0.0785635612720615 
310620005670435 501 0.1008129624783897 
310620005670436 694 0.1151458062354433 
310620005670437 334 0.0971399713883803 
310620005670438 132 0.0849649099234323 
310620005670440 479 0.0997692502166877 
310620005670441 539 0.1040577661674845 
310620005670442 574 0.1059958463654775 
310620005670443 309 0.0923725916316301 
310620005670444 117 0.0823798449243815 
310620005670445 141 0.0826949554328334 
310620005670446 184 0.0854125593002155 
310620005670447 50 0.0811642790646326 
310620005670448 288 0.0918869880846564 
310620005670449 764 0.1157150239849871 
310620005670450 21 0.0779867600375826 
310620005670451 149 0.0836789586575309 
310620005670453 62 0.0786649655982876 
310620005670455 121 0.0833353210471999 
310620005670458 205 0.0883854505045105 
310620005670459 0 0.0771485028327926 
310620005670460 230 0.0894593228576583 
310620005670461 457 0.1015774536871053 
310620005670462 123 0.0822873400645505 
310620005670463 49 0.0794274864049951 
310620005670464 274 0.0898811113289035 
310620005670465 405 0.0961130489971533 
310620005670466 476 0.0997283880576895 
310620005670467 259 0.0894440745676323 
310620005670468 81 0.0798202209302956 
310620005670471 581 0.1062391540495068 
310620005670472 353 0.0930090907683081 
310620005670473 141 0.0851906970818757 
310620005670474 382 0.098848514574873 
310620005670475 187 0.086009566882622 
310620005670476 260 0.0900195019304403 
310620005670477 333 0.09313787923136 
310620005670478 185 0.087596571416192 
310620005670479 306 0.0949191566842261 
310620005670480 592 0.108292633711506 
310620005670483 273 0.0928042522784223 
310620005670484 264 0.0924905419564837 
310620005670485 233 0.0912430110756035 
310620005670486 94 0.086423421716259 
310620005670487 405 0.095894394104089 
310620005670488 150 0.0834643231210233 
310620005670489 132 0.0862490991729635 
310620005670490 216 0.086436043125256 
310620005670492 131 0.0825300211847569 
310620005670493 144 0.0842466875992391 
310620005670494 390 0.0972458948162095 
310620005670496 847 0.1195896633213271 
310620005670497 612 0.1109265216858036 
310620005670498 459 0.1004583006046684 
310620005670500 472 0.1006899326070504 
310620005670501 738 0.1153697258950506 
310620005670502 694 0.1115931276998757 
310620005670504 553 0.107269046366759 
310620005670505 317 0.0934410413812189 
310620005670506 525 0.1048085261065222 
310620005670507 508 0.1038518245291498 
310620005670508 644 0.111262521855006 
310620005670509 394 0.0963098932515388 
310620005670510 385 0.0975464795536301 
310620005670512 507 0.1025621570887861 
310620005670513 974 0.1271260427572028 
310620005670515 408 0.0986438775528257 
310620005670516 697 0.1139088436579946 
310620005670517 658 0.1119661629323095 
310620005670518 267 0.0898162523161182 
310620005670519 476 0.1155985141304145 
310620005670520 33 0.0785230974773322 
310620005670521 667 0.1104787399144904 
310620005670522 434 0.0989593314081095 
310620005670523 506 0.1009433016472676 
310620005670524 804 0.1183519337518512 
310620005670525 399 0.0976564377571395 
310620005670526 564 0.1064076796992988 
310620005670527 58 0.0799547296422772 
310620005670528 608 0.1076758596379271 
310620005670529 351 0.0946843902326157 
310620005670530 931 0.1246561498528113 
310620005670531 571 0.1070139283756507 
310620005670532 684 0.1119245630321186 
310620005670533 304 0.0922109519826816 
310620005670534 339 0.0935875131438614 
310620005670536 334 0.0938418432542783 
310620005670537 386 0.0976592978860854 
310620005670539 527 0.1037119104011619 
310620005670540 592 0.1074837698998651 
310620005670541 686 0.1131885394523547 
310620005670542 511 0.108708449509228 
310620005670543 276 0.090443754322808 
310620005670544 565 0.1056364188071094 
310620005670545 479 0.1024585361656559 
310620005670546 418 0.0964910973206808 
310620005670547 565 0.1052438120666955 
310620005670548 301 0.0923188789028501 
310620005670549 313 0.0936949787589698 
310620005670550 279 0.0907400453913248 
310620005670551 533 0.1044807872264302 
310620005670552 282 0.092889931458096 
310620005670553 273 0.0925107476656541 
310620005670554 262 0.0918050581195516 
310620005670555 549 0.1067453946673998 
310620005670556 367 0.0963950560626793 
310620005670557 459 0.1011994147562284 
310620005670558 429 0.0986557913577591 
310620005670559 331 0.0947506992511142 
310620005670560 532 0.1033242595808923 
310620005670561 287 0.0921610980962822 
310620005670562 294 0.0921671445761934 
310620005670563 774 0.1185779001694669 
310620005670564 354 0.0966477275895504 
310620005670565 316 0.0940085671227893 
310620005670566 327 0.0938901112320711 
310620005670567 219 0.0898635606481797 
310620005670568 284 0.0931187965619841 
310620005670569 257 0.0908698787973639 
310620005670570 656 0.1118127549981667 
310620005670571 544 0.1058822113571479 
310620005670572 476 0.1027646404181086 
310620005670573 462 0.1017992757074695 
310620005670574 382 0.0973639888758114 
310620005670576 703 0.1118563723485225 
310620005670577 328 0.0930479082488481 
310620005670578 394 0.096725201874334 
310620005670579 427 0.0983334652863455 
310620005670580 535 0.1049806794099221 
310620005670581 357 0.0973334813408042 
310620005670582 593 0.1084769377482878 
310620005670583 304 0.0934238667087279 
310620005670584 471 0.1020170293748136 
310620005670585 397 0.0974903959172111 
310620005670586 193 0.0890067131726948 
310620005670587 524 0.1037537541179551 
310620005670588 284 0.0927926632352351 
310620005670589 565 0.1065543995119923 
310620005670590 298 0.0941216666507498 
310620005670591 561 0.1087881077019517 
310620005670592 315 0.0949450941509597 
310620005670593 682 0.1143296819763408 
310620005670594 348 0.0957559989123991 
310620005670595 567 0.1073988760707395 
310620005670596 773 0.1179358424610733 
310620005670597 324 0.0943139526847106 
310620005670598 303 0.092965874649936 
310620005670599 413 0.1000237311891512 
310620005670600 750 0.1157362407522617 
310620005670601 299 0.0920149504998773 
310620005670602 664 0.1112715997653829 
310620005670604 301 0.0932985864930057 
310620005670605 318 0.0928977101865055 
310620005670606 606 0.1078904216363679 
310620005670607 391 0.096304692696828 
310620005670608 432 0.0985655476087383 
310620005670609 287 0.0922681094973746 
310620005670610 380 0.098968586746258 
310620005670611 307 0.0943337872750144 
310620005670612 444 0.1008589308168521 
310620005670613 306 0.0935150904120023 
310620005670614 516 0.1048425518391734 
310620005670615 380 0.0968183809809931 
310620005670616 369 0.0978185441545243 
310620005670617 380 0.0975374809812534 
310620005670618 471 0.1027225721690762 
310620005670619 412 0.096250398927148 
310620005670620 295 0.0900314856302218 
310620005670621 253 0.091785069309383 
310620005670622 293 0.0934949916608772 
310620005670623 310 0.0949292038689861 
310620005670624 563 0.109380834624219 
310620005670625 407 0.0995879838048522 
310620005670626 468 0.1028760295604359 
310620005670627 561 0.1091029964946908 
310620005670628 398 0.0987464477715684 
310620005670629 285 0.0926614281500522 
310620005670630 452 0.1000726467541056 
310620005670631 231 0.0891839590435476 
310620005670632 470 0.1019262770872059 
310620005670633 312 0.0940356659276361 
310620005670634 325 0.0951474514922883 
310620005670635 562 0.1081734404623355 
310620005670636 430 0.1019403008456103 
310620005670637 440 0.1020947248848672 
310620005670638 317 0.0964838417416398 
310620005670639 320 0.0960030265605122 
310620005670640 372 0.0991496522915372 
310620005670641 405 0.0999345121149421 
310620005670642 307 0.0939958122671882 
310620005670643 309 0.0944853799722682 
310620005670644 436 0.1026279512467817 
310620005670646 181 0.0845872379812341 
310620005670647 237 0.0908277975366153 
310620005670648 379 0.0972327220327257 
310620005670649 252 0.0928355864949206 
310620005670650 368 0.0982431933389472 
310620005670651 438 0.1022792924425147 
310620005670652 307 0.0937452831051739 
310620005670653 435 0.1001843474830131 
310620005670654 434 0.1012997735498982 
310620005670655 186 0.0896865506224942 
310620005670656 322 0.0954525041819041 
310620005670657 311 0.0963429494313153 
310620005670658 327 0.0970933514557282 
310620005670659 254 0.0919370123361865 
310620005670660 172 0.0895907690502907 
310620005670661 271 0.0922457243910506 
310620005670662 573 0.1079288843370862 
310620005670663 225 0.0908033222216194 
310620005670664 337 0.0958975625450648 
310620005670665 246 0.0900541127501083 
310620005670666 515 0.1065870284162296 
310620005670667 350 0.0966949408789213 
310620005670668 274 0.0929340666035853 
310620005670669 284 0.0932695657049379 
310620005670670 244 0.093011137015133 
310620005670671 407 0.1012156742341216 
310620005670672 480 0.1057131344868759 
310620005670673 621 0.1130475500818253 
310620005670674 287 0.0951366703483994 
310620005670675 289 0.0961891319220468 
310620005670676 369 0.0981001106332738 
310620005670677 366 0.0988617524597498 
310620005670678 338 0.0964788964070964 
310620005670679 429 0.1015336599922971 
310620005670680 524 0.1038067292409406 
310620005670681 430 0.099390230697484 
310620005670682 462 0.1030030510421434 
310620005670683 406 0.0981367676299111 
310620005670684 408 0.0977227534539398 
310620005670685 558 0.1056747227939122 
310620005670686 518 0.1040541716971457 
310620005670687 523 0.1041802745170985 
310620005670688 390 0.0983641617070035 
310620005670689 315 0.0964351308176934 
310620005670690 244 0.0905913000053983 
310620005670691 393 0.0988906635049978 
310620005670692 563 0.1066326100457604 
310620005670693 285 0.0935103459940378 
310620005670694 333 0.0959414864337871 
310620005670695 523 0.1045631901388976 
310620005670696 765 0.1160718072010731 
310620005670697 543 0.1057778584110333 
310620005670698 480 0.1020137182996324 
310620005670699 564 0.1073617770969597 
310620005670700 431 0.1001585313020833 
310620005670701 316 0.0952613029321282 
310620005670702 214 0.089588356701918 
310620005670703 255 0.0923074821805096 
310620005670704 405 0.0988403605004495 
310620005670705 320 0.0947068300634643 
310620005670706 483 0.1013168348999779 
310620005670707 294 0.0943707224670702 
310620005670708 605 0.107772204966641 
310620005670709 573 0.1067695054809479 
310620005670710 443 0.0991438245994952 
310620005670711 516 0.1032324010187813 
310620005670712 546 0.104884912992961 
310620005670713 358 0.0954919873568677 
310620005670714 233 0.0881832765537984 
310620005670715 489 0.1010300616464757 
310620005670716 376 0.0972429599557867 
310620005670717 315 0.0923533759565587 
310620005670718 301 0.0917215096875251 
310620005670719 310 0.0923870333616504 
310620005670720 359 0.0946326215321424 
310620005670721 486 0.1012056161057396 
310620005670722 384 0.0969524826382681 
310620005670723 405 0.0968942013260219 
310620005670724 420 0.0984955897443826 
310620005670725 488 0.1017283949903858 
310620005670726 465 0.1008449031126441 
310620005670727 499 0.102369332220393 
310620005670728 444 0.0991071818903096 
310620005670729 342 0.0934974205604263 
310620005670730 322 0.092805671987995 
310620005670731 590 0.1076671170230949 
310620005670732 416 0.0968334538856993 
310620005670733 556 0.1045148931760505 
310620005670734 450 0.0992789956491648 
310620005670735 464 0.1011113691575901 
310620005670736 461 0.1000449013634021 
310620005670737 370 0.0950525619724871 
310620005670738 517 0.1027520811079025 
310620005670739 439 0.0973434662134446 
310620005670740 284 0.094210957592747 
310620005670741 452 0.1046629715851756 
310620005670742 441 0.0995378450541122 
310620005670743 385 0.0959698084776922 
310620005670744 404 0.0975290611121085 
310620005670745 455 0.1004682806282298 
310620005670746 323 0.0955951743242654 
310620005670747 316 0.095599516749344 
310620005670748 263 0.0920831749820548 
310620005670749 311 0.0940608858235939 
310620005670750 396 0.0965612988047516 
310620005670751 458 0.100260505647263 
310620005670752 534 0.1058398752870794 
310620005670753 292 0.0948727787842448 
310620005670754 301 0.092802626480386 
310620005670755 329 0.0946521507906072 
310620005670756 292 0.0924731846293235 
310620005670757 429 0.0980220757033255 
310620005670758 354 0.093955323540335 
310620005670759 399 0.0959637731415896 
310620005670760 436 0.0992508633296578 
310620005670761 367 0.0953590293138893 
310620005670762 365 0.0955568571546755 
310620005670763 443 0.0999045814312753 
310620005670764 497 0.1032003046424257 
310620005670765 383 0.0962018694213384 
310620005670766 289 0.0928952198533177 
310620005670767 296 0.0939877289477649 
310620005670768 228 0.0892318160171745 
310620005670769 362 0.0969034071199932 
310620005670770 389 0.0983294913698996 
310620005670771 343 0.094144648852843 
310620005670772 441 0.0988501612235659 
310620005670774 292 0.0916835450395835 
310620005670775 664 0.1126622547127462 
310620005670776 520 0.1062632813723973 
310620005670777 464 0.1015844626875538 
310620005670778 334 0.094147231375055 
310620005670779 467 0.1014988023811796 
310620005670780 81 0.0807206138911136 
310620005670781 574 0.1048374615235042 
310620005670782 323 0.094789850907176 
310620005670783 387 0.0986546562482596 
310620005670784 359 0.0987193664567731 
310620005670785 403 0.1003160490031678 
310620005670786 393 0.0965043510028147 
310620005670787 472 0.1008205052712851 
310620005670788 507 0.1035355642565307 
310620005670790 506 0.1045258645211316 
310620005670791 507 0.1023999759913514 
310620005670792 450 0.1010181230452814 
310620005670793 355 0.0953395537629748 
310620005670794 308 0.0926456431540781 
310620005670795 558 0.1056965886791707 
310620005670796 407 0.0980411349893927 
310620005670797 716 0.1144472253828839 
310620005670798 168 0.0843615707719151 
310620005670799 453 0.0979749273612056 
310620005670800 433 0.0979728137203529 
310620005670801 176 0.0881948729896451 
310620005670802 277 0.0933170775162939 
310620005670803 643 0.1105154846692205 
310620005670804 460 0.1002685262678629 
310620005670805 108 0.0809618032735624 
310620005670806 239 0.0878375223550985 
310620005670807 312 0.0932221448955922 
310620005670808 343 0.0963783720011039 
310620005670809 347 0.0926704629436585 
310620005670810 340 0.0930978360517572 
310620005670811 151 0.0837874172598405 
310620005670812 400 0.0960179256632639 
310620005670813 103 0.0818429587401985 
310620005670814 60 0.0798727985889125 
310620005670815 217 0.0870283271563507 
310620005670816 449 0.1000060305161069 
310620005670817 117 0.08170324494075 
310620005670818 605 0.1074832019919477 
310620005670820 125 0.0822197328052622 
310620005670823 0 0.0771485028327926 
310620005670824 524 0.103069394440042 
310620005670825 799 0.1188926280262748 
310620005670826 550 0.1050175189832425 
310620005670827 579 0.1064226589305586 
310620005670828 210 0.0869551162399528 
310620005670829 222 0.1000222417179292 
310620005670830 270 0.0898892811637005 
310620005670831 557 0.1072552321818845 
310620005670832 372 0.0951622254933066 
310620005670833 171 0.0844630197228656 
310620005670834 21 0.0745054205905614 
310620005670835 538 0.1050144714832819 
310620005670836 93 0.0807247745826423 
310620005670837 199 0.0875740157315038 
310620005670838 68 0.0820181194488672 
310620005670839 355 0.0946630155318214 
310620005670840 455 0.1007955772496687 
310620005670841 637 0.1101003488470846 
310620005670842 321 0.0925835922763821 
310620005670843 421 0.1006941436951218 
310620005670844 603 0.108732955774711 
310620005670845 739 0.1146919058788174 
310620005670846 538 0.1054178116984068 
310620005670847 429 0.1007383136514171 
310620005670848 488 0.1025511384817143 
310620005680001 583 0.109205068886393 
310620005680002 510 0.106048688479155 
310620005680004 314 0.0932487214722676 
310620005680007 561 0.1076117010885628 
310620005680009 680 0.111440234498827 
310620005680010 315 0.0930731412304747 
310620005680011 320 0.0930255957344505 
310620005680012 209 0.0866458507845537 
310620005680013 408 0.0989338556057228 
310620005680014 378 0.0960654020373445 
310620005680015 195 0.0870411022521605 
310620005680016 720 0.1140911202919996 
310620005680017 526 0.1031883733831196 
310620005680019 406 0.0985986614974692 
310620005680021 418 0.0990224812240696 
310620005680023 467 0.1032555976502096 
310620005680024 478 0.1054279237989714 
310620005680025 511 0.1061245150674256 
310620005680028 523 0.1025727700680384 
310620005680029 437 0.0983902384642413 
310620005680030 538 0.103625413612977 
310620005680034 665 0.1106748559043419 
310620005680035 833 0.1199489075430148 
310620005680036 473 0.1012571526460245 
310620005680037 690 0.1124283273986806 
310620005680038 467 0.1019297731265115 
310620005680039 677 0.1129190317616722 
310620005680040 401 0.0973424227644876 
310620005680041 455 0.1025487167500123 
310620005680043 347 0.0966074141818767 
310620005680044 100 0.0828903547855552 
310620005680045 428 0.0980798687377559 
310620005680048 229 0.089720455821452 
310620005680050 705 0.1158443379527864 
310620005680051 592 0.109087641124264 
310620005680054 55 0.0800866052812492 
310620005680055 627 0.1112461321918134 
310620005680056 399 0.0983304917583495 
310620005680057 433 0.0999018858982175 
310620005680058 505 0.103535804932768 
310620005680059 461 0.1021356882616155 
310620005680060 742 0.1166186859540761 
310620005680061 578 0.1074937988208603 
310620005680062 382 0.0962997804071082 
310620005680063 572 0.1064174944477612 
310620005680067 335 0.0939481129017764 
310620005680068 503 0.1034981470394271 
310620005680069 739 0.1160369132416122 
310620005680071 544 0.1060382033511652 
310620005680072 833 0.1220752071577325 
310620005680073 714 0.1130768850955494 
310620005680074 546 0.105036875069286 
310620005680075 461 0.1001998387532228 
310620005680076 701 0.1148289232824823 
310620005680077 764 0.1170226627183588 
310620005680078 804 0.1192537896621319 
310620005680079 684 0.1132172253368715 
310620005680080 763 0.1162819549942768 
310620005680081 631 0.1107224181863652 
310620005680082 780 0.1191226725862571 
310620005680084 661 0.1114049395097368 
310620005680085 613 0.1100300394539514 
310620005680086 526 0.103619634452964 
310620005680087 546 0.1060818974370741 
310620005680089 593 0.1086178048754531 
310620005680093 777 0.1160526769815453 
310620005680094 403 0.0970979333180276 
310620005680095 554 0.1056537953916302 
310620005680096 709 0.1132051720558642 
310620005680099 435 0.0989714381130621 
310620005680100 196 0.0866669409521697 
310620005680101 283 0.0922330097703029 
310620005680102 692 0.1125702719949337 
310620005680104 537 0.1082331583728534 
310620005680107 504 0.1048707717342417 
310620005680108 532 0.106739442605738 
310620005680109 528 0.1079561256820592 
310620005680110 622 0.1097815505277735 
310620005680111 579 0.1074902862892035 
310620005680114 696 0.1144327881742784 
310620005680116 673 0.1131410791962987 
310620005680117 573 0.1058648622375341 
310620005680118 481 0.1022616874997525 
310620005680121 784 0.1178798988419537 
310620005680122 177 0.0854608513511165 
310620005680123 741 0.1166678140832653 
310620005680124 519 0.1039092398034178 
310620005680125 846 0.1223713775771824 
310620005680126 437 0.0990199486700865 
310620005680127 878 0.122738345990815 
310620005680128 264 0.0894124264886602 
310620005680129 575 0.1049252006174354 
310620005680130 115 0.0813816696455224 
310620005680131 207 0.0875939958452982 
310620005680132 334 0.0942900368349789 
310620005680133 635 0.1100999603531983 
310620005680135 0 0.0771485028327926 
310620005680137 566 0.1084184436187861 
310620005680138 686 0.1148535585891165 
310620005680139 108 0.0830177403281419 
310620005680143 267 0.0890649970194288 
310620005680150 696 0.1138982437283227 
310620005680152 748 0.1160246727357575 
310620005680160 712 0.1163313367885344 
310620005680165 371 0.0972141677344858 
310620005680166 453 0.1011199126230275 
310620005680167 297 0.0917802990128937 
310620005680168 252 0.090991686912639 
310620005680170 0 0.0771485028327926 
310620005680171 438 0.1006019820463203 
310620005680172 87 0.0835099610069747 
310620005680173 445 0.0999501294246577 
310620005680174 515 0.107551013373372 
310620005680175 649 0.1103424325220894 
310620005680178 397 0.0978197439153613 
310620005680179 688 0.1132720490260952 
310620005680180 473 0.1004988601665034 
310620005680181 612 0.108681070891982 
310620005680182 267 0.0899207731008796 
310620005680183 346 0.094419854746459 
310620005680184 66 0.0824520349073798 
310620005680185 155 0.087565927859504 
310620005680186 302 0.0927379023635926 
310620005680187 826 0.1220649584230124 
310620005680188 314 0.0939916389951973 
310620005680190 676 0.1142719764422255 
310620005680191 179 0.0873670438778824 
310620005680193 547 0.1073744495060644 
310620005680194 101 0.0818476032547178 
310620005680195 510 0.1049680663555386 
310620005680196 318 0.0944301044260389 
310620005680197 572 0.1069563874928722 
310620005680199 491 0.1045949811930963 
310620005680200 70 0.080397061673043 
310620005680201 105 0.0810101278303957 
310620005680202 287 0.0901718498924793 
310620005680203 88 0.0801129161087371 
310620005680204 555 0.1054402839832508 
310620005680205 519 0.101920586516087 
310620005680206 651 0.109252585602533 
310620005680207 479 0.0998484216838468 
310620005680208 336 0.0929210719708279 
310620005680209 530 0.1035622870873784 
310620005680211 476 0.1019180901607385 
310620005680212 448 0.0997812886783888 
310620005680213 652 0.1099886556299255 
310620005680214 545 0.1061518730197076 
310620005680215 663 0.1113448379036701 
310620005680216 503 0.1032033468624926 
310620005680217 683 0.1125205605324063 
310620005680219 604 0.1082904866356983 
310620005680220 638 0.1101599309314274 
310620005680221 733 0.1152579234330556 
310620005680222 478 0.1014760709740391 
310620005680224 487 0.1021528302335573 
310620005680225 788 0.1180273813295275 
310620005680226 427 0.0990047658846875 
310620005680228 185 0.0853874693957642 
310620005680229 46 0.0812692995465326 
310620005680230 198 0.0867249000782672 
310620005680232 0 0.0771485028327926 
310620005680234 364 0.0937726617165335 
310620005680236 475 0.1005214529330197 
310620005680239 292 0.0918115853466815 
310620005680240 198 0.086893558083238 
310620005680242 790 0.1185417688191144 
310620005680243 244 0.0898750083486073 
310620005680246 343 0.0955902340165014 
310620005680247 507 0.1055925520528386 
310620005680248 753 0.1170857572002497 
310620005680249 377 0.0976494705767512 
310620005680250 753 0.1170104735958453 
310620005680251 106 0.0831990246806844 
310620005680253 519 0.1044558581850714 
310620005680254 556 0.1058623183313514 
310620005680256 468 0.1010163459178483 
310620005680257 95 0.08059500072336 
310620005680258 508 0.1037067760745085 
310620005680259 32 0.0786663276455137 
310620005680260 589 0.1071511701747795 
310620005680261 55 0.0802373291932194 
310620005680262 214 0.0867627110117718 
310620005680263 54 0.0797371269925198 
310620005680264 633 0.1094987546889075 
310620005680265 492 0.1023664067362999 
310620005680268 309 0.0923926232917351 
310620005680270 479 0.1027360167051083 
310620005680271 737 0.1162030313693103 
310620005680272 803 0.1193840656430941 
310620005680274 627 0.1095112439889318 
310620005680275 355 0.0949195265528747 
310620005680276 361 0.0961110276629828 
310620005680278 707 0.1176040010925868 
310620005680279 547 0.1072407748471013 
310620005680280 381 0.0956951909547932 
310620005680281 511 0.1036016698875733 
310620005680282 834 0.1212106950949824 
310620005680283 939 0.1268353099257366 
310620005680284 588 0.1078436819579655 
310620005680286 763 0.1190295058603809 
310620005680287 818 0.1226782153584392 
310620005680288 674 0.1147670462740667 
310620005680289 706 0.1176181021499654 
310620005680290 451 0.1016444600545504 
310620005680291 526 0.1054473075085207 
310620005680292 790 0.1213704199469642 
310620005680293 641 0.1125469132437616 
310620005680294 596 0.1080233923686758 
310620005680295 843 0.1228969648662941 
310620005680296 339 0.0962157859281252 
310620005680297 510 0.103903588315809 
310620005680298 447 0.1007905115470438 
310620005680299 210 0.088143446627362 
310620005680300 407 0.0978523259969646 
310620005680301 454 0.1000800422335437 
310620005680302 248 0.0887065657346045 
310620005680304 523 0.103307849744006 
310620005680307 751 0.1160635027398813 
310620005680308 719 0.115098419854254 
310620005680309 956 0.1261782515662673 
310620005680310 646 0.1108068498818153 
310620005680311 590 0.1076105327162259 
310620005680312 624 0.109184759323644 
310620005680313 523 0.1034992793348158 
310620005680314 343 0.093740521964292 
310620005680315 909 0.1234182867191742 
310620005680318 417 0.0973135866191292 
310620005680319 529 0.1030950112588219 
310620005680320 703 0.1146945051060421 
310620005680321 616 0.1090648268780713 
310620005680322 554 0.1052268997541182 
310620005680327 132 0.0840667897509208 
310620005680328 135 0.0829349423640906 
310620005680329 147 0.0841428811935267 
310620005680330 493 0.1023383508009189 
310620005680331 69 0.0825422796645468 
310620005680332 155 0.0841403731210754 
310620005680333 234 0.0890659299283662 
310620005680334 287 0.0919906122337488 
310620005680335 360 0.0949229039899143 
310620005680336 609 0.1084059067881355 
310620005680339 161 0.0838747583494639 
310620005680340 64 0.0807737756074507 
310620005680341 417 0.0971506584156222 
310620005680342 193 0.0864452876072749 
310620005680344 422 0.0979176160492552 
310620005680345 155 0.0841362499092992 
310620005680347 263 0.0895895329040847 
310620005680348 157 0.0832889787740644 
310620005680349 145 0.0828362498024967 
310620005680350 237 0.0874712594889378 
310620005680351 50 0.0799337521602534 
310620005680353 386 0.0958719932413128 
310620005680354 246 0.0900291844863117 
310620005680355 354 0.0948976324594691 
310620005680356 512 0.1024022730347296 
310620005680357 501 0.10520718606138 
310620005680358 565 0.1094202707085747 
310620005680359 531 0.1036922150808256 
310620005680360 493 0.1045007446846226 
310620005680361 551 0.1081221272639917 
310620005680362 284 0.0975120235746312 
310620005680363 283 0.0931960187051282 
310620005680364 465 0.1025490989378096 
310620005680365 266 0.0908234743476859 
310620005680366 332 0.0935268991672745 
310620005680367 394 0.0971285164827565 
310620005680369 436 0.0989673157736847 
310620005680370 276 0.0917854944795837 
310620005680371 321 0.0933174631180738 
310620005680372 272 0.0919895121140839 
310620005680373 440 0.1018589939545187 
310620005680375 589 0.1074170027886671 
310620005680376 533 0.1060307842890693 
310620005680377 575 0.1067270281198711 
310620005680378 343 0.0946245030135115 
310620005680379 563 0.1050578371651646 
310620005680380 483 0.1000809642476381 
310620005680381 361 0.0942265680206871 
310620005680382 369 0.0958279760450449 
310620005680383 708 0.1134231143693911 
310620005680384 689 0.1117608739374809 
310620005680387 426 0.0984603678679742 
310620005680388 315 0.0933500094487092 
310620005680389 539 0.1040828302974777 
310620005680390 592 0.1063700345795024 
310620005680391 331 0.0940007211120261 
310620005680392 282 0.0909407620658786 
310620005680393 333 0.0926347099511907 
310620005680394 230 0.0889679044012388 
310620005680395 550 0.1046782000391298 
310620005680396 438 0.0983168221529861 
310620005680397 552 0.106140726559297 
310620005680398 362 0.0970211974197099 
310620005680399 769 0.1361877509645801 
310620005680402 230 0.0895171768697478 
310620005680403 341 0.0947137553419388 
310620005680404 385 0.0969546756964075 
310620005680406 425 0.0973583818064374 
310620005680407 433 0.0972887702863873 
310620005680408 389 0.0973066868392244 
310620005680409 366 0.0976681291101392 
310620005680410 364 0.0968791134106914 
310620005680411 351 0.0960740320949425 
310620005680412 449 0.1020886589789832 
310620005680413 322 0.09372767225069 
310620005680414 376 0.0962795732301424 
310620005680415 502 0.1026756859542911 
310620005680416 363 0.0955175208811569 
310620005680417 504 0.1035880431846204 
310620005680418 387 0.0979033248329183 
310620005680419 425 0.1006375553220147 
310620005680420 325 0.0941175472840328 
310620005680421 434 0.0993204480712889 
310620005680422 601 0.1073410419388935 
310620005680423 564 0.1053688335155403 
310620005680424 232 0.0892549788947198 
310620005680425 684 0.1136026271826509 
310620005680426 465 0.1013831475317606 
310620005680427 519 0.1041559152048722 
310620005680428 445 0.1010775271447837 
310620005680429 420 0.1016398406183166 
310620005680430 468 0.1018323529845251 
310620005680431 331 0.0960710945561332 
310620005680432 243 0.089696408575657 
310620005680433 374 0.0974302221446231 
310620005680434 556 0.1073518199162893 
310620005680435 469 0.1019491869651015 
310620005680436 239 0.0891115624755426 
310620005680437 505 0.1045512886031173 
310620005680438 457 0.1021292917676247 
310620005680439 594 0.1055342091754242 
310620005680440 679 0.1100980681666491 
310620005680441 215 0.0877836885186381 
310620005680442 779 0.117410144398497 
310620005680443 504 0.1019704205304868 
310620005680444 607 0.1079276795704976 
310620005680445 612 0.1075698930820451 
310620005680446 426 0.0987975211797136 
310620005680447 408 0.0962504691781647 
310620005680448 619 0.1077229065716283 
310620005680449 516 0.1043111738766854 
310620005680450 459 0.1026736688445793 
310620005680451 430 0.0997988653041058 
310620005680452 409 0.098992982762879 
310620005680453 469 0.1013822174023544 
310620005680454 556 0.106041461106162 
310620005680455 612 0.1076337412614496 
310620005680456 674 0.111017383140282 
310620005680457 425 0.0990831986147205 
310620005680458 474 0.1019514911625274 
310620005680459 468 0.0999857621009127 
310620005680460 0 0.0771485028327926 
310620005680461 415 0.0984468003763415 
310620005680462 370 0.0956865898754319 
310620005680463 480 0.100955521515376 
310620005680464 469 0.1008972852138253 
310620005680465 474 0.1014632766521612 
310620005680466 242 0.089808945389982 
310620005680467 366 0.0968662971591731 
310620005680468 445 0.099242458659926 
310620005680469 378 0.0975273711366823 
310620005680470 307 0.0933290899127124 
310620005680471 367 0.0954119063431695 
310620005680472 644 0.1099744413713 
310620005680473 320 0.0943199072901567 
310620005680474 396 0.0987697642369365 
310620005680475 347 0.095292586187559 
310620005680476 425 0.0992565026407402 
310620005680477 460 0.1006543388262792 
310620005680478 434 0.099495184471472 
310620005680479 563 0.1069603448152663 
310620005680480 572 0.1071664843232485 
310620005680481 331 0.093069706673019 
310620005680482 410 0.0991944587953087 
310620005680483 621 0.1091847677852209 
310620005680484 493 0.1016438766203019 
310620005680485 302 0.0919815978364975 
310620005680486 301 0.0930863607119387 
310620005680487 641 0.1109528622586319 
310620005680488 416 0.09833646232918 
310620005680489 440 0.1012886983382103 
310620005680490 511 0.1046701813832405 
310620005680491 524 0.1037667548198639 
310620005680492 568 0.1076342368655335 
310620005680493 407 0.0989150419689698 
310620005680494 559 0.1079812557532573 
310620005680495 322 0.0940644744428057 
310620005680496 392 0.0970139344457429 
310620005680497 510 0.1039802034114077 
310620005680498 508 0.1039713281038399 
310620005680499 325 0.0939621520470294 
310620005680500 377 0.0968189825258935 
310620005680501 407 0.0980837538173329 
310620005680502 378 0.0967479024332591 
310620005680503 360 0.0961304622248857 
310620005680504 437 0.0998504014795738 
310620005680505 307 0.0927634623343191 
310620005680506 606 0.1074711167956154 
310620005680507 453 0.1007284678881939 
310620005680508 497 0.1029490202356008 
310620005680509 582 0.1070488105035175 
310620005680510 578 0.1065667516577068 
310620005680511 794 0.1478870713823104 
310620005680512 729 0.1142312450641137 
310620005680513 944 0.1297707121961107 
310620005680514 636 0.1321930575317017 
310620005680515 204 0.0863220801424917 
310620005680516 368 0.0948784396020003 
310620005680517 597 0.1076065167235049 
310620005680518 645 0.1092576452481535 
310620005680519 279 0.0921239767714179 
310620005680520 560 0.1066240451968269 
310620005680521 305 0.0924230399079159 
310620005680522 245 0.089906818091875 
310620005680523 322 0.0947059573469335 
310620005680524 481 0.1033862325323502 
310620005680525 385 0.097194811290809 
310620005680526 554 0.1059508204823757 
310620005680527 294 0.0932521053223869 
310620005680528 451 0.1009161219036717 
310620005680529 184 0.0893781771556831 
310620005680530 403 0.0979346913773392 
310620005680531 367 0.0956467877665177 
310620005680532 314 0.0934806852984875 
310620005680533 640 0.1094506585202748 
310620005680534 450 0.1001089051243772 
310620005680535 597 0.1056372986426178 
310620005680536 513 0.1028388589563994 
310620005680537 412 0.0997013778315716 
310620005680538 397 0.0985951632450909 
310620005680539 475 0.102532402108144 
310620005680540 573 0.1073837221505145 
310620005680541 388 0.0980588956594528 
310620005680542 296 0.0917669199129171 
310620005680543 407 0.0953061539769438 
310620005680544 282 0.0902684966030699 
310620005680545 220 0.0846440829790007 
310620005680546 887 0.1211488551925578 
310620005680547 334 0.0920347930151899 
310620005680548 558 0.1055683944766963 
310620005680549 109 0.0822637264329442 
310620005680550 182 0.0857032965841694 
310620005680551 0 0.0771485028327926 
310620005680552 118 0.0819606760452391 
310620005680553 777 0.1190133467284568 
310620005680554 132 0.0837038009670435 
310620005680555 252 0.0893955169965145 
310620005680557 480 0.1033256139333434 
310620005680558 190 0.0880629027405627 
310620005680559 963 0.1297666926393028 
310620005680560 33 0.0781068506624836 
310620005680561 448 0.0990292535858363 
310620005690001 593 0.1075762920282278 
310620005690003 659 0.1108010918314028 
310620005690004 732 0.1140855931414858 
310620005690005 90 0.0796655402187931 
310620005690006 498 0.1023165539408434 
310620005690007 546 0.1042284288856926 
310620005690008 561 0.1058938372122069 
310620025610003 671 0.1121008985153379 
310620025610004 696 0.1137266079611427 
310620025610005 789 0.1184321642236855 
310620025610006 878 0.1224145327980009 
310620025610007 509 0.1032556361455885 
310620025610013 436 0.0989584792164138 
310620025610015 400 0.0962322354491298 
310620025610016 582 0.106950527671812 
310620025610017 793 0.1219709406063661 
310620025610022 433 0.0998362951183123 
310620025610023 599 0.1068653458533532 
310620025610024 665 0.1121301323492059 
310620025610025 283 0.0905606278432333 
310620025610026 698 0.114757898925886 
310620025610027 750 0.1186449625163375 
310620025610028 453 0.1004820458958679 
310620025610029 683 0.1125306747457572 
310620025610030 641 0.1112688038511636 
310620025610031 528 0.1052413373816615 
310620025610032 546 0.1057511936029114 
310620025610034 861 0.1220900714245005 
310620025610035 765 0.1160126071575298 
310620025610037 810 0.1493857021220143 
310620025610039 1032 0.1285481689479936 
310620025610040 796 0.1178352306951439 
310620025610043 262 0.0895109381622116 
310620025610045 599 0.1067295129451903 
310620025610047 585 0.1068089909196397 
310620025610049 729 0.1150586516898081 
310620025610051 528 0.1059361354731538 
310620025610052 572 0.1067741975719851 
310620025610053 693 0.112404003374472 
310620025610054 687 0.1134773345651976 
310620025610055 465 0.1007276438876935 
310620025610056 620 0.1096357181658158 
310620025610058 793 0.1202696399922498 
310620025610059 772 0.1167848448366035 
310620025610060 463 0.1001690323335652 
310620025610061 616 0.1085168438346191 
310620025610062 823 0.1197608154519379 
310620025610063 762 0.1153948019284485 
310620025610064 629 0.1079615123472127 
310620025610066 967 0.1282782150808242 
310620025610067 1201 0.148240036780241 
310620025610068 593 0.1072917101913026 
310620025610070 216 0.0869292208911305 
310620025610071 664 0.1100480911076804 
310620025610072 488 0.1011531119374143 
310620025610073 511 0.1070927583766731 
310620025610074 397 0.0964596882090546 
310620025610075 174 0.0849479325658281 
310620025610077 641 0.1095610896166134 
310620025610078 601 0.1074153174177521 
310620025610079 623 0.1094038130094523 
310620025610080 655 0.1110959235730065 
310620025610082 466 0.1007295144909377 
310620025610083 623 0.1213784773344139 
310620025610086 721 0.1140653146710126 
310620025610088 734 0.1143614725659088 
310620025610090 0 0.0771485028327926 
310620025610091 762 0.1167208051528781 
310620025610092 708 0.1134816871442525 
310620025610093 800 0.1171199381320938 
310620025610095 693 0.113656673469729 
310620025610096 338 0.0947892176603087 
310620025610097 547 0.105075172459752 
310620025610098 288 0.092449720828168 
310620025610099 846 0.122907773527499 
310620025610101 426 0.0986907023429922 
310620025610102 712 0.1148425284383528 
310620025610103 411 0.098473154844702 
310620025610104 377 0.0964213050690445 
310620025610106 494 0.1031012882246623 
310620025610107 570 0.1067286230414781 
310620025610108 525 0.1035975955680891 
310620025610111 580 0.1077205740787812 
310620025610114 415 0.0980321782807202 
310620025610115 185 0.0869568067665664 
310620025610117 810 0.1190628934551306 
310620025610118 870 0.1204476291810276 
310620025610119 870 0.1221664183961265 
310620025610122 383 0.1019942032895117 
310620025610123 546 0.1055304425705334 
310620025610124 577 0.1131334377726915 
310620025610126 672 0.1111036679477625 
310620025610127 608 0.1073858792778502 
310620025610128 685 0.1118274537326512 
310620025610129 910 0.1240786587545759 
310620025610130 851 0.1227682505880794 
310620025610131 643 0.1137635848026197 
310620025610133 413 0.0978049692391975 
310620025610134 713 0.1135278697371915 
310620025610135 697 0.1131009920969556 
310620025610136 598 0.1081091069204371 
310620025610137 731 0.115451140845221 
310620025610138 635 0.1102702291372356 
310620025610140 529 0.1047180463556507 
310620025610141 260 0.0906246854587537 
310620025610142 975 0.127586776213615 
310620025610144 450 0.1021407394376532 
310620025610145 671 0.1127141408801951 
310620025610146 498 0.1038016031570742 
310620025610147 374 0.0974727309125883 
310620025610148 259 0.0905846675867844 
310620025610149 398 0.0975153445780954 
310620025610150 764 0.119737260428939 
310620025610151 341 0.094353603673336 
310620025610152 467 0.1012253519529103 
310620025610153 475 0.101104765894221 
310620025610154 700 0.1129032932137641 
310620025610156 532 0.1039060001132598 
310620025610157 963 0.1265799002430943 
310620025610158 743 0.1183718951263974 
310620025610161 169 0.0844830286889138 
310620025610162 849 0.1199943649156367 
310620025610163 880 0.1248312878292471 
310620025610164 626 0.1082368138283058 
310620025610165 755 0.1164040607043917 
310620025610166 442 0.1003279585665259 
310620025610167 304 0.0921964472035086 
310620025610168 382 0.0960731702557382 
310620025610169 706 0.1147998852748747 
310620025610170 689 0.11377258009849 
310620025610171 739 0.1140627245233848 
310620025610172 612 0.1077636427694833 
310620025610173 629 0.1105252442596597 
310620025610174 653 0.1133497818136931 
310620025610175 448 0.1000357071854949 
310620025610176 85 0.0810031164654572 
310620025610177 51 0.0810767380495355 
310620025610178 243 0.0884165403083532 
310620025610179 481 0.100809862975855 
310620025610181 602 0.1090868983295069 
310620025610182 681 0.1131928750844458 
310620025610183 434 0.0989016845295941 
310620025610184 340 0.0931385590672263 
310620025610185 191 0.0853973159818463 
310620025610186 989 0.1264630610417285 
310620025610187 662 0.1113294687461827 
310620025610189 553 0.1061677619995244 
310620025610190 541 0.10442487147791 
310620025610191 497 0.1030399007410029 
310620025610192 676 0.1130335909636138 
310620025610193 560 0.106520594832718 
310620025610194 443 0.0993593615882136 
310620025610196 791 0.1176663160583012 
310620025610197 704 0.1132121880979405 
310620025610198 604 0.1074726639546182 
310620025610199 552 0.1048931145934852 
310620025610200 432 0.0985652341932529 
310620025610201 612 0.1086115806168331 
310620025610202 600 0.1058749584994857 
310620025610206 632 0.1294736558511846 
310620025610207 373 0.0957085918806041 
310620025610208 546 0.1057974604548592 
310620025610209 806 0.1189734612592507 
310620025610212 776 0.1169433581459388 
310620025610213 307 0.0917371008972406 
310620025610215 385 0.0963773857498059 
310620025610216 531 0.105071881597694 
310620025610217 404 0.0977475800598021 
310620025610218 283 0.0916311613534072 
310620025610219 684 0.113646445681372 
310620025610220 377 0.0962934705185289 
310620025610221 901 0.1243101126778825 
310620025610222 562 0.106321149957016 
310620025610223 670 0.1115241164725958 
310620025610224 763 0.1154434096507545 
310620025610226 462 0.1011066862972309 
310620025610228 698 0.1139515094309008 
310620025610230 692 0.1127227402917523 
310620025610234 882 0.1211985140670402 
310620025610235 744 0.1153095820681164 
310620025610236 546 0.1051417075600855 
310620025610237 371 0.0964867277078794 
310620025610238 448 0.0990870021231311 
310620025610241 448 0.099933695598287 
310620025610242 525 0.1051973795537286 
310620025610243 334 0.0939805710548692 
310620025610244 377 0.0964194972728419 
310620025610245 439 0.0992680034640927 
310620025610246 472 0.1016318041205959 
310620025610247 438 0.1264023344804181 
310620025610248 96 0.0843176899610408 
310620025610250 434 0.098230197234264 
310620025610251 665 0.1120163656184015 
310620025610252 809 0.1180172055207822 
310620025610253 433 0.1020056265297601 
310620025610254 726 0.1651922353169579 
310620025610256 580 0.1067657170173866 
310620025610257 560 0.1056679076959724 
310620025610258 544 0.1044872758459207 
310620025610259 634 0.1092913370235741 
310620025610260 556 0.1052824400828644 
310620025610261 578 0.1069400160666615 
310620025610262 631 0.1103100310828509 
310620025610263 229 0.0888416554109545 
310620025610264 545 0.1040085237218938 
310620025610265 734 0.1145206120403697 
310620025610267 379 0.0958059151221314 
310620025610270 604 0.1080576730243008 
310620025610271 385 0.0952887302001959 
310620025610272 623 0.1087230182398837 
310620025610273 447 0.1005149269306528 
310620025610274 494 0.1013849122801152 
310620025610275 646 0.1082620244270449 
310620025610277 623 0.1086044826984178 
310620025610278 394 0.0970365029863957 
310620025610279 311 0.0916583132588507 
310620025610280 831 0.1213005330621075 
310620025610281 277 0.1054749826167071 
310620025610282 251 0.1071556009237051 
310620025610283 170 0.0836357711458289 
310620025610284 425 0.1164177439049567 
310620025610285 931 0.1320402182366474 
310620025610286 857 0.1242123572046526 
310620025610288 257 0.0887356414357593 
310620025610289 759 0.1204983121455951 
310620025610290 574 0.1063312241679782 
310620025610291 215 0.0873586024074588 
310620025610293 799 0.1172881517816176 
310620025610294 624 0.1091562975318647 
310620025610295 532 0.1028724772840662 
310620025610296 483 0.1005502651655095 
310620025610297 147 0.0832730708330016 
310620025610298 244 0.0884214116567544 
310620025610299 485 0.1011745319798599 
310620025610300 366 0.1035294688027377 
310620025610301 589 0.107993715309281 
310620025610302 315 0.092949545105808 
310620025610303 755 0.1267079797797417 
310620025610304 782 0.1171101336715105 
310620025610305 509 0.1036650142596085 
310620025610306 409 0.096465259663095 
310620025610307 318 0.0920312486322046 
310620025610308 1000 0.1302843194582255 
310620025610309 555 0.1165162478991529 
310620025610311 223 0.0869262275534209 
310620025610312 171 0.0848616474108071 
310620025610313 1000 0.1273518517192946 
310620025610314 339 0.093271026647824 
310620025610315 624 0.107520441466622 
310620025610317 95 0.081293604661498 
310620025610318 169 0.0850688197554374 
310620025610319 222 0.0890456519158154 
310620025610320 440 0.0997489150977528 
310620025610321 415 0.114844103418636 
310620025610322 598 0.1079386007620268 
310620025610323 178 0.0839300201735575 
310620025610324 198 0.0856422010955216 
310620025610325 649 0.1090827709351895 
310620025610326 572 0.1058922644863931 
310620025610327 494 0.1017390048913036 
310620025610328 166 0.0856663584812767 
310620025610329 466 0.1003887702321352 
310620025610330 514 0.1026306817267963 
310620025610331 892 0.1250620132313292 
310620025610332 634 0.1078889696855575 
310620025610335 722 0.1123787076739177 
310620025610337 564 0.1042779381304284 
310620025610338 297 0.0903734838368145 
310620025610339 814 0.1165536515925517 
310620025610340 93 0.0811742167757878 
310620025610341 35 0.0776370192612835 
310620025610343 594 0.1075329685898197 
310620025610344 521 0.1176886797067956 
310620025610346 360 0.0956297660132963 
310620025610347 436 0.0985398135284395 
310620025610348 241 0.0885298563975647 
310620025610349 465 0.1009507794624627 
310620025610350 336 0.0940163832451706 
310620025610352 610 0.1064347028858771 
310620025610353 553 0.1037082223481256 
310620025610354 635 0.1075827875831845 
310620025610355 232 0.0881360543237728 
310620025610356 74 0.0855533097039568 
310620025610357 274 0.1030182635936601 
310620025610358 156 0.0924266576485401 
310620025610359 621 0.1083340477684499 
310620025610360 885 0.1237565159885449 
310620025610361 557 0.1055037752637217 
310620025610362 101 0.0813531682177841 
310620025610363 139 0.0829570437432514 
310620025610364 454 0.100430065081245 
310620025610366 535 0.104934328495293 
310620025610367 135 0.0837487193911198 
310620025610368 127 0.083382096765685 
310620025610369 103 0.0820030506075571 
310620025610370 191 0.0859637197265469 
310620025610371 529 0.1039586798027454 
310620025610372 546 0.1047199835294782 
310620025610373 379 0.0964274238649528 
310620025610374 781 0.1167883107728949 
310620025610375 125 0.0842042375085319 
310620025610376 365 0.0959642194473406 
310620025610377 131 0.0827342999541192 
310620025610378 87 0.0808884112719392 
310620025610379 195 0.086500536945496 
310620025610380 121 0.0826329555183816 
310620025610381 322 0.0922106801759779 
310620025610382 98 0.0817911550731445 
310620025610383 235 0.0882018044074109 
310620025610384 279 0.0899673228321809 
310620025610385 426 0.0976117417611137 
310620025610386 446 0.0998387416776783 
310620025610387 584 0.1067958418777904 
310620025610388 503 0.1022590373576447 
310620025610389 456 0.0985758766181443 
310620025610390 299 0.0920526011873059 
310620025610391 89 0.0804895593134417 
310620025610392 212 0.0872784638079477 
310620025610393 156 0.0843367126981723 
310620025610394 667 0.110235578964842 
310620025610395 287 0.0909261615003284 
310620025610397 364 0.0953908147229799 
310620025610398 289 0.0908486199605968 
310620025610399 534 0.1041003022988391 
310620025610400 456 0.0993391629787893 
310620025610401 213 0.0904569936043326 
310620025610402 940 0.1530628341106867 
310620025610403 218 0.0887028913589126 
310620025610404 589 0.106592206579404 
310620025610405 682 0.1123405263470969 
310620025610406 819 0.1173281312000348 
310620025610407 360 0.0942103660831282 
310620025610409 422 0.0978358560458682 
310620025610410 527 0.102939700516078 
310620025610411 683 0.1124779590943143 
310620025610412 99 0.0840705323946935 
310620025610413 107 0.0805405394216123 
310620025610414 680 0.1125918797706957 
310620025610415 705 0.1128862315301817 
310620025610416 194 0.0941539299556495 
310620025610417 725 0.1127061756098666 
310620025610418 66 0.0824662226240428 
310620025610419 206 0.0896797382754882 
310620025610420 264 0.0895806962758269 
310620025610421 730 0.1260371612214735 
310620025610425 441 0.0991601854910535 
310620025610426 524 0.1034570195737837 
310620025610427 99 0.0817150917444244 
310620025610428 145 0.0830910919441572 
310620025610429 280 0.0907185802714941 
310620025610430 176 0.0936515371827483 
310620025610431 133 0.0897961739878035 
310620025610433 881 0.1211653771781848 
310620025610434 420 0.0973136021618268 
310620025610435 1116 0.1308972060531839 
310620025610436 715 0.1127900288590583 
310620025610437 427 0.0996680374549812 
310620025610439 852 0.1794493066017196 
310620025610440 489 0.1014052090519292 
310620025610441 532 0.103523315446266 
310620025610442 439 0.0984737903863846 
310620025610443 582 0.1069554349661518 
310620025610445 592 0.1076987725859614 
310620025610446 396 0.0978593346735092 
310620025610447 546 0.1049471934997273 
310620025610449 414 0.0971745520374534 
310620025610452 503 0.1027255389044058 
310620025610453 560 0.1034903959106399 
310620025610454 554 0.1048234301762142 
310620025610455 495 0.1035581463287677 
310620025610456 637 0.1107834514236979 
310620025610457 357 0.0958339267710689 
310620025610458 169 0.0879444862237763 
310620025610459 315 0.0942450297152472 
310620025610460 477 0.1015963915501449 
310620025610461 479 0.1009931439110646 
310620025610462 589 0.1065340930459324 
310620025610463 450 0.1005473495722146 
310620025610464 442 0.0989728978984994 
310620025610465 307 0.0951846799451836 
310620025610466 339 0.0940973835668927 
310620025610467 466 0.1012710524056622 
310620025610468 622 0.1095441910032851 
310620025610469 345 0.0947668068497763 
310620025610470 489 0.1025385218162091 
310620025610471 856 0.1199931833817409 
310620025610472 512 0.1024648720810954 
310620025610473 663 0.1119265501624692 
310620025610477 376 0.0943004781609221 
310620025610478 482 0.1013441363935807 
310620025610479 568 0.1067027159234004 
310620025610480 335 0.0936282399327121 
310620025610481 449 0.0982803487746734 
310620025610482 427 0.0977112276422068 
310620025610483 391 0.0961604190098933 
310620025610484 455 0.0998070859988655 
310620025610485 403 0.0964440965713685 
310620025610486 396 0.0965829139995402 
310620025610488 396 0.0965020193436292 
310620025610489 177 0.0850168537210701 
310620025610490 665 0.1101296140201185 
310620025610491 516 0.1022745229970922 
310620025610492 381 0.0957137977062924 
310620025610493 585 0.106311176414662 
310620025610494 613 0.1082956753489994 
310620025610495 547 0.1040853812954552 
310620025610496 525 0.1030327607976619 
310620025610497 741 0.1180319058754437 
310620025610498 346 0.0943523906681137 
310620025610499 489 0.1021343832363259 
310620025610500 302 0.0925236762473174 
310620025610501 530 0.1034264827983615 
310620025610502 467 0.1059282778994952 
310620025610503 544 0.1028793536183797 
310620025610504 587 0.1092910577817879 
310620025610505 479 0.1032093749716182 
310620025610506 418 0.0972194611118458 
310620025610507 536 0.103966777422068 
310620025610508 390 0.0973894659965032 
310620025610509 489 0.1014394742102721 
310620025610510 444 0.0991975175921394 
310620025610511 516 0.1030594575465287 
310620025610512 459 0.1009909034973768 
310620025610513 379 0.0975969170594813 
310620025610514 390 0.0965875844398985 
310620025610515 501 0.1023589255092849 
310620025610516 441 0.0993134941867358 
310620025610517 562 0.105676667406537 
310620025610520 343 0.09400272061068 
310620025610521 532 0.1039753337536878 
310620025610522 363 0.095210891412553 
310620025610523 380 0.0961336464658093 
310620025610524 446 0.0997293580344486 
310620025610525 555 0.105522212506297 
310620025610526 556 0.1053761296307111 
310620025610527 376 0.0961110591393334 
310620025610528 401 0.0970165201905059 
310620025610529 487 0.1023499951188561 
310620025610530 567 0.105769057345008 
310620025610531 452 0.0988305542364764 
310620025610532 557 0.1053172785456543 
310620025610533 486 0.1010606532989676 
310620025610534 717 0.1132288591259425 
310620025610535 434 0.098465940614691 
310620025610536 426 0.097923802762002 
310620025610537 475 0.1007952130108602 
310620025610538 491 0.1015061277420712 
310620025610539 535 0.1069245806688179 
310620025610540 379 0.0965719832391181 
310620025610541 401 0.0971652291224705 
310620025610542 385 0.0967363861662411 
310620025610543 401 0.0969239022638186 
310620025610544 538 0.103575087963487 
310620025610545 399 0.0959531384336621 
310620025610546 510 0.1032357674040804 
310620025610547 422 0.0985614586902333 
310620025610548 583 0.1056028034520048 
310620025610549 309 0.0916998876807757 
310620025610550 421 0.0985591513226502 
310620025610551 488 0.1023627417878315 
310620025610552 557 0.1047575545306243 
310620025610553 455 0.099882898037019 
310620025610554 570 0.1067250618840963 
310620025610555 525 0.1028484988165329 
310620025610556 439 0.0981149078407918 
310620025610557 666 0.1116917954793888 
310620025610558 388 0.097249247712664 
310620025610559 413 0.0982855175942274 
310620025610560 514 0.1030222941325196 
310620025610561 308 0.0926034089790223 
310620025610562 397 0.0972326253559865 
310620025610563 418 0.0983280475235727 
310620025610564 302 0.091786175136507 
310620025610565 419 0.0976317097848049 
310620025610566 387 0.0961398908883502 
310620025610567 461 0.1007137887253317 
310620025610568 601 0.108154474068029 
310620025610569 391 0.0965974141669281 
310620025610570 453 0.100685143002898 
310620025610571 412 0.0992184375706444 
310620025610572 467 0.0997304091430755 
310620025610573 304 0.1000024281035994 
310620025610574 313 0.0925979655731978 
310620025610575 478 0.1011372013831393 
310620025610576 401 0.0970344238554961 
310620025610577 321 0.0923768101060426 
310620025610578 521 0.102133614210552 
310620025610579 671 0.1101555625683874 
310620025610580 360 0.096832921085135 
310620025610581 335 0.0966150517597509 
310620025610582 356 0.0938897968818986 
310620025610583 403 0.0962894346994364 
310620025610584 317 0.0935572056299149 
310620025610585 423 0.099624402125439 
310620025610586 287 0.0919708631297404 
310620025610587 372 0.0956506577705712 
310620025610588 537 0.1044607993295555 
310620025610589 514 0.1017743017509649 
310620025610590 417 0.0979651034181666 
310620025610591 304 0.0920740942868676 
310620025610592 615 0.107325889184357 
310620025610593 508 0.1124127842913794 
310620025610594 436 0.0983973364087007 
310620025610595 471 0.1012807543310613 
310620025610596 447 0.0987978154522878 
310620025610597 352 0.093619285857529 
310620025610598 431 0.0984865961305588 
310620025610599 377 0.0957196839583463 
310620025610600 411 0.0962295079305788 
310620025610601 483 0.1004257486503072 
310620025610602 299 0.0916755996150055 
310620025610603 548 0.1046148998536463 
310620025610604 579 0.1046626811324193 
310620025610605 536 0.1023063543870202 
310620025610606 474 0.1003505073159428 
310620025610607 377 0.0955889375389584 
310620025610608 411 0.0965628602376283 
310620025610609 501 0.10774359720626 
310620025610610 594 0.1069709352977412 
310620025610611 489 0.1007372384593268 
310620025610612 471 0.1001276479629492 
310620025610613 314 0.091885460612622 
310620025610614 411 0.0971722336432589 
310620025610615 413 0.0963053094995132 
310620025610616 555 0.1291515281685663 
310620025610617 595 0.1049327367241376 
310620025610618 659 0.1106131523710603 
310620025610620 729 0.1228554753427898 
310620025610621 477 0.1128671013606218 
310620025610622 736 0.1550616135009893 
310620025610623 200 0.095776710802435 
310620025610624 393 0.1148020944920087 
310620025610625 565 0.1045797918140314 
310620025610626 347 0.0933538705519157 
310620025610627 432 0.0990392068617835 
310620025610628 72 0.0840117848374095 
310620025610629 184 0.0954281118551189 
310620025610630 714 0.111635441420868 
310620025610631 781 0.1285903118956856 
310620025610632 338 0.1146221564566327 
310620025610633 366 0.122420058140998 
310620025610634 582 0.1073804984898214 
310620025610635 616 0.1069136233063862 
310620025610636 320 0.0928087566222064 
310620025610637 395 0.0974187428123609 
310620025610638 348 0.106084940455089 
310620025610639 284 0.0897621418018665 
310620025610640 397 0.0953348732316965 
310620025610641 527 0.1037183855012138 
310620025610642 340 0.0922457484822687 
310620025610643 219 0.1001049390545237 
310620025610645 561 0.1054612298362988 
310620025610646 419 0.0984432993002868 
310620025610647 419 0.09565061557305 
310620025610648 90 0.0816936095716654 
310620025610649 1076 0.1782135904685393 
310620025610651 595 0.1074085870693187 
310620025610652 114 0.0810605336955824 
310620025610653 911 0.1262912521421918 
310620025610654 687 0.1253439819247454 
310620025610655 475 0.1009382316284319 
310620025610656 604 0.1074268112808565 
310620025610657 303 0.0932791791234123 
310620025610659 198 0.0862069685785008 
310620025610660 407 0.0964040853314528 
310620025610661 480 0.1004492043724076 
310620025610662 252 0.0890306937759893 
310620025610663 606 0.1074828287022748 
310620025610664 514 0.1034640694813532 
310620025610665 0 0.0771485028327926 
310620025670001 218 0.0865987794182438 
310620025670002 128 0.0812045399974646 
310620025670003 109 0.0807145746589705 
310620025670004 85 0.0818395031666419 
310620025670005 160 0.0837238960796141 
310620025670006 0 0.0771485028327926 
310620060640002 511 0.1022076497673207 
310620060640004 358 0.0942543616742241 
310620060640005 613 0.1081206743617387 
310620060640006 568 0.1053505079897796 
310620060640007 659 0.1113734713700113 
310620060640008 248 0.0883122095619917 
310620060640009 597 0.1069666516864614 
310620060640010 662 0.1109723550375268 
310620060640011 550 0.1047656887857202 
310620060640012 561 0.1049634950669919 
310620060640014 71 0.0798977270202322 
310620060640015 544 0.1087429572722881 
310620060640016 617 0.1081380605822098 
310620060640017 672 0.1193888442272778 
310620060640021 607 0.1062820337607764 
310620060640024 433 0.0979378382472314 
310620060640025 361 0.0953638525476174 
310620060640027 704 0.1301896283027933 
310620060640028 694 0.1127941233325527 
310620060640029 248 0.0883390642399468 
310620060640031 542 0.1039797911757649 
310620060640033 619 0.1071624752143074 
310620060640035 827 0.117536420385207 
310620060640036 543 0.1043880527284775 
310620060640037 736 0.11402072351871 
310620060640040 425 0.0977073843451362 
310620060640041 549 0.1043000895366431 
310620060640042 61 0.079040017685385 
310620060640043 504 0.1014847336872479 
310620060640044 685 0.1111968813683718 
310620060640045 451 0.099856936289646 
310620060640047 552 0.1050703028401637 
310620060640048 508 0.1039936821578167 
310620060640049 721 0.1144519451654496 
310620060640050 457 0.0993400310053578 
310620060640052 661 0.1107007682015809 
310620060640053 249 0.0883744677299711 
310620060640057 575 0.1052824285292288 
310620060640060 575 0.1063990039726028 
310620060640061 671 0.1117407018862395 
310620060640063 557 0.104687977209852 
310620060640068 612 0.1365932831118327 
310620060640070 574 0.1065534596469335 
310620060640071 663 0.1106705313533181 
310620060640072 696 0.111791160516468 
310620060640073 745 0.1150725079323664 
310620060640074 659 0.1104811931233491 
310620060640075 627 0.1104334806307736 
310620060640077 690 0.1120058474806392 
310620060640078 537 0.1047700008584899 
310620060640079 618 0.1091475629513959 
310620060640080 643 0.1095189529448752 
310620060640081 642 0.1099550897179503 
310620060640082 382 0.0960290256983898 
310620060640086 628 0.1093479998890973 
310620060640087 696 0.1127706987716067 
310620060640089 616 0.1076647732453981 
310620060640090 596 0.1055776706579401 
310620060640091 446 0.0978282932199647 
310620060640092 567 0.1062528279882675 
310620060640093 655 0.1110444781560757 
310620060640095 465 0.1010277473151465 
310620060640098 636 0.1101102772600659 
310620060640101 609 0.108359234476843 
310620060640102 513 0.1036469605811449 
310620060640104 634 0.1138665948506343 
310620060640106 523 0.1033205362424782 
310620060640108 445 0.09979950386138 
310620060640109 784 0.1175930706541798 
310620060640111 603 0.1077112005708329 
310620060640113 677 0.1102752370174349 
310620060640114 661 0.1121894881649919 
310620060640115 485 0.1015653972729264 
310620060640116 282 0.0903947840396628 
310620060640117 489 0.1017116829194246 
310620060640118 506 0.1032518813043238 
310620060640119 558 0.1062726547637685 
310620060640121 593 0.1081473225687159 
310620060640124 665 0.1120466244672984 
310620060640125 480 0.1013425608710989 
310620060640126 638 0.1107445844933743 
310620060640128 596 0.1069383263153279 
310620060640130 629 0.1099719031777511 
310620060640131 103 0.0809971073607451 
310620060640132 151 0.0846988235120476 
310620060640133 198 0.0858984063647869 
310620060640135 567 0.1052286135971244 
310620060640136 80 0.0842945304282809 
310620060640137 308 0.0917032118909165 
310620060640138 531 0.1045486713775219 
310620060640139 362 0.0949000629636352 
310620060640140 724 0.1169246173412645 
310620060640141 75 0.0812623370803937 
310620060640142 681 0.1110979653882761 
310620060640143 591 0.1073717385225167 
310620060640144 501 0.1020244075183831 
310620060640145 537 0.1038738857312633 
310620060640146 179 0.0848144308839106 
310620060640147 682 0.1111208924919478 
310620060640148 621 0.1086867138136895 
310620060640150 618 0.1075191580177131 
310620060640151 242 0.0907295972648921 
310620060640152 668 0.110311149368746 
310620060640153 616 0.1073629607455181 
310620060640154 388 0.0977561248094102 
310620060640155 618 0.1108588125467105 
310620060640156 138 0.0828660187199934 
310620060640157 58 0.0803746161126176 
310620060640158 111 0.0804747930028439 
310620060640159 214 0.0865968106205862 
310620060640162 119 0.0835664715161146 
310620060640164 112 0.0809331580642134 
310620060640165 192 0.0852147808566144 
310620060640166 239 0.0877759514053451 
310620060640167 308 0.0916850642811055 
310620060640168 326 0.0995009081393887 
310620060640169 407 0.0962542906273146 
310620060640170 178 0.0850555141245955 
310620060640171 159 0.0850516287327955 
310620060640173 26 0.0789073669430748 
310620060640174 113 0.0817239261695872 
310620060640175 73 0.0802290960342111 
310620060640176 114 0.0817679163915068 
310620060640177 510 0.1027792978777113 
310620060640178 463 0.0998913963470867 
310620060640179 457 0.1001202199563154 
310620060640181 92 0.0851818609517709 
310620060640182 694 0.113035064408965 
310620060640183 534 0.10392829988812 
310620060640185 258 0.0887628556187722 
310620060640187 729 0.1112351324537704 
310620060640188 96 0.0811624928143398 
310620060640189 628 0.1093096376298727 
310620060640190 322 0.0925425270825236 
310620060640191 668 0.1114334622318311 
310620060640192 334 0.0939663337407913 
310620060640193 542 0.1048178886473125 
310620060640194 170 0.084967404941477 
310620060640197 72 0.0797284840809114 
310620060640198 430 0.0987651045861723 
310620060640199 222 0.0872811914879628 
310620060640200 461 0.1001683724661889 
310620060640201 115 0.0827766004895945 
310620060640202 0 0.0771485028327926 
310620060640203 368 0.09493454253057 
310620060640204 444 0.0989366601332746 
310620060640205 519 0.1025875893087872 
310620060640206 534 0.1033793954128745 
310620060640207 379 0.0963392453541005 
310620060640208 134 0.0834773535820785 
310620060640209 511 0.1030609453801085 
310620060640210 212 0.0959119454803964 
310620060640213 811 0.1169495158863787 
310620060640214 174 0.0849268357396386 
310620060640215 657 0.1109225247078998 
310620060640216 441 0.0991788211696305 
310620060640217 401 0.0962798173928624 
310620060640218 631 0.1102504500367148 
310620060640220 120 0.0837785652261475 
310620060640221 637 0.1077656051871512 
310620060640222 669 0.1091570008426954 
310620060640226 444 0.0981487885322618 
310620060640227 368 0.0946511747841029 
310620060640228 470 0.1001333864903932 
310620060640229 468 0.1006786133129242 
310620060640230 284 0.0905022134663016 
310620060640231 429 0.0986875705638187 
310620060640233 563 0.1041455009378523 
310620060640235 574 0.104759098425665 
310620060640236 519 0.1044939765310078 
310620060640237 459 0.0984668971442641 
310620060640238 590 0.1057154811532628 
310620060640239 435 0.0971235829961554 
310620060640240 666 0.1080638215695412 
310620060640241 351 0.0931672448554357 
310620060640242 564 0.1035297204967337 
310620060640243 597 0.1050608659055735 
310620060640244 509 0.1027457787954521 
310620060640245 418 0.0984827746938626 
310620060640246 542 0.1047893161901794 
310620060640247 558 0.1053073780107429 
310620060640248 411 0.0982201531793279 
310620060640249 419 0.0985455576901436 
310620060640250 460 0.0995901935653975 
310620060640251 452 0.1003789034765633 
310620060640252 493 0.1012036076254281 
310620060640253 457 0.1023964882354008 
310620060640254 608 0.1181485938740557 
310620060640255 406 0.0971978823306482 
310620060640256 524 0.1022508005703655 
310620060640257 431 0.0972697404413163 
310620060640258 538 0.1035803942183938 
310620060640259 656 0.1092710774069149 
310620060640260 573 0.1133777672963022 
310620060640261 394 0.0963266049269192 
310620060640262 402 0.0982667051622038 
310620060640263 574 0.1061263706051705 
310620060640264 549 0.1048265588255959 
310620060640265 571 0.1049161773005023 
310620060640266 674 0.1133865615022379 
310620060640270 666 0.1090033707682795 
310620060640271 528 0.1022458820228546 
310620060640272 444 0.097578452701756 
310620060640273 480 0.1001133543037707 
310620060640274 711 0.1103905184928434 
310620060640275 302 0.0910214088863638 
310620060640276 305 0.0915760684127294 
310620060640277 266 0.0893360494000897 
310620060640278 433 0.0982833764676518 
310620060640279 246 0.088789929919363 
310620060640280 338 0.0934877082548113 
310620060640281 356 0.0941082876366581 
310620060640283 411 0.0964029746308655 
310620060640284 144 0.0830452222071276 
310620060640285 516 0.1026613057577243 
310620060640288 725 0.115886542179529 
310620060640291 563 0.1172220816064596 
310620060640292 487 0.1004252466935415 
310620060640293 377 0.0948336044665153 
310620060640294 545 0.1042802073158954 
310620060640296 516 0.1010041610661369 
310620060640297 661 0.1466313155257168 
310620060640298 431 0.0986324673402177 
310620060640299 596 0.1309556194260584 
310620060640300 368 0.0944520139173221 
310620060640301 502 0.1016403114025274 
310620060640302 390 0.0955007075280846 
310620060640303 468 0.101335784744391 
310620060640304 467 0.0999699660930277 
310620060640305 178 0.0851599128359725 
310620060640306 266 0.0898471164013492 
310620060640307 436 0.0989964646235547 
310620060640308 268 0.08978074912408 
310620060640309 534 0.10199578830772 
310620060640310 512 0.1015187261129106 
310620060640311 493 0.1019749335399979 
310620060640312 494 0.1009291282857944 
310620060640314 480 0.1000724994060715 
310620060640315 332 0.0932724938656888 
310620060640316 293 0.0912732634051682 
310620060640317 256 0.0891538742712312 
310620060640318 324 0.0927133758061129 
310620060640319 311 0.0918250491112261 
310620060640320 268 0.0945920664733071 
310620060640321 613 0.1083221840029538 
310620060640322 407 0.0961509154191741 
310620060640323 349 0.0936202787472578 
310620060640324 362 0.0944810040839554 
310620060640325 462 0.1000161950294138 
310620060640326 407 0.0966698803558376 
310620060640327 156 0.0826480361193014 
310620060640328 614 0.1073057964548865 
310620060640329 280 0.0891499173171249 
310620060640330 582 0.1057214475030746 
310620060640331 355 0.0936730400458628 
310620060640332 278 0.0896853367437939 
310620060640333 298 0.091430268252731 
310620060640334 148 0.0829726205540174 
310620060640337 166 0.0860990451577605 
310620060640339 719 0.1230807174484939 
310620060640340 879 0.1610007017154536 
310620060640341 953 0.1382896474686184 
310620060640342 382 0.0947732685483397 
310620060640343 548 0.1278241100594979 
310620060640344 659 0.1133282108771146 
310620060640345 487 0.1049324869903769 
310620060640346 35 0.0786952963331782 
310620060640347 449 0.1046990632555707 
310620060640348 433 0.1019654056415656 
310620060640349 679 0.1119110836773459 
310620060640350 318 0.092687575504364 
310620060640351 507 0.1021022122580756 
310620060640352 409 0.096950991659558 
310620060640353 640 0.1103880562356515 
310620060640354 423 0.0969987524650363 
310620060640355 473 0.1007953218831918 
310620060640356 455 0.1006134947715448 
310620060640357 523 0.1033394500571244 
310620060640358 468 0.1002156681225356 
310620060640359 476 0.1007929019116817 
310620060640360 481 0.1008798632096822 
310620060640362 875 0.1196151506815268 
310620060640363 381 0.0955061411720891 
310620060640364 393 0.0961465800375445 
310620060640365 448 0.0993308490255673 
310620060640366 346 0.0935068109847414 
310620060640367 560 0.1042868929771869 
310620060640368 311 0.0922264914490879 
310620060640369 435 0.0981852181286651 
310620060640370 293 0.0912229288766608 
310620060640371 480 0.1005698874618039 
310620060640372 254 0.0890700364872397 
310620060640374 321 0.0944312713708036 
310620060640375 471 0.102659333553215 
310620060640376 322 0.0957033271886763 
310620060640377 392 0.0983226549364277 
310620060640378 429 0.099334639857688 
310620060640379 414 0.0978684527609965 
310620060640380 442 0.0998652654971643 
310620060640381 377 0.0961001778897912 
310620060640382 396 0.0974690213062646 
310620060640383 304 0.0920968450935574 
310620060640384 384 0.0948682992108079 
310620060640385 545 0.1030188335948302 
310620060640386 306 0.0924606228284274 
310620060640387 531 0.1038812148767059 
310620060640388 396 0.0963304281950797 
310620060640389 376 0.1058410511252372 
310620060640390 422 0.0973418579475959 
310620060640391 379 0.0955581094459283 
310620060640392 431 0.0983071680820449 
310620060640393 321 0.092641350783724 
310620060640394 384 0.096094987759983 
310620060640395 570 0.1087230756930222 
310620060640397 697 0.1124064528363052 
310620060640399 633 0.1097273351540079 
310620060640400 350 0.0945803586305644 
310620060640401 399 0.0967581102409072 
310620060640402 442 0.0985467796530108 
310620060640403 456 0.0986434937602225 
310620060640404 492 0.101020507055178 
310620060640405 367 0.0943549855625641 
310620060640406 404 0.0973502615225054 
310620060640407 364 0.0958427027704765 
310620060640408 428 0.1002532311960733 
310620060640409 382 0.0963245339257286 
310620060640410 543 0.1055729770388789 
310620060640411 309 0.0921280694357383 
310620060640412 298 0.0914063092940297 
310620060640413 472 0.1030194515767073 
310620060640414 393 0.0973155198544168 
310620060640415 509 0.1022285495569228 
310620060640416 437 0.1003335597965122 
310620060640417 351 0.0947758335594583 
310620060640418 371 0.0940925054025321 
310620060640419 515 0.1015381125114745 
310620060640420 440 0.1025668054524131 
310620060640421 339 0.0994143028121503 
310620060640422 511 0.1016300728327783 
310620060640424 490 0.1001396520064056 
310620060640425 396 0.095789731956868 
310620060640426 395 0.0953000373976462 
310620060640427 339 0.0937610313464178 
310620060640428 377 0.0959745994033415 
310620060640429 301 0.0920185767038676 
310620060640430 408 0.0971620811052418 
310620060640431 302 0.0918821437038458 
310620060640432 470 0.1011416859402632 
310620060640433 376 0.0961421743367096 
310620060640434 407 0.0975476909514193 
310620060640435 444 0.1031367713764265 
310620060640436 482 0.1006345429970516 
310620060640438 360 0.0945727317324565 
310620060640439 366 0.0945981536916954 
310620060640440 486 0.1040791172816539 
310620060640441 465 0.0992205806622354 
310620060640442 35 0.0781973980501132 
310620060640443 69 0.0837554903806639 
310620060640444 352 0.0965635143625916 
310620060640445 668 0.1111486574726378 
310620060640446 358 0.095085758826745 
310620060640447 480 0.1014119706440082 
310620060640448 558 0.1055990394560154 
310620060640449 163 0.084220438033734 
310620060640450 622 0.108315084323055 
310620060640451 305 0.0897126415447093 
310620060660001 478 0.1013944507815553 
310620060660002 1013 0.1314712373232363 
310620060660003 588 0.1354015817213152 
310620060660004 629 0.1162243237014896 
310620060660005 841 0.1211444212673075 
310620060660006 728 0.1160514291959017 
310620060660007 513 0.1027546991786486 
310620060660008 546 0.1048876427237513 
310620060660009 973 0.1289881266301017 
310620060660010 729 0.1134917448820288 
310620060660011 233 0.0880014938043791 
310620060660012 250 0.0891025085070426 
310620060660013 917 0.1233280898916143 
310620060660014 639 0.1080883701688899 
310620060660015 720 0.11197940385015 
310620060660016 804 0.1175068489063879 
310620060660017 809 0.1176596968213022 
310620060660018 726 0.1130993145055511 
310620060660019 913 0.1328823904649646 
310620060660020 534 0.1039532891647218 
310620060660021 498 0.1023204451421681 
310620060660022 563 0.1064531158640974 
310620060660023 569 0.1067226932275359 
310620060660024 761 0.1166081136897482 
310620060660025 538 0.1054399672936576 
310620060660026 719 0.1124693973479632 
310620060660027 553 0.1058403928930325 
310620060660028 310 0.0928435479816391 
310620060660029 799 0.1220035407318935 
310620060660030 486 0.1018179370559658 
310620060660031 709 0.1239057504299074 
310620060660032 633 0.1140690996362371 
310620060660033 441 0.0999265134896066 
310620060660034 735 0.1147531909656276 
310620060660035 751 0.1135537738470571 
310620060660036 677 0.110426955491794 
310620060660039 895 0.1223210864303874 
310620060660040 547 0.1030769867824435 
310620060660042 482 0.1022857470542668 
310620060660043 788 0.1170826526224232 
310620060660044 753 0.1168766947398738 
310620060660045 842 0.1219936725165885 
310620060660047 743 0.1156792968931756 
310620060660048 803 0.1198461545344938 
310620060660049 807 0.1200750830035313 
310620060660050 650 0.1112938099847491 
310620060660051 386 0.0971951101449847 
310620060660053 507 0.1021952160202191 
310620060660054 541 0.1034193076756679 
310620060660055 614 0.1077960388002799 
310620060660056 315 0.1027843666326611 
310620060660057 574 0.1138181178376402 
310620060660058 909 0.1244949001860741 
310620060660059 793 0.1175708554744198 
310620060660060 377 0.0961450543500078 
310620060660061 614 0.1082706062636144 
310620060660062 360 0.0958083282482124 
310620060660063 758 0.1148071995804755 
310620060660064 822 0.1238416220705829 
310620060660065 741 0.1216110827939551 
310620060660066 1428 0.1503370522401783 
310620060660067 580 0.1062050234975131 
310620060660068 496 0.1007748736225646 
310620060660069 752 0.1164957283682592 
310620060660070 559 0.1066498836351921 
310620060660071 538 0.104355758707213 
310620060660072 504 0.1022602935128949 
310620060660073 736 0.114802987610574 
310620060660075 666 0.1095396804077405 
310620060660076 780 0.1221527427904096 
310620060660077 875 0.1196944874616803 
310620060660079 620 0.108240294915971 
310620060660080 891 0.1244374463036331 
310620060660081 906 0.1246848664946815 
310620060660082 669 0.1116729310021956 
310620060660083 1063 0.1345244994262053 
310620060660084 856 0.1239771908564459 
310620060660085 836 0.1312611709870867 
310620060660086 619 0.1085713492050418 
310620060660087 747 0.1209563948008851 
310620060660088 624 0.1088356059340268 
310620060660089 581 0.105865595467713 
310620060660090 547 0.104133543322483 
310620060660091 583 0.1069607488986143 
310620060660093 827 0.1207235003925992 
310620060660094 621 0.1094189989056082 
310620060660095 796 0.1183614969696351 
310620060660097 686 0.1152894641218273 
310620060660098 393 0.0964098428232323 
310620060660100 599 0.1076172095548157 
310620060660101 842 0.1205379868637392 
310620060660102 758 0.115081459903277 
310620060660103 989 0.1281687451758146 
310620060660105 629 0.1182825570151142 
310620060660106 615 0.1087143368607419 
310620060660107 826 0.1235829767935567 
310620060660108 644 0.1187241954803592 
310620060660109 623 0.1240205414558208 
310620060660110 447 0.098688293813613 
310620060660111 627 0.1082433950444069 
310620060660112 131 0.0832893909926159 
310620060660113 414 0.0977451637718197 
310620060660114 525 0.1042263359115147 
310620060660115 949 0.1255539362780135 
310620060660116 808 0.1187257497016225 
310620060660117 568 0.1070603429642521 
310620060660119 744 0.1160472124139854 
310620060660120 1030 0.1311067390466314 
310620060660121 867 0.1228403714835223 
310620060660122 568 0.1065154598700853 
310620060660123 111 0.0809471871189827 
310620060660124 891 0.1235998356081037 
310620060660125 456 0.0991431814880182 
310620060660126 385 0.0971802285834686 
310620060660127 135 0.082935677905991 
310620060660128 694 0.1181756972011035 
310620060660129 718 0.1197977685832195 
310620060660130 438 0.1000089716711391 
310620060660139 604 0.1074196690405271 
310620060660141 691 0.1149143857562075 
310620060660142 408 0.0988254495065295 
310620060660143 551 0.1067586552879406 
310620060660144 644 0.1114819119036539 
310620060660145 541 0.1066542786650985 
310620060660146 1030 0.1312611976770391 
310620060660147 355 0.0960795093569219 
310620060660148 556 0.1060178144817879 
310620060660150 493 0.1038830501644525 
310620060660151 615 0.1105103827082475 
310620060660152 731 0.1150401846984616 
310620060660153 750 0.1155905485147101 
310620060660154 796 0.1195850549004904 
310620060660155 545 0.1068990326510539 
310620060660156 723 0.1144068348044119 
310620060660157 668 0.1128072816586965 
310620060660159 425 0.1002940664519339 
310620060660160 519 0.1043490255492519 
310620060660162 336 0.0925983185875986 
310620060660163 481 0.1016641907396921 
310620060660164 783 0.1175658205823422 
310620060660165 465 0.100148070753624 
310620060660166 1265 0.140131861305434 
310620060660167 614 0.1073109037830501 
310620060660168 911 0.1227408160832595 
310620060660169 462 0.0995366869193011 
310620060660170 617 0.107885774707188 
310620060660171 495 0.1005231543202119 
310620060660174 999 0.1273371690654451 
310620060660175 561 0.1043892851653006 
310620060660176 837 0.119517486873777 
310620060660177 1020 0.129081616523329 
310620060660178 600 0.1066346932353209 
310620060660179 670 0.111091940151669 
310620060660180 807 0.1195138103576417 
310620060660181 1140 0.1445968775240436 
310620060660182 607 0.1082785445901639 
310620060660183 805 0.1168854220928341 
310620060660184 791 0.1166043107287005 
310620060660185 625 0.1066591679599194 
310620060660187 395 0.0975814119639878 
310620060660189 284 0.0909412532232202 
310620060660190 827 0.122646027020909 
310620060660191 797 0.1177021979384087 
310620060660193 507 0.1016127287071868 
310620060660194 943 0.1246617155843814 
310620060660195 437 0.0983979580717062 
310620060660196 299 0.0915914177285633 
310620060660197 201 0.0864406607736787 
310620060660198 380 0.0957961596648898 
310620060660199 503 0.102825522607519 
310620060660201 336 0.0939182080972626 
310620060660202 261 0.0901356735695604 
310620060660203 930 0.1234996989708158 
310620060660205 137 0.0834275637914628 
310620060660206 885 0.1216299202967552 
310620060660207 556 0.105109886705661 
310620060660208 195 0.085714684270305 
310620060660209 156 0.0835582688178598 
310620060660211 346 0.1096218784051078 
310620060660212 284 0.0903609410383993 
310620060660213 357 0.0943558846816494 
310620060660214 824 0.1336058921115329 
310620060660215 254 0.0942090404166567 
310620060660217 488 0.1007230732320836 
310620060660218 602 0.1073251840925383 
310620060660219 434 0.0985178826955208 
310620060660220 646 0.1098882251295094 
310620060660221 404 0.0972903670426354 
310620060660222 103 0.082121240033364 
310620060660223 98 0.0819492635361691 
310620060660224 779 0.1677228364251353 
310620060660225 184 0.0940190054619617 
310620060660226 544 0.1049036169739546 
310620060660227 101 0.0820116334301928 
310620060660228 153 0.0843555762321859 
310620060660229 94 0.0799799251679063 
310620060660230 400 0.0975648659946906 
310620060660231 358 0.0950843144791181 
310620060660232 318 0.0920114308546919 
310620060660233 200 0.0864376120432231 
310620060660234 206 0.0874135641607473 
310620060660235 135 0.0833395321734725 
310620060660236 200 0.0863653510337027 
310620060660237 224 0.0879154082848185 
310620060660238 105 0.082369133804036 
310620060660239 345 0.0931868858063121 
310620060660240 427 0.0980639175187051 
310620060660241 212 0.0873584701010075 
310620060660242 294 0.0916985940370038 
310620060660243 379 0.0979657394405437 
310620060660244 113 0.0828129923612123 
310620060660246 205 0.0863493009449271 
310620060660247 806 0.1179495218187742 
310620060660248 831 0.1196470073454181 
310620060660249 328 0.0951754794803918 
310620060660250 254 0.0884466063637636 
310620060660251 626 0.1083774749784797 
310620060660252 430 0.1037728262932768 
310620060660253 628 0.1091742037366501 
310620060660254 119 0.0823676236731427 
310620060660255 287 0.0920112078998092 
310620060660256 189 0.0863867946537207 
310620060660259 581 0.1160409909085281 
310620060660260 381 0.096637152434605 
310620060660261 416 0.0981918610116188 
310620060660262 669 0.1110297878940972 
310620060660263 682 0.1117924203308709 
310620060660264 875 0.1201369762035105 
310620060660265 678 0.1133687025561546 
310620060660266 664 0.1123536767774076 
310620060660267 548 0.1051306906207441 
310620060660268 528 0.1034922257473019 
310620060660269 244 0.0888439865931481 
310620060660270 556 0.1075129947009927 
310620060660271 864 0.1224841281895091 
310620060660272 603 0.1081400301176691 
310620060660273 796 0.1185155408453358 
310620060660274 854 0.1230136258882917 
310620060660275 611 0.1083241936781697 
310620060660276 470 0.1049843675798829 
310620060660277 598 0.1068668269604967 
310620060660278 68 0.0804454015211968 
310620060660279 55 0.079154871245471 
310620060660280 520 0.1039970691256816 
310620060660281 560 0.104630824913866 
310620060660282 575 0.1069152583431152 
310620060660283 609 0.1095465066031819 
310620060660284 418 0.0982770797396012 
310620060660285 576 0.1065335338903218 
310620060660286 734 0.114385862102312 
310620060660287 616 0.1082085532017413 
310620060660288 787 0.1176621750064913 
310620060660289 746 0.1149521496916324 
310620060660293 463 0.1006435475787473 
310620060660294 721 0.1118795025875107 
310620060660295 811 0.1196202452542213 
310620060660296 150 0.0841916796043227 
310620060660298 248 0.0879446386958775 
310620060660299 498 0.1324253049846201 
310620060660300 573 0.127234139557299 
310620060660301 823 0.1321436291539197 
310620060660302 530 0.1046528088574786 
310620060660303 846 0.1224745902020827 
310620060660304 125 0.0826759311108194 
310620060660305 171 0.0848055462813376 
310620060660306 68 0.081371019093965 
310620060660309 108 0.0811916696811416 
310620060660310 85 0.0809778311036092 
310620060660313 64 0.0786019692602522 
310620060660314 90 0.0811089012620064 
310620060660315 69 0.0797535944305046 
310620060660316 0 0.0771485028327926 
310620060660317 87 0.0809927506936831 
310620060660318 114 0.0833353393747242 
310620060660319 283 0.0910702289820427 
310620060660320 96 0.0832695785486682 
310620060660321 89 0.0840617797900542 
310620060660322 177 0.0849228615399465 
310620060660323 607 0.1155698242412392 
310620060660327 563 0.104489562561372 
310620060660328 569 0.1050985855843367 
310620060660329 498 0.1027545925745872 
310620060660330 412 0.0975675493635936 
310620060660331 391 0.0961195689431849 
310620060660332 451 0.0987608441626895 
310620060660333 625 0.110271518921502 
310620060660334 724 0.1143721026498869 
310620060660335 693 0.11105306796866 
310620060660336 505 0.1045422728531402 
310620060660338 544 0.1036846863139015 
310620060660339 570 0.1052693506003691 
310620060660340 623 0.1084437376921007 
310620060660341 424 0.0979632514764984 
310620060660342 464 0.0996806242226121 
310620060660343 375 0.0957309456339173 
310620060660344 520 0.1029659459521098 
310620060660345 661 0.1094053569677331 
310620060660346 542 0.1055655866677078 
310620060660347 465 0.1029193421841542 
310620060660348 306 0.0933445662413254 
310620060660349 422 0.0990935163454184 
310620060660350 501 0.1088013802567396 
310620060660351 417 0.0993530840976963 
310620060660352 402 0.0966387382765731 
310620060660353 529 0.1094535629828293 
310620060660354 556 0.1038477308146624 
310620060660355 525 0.1030122355889026 
310620060660356 724 0.1167940916109251 
310620060660357 431 0.0988488415508781 
310620060660358 638 0.1090523710637328 
310620060660359 475 0.1008885151965439 
310620060660360 518 0.1026961686253859 
310620060660361 675 0.1110418327688779 
310620060660362 366 0.0953175338697779 
310620060660363 1045 0.1577461988332697 
310620060660364 545 0.1043453024052235 
310620060660365 80 0.0797872194940078 
310620060660366 487 0.1007882531677931 
310620060660367 751 0.1144992490165813 
310620060660368 373 0.0943154507398729 
310620060660369 148 0.0835022953320648 
310620060660371 346 0.0946156435484476 
310620060660372 357 0.0963131734681796 
310620060660373 464 0.1033047036102077 
310620060660374 748 0.1144160668621544 
310620060660376 640 0.1084522869004837 
310620060660377 0 0.0771485028327926 
310620060660379 153 0.0831739435721788 
310620060660380 380 0.0957645026187263 
310620060660381 140 0.0804506813856793 
310620060660382 381 0.1420647237924224 
310620060660383 228 0.1125379495248187 
310620060660384 330 0.1267041165349498 
310620060660385 298 0.1300916443352021 
310620060660386 402 0.1634332682022524 
310620060660387 359 0.1471784973891323 
310620060660388 487 0.1585112786869877 
310620060660389 396 0.095423458447932 
310620060660390 492 0.1015984614472457 
310620060660391 355 0.0935238461849364 
310620060660393 272 0.0887804766524568 
310620060660395 130 0.0980518076316811 
310620060660396 308 0.1281452349723572 
310620060660397 176 0.1136494238362763 
310620060660398 507 0.1017835757112392 
310620060660399 551 0.1043101454960313 
310620060660400 446 0.0985637659519312 
310620060660401 631 0.1083973744160586 
310620060660402 514 0.1034793578448005 
310620060660403 625 0.1100157602870885 
310620060660404 364 0.0950671296950348 
310620060660405 357 0.0949685418231361 
310620060660406 484 0.1022485153168389 
310620060660407 641 0.1316436032655899 
310620060660408 522 0.1043127426353198 
310620060660409 491 0.1025152706649363 
310620060660410 599 0.1068975718952778 
310620060660411 600 0.1053787005009986 
310620060660412 495 0.1022824367832071 
310620060660413 423 0.0987479033526544 
310620060660414 422 0.0993138409869288 
310620060660415 484 0.1014058730642857 
310620060660416 586 0.1071705686937957 
310620060660417 390 0.0961635636997914 
310620060660418 484 0.1020104033749486 
310620060660419 457 0.1003445154167528 
310620060660420 384 0.0977633917585101 
310620060660421 510 0.104471762900789 
310620060660422 487 0.1282984210018281 
310620060660423 422 0.1176274331981554 
310620060660424 286 0.0907034119184276 
310620060660425 801 0.1236397963506913 
310620060660426 355 0.0947818985470449 
310620060660427 420 0.0986268367268145 
310620060660428 535 0.1036668771430734 
310620060660429 447 0.0975504857168738 
310620060660430 513 0.1011655697417476 
310620060660431 233 0.0872612791951247 
310620060660432 313 0.0916133539377041 
310620060660433 132 0.0931766386229524 
310620060660434 205 0.0920897088765572 
310620060660436 56 0.0790796483882383 
310620060660437 679 0.1123189109114009 
310620060660438 430 0.0988295738453447 
310620060660439 483 0.1015627847285479 
310620060660440 653 0.1087175409729549 
310620060660441 309 0.0917579880909357 
310620060660442 370 0.0993687683120955 
310620060660443 520 0.1022849088587859 
310620060660444 44 0.07877659616629 
310620060660445 842 0.1201169710558408 
310620060660446 121 0.083665901124357 
310620060660447 379 0.1080125422561694 
310620060680002 572 0.1077773610248039 
310620060680003 467 0.1021252745805932 
310620060680004 356 0.0965351092779053 
310620060680005 406 0.0985714859286606 
310620060680006 558 0.1058048624562549 
310620060680007 568 0.1076231222086627 
310620060680008 511 0.1038131113620042 
310620060680010 539 0.1064973159505568 
310620060680011 387 0.0969154324154926 
310620060680012 563 0.1072730936439629 
310620060680013 380 0.0960089147706066 
310620060680014 453 0.1001781047485736 
310620060680015 468 0.1010879526653283 
310620060680016 506 0.102858161570481 
310620060680018 560 0.1061134125606523 
310620060680019 435 0.100181472990196 
310620060680020 597 0.1092218618211805 
310620060680021 415 0.0995788261392593 
310620060680022 523 0.1035478379983025 
310620060680023 484 0.1018026809674566 
310620060680024 236 0.0888170284100754 
310620060680025 425 0.1002253862902403 
310620060680026 453 0.101588507629242 
310620060680027 558 0.1068302896672126 
310620060680028 559 0.1073371781671177 
310620060680029 368 0.0972180874595665 
310620060680030 473 0.1024603912438992 
310620060680031 459 0.1013832061434819 
310620060680032 341 0.0958532700594908 
310620060680033 352 0.0955973919478215 
310620060680035 603 0.108882981495205 
310620060680036 592 0.1081686264773477 
310620060680037 225 0.0896981895937634 
310620060680039 634 0.1109407844512142 
310620060680040 755 0.1165583239495211 
310620060680041 350 0.0949960425284034 
310620060680042 470 0.1007110511271221 
310620060680043 495 0.1031742086772621 
310620060680044 502 0.1049759949149268 
310620060680045 311 0.0938281183622642 
310620060680046 161 0.0846098355383381 
310620060680048 207 0.0874347860899022 
310620060680049 421 0.0979544753576342 
310620060680050 434 0.0996210618161119 
310620060680051 772 0.1167869966067206 
310620060680052 604 0.1078378679737017 
310620060680053 373 0.0958716535015038 
310620060680056 486 0.102369032322735 
310620060680058 567 0.1065275136829012 
310620060680059 483 0.102980868713198 
310620060680061 91 0.0825610946123427 
310620060680062 333 0.0939083002719253 
310620060680063 494 0.1038044073608277 
310620060680064 220 0.0871348432441564 
310620060680066 477 0.1023939825108923 
310620060680067 504 0.1046438572172264 
310620060680068 371 0.096814795190718 
310620060680069 441 0.099305678655509 
310620060680071 296 0.0919825505618553 
310620060680072 696 0.1140724724646979 
310620060680073 465 0.1025084402924525 
310620060680074 336 0.0950062734874631 
310620060680075 413 0.0990194819627177 
310620060680076 518 0.1040602054449763 
310620060680077 452 0.1011982772711422 
310620060680078 425 0.0993698715049268 
310620060680079 362 0.0966296261642925 
310620060680080 437 0.0992768804907762 
310620060680081 267 0.0901552213196471 
310620060680082 366 0.0957164484088498 
310620060680083 469 0.1012277230946959 
310620060680084 544 0.1065869532289394 
310620060680085 519 0.1044573071182456 
310620060680086 203 0.0887400604634324 
310620060680088 451 0.099236061975075 
310620060680090 422 0.0990146794983406 
310620060680091 410 0.0978533392259941 
310620060680092 383 0.0964402319579528 
310620060680093 448 0.1003485936492122 
310620060680094 301 0.0930371569536554 
310620060680095 430 0.1002463924802662 
310620060680096 217 0.088578961988614 
310620060680097 622 0.1087256781279107 
310620060680098 357 0.0953530281269947 
310620060680099 397 0.0973490019427658 
310620060680100 449 0.1008919638266988 
310620060680101 146 0.0840839728419487 
310620060680102 706 0.1142233116412719 
310620060680103 399 0.0962414906017339 
310620060680104 491 0.1023502820193846 
310620060680105 423 0.0983638555822346 
310620060680106 422 0.0989413823488136 
310620060690001 814 0.1189921832689608 
310620060690002 407 0.0971014067043405 
310620060690003 573 0.1067755818590123 
310620060690004 500 0.1035186954615502 
310620060690005 789 0.1183129682290993 
310620060690006 639 0.110610816869247 
310620060690007 224 0.0867515179900133 
310620060690008 597 0.1064310700258154 
310620060690009 847 0.121050373653612 
310620060690011 508 0.1027678940459908 
310620060690012 728 0.1144953406833339 
310620060690014 570 0.1063765099578152 
310620060690015 427 0.0988646179983026 
310620060690016 416 0.0976589911459983 
310620060690017 705 0.1134153151352448 
310620060690018 293 0.0917877034774208 
310620060690019 710 0.1142778451557655 
310620060690020 715 0.1138463988252225 
310620060690021 601 0.1077164282047472 
310620060690022 617 0.1089529576157171 
310620060690023 605 0.1069187617490635 
310620060690024 276 0.0909443520002843 
310620060690025 837 0.1205097214684643 
310620060690026 582 0.1068794137609743 
310620060690027 576 0.1069959509228559 
310620060690028 647 0.1093023501120515 
310620060690029 752 0.1151650218472525 
310620060690030 529 0.1039996839260078 
310620060690031 577 0.1068176322947008 
310620060690033 559 0.1059724079297477 
310620060690034 890 0.1233813409251793 
310620060690035 635 0.1107493426516295 
310620060690036 833 0.1237051545708532 
310620060690037 438 0.0999164702167238 
310620060690038 677 0.1117613102715552 
310620060690040 490 0.1016302295569517 
310620060690041 795 0.1172375356954383 
310620060690042 585 0.1064624530964405 
310620060690044 349 0.092685576791911 
310620060690045 589 0.1068979381666914 
310620060690046 711 0.112840290267862 
310620060690047 668 0.1113051661685162 
310620060690049 713 0.1136567302530967 
310620060690050 437 0.0985907607311184 
310620060690051 573 0.1060722829550387 
310620060690053 811 0.1255603681169919 
310620060690054 652 0.1094952498224539 
310620060690055 503 0.1031596923927321 
310620060690056 246 0.0877878122582872 
310620060690057 652 0.1114571361404413 
310620060690058 806 0.1199189182281867 
310620060690059 642 0.1095456619496982 
310620060690060 545 0.1044143394681466 
310620060690061 622 0.1099785479006345 
310620060690062 725 0.1146144817018876 
310620060690063 784 0.1175393573597357 
310620060690064 824 0.1195950584910608 
310620060690065 538 0.1053455504342962 
310620060690068 463 0.1051267900570986 
310620060690069 404 0.0975870643186977 
310620060690071 596 0.1066182156253977 
310620060690072 364 0.0963065948692474 
310620060690073 695 0.113338755965886 
310620060690075 542 0.1079184344439369 
310620060690076 151 0.0922826252648415 
310620060690077 105 0.0834621601250025 
310620060690079 522 0.1026299352542233 
310620060690080 604 0.1105565158152755 
310620060690081 532 0.1030053439165545 
310620060690082 715 0.1413716123181379 
310620060690083 226 0.0869511410326946 
310620060690084 522 0.1058786438876689 
310620060690085 588 0.1062295865445901 
310620060690087 124 0.0829975456476682 
310620060690088 778 0.1163492499527478 
310620060690090 561 0.1042831857195075 
310620060690092 868 0.1234264714797753 
310620060690093 802 0.1182588840409955 
310620060690095 438 0.0979078043614644 
310620060690096 762 0.1155674967818225 
310620060690097 466 0.100218891050808 
310620060690098 680 0.1112459355936886 
310620060690099 491 0.1009747912210371 
310620060690100 569 0.1062228917588672 
310620060690102 807 0.1199337378625506 
310620060690105 321 0.0925947885225832 
310620060690106 476 0.1016097747738482 
310620060690109 186 0.0853758543861346 
310620060690110 723 0.1143968015643841 
310620060690111 424 0.0986286975242332 
310620060690112 707 0.1133239560195478 
310620060690113 118 0.0818755018545976 
310620060690114 656 0.1100108743106807 
310620060690115 649 0.1177030531072449 
310620060690116 612 0.1097177377884561 
310620060690117 585 0.1135710636229018 
310620060690118 491 0.1029435807762295 
310620060690120 518 0.1036512555102801 
310620060690121 570 0.1069132327181126 
310620060690123 696 0.113224586589151 
310620060690124 484 0.1001361097994824 
310620060690125 707 0.1107139385074183 
310620060690126 793 0.1165359895975415 
310620060690127 568 0.1120237331451592 
310620060690129 496 0.1027946905614135 
310620060690130 338 0.094251521372227 
310620060690131 513 0.1038627406346346 
310620060690132 583 0.1073867970014549 
310620060690133 450 0.1010399955184807 
310620060690134 677 0.1131010911745703 
310620060690135 730 0.1155671244107189 
310620060690137 662 0.1107234238900913 
310620060690138 573 0.1049774728432382 
310620060690140 556 0.1058599019398266 
310620060690141 847 0.1204692198228642 
310620060690142 504 0.1025508607657616 
310620060690143 266 0.0885799063970462 
310620060690144 610 0.1079833972635558 
310620060690145 671 0.1123188119438346 
310620060690146 803 0.1193514039332246 
310620060690147 571 0.1079565079866114 
310620060690148 518 0.1032957904810198 
310620060690149 601 0.1078505141662494 
310620060690150 559 0.1064596004042683 
310620060690151 542 0.1060367990528974 
310620060690152 944 0.1246285952773898 
310620060690153 434 0.1005893452307607 
310620060690154 448 0.1006056247046876 
310620060690155 516 0.1027234142452294 
310620060690157 244 0.0924429816030092 
310620060690158 120 0.0892247255682347 
310620060690159 586 0.1073745976772374 
310620060690160 554 0.1053641989492335 
310620060690161 621 0.1081505318244864 
310620060690162 793 0.1168268152103977 
310620060690163 790 0.118128860977497 
310620060690164 721 0.1135917648168187 
310620060690165 506 0.1020143846236665 
310620060690166 332 0.0928819546092306 
310620060690167 511 0.1040530135441986 
310620060690168 674 0.1109396001320788 
310620060690169 736 0.1175899323969257 
310620060690170 726 0.1155813143912733 
310620060690172 466 0.1004887001067678 
310620060690173 746 0.1146181505266785 
310620060690174 612 0.1083071077066589 
310620060690175 732 0.1151303090983547 
310620060690176 708 0.1135888274394094 
310620060690177 657 0.1106870475417927 
310620060690178 610 0.1079777831316539 
310620060690179 731 0.1141281174826555 
310620060690180 878 0.1227747768347991 
310620060690181 710 0.1128126721017516 
310620060690182 550 0.104636121958715 
310620060690183 804 0.1196954636065635 
310620060690185 858 0.1207805035922491 
310620060690186 646 0.1095927750444891 
310620060690187 382 0.0942178195029831 
310620060690188 281 0.0912314021557978 
310620060690189 542 0.1035585877913913 
310620060690190 364 0.0958737824643245 
310620060690191 484 0.1016018758115068 
310620060690192 442 0.0987768392309136 
310620060690193 682 0.1123741952440439 
310620060690194 780 0.1167895331630976 
310620060690195 638 0.1096735385959108 
310620060690196 854 0.1215255128851596 
310620060690197 924 0.1253628870510185 
310620060690199 777 0.116306844218911 
310620060690200 853 0.1232672791427557 
310620060690201 820 0.1233855687682116 
310620060690202 624 0.1150748800414894 
310620060690203 458 0.0999232151887073 
310620060690205 553 0.1128864829388141 
310620060690206 813 0.1180495025604697 
310620060690207 830 0.1184098930260451 
310620060690208 418 0.0975034905615559 
310620060690209 657 0.1124965603529218 
310620060690210 722 0.1132891144426124 
310620060690211 562 0.1113069165884368 
310620060690213 711 0.1128433350330457 
310620060690214 810 0.117768027540657 
310620060690215 705 0.1118090647579923 
310620060690216 869 0.1235614279071585 
310620060690218 500 0.1020554252804625 
310620060690219 739 0.1146690345704388 
310620060690220 759 0.1167677055531275 
310620060690221 912 0.1259601619002823 
310620060690222 347 0.0942296020593575 
310620060690223 564 0.1062989115673433 
310620060690224 541 0.1051488238010447 
310620060690225 439 0.0989322007374758 
310620060690226 415 0.09970022806108 
310620060690228 560 0.1046658558437574 
310620060690231 523 0.1039733656066862 
310620060690232 825 0.1190405883051033 
310620060690234 420 0.0976839272161427 
310620060690235 531 0.1037195417635423 
310620060690236 734 0.1162399984364863 
310620060690237 589 0.1082770188281488 
310620060690238 717 0.1137795858887458 
310620060690239 28 0.0782569789818651 
310620060690240 660 0.1119089561460669 
310620060690242 663 0.1105498309195744 
310620060690245 713 0.1144309139193765 
310620060690246 659 0.1095085840149221 
310620060690247 645 0.1092775986534386 
310620060690248 472 0.1011805976008003 
310620060690250 557 0.1123504345652928 
310620060690252 615 0.1089561296088445 
310620060690253 870 0.1219010943769503 
310620060690254 440 0.0985616802806138 
310620060690255 216 0.0873552823634811 
310620060690256 462 0.1004746696333121 
310620060690257 248 0.0904744358721482 
310620060690258 256 0.0889247377572787 
310620060690259 525 0.1026810296573298 
310620060690261 307 0.0920373524112629 
310620060690262 347 0.0953429533860109 
310620060690263 23 0.0772557843026523 
310620060690264 141 0.0828919608626692 
310620060690266 253 0.0872656547831888 
310620060690267 145 0.0822317964407431 
310620060690269 712 0.1143962513393098 
310620060690270 285 0.0901439928236763 
310620060690271 82 0.0822854909167544 
310620060690272 200 0.08646793410682 
310620060690273 387 0.0971541460772661 
310620060690274 66 0.0799323306847616 
310620060690275 188 0.0862280310932172 
310620060690276 53 0.0789482689648629 
310620060690277 447 0.0997622780946846 
310620060690278 818 0.1203282299240798 
310620060690279 521 0.1032680460289303 
310620060690280 548 0.1071970910532565 
310620060690281 534 0.1030032931497453 
310620060690282 752 0.1151650694986049 
310620060690283 425 0.0985136821470575 
310620060690285 379 0.0947452892389658 
310620060690287 47 0.0794576204292062 
310620060690288 380 0.0963913735092108 
310620060690289 294 0.1040958779849746 
310620060690290 893 0.1325290655888945 
310620060690291 516 0.1017698652952265 
310620060690292 286 0.0925365554764778 
310620060690293 261 0.0889597615452779 
310620060690294 213 0.0928062999206185 
310620060690296 247 0.0877238023564656 
310620060690297 331 0.0938467658892527 
310620060690298 118 0.0815003541480201 
310620060690299 173 0.0842375695157365 
310620060690300 301 0.0914486192269524 
310620060690301 166 0.0854383191141185 
310620060690302 150 0.0836083009161251 
310620060690303 412 0.0979674380406457 
310620060690304 290 0.1059828380333604 
310620060690305 265 0.0895432456327304 
310620060690306 166 0.0845131452153168 
310620060690307 70 0.0828517853255927 
310620060690308 683 0.1114028207169734 
310620060690309 134 0.083191323360573 
310620060690310 393 0.1003689282248664 
310620060690311 194 0.0864806292546545 
310620060690313 242 0.0880440743476595 
310620060690314 104 0.0816097665240487 
310620060690315 200 0.0864748799677442 
310620060690316 151 0.0836749446705953 
310620060690317 397 0.1161378017830652 
310620060690318 436 0.1250822535506705 
310620060690320 156 0.0938865413596925 
310620060690323 676 0.1107674786833044 
310620060690324 96 0.0810557361976686 
310620060690325 68 0.0802740421452975 
310620060690326 581 0.1063506741326553 
310620060690327 443 0.0993331685414835 
310620060690328 572 0.1053572825714322 
310620060690329 638 0.1095874816478133 
310620060690330 847 0.1204123232029328 
310620060690331 709 0.1125058602135576 
310620060690332 575 0.1093495859181468 
310620060690333 717 0.1196655652351075 
310620060690334 532 0.1040316074568456 
310620060690335 363 0.0949168799650039 
310620060690336 493 0.1021787891831392 
310620060690337 444 0.0995429735937297 
310620060690338 735 0.1143349832968459 
310620060690339 574 0.1071355981155267 
310620060690340 740 0.1153077282079325 
310620060690341 826 0.1198482647741756 
310620060690342 533 0.1035489545526341 
310620060690343 535 0.1081009122321019 
310620060690345 593 0.1082406981301171 
310620060690346 363 0.107983210186732 
310620060690347 752 0.1148271289533464 
310620060690348 573 0.1060837955095503 
310620060690349 771 0.1189892712198864 
310620060690350 405 0.0974572688558528 
310620060690351 443 0.1011620971299108 
310620060690352 523 0.1027260867308412 
310620060690353 677 0.112757673874655 
310620060690354 675 0.1109253381703584 
310620060690355 434 0.0992997473568021 
310620060690356 818 0.1188098876916345 
310620060690357 896 0.1289246654230478 
310620060690358 502 0.1023065445559952 
310620060690359 624 0.1095543393745824 
310620060690361 599 0.1082004640537189 
310620060690362 267 0.0901801841714156 
310620060690363 509 0.1033071048521601 
310620060690365 534 0.1040694365837271 
310620060690366 733 0.1140940004514096 
310620060690367 691 0.1123895096384954 
310620060690368 734 0.1151467048455023 
310620060690369 437 0.100546352148723 
310620060690370 127 0.0830647896091531 
310620060690372 147 0.0916153664229136 
310620060690373 66 0.0796815963561552 
310620060690374 103 0.0817924072356625 
310620060690376 48 0.0791811161798555 
310620060690377 45 0.0796707350099827 
310620060690378 60 0.0801187436153028 
310620060690379 199 0.0896783965536364 
310620060690380 130 0.081899343582117 
310620060690381 64 0.0795073092638998 
310620060690383 230 0.0874517036979379 
310620060690384 91 0.0806246057673184 
310620060690385 123 0.0830548011949974 
310620060690386 51 0.078911901024913 
310620060690388 99 0.0811021872672878 
310620060690389 353 0.0943246335995003 
310620060690390 417 0.097186131103214 
310620060690391 47 0.0794318520460692 
310620060690393 78 0.0841341632043964 
310620060690394 334 0.0989738661818753 
310620060690395 280 0.0896939644147113 
310620060690396 345 0.0924581037998483 
310620060690397 104 0.0842678241599349 
310620060690398 131 0.0844505186708777 
310620060690399 78 0.0808855321754991 
310620060690400 115 0.083082477530093 
310620060690401 187 0.087034677740004 
310620060690403 687 0.110966912584334 
310620060690404 234 0.0887189711470111 
310620060690405 0 0.0771485028327926 
310620060690406 382 0.0970943690163834 
310620060690407 625 0.1083908133947436 
310620060690408 532 0.1044085098903526 
310620060690409 414 0.0979661469467158 
310620060690410 483 0.1012219895609791 
310620060690411 464 0.1000128024262849 
310620060690412 414 0.0977312135656498 
310620060690413 367 0.0957961207921627 
310620060690415 720 0.1151481599582602 
310620060690416 535 0.1038573701159139 
310620060690417 407 0.0974844910439772 
310620060690418 368 0.0947706602449068 
310620060690419 563 0.1051202261013989 
310620060690420 825 0.1190929698125058 
310620060690421 640 0.1090388374221653 
310620060690422 429 0.0987505195600556 
310620060690423 303 0.0929874154660799 
310620060690424 352 0.0951625287881268 
310620060690425 162 0.0853542742801964 
310620060690426 326 0.0930673566385834 
310620060690427 436 0.0985865902833916 
310620060690428 524 0.1037928561953898 
310620060690429 521 0.1028930119797048 
310620060690430 487 0.1010132075480123 
310620060690431 326 0.0932761887392347 
310620060690432 402 0.0974834561937031 
310620060690433 640 0.1108863362813725 
310620060690435 431 0.0989841184948215 
310620060690436 560 0.1062250273978687 
310620060690437 581 0.1070917598619275 
310620060690438 480 0.1022614811893287 
310620060690439 519 0.1037288110976791 
310620060690440 534 0.1048859633649481 
310620060690441 514 0.1036173893588037 
310620060690442 599 0.1075918033103875 
310620060690443 502 0.1024326048163804 
310620060690444 636 0.1094385984481056 
310620060690445 436 0.0994529953126224 
310620060690446 517 0.1031095398477009 
310620060690447 564 0.1053204424125997 
310620060690448 464 0.100603964034585 
310620060690449 570 0.1060980385795221 
310620060690450 494 0.101346179957374 
310620060690451 376 0.0957457296448735 
310620060690452 605 0.1141232908640581 
310620060690453 586 0.105650352086168 
310620060690454 326 0.0938684914007531 
310620060690455 544 0.1079268537992904 
310620060690456 462 0.1007891676355292 
310620060690457 393 0.09627167192646 
310620060690458 466 0.1001127481181451 
310620060690459 567 0.1061636993903536 
310620060690460 588 0.1067430851756548 
310620060690461 380 0.0962680897910649 
310620060690462 288 0.0954108041937681 
310620060690463 355 0.095182769805806 
310620060690464 518 0.1025628630359256 
310620060690465 64 0.0797514588657419 
310620060690466 90 0.0829807966882703 
310620060690467 141 0.0867288318613126 
310620060690468 30 0.0795338664081683 
310620060690470 487 0.1018582517769201 
310620060690471 355 0.095013294952767 
310620060690472 390 0.0962796999451853 
310620060690473 430 0.0993376128656338 
310620060690474 335 0.0924439035017214 
310620060690475 552 0.1050616754846427 
310620060690476 446 0.0994325240780375 
310620060690477 751 0.1221168756152161 
310620060690478 475 0.114775107045242 
310620060690479 460 0.1084778774918829 
310620060690480 378 0.095653014756198 
310620060690481 566 0.1059275690284785 
310620060690482 485 0.1027193331461861 
310620060690483 389 0.0972521332398492 
310620060690484 455 0.1008045196574774 
310620060690485 474 0.1024526565084282 
310620060690486 373 0.0962287056625006 
310620060690487 507 0.1027289040696027 
310620060690488 539 0.1048313731039724 
310620060690489 347 0.0945989377196807 
310620060690490 556 0.104599662559809 
310620060690491 384 0.0963526565328676 
310620060690492 534 0.1046842118793134 
310620060690493 509 0.1024881402698177 
310620060690494 454 0.1006236441825136 
310620060690495 385 0.0959492415125649 
310620060690496 674 0.1199794749637854 
310620060690497 123 0.0827429451335119 
310620060690498 453 0.0999977168193249 
310620060690499 523 0.1039387539643293 
310620060690500 466 0.1002281944994684 
310620060690501 476 0.1016025791195144 
310620060690502 393 0.0957632871894954 
310620060690503 465 0.1008441412177265 
310620060690504 319 0.0918446749469795 
310620060690505 716 0.1190756407037016 
310620060690506 640 0.1092015366150192 
310620060690507 247 0.0893679046308437 
310620060690508 719 0.113969386972164 
310620060690509 256 0.09734414278273 
310620060690510 548 0.1046158726098775 
310620060690511 355 0.0952596536996302 
310620060690512 407 0.0972220495706895 
310620060690513 483 0.1017577845515631 
310620060690514 524 0.1042525394673655 
310620060690515 354 0.0941258313259455 
310620060690516 412 0.0975923385817552 
310620060690517 409 0.0977622419066529 
310620060690518 413 0.0975909726153009 
310620060690519 369 0.0955826147912091 
310620060690520 385 0.0952364384137868 
310620060690521 432 0.0985342729934798 
310620060690522 554 0.1044816170965508 
310620060690523 512 0.1030586481327166 
310620060690526 459 0.1016759370347319 
310620060690527 634 0.111040190729732 
310620060690528 577 0.1079259621365411 
310620060690529 323 0.0923303721610851 
310620060690530 368 0.1066955995334939 
310620060690531 219 0.0872511725256569 
310620060690532 730 0.1149974096265275 
310620060690533 216 0.0870369137602813 
310620060690535 657 0.1104510878796126 
310620060690536 127 0.082670504715466 
310620060690537 142 0.0943611044175943 
310620060690538 284 0.089622380131754 
310620060690539 149 0.0836054437275417 
310620060690540 211 0.08650881483316 
310620060690541 119 0.0893062485553855 
310620060690542 486 0.1018231275621242 
310620060690543 149 0.0831341538700199 
310620060690544 271 0.090823438627091 
310620060690545 68 0.0833220118413372 
310620060690546 281 0.0912709885829063 
310620060690547 426 0.0992992035172428 
310620060690548 695 0.1117386017590316 
310620060690549 633 0.1216132544109267 
310620060690550 968 0.1271694797318109 
310620060690551 77 0.0797617604289955 
310620060690552 587 0.105168172140762 
310620060690553 443 0.0991788695143552 
310620060690554 574 0.1059006870316691 
310620060690555 339 0.0981481884556941 
310620060690556 1128 0.1331393527269265 
310620060690558 497 0.1026299442333034 
310620060690559 552 0.1049905715310244 
310620060690560 548 0.105234223394644 
310620060690561 462 0.1002667328375239 
310620060690562 537 0.1105259862571318 
310620060690563 367 0.0952473021559566 
310620060690564 341 0.0938014452808751 
310620060690565 311 0.0917291348990378 
310620060690566 415 0.0967053525377037 
310620060690567 541 0.1036276630412257 
;

# # Variable cost of PHC j / patient
param:	        ITEM1   SIZE0	FC1		VC1:=
3106200022772 1 1 8 . 
3106200023388 2 3 8 . 
3106200024147 3 3 8 . 
3106200024120 4 4 8 . 
3106200024163 5 2 8 . 
3106200024090 6 2 8 . 
3106203002446 7 4 8 . 
3106200022853 8 4 8 . 
3106200022861 9 4 8 . 
3106200022845 10 3 8 . 
3106200022896 11 4 8 . 
3106200023191 12 2 8 . 
3106200023108 13 4 8 . 
3106200023086 14 4 8 . 
3106200023868 15 3 8 . 
3106200023906 16 3 8 . 
3106200023884 17 3 8 . 
3106202695774 18 4 8 . 
3106200023825 19 3 8 . 
3106200024015 20 3 8 . 
3106202695464 21 4 8 . 
3106200023841 22 4 8 . 
3106200555142 23 4 8 . 
3106202695499 24 4 8 . 
3106200023434 25 3 8 . 
3106200023760 26 3 8 . 
3106200023442 27 4 8 . 
3106200023736 28 3 8 . 
3106200023337 29 4 8 . 
3106200023418 30 4 8 . 
3106200023361 31 3 8 . 
3106200023930 32 1 8 . 
3106209077324 33 2 8 . 
3106202695472 34 3 8 . 
3106202695480 35 3 8 . 
3106200023426 36 3 8 . 
3106200023558 37 4 8 . 
3106200023507 38 2 8 . 
3106200024023 39 4 8 . 
3106207995369 40 4 8 . 
3106200024007 41 3 8 . 
3106200023892 42 4 8 . 
3106202708310 43 3 8 . 
3106200023477 44 3 8 . 
3106200023485 45 4 8 . 
3106200023493 46 2 8 . 
3106200022632 47 4 8 . 
3106200022624 48 4 8 . 
3106200022705 49 4 8 . 
3106200022713 50 4 8 . 
3106200022659 51 4 8 . 
3106200022640 52 4 8 . 
3106200022586 53 4 8 . 
3106203232271 54 4 8 . 
3106200022608 55 3 8 . 
3106200022748 56 4 8 . 
3106200022756 57 3 8 . 
3106203015998 58 4 8 . 
3106203008525 59 4 8 . 
3106200022543 60 4 8 . 
3106200022675 61 3 8 . 
3106200022578 62 4 8 . 
3106200022616 63 4 8 . 
3106200023043 64 3 8 . 
3106200023035 65 3 8 . 
3106200023132 66 3 8 . 
3106205432243 67 3 8 . 
3106200023140 68 4 8 . 
3106200023094 69 3 8 . 
3106202820609 70 3 8 . 
3106204908732 71 3 8 . 
3106200023159 72 4 8 . 
3106200023787 73 3 8 . 
3106200023248 74 3 8 . 
3106205219175 75 4 8 . 
3106200023795 76 4 8 . 
3106200023256 77 3 8 . 
3106200023264 78 3 8 . 
3106202695456 79 4 8 . 
3106205866383 80 4 8 . 
3106200023728 81 3 8 . 
3106200023213 82 4 8 . 
3106200023817 83 4 8 . 
3106209166718 84 4 8 . 
3106200023701 85 3 8 . 
3106200023779 86 4 8 . 
3106202695421 87 4 8 . 
3106200023221 88 4 8 . 
3106200023515 89 4 8 . 
3106200023744 90 4 8 . 
3106200023655 91 4 8 . 
3106209166793 92 3 8 . 
3106200023671 93 4 8 . 
3106203411451 94 4 8 . 
3106200023604 95 4 8 . 
3106200023639 96 4 8 . 
3106200023663 97 4 8 . 
3106200023574 98 4 8 . 
3106200023647 99 4 8 . 
3106206368379 100 3 8 . 
3106200023620 101 4 8 . 
3106200023698 102 4 8 . 
3106200023019 103 3 8 . 
3106200023612 104 4 8 . 
3106205471532 105 4 8 . 
3106200023590 106 4 8 . 
3106203426637 107 4 8 . 
310620005620022 108 . . . 
310620005620045 109 . . . 
310620005620052 110 . . . 
310620005620114 111 . . . 
310620005620119 112 . . . 
310620005620131 113 . . . 
310620005620136 114 . . . 
310620005620145 115 . . . 
310620005620216 116 . . . 
310620005620221 117 . . . 
310620005620229 118 . . . 
310620005620233 119 . . . 
310620005620238 120 . . . 
310620005620253 121 . . . 
310620005620257 122 . . . 
310620005620265 123 . . . 
310620005620267 124 . . . 
310620005620281 125 . . . 
310620005620293 126 . . . 
310620005620328 127 . . . 
310620005620337 128 . . . 
310620005620344 129 . . . 
310620005620352 130 . . . 
310620005620363 131 . . . 
310620005620387 132 . . . 
310620005620392 133 . . . 
310620005620419 134 . . . 
310620005620421 135 . . . 
310620005620424 136 . . . 
310620005620469 137 . . . 
310620005620474 138 . . . 
310620005620499 139 . . . 
310620005620514 140 . . . 
310620005620526 141 . . . 
310620005620590 142 . . . 
310620005620592 143 . . . 
310620005620600 144 . . . 
310620005620622 145 . . . 
310620005620633 146 . . . 
310620005620638 147 . . . 
310620005620654 148 . . . 
310620005620666 149 . . . 
310620005620670 150 . . . 
310620005620701 151 . . . 
310620005620708 152 . . . 
310620005620740 153 . . . 
310620005620796 154 . . . 
310620005620800 155 . . . 
310620005620816 156 . . . 
310620005630004 157 . . . 
310620005630028 158 . . . 
310620005630039 159 . . . 
310620005630060 160 . . . 
310620005630086 161 . . . 
310620005630091 162 . . . 
310620005630106 163 . . . 
310620005630125 164 . . . 
310620005630131 165 . . . 
310620005630137 166 . . . 
310620005630157 167 . . . 
310620005630175 168 . . . 
310620005630177 169 . . . 
310620005630199 170 . . . 
310620005630207 171 . . . 
310620005630239 172 . . . 
310620005630253 173 . . . 
310620005630264 174 . . . 
310620005630265 175 . . . 
310620005630281 176 . . . 
310620005630286 177 . . . 
310620005630302 178 . . . 
310620005630317 179 . . . 
310620005630325 180 . . . 
310620005630329 181 . . . 
310620005630337 182 . . . 
310620005630382 183 . . . 
310620005630461 184 . . . 
310620005630476 185 . . . 
310620005630494 186 . . . 
310620005630515 187 . . . 
310620005630532 188 . . . 
310620005630543 189 . . . 
310620005630582 190 . . . 
310620005630583 191 . . . 
310620005630586 192 . . . 
310620005630592 193 . . . 
310620005640008 194 . . . 
310620005640044 195 . . . 
310620005640052 196 . . . 
310620005640055 197 . . . 
310620005640057 198 . . . 
310620005640085 199 . . . 
310620005640100 200 . . . 
310620005640106 201 . . . 
310620005640108 202 . . . 
310620005640138 203 . . . 
310620005640161 204 . . . 
310620005640173 205 . . . 
310620005640184 206 . . . 
310620005640193 207 . . . 
310620005640215 208 . . . 
310620005640233 209 . . . 
310620005640235 210 . . . 
310620005640247 211 . . . 
310620005640251 212 . . . 
310620005640260 213 . . . 
310620005650062 214 . . . 
310620005650070 215 . . . 
310620005650098 216 . . . 
310620005650108 217 . . . 
310620005650110 218 . . . 
310620005650127 219 . . . 
310620005650139 220 . . . 
310620005650141 221 . . . 
310620005650147 222 . . . 
310620005650183 223 . . . 
310620005650217 224 . . . 
310620005650253 225 . . . 
310620005650328 226 . . . 
310620005650361 227 . . . 
310620005650397 228 . . . 
310620005650408 229 . . . 
310620005650423 230 . . . 
310620005650425 231 . . . 
310620005650490 232 . . . 
310620005650586 233 . . . 
310620005650595 234 . . . 
310620005650604 235 . . . 
310620005650608 236 . . . 
310620005650610 237 . . . 
310620005650612 238 . . . 
310620005650616 239 . . . 
310620005650637 240 . . . 
310620005650643 241 . . . 
310620005650648 242 . . . 
310620005650657 243 . . . 
310620005650666 244 . . . 
310620005650680 245 . . . 
310620005650690 246 . . . 
310620005650693 247 . . . 
310620005650697 248 . . . 
310620005650703 249 . . . 
310620005650711 250 . . . 
310620005650720 251 . . . 
310620005670010 252 . . . 
310620005670022 253 . . . 
310620005670025 254 . . . 
310620005670028 255 . . . 
310620005670031 256 . . . 
310620005670036 257 . . . 
310620005670093 258 . . . 
310620005670109 259 . . . 
310620005670117 260 . . . 
310620005670145 261 . . . 
310620005670180 262 . . . 
310620005670188 263 . . . 
310620005670200 264 . . . 
310620005670231 265 . . . 
310620005670234 266 . . . 
310620005670249 267 . . . 
310620005670269 268 . . . 
310620005670274 269 . . . 
310620005670332 270 . . . 
310620005670338 271 . . . 
310620005670352 272 . . . 
310620005670422 273 . . . 
310620005670431 274 . . . 
310620005670436 275 . . . 
310620005670437 276 . . . 
310620005670448 277 . . . 
310620005670471 278 . . . 
310620005670508 279 . . . 
310620005670565 280 . . . 
310620005670581 281 . . . 
310620005670586 282 . . . 
310620005670587 283 . . . 
310620005670610 284 . . . 
310620005670623 285 . . . 
310620005670631 286 . . . 
310620005670649 287 . . . 
310620005670677 288 . . . 
310620005670744 289 . . . 
310620005670757 290 . . . 
310620005670791 291 . . . 
310620005670796 292 . . . 
310620005670829 293 . . . 
310620005670830 294 . . . 
310620005670842 295 . . . 
310620005670848 296 . . . 
310620005680021 297 . . . 
310620005680023 298 . . . 
310620005680038 299 . . . 
310620005680055 300 . . . 
310620005680094 301 . . . 
310620005680096 302 . . . 
310620005680100 303 . . . 
310620005680104 304 . . . 
310620005680124 305 . . . 
310620005680199 306 . . . 
310620005680219 307 . . . 
310620005680226 308 . . . 
310620005680232 309 . . . 
310620005680250 310 . . . 
310620005680265 311 . . . 
310620005680271 312 . . . 
310620005680281 313 . . . 
310620005680289 314 . . . 
310620005680292 315 . . . 
310620005680300 316 . . . 
310620005680310 317 . . . 
310620005680312 318 . . . 
310620005680334 319 . . . 
310620005680358 320 . . . 
310620005680371 321 . . . 
310620005680377 322 . . . 
310620005680387 323 . . . 
310620005680390 324 . . . 
310620005680394 325 . . . 
310620005680397 326 . . . 
310620005680403 327 . . . 
310620005680412 328 . . . 
310620005680429 329 . . . 
310620005680446 330 . . . 
310620005680457 331 . . . 
310620005680474 332 . . . 
310620005680484 333 . . . 
310620005680487 334 . . . 
310620005680507 335 . . . 
310620005680512 336 . . . 
310620005680526 337 . . . 
310620005680535 338 . . . 
310620005680547 339 . . . 
310620005680554 340 . . . 
310620025610004 341 . . . 
310620025610017 342 . . . 
310620025610039 343 . . . 
310620025610052 344 . . . 
310620025610062 345 . . . 
310620025610067 346 . . . 
310620025610092 347 . . . 
310620025610095 348 . . . 
310620025610099 349 . . . 
310620025610102 350 . . . 
310620025610107 351 . . . 
310620025610137 352 . . . 
310620025610142 353 . . . 
310620025610153 354 . . . 
310620025610157 355 . . . 
310620025610161 356 . . . 
310620025610170 357 . . . 
310620025610208 358 . . . 
310620025610223 359 . . . 
310620025610228 360 . . . 
310620025610245 361 . . . 
310620025610258 362 . . . 
310620025610275 363 . . . 
310620025610280 364 . . . 
310620025610295 365 . . . 
310620025610318 366 . . . 
310620025610327 367 . . . 
310620025610443 368 . . . 
310620025610458 369 . . . 
310620025610497 370 . . . 
310620025610538 371 . . . 
310620025610547 372 . . . 
310620025610583 373 . . . 
310620025610588 374 . . . 
310620025610598 375 . . . 
310620025610648 376 . . . 
310620025610662 377 . . . 
310620060640053 378 . . . 
310620060640071 379 . . . 
310620060640126 380 . . . 
310620060640147 381 . . . 
310620060640203 382 . . . 
310620060640213 383 . . . 
310620060640238 384 . . . 
310620060640262 385 . . . 
310620060640283 386 . . . 
310620060640294 387 . . . 
310620060640304 388 . . . 
310620060640324 389 . . . 
310620060640345 390 . . . 
310620060640346 391 . . . 
310620060640377 392 . . . 
310620060640407 393 . . . 
310620060640418 394 . . . 
310620060640420 395 . . . 
310620060640429 396 . . . 
310620060640440 397 . . . 
310620060640442 398 . . . 
310620060660005 399 . . . 
310620060660071 400 . . . 
310620060660100 401 . . . 
310620060660102 402 . . . 
310620060660113 403 . . . 
310620060660115 404 . . . 
310620060660162 405 . . . 
310620060660201 406 . . . 
310620060660251 407 . . . 
310620060660269 408 . . . 
310620060660360 409 . . . 
310620060660367 410 . . . 
310620060660389 411 . . . 
310620060660396 412 . . . 
310620060660423 413 . . . 
310620060660430 414 . . . 
310620060660432 415 . . . 
310620060660440 416 . . . 
310620060660442 417 . . . 
310620060660444 418 . . . 
310620060680027 419 . . . 
310620060680085 420 . . . 
310620060680088 421 . . . 
310620060690038 422 . . . 
310620060690058 423 . . . 
310620060690111 424 . . . 
310620060690168 425 . . . 
310620060690178 426 . . . 
310620060690226 427 . . . 
310620060690248 428 . . . 
310620060690259 429 . . . 
310620060690338 430 . . . 
310620060690369 431 . . . 
310620060690403 432 . . . 
310620060690456 433 . . . 
310620060690471 434 . . . 
310620060690489 435 . . . 
310620060690501 436 . . . 
310620060690540 437 . . . 
310620060690548 438 . . . 
;

param:	ITEM2   FC2		VC2:=
SHC1	1       200000		10
;

param:	ITEM3   FC3		VC3:=
THC1	1       300000		20
;

# Team cost K1 ($/year)
# 		Folha mensal	Encargos	Insumos	Transporte	Supervisão
# eSF	 R$ 1.455.500.00 	50000	45000	7500	3500	5000
# eSB	 R$ 640.420.00 	22000	19800	3300	1540	2200
# eMulti (1/9)	 R$ 611.595.56 	92000	82800	13800	6440	9200
# Fonte: Planilha APS_dados.xlsx
param CE1:=
eSF 287355 
eSB 101245 
eMulti 332222 
ACS 36438 
;

# Team cost K2 ($/year)
param CE2:=
EQ2 0 
;

# Team cost K3 ($/year)
param CE3:=
EQ3 0 
;

param D0_2:=
310620005620001 SHC1 20000 
310620005620002 SHC1 20000 
310620005620004 SHC1 20000 
310620005620005 SHC1 20000 
310620005620006 SHC1 20000 
310620005620007 SHC1 20000 
310620005620008 SHC1 20000 
310620005620010 SHC1 20000 
310620005620011 SHC1 20000 
310620005620012 SHC1 20000 
310620005620013 SHC1 20000 
310620005620014 SHC1 20000 
310620005620015 SHC1 20000 
310620005620016 SHC1 20000 
310620005620017 SHC1 20000 
310620005620021 SHC1 20000 
310620005620022 SHC1 20000 
310620005620023 SHC1 20000 
310620005620024 SHC1 20000 
310620005620025 SHC1 20000 
310620005620026 SHC1 20000 
310620005620028 SHC1 20000 
310620005620029 SHC1 20000 
310620005620031 SHC1 20000 
310620005620032 SHC1 20000 
310620005620034 SHC1 20000 
310620005620036 SHC1 20000 
310620005620039 SHC1 20000 
310620005620040 SHC1 20000 
310620005620041 SHC1 20000 
310620005620045 SHC1 20000 
310620005620047 SHC1 20000 
310620005620048 SHC1 20000 
310620005620052 SHC1 20000 
310620005620053 SHC1 20000 
310620005620057 SHC1 20000 
310620005620058 SHC1 20000 
310620005620060 SHC1 20000 
310620005620062 SHC1 20000 
310620005620064 SHC1 20000 
310620005620066 SHC1 20000 
310620005620067 SHC1 20000 
310620005620068 SHC1 20000 
310620005620070 SHC1 20000 
310620005620071 SHC1 20000 
310620005620073 SHC1 20000 
310620005620074 SHC1 20000 
310620005620075 SHC1 20000 
310620005620076 SHC1 20000 
310620005620077 SHC1 20000 
310620005620078 SHC1 20000 
310620005620079 SHC1 20000 
310620005620082 SHC1 20000 
310620005620085 SHC1 20000 
310620005620086 SHC1 20000 
310620005620087 SHC1 20000 
310620005620088 SHC1 20000 
310620005620089 SHC1 20000 
310620005620091 SHC1 20000 
310620005620094 SHC1 20000 
310620005620095 SHC1 20000 
310620005620097 SHC1 20000 
310620005620098 SHC1 20000 
310620005620099 SHC1 20000 
310620005620100 SHC1 20000 
310620005620101 SHC1 20000 
310620005620102 SHC1 20000 
310620005620103 SHC1 20000 
310620005620104 SHC1 20000 
310620005620105 SHC1 20000 
310620005620106 SHC1 20000 
310620005620107 SHC1 20000 
310620005620108 SHC1 20000 
310620005620109 SHC1 20000 
310620005620110 SHC1 20000 
310620005620113 SHC1 20000 
310620005620114 SHC1 20000 
310620005620115 SHC1 20000 
310620005620116 SHC1 20000 
310620005620117 SHC1 20000 
310620005620118 SHC1 20000 
310620005620119 SHC1 20000 
310620005620120 SHC1 20000 
310620005620122 SHC1 20000 
310620005620123 SHC1 20000 
310620005620124 SHC1 20000 
310620005620125 SHC1 20000 
310620005620126 SHC1 20000 
310620005620127 SHC1 20000 
310620005620129 SHC1 20000 
310620005620130 SHC1 20000 
310620005620131 SHC1 20000 
310620005620132 SHC1 20000 
310620005620133 SHC1 20000 
310620005620134 SHC1 20000 
310620005620135 SHC1 20000 
310620005620136 SHC1 20000 
310620005620137 SHC1 20000 
310620005620138 SHC1 20000 
310620005620139 SHC1 20000 
310620005620140 SHC1 20000 
310620005620141 SHC1 20000 
310620005620143 SHC1 20000 
310620005620144 SHC1 20000 
310620005620145 SHC1 20000 
310620005620146 SHC1 20000 
310620005620147 SHC1 20000 
310620005620149 SHC1 20000 
310620005620151 SHC1 20000 
310620005620153 SHC1 20000 
310620005620154 SHC1 20000 
310620005620155 SHC1 20000 
310620005620156 SHC1 20000 
310620005620157 SHC1 20000 
310620005620158 SHC1 20000 
310620005620159 SHC1 20000 
310620005620160 SHC1 20000 
310620005620163 SHC1 20000 
310620005620164 SHC1 20000 
310620005620165 SHC1 20000 
310620005620168 SHC1 20000 
310620005620169 SHC1 20000 
310620005620170 SHC1 20000 
310620005620171 SHC1 20000 
310620005620172 SHC1 20000 
310620005620174 SHC1 20000 
310620005620175 SHC1 20000 
310620005620176 SHC1 20000 
310620005620178 SHC1 20000 
310620005620181 SHC1 20000 
310620005620182 SHC1 20000 
310620005620183 SHC1 20000 
310620005620185 SHC1 20000 
310620005620187 SHC1 20000 
310620005620188 SHC1 20000 
310620005620189 SHC1 20000 
310620005620190 SHC1 20000 
310620005620191 SHC1 20000 
310620005620192 SHC1 20000 
310620005620193 SHC1 20000 
310620005620195 SHC1 20000 
310620005620196 SHC1 20000 
310620005620197 SHC1 20000 
310620005620201 SHC1 20000 
310620005620202 SHC1 20000 
310620005620203 SHC1 20000 
310620005620204 SHC1 20000 
310620005620206 SHC1 20000 
310620005620207 SHC1 20000 
310620005620208 SHC1 20000 
310620005620209 SHC1 20000 
310620005620210 SHC1 20000 
310620005620213 SHC1 20000 
310620005620214 SHC1 20000 
310620005620215 SHC1 20000 
310620005620216 SHC1 20000 
310620005620217 SHC1 20000 
310620005620218 SHC1 20000 
310620005620221 SHC1 20000 
310620005620222 SHC1 20000 
310620005620225 SHC1 20000 
310620005620228 SHC1 20000 
310620005620229 SHC1 20000 
310620005620230 SHC1 20000 
310620005620232 SHC1 20000 
310620005620233 SHC1 20000 
310620005620234 SHC1 20000 
310620005620235 SHC1 20000 
310620005620236 SHC1 20000 
310620005620237 SHC1 20000 
310620005620238 SHC1 20000 
310620005620241 SHC1 20000 
310620005620242 SHC1 20000 
310620005620243 SHC1 20000 
310620005620245 SHC1 20000 
310620005620246 SHC1 20000 
310620005620248 SHC1 20000 
310620005620249 SHC1 20000 
310620005620251 SHC1 20000 
310620005620252 SHC1 20000 
310620005620253 SHC1 20000 
310620005620254 SHC1 20000 
310620005620256 SHC1 20000 
310620005620257 SHC1 20000 
310620005620258 SHC1 20000 
310620005620261 SHC1 20000 
310620005620262 SHC1 20000 
310620005620264 SHC1 20000 
310620005620265 SHC1 20000 
310620005620266 SHC1 20000 
310620005620267 SHC1 20000 
310620005620268 SHC1 20000 
310620005620271 SHC1 20000 
310620005620272 SHC1 20000 
310620005620273 SHC1 20000 
310620005620274 SHC1 20000 
310620005620275 SHC1 20000 
310620005620276 SHC1 20000 
310620005620277 SHC1 20000 
310620005620280 SHC1 20000 
310620005620281 SHC1 20000 
310620005620282 SHC1 20000 
310620005620283 SHC1 20000 
310620005620284 SHC1 20000 
310620005620285 SHC1 20000 
310620005620286 SHC1 20000 
310620005620288 SHC1 20000 
310620005620289 SHC1 20000 
310620005620290 SHC1 20000 
310620005620291 SHC1 20000 
310620005620292 SHC1 20000 
310620005620293 SHC1 20000 
310620005620294 SHC1 20000 
310620005620295 SHC1 20000 
310620005620296 SHC1 20000 
310620005620298 SHC1 20000 
310620005620299 SHC1 20000 
310620005620301 SHC1 20000 
310620005620302 SHC1 20000 
310620005620303 SHC1 20000 
310620005620305 SHC1 20000 
310620005620306 SHC1 20000 
310620005620307 SHC1 20000 
310620005620308 SHC1 20000 
310620005620309 SHC1 20000 
310620005620310 SHC1 20000 
310620005620311 SHC1 20000 
310620005620312 SHC1 20000 
310620005620313 SHC1 20000 
310620005620314 SHC1 20000 
310620005620315 SHC1 20000 
310620005620316 SHC1 20000 
310620005620317 SHC1 20000 
310620005620318 SHC1 20000 
310620005620319 SHC1 20000 
310620005620320 SHC1 20000 
310620005620321 SHC1 20000 
310620005620322 SHC1 20000 
310620005620323 SHC1 20000 
310620005620325 SHC1 20000 
310620005620326 SHC1 20000 
310620005620327 SHC1 20000 
310620005620328 SHC1 20000 
310620005620330 SHC1 20000 
310620005620331 SHC1 20000 
310620005620332 SHC1 20000 
310620005620334 SHC1 20000 
310620005620336 SHC1 20000 
310620005620337 SHC1 20000 
310620005620339 SHC1 20000 
310620005620340 SHC1 20000 
310620005620341 SHC1 20000 
310620005620342 SHC1 20000 
310620005620343 SHC1 20000 
310620005620344 SHC1 20000 
310620005620345 SHC1 20000 
310620005620346 SHC1 20000 
310620005620347 SHC1 20000 
310620005620348 SHC1 20000 
310620005620349 SHC1 20000 
310620005620350 SHC1 20000 
310620005620351 SHC1 20000 
310620005620352 SHC1 20000 
310620005620358 SHC1 20000 
310620005620359 SHC1 20000 
310620005620360 SHC1 20000 
310620005620361 SHC1 20000 
310620005620363 SHC1 20000 
310620005620364 SHC1 20000 
310620005620368 SHC1 20000 
310620005620369 SHC1 20000 
310620005620370 SHC1 20000 
310620005620371 SHC1 20000 
310620005620372 SHC1 20000 
310620005620373 SHC1 20000 
310620005620374 SHC1 20000 
310620005620375 SHC1 20000 
310620005620378 SHC1 20000 
310620005620379 SHC1 20000 
310620005620380 SHC1 20000 
310620005620381 SHC1 20000 
310620005620383 SHC1 20000 
310620005620384 SHC1 20000 
310620005620385 SHC1 20000 
310620005620387 SHC1 20000 
310620005620388 SHC1 20000 
310620005620389 SHC1 20000 
310620005620391 SHC1 20000 
310620005620392 SHC1 20000 
310620005620393 SHC1 20000 
310620005620394 SHC1 20000 
310620005620395 SHC1 20000 
310620005620396 SHC1 20000 
310620005620397 SHC1 20000 
310620005620398 SHC1 20000 
310620005620400 SHC1 20000 
310620005620401 SHC1 20000 
310620005620402 SHC1 20000 
310620005620403 SHC1 20000 
310620005620404 SHC1 20000 
310620005620405 SHC1 20000 
310620005620406 SHC1 20000 
310620005620407 SHC1 20000 
310620005620408 SHC1 20000 
310620005620409 SHC1 20000 
310620005620410 SHC1 20000 
310620005620411 SHC1 20000 
310620005620412 SHC1 20000 
310620005620413 SHC1 20000 
310620005620414 SHC1 20000 
310620005620415 SHC1 20000 
310620005620417 SHC1 20000 
310620005620418 SHC1 20000 
310620005620419 SHC1 20000 
310620005620420 SHC1 20000 
310620005620421 SHC1 20000 
310620005620422 SHC1 20000 
310620005620423 SHC1 20000 
310620005620424 SHC1 20000 
310620005620425 SHC1 20000 
310620005620426 SHC1 20000 
310620005620427 SHC1 20000 
310620005620428 SHC1 20000 
310620005620429 SHC1 20000 
310620005620430 SHC1 20000 
310620005620432 SHC1 20000 
310620005620433 SHC1 20000 
310620005620434 SHC1 20000 
310620005620435 SHC1 20000 
310620005620436 SHC1 20000 
310620005620437 SHC1 20000 
310620005620439 SHC1 20000 
310620005620440 SHC1 20000 
310620005620441 SHC1 20000 
310620005620442 SHC1 20000 
310620005620443 SHC1 20000 
310620005620445 SHC1 20000 
310620005620446 SHC1 20000 
310620005620447 SHC1 20000 
310620005620448 SHC1 20000 
310620005620449 SHC1 20000 
310620005620450 SHC1 20000 
310620005620451 SHC1 20000 
310620005620452 SHC1 20000 
310620005620453 SHC1 20000 
310620005620454 SHC1 20000 
310620005620455 SHC1 20000 
310620005620457 SHC1 20000 
310620005620458 SHC1 20000 
310620005620459 SHC1 20000 
310620005620462 SHC1 20000 
310620005620463 SHC1 20000 
310620005620464 SHC1 20000 
310620005620465 SHC1 20000 
310620005620466 SHC1 20000 
310620005620467 SHC1 20000 
310620005620468 SHC1 20000 
310620005620469 SHC1 20000 
310620005620472 SHC1 20000 
310620005620474 SHC1 20000 
310620005620475 SHC1 20000 
310620005620478 SHC1 20000 
310620005620479 SHC1 20000 
310620005620480 SHC1 20000 
310620005620481 SHC1 20000 
310620005620483 SHC1 20000 
310620005620484 SHC1 20000 
310620005620485 SHC1 20000 
310620005620486 SHC1 20000 
310620005620487 SHC1 20000 
310620005620488 SHC1 20000 
310620005620489 SHC1 20000 
310620005620490 SHC1 20000 
310620005620492 SHC1 20000 
310620005620494 SHC1 20000 
310620005620495 SHC1 20000 
310620005620496 SHC1 20000 
310620005620497 SHC1 20000 
310620005620498 SHC1 20000 
310620005620499 SHC1 20000 
310620005620501 SHC1 20000 
310620005620503 SHC1 20000 
310620005620504 SHC1 20000 
310620005620505 SHC1 20000 
310620005620506 SHC1 20000 
310620005620507 SHC1 20000 
310620005620510 SHC1 20000 
310620005620511 SHC1 20000 
310620005620512 SHC1 20000 
310620005620513 SHC1 20000 
310620005620514 SHC1 20000 
310620005620515 SHC1 20000 
310620005620516 SHC1 20000 
310620005620517 SHC1 20000 
310620005620518 SHC1 20000 
310620005620519 SHC1 20000 
310620005620520 SHC1 20000 
310620005620521 SHC1 20000 
310620005620522 SHC1 20000 
310620005620523 SHC1 20000 
310620005620524 SHC1 20000 
310620005620525 SHC1 20000 
310620005620526 SHC1 20000 
310620005620527 SHC1 20000 
310620005620528 SHC1 20000 
310620005620529 SHC1 20000 
310620005620530 SHC1 20000 
310620005620531 SHC1 20000 
310620005620532 SHC1 20000 
310620005620533 SHC1 20000 
310620005620534 SHC1 20000 
310620005620535 SHC1 20000 
310620005620536 SHC1 20000 
310620005620537 SHC1 20000 
310620005620538 SHC1 20000 
310620005620540 SHC1 20000 
310620005620541 SHC1 20000 
310620005620542 SHC1 20000 
310620005620543 SHC1 20000 
310620005620544 SHC1 20000 
310620005620545 SHC1 20000 
310620005620546 SHC1 20000 
310620005620547 SHC1 20000 
310620005620548 SHC1 20000 
310620005620550 SHC1 20000 
310620005620551 SHC1 20000 
310620005620552 SHC1 20000 
310620005620553 SHC1 20000 
310620005620554 SHC1 20000 
310620005620555 SHC1 20000 
310620005620556 SHC1 20000 
310620005620557 SHC1 20000 
310620005620558 SHC1 20000 
310620005620559 SHC1 20000 
310620005620560 SHC1 20000 
310620005620561 SHC1 20000 
310620005620562 SHC1 20000 
310620005620563 SHC1 20000 
310620005620564 SHC1 20000 
310620005620565 SHC1 20000 
310620005620566 SHC1 20000 
310620005620567 SHC1 20000 
310620005620568 SHC1 20000 
310620005620569 SHC1 20000 
310620005620570 SHC1 20000 
310620005620571 SHC1 20000 
310620005620572 SHC1 20000 
310620005620573 SHC1 20000 
310620005620574 SHC1 20000 
310620005620575 SHC1 20000 
310620005620576 SHC1 20000 
310620005620577 SHC1 20000 
310620005620578 SHC1 20000 
310620005620579 SHC1 20000 
310620005620580 SHC1 20000 
310620005620581 SHC1 20000 
310620005620582 SHC1 20000 
310620005620583 SHC1 20000 
310620005620584 SHC1 20000 
310620005620585 SHC1 20000 
310620005620586 SHC1 20000 
310620005620587 SHC1 20000 
310620005620588 SHC1 20000 
310620005620589 SHC1 20000 
310620005620590 SHC1 20000 
310620005620591 SHC1 20000 
310620005620592 SHC1 20000 
310620005620593 SHC1 20000 
310620005620594 SHC1 20000 
310620005620595 SHC1 20000 
310620005620596 SHC1 20000 
310620005620597 SHC1 20000 
310620005620598 SHC1 20000 
310620005620599 SHC1 20000 
310620005620600 SHC1 20000 
310620005620601 SHC1 20000 
310620005620602 SHC1 20000 
310620005620603 SHC1 20000 
310620005620604 SHC1 20000 
310620005620605 SHC1 20000 
310620005620606 SHC1 20000 
310620005620607 SHC1 20000 
310620005620608 SHC1 20000 
310620005620609 SHC1 20000 
310620005620610 SHC1 20000 
310620005620611 SHC1 20000 
310620005620612 SHC1 20000 
310620005620613 SHC1 20000 
310620005620614 SHC1 20000 
310620005620615 SHC1 20000 
310620005620616 SHC1 20000 
310620005620617 SHC1 20000 
310620005620618 SHC1 20000 
310620005620619 SHC1 20000 
310620005620620 SHC1 20000 
310620005620621 SHC1 20000 
310620005620622 SHC1 20000 
310620005620623 SHC1 20000 
310620005620624 SHC1 20000 
310620005620625 SHC1 20000 
310620005620626 SHC1 20000 
310620005620627 SHC1 20000 
310620005620628 SHC1 20000 
310620005620629 SHC1 20000 
310620005620630 SHC1 20000 
310620005620631 SHC1 20000 
310620005620632 SHC1 20000 
310620005620633 SHC1 20000 
310620005620634 SHC1 20000 
310620005620635 SHC1 20000 
310620005620636 SHC1 20000 
310620005620637 SHC1 20000 
310620005620638 SHC1 20000 
310620005620639 SHC1 20000 
310620005620640 SHC1 20000 
310620005620641 SHC1 20000 
310620005620642 SHC1 20000 
310620005620643 SHC1 20000 
310620005620644 SHC1 20000 
310620005620645 SHC1 20000 
310620005620646 SHC1 20000 
310620005620647 SHC1 20000 
310620005620648 SHC1 20000 
310620005620649 SHC1 20000 
310620005620650 SHC1 20000 
310620005620651 SHC1 20000 
310620005620652 SHC1 20000 
310620005620653 SHC1 20000 
310620005620654 SHC1 20000 
310620005620655 SHC1 20000 
310620005620656 SHC1 20000 
310620005620657 SHC1 20000 
310620005620658 SHC1 20000 
310620005620659 SHC1 20000 
310620005620660 SHC1 20000 
310620005620661 SHC1 20000 
310620005620662 SHC1 20000 
310620005620663 SHC1 20000 
310620005620664 SHC1 20000 
310620005620665 SHC1 20000 
310620005620666 SHC1 20000 
310620005620667 SHC1 20000 
310620005620668 SHC1 20000 
310620005620669 SHC1 20000 
310620005620670 SHC1 20000 
310620005620671 SHC1 20000 
310620005620672 SHC1 20000 
310620005620674 SHC1 20000 
310620005620675 SHC1 20000 
310620005620676 SHC1 20000 
310620005620677 SHC1 20000 
310620005620678 SHC1 20000 
310620005620680 SHC1 20000 
310620005620681 SHC1 20000 
310620005620682 SHC1 20000 
310620005620683 SHC1 20000 
310620005620684 SHC1 20000 
310620005620685 SHC1 20000 
310620005620686 SHC1 20000 
310620005620687 SHC1 20000 
310620005620688 SHC1 20000 
310620005620689 SHC1 20000 
310620005620691 SHC1 20000 
310620005620692 SHC1 20000 
310620005620693 SHC1 20000 
310620005620694 SHC1 20000 
310620005620695 SHC1 20000 
310620005620696 SHC1 20000 
310620005620697 SHC1 20000 
310620005620698 SHC1 20000 
310620005620699 SHC1 20000 
310620005620700 SHC1 20000 
310620005620701 SHC1 20000 
310620005620702 SHC1 20000 
310620005620703 SHC1 20000 
310620005620704 SHC1 20000 
310620005620705 SHC1 20000 
310620005620706 SHC1 20000 
310620005620707 SHC1 20000 
310620005620708 SHC1 20000 
310620005620709 SHC1 20000 
310620005620710 SHC1 20000 
310620005620711 SHC1 20000 
310620005620712 SHC1 20000 
310620005620713 SHC1 20000 
310620005620714 SHC1 20000 
310620005620715 SHC1 20000 
310620005620716 SHC1 20000 
310620005620717 SHC1 20000 
310620005620718 SHC1 20000 
310620005620719 SHC1 20000 
310620005620720 SHC1 20000 
310620005620721 SHC1 20000 
310620005620722 SHC1 20000 
310620005620723 SHC1 20000 
310620005620724 SHC1 20000 
310620005620725 SHC1 20000 
310620005620726 SHC1 20000 
310620005620727 SHC1 20000 
310620005620728 SHC1 20000 
310620005620729 SHC1 20000 
310620005620730 SHC1 20000 
310620005620731 SHC1 20000 
310620005620732 SHC1 20000 
310620005620733 SHC1 20000 
310620005620734 SHC1 20000 
310620005620735 SHC1 20000 
310620005620736 SHC1 20000 
310620005620738 SHC1 20000 
310620005620739 SHC1 20000 
310620005620740 SHC1 20000 
310620005620742 SHC1 20000 
310620005620743 SHC1 20000 
310620005620744 SHC1 20000 
310620005620745 SHC1 20000 
310620005620746 SHC1 20000 
310620005620747 SHC1 20000 
310620005620748 SHC1 20000 
310620005620749 SHC1 20000 
310620005620750 SHC1 20000 
310620005620751 SHC1 20000 
310620005620752 SHC1 20000 
310620005620755 SHC1 20000 
310620005620756 SHC1 20000 
310620005620757 SHC1 20000 
310620005620758 SHC1 20000 
310620005620759 SHC1 20000 
310620005620760 SHC1 20000 
310620005620761 SHC1 20000 
310620005620762 SHC1 20000 
310620005620763 SHC1 20000 
310620005620764 SHC1 20000 
310620005620765 SHC1 20000 
310620005620766 SHC1 20000 
310620005620767 SHC1 20000 
310620005620768 SHC1 20000 
310620005620769 SHC1 20000 
310620005620770 SHC1 20000 
310620005620771 SHC1 20000 
310620005620772 SHC1 20000 
310620005620776 SHC1 20000 
310620005620777 SHC1 20000 
310620005620778 SHC1 20000 
310620005620779 SHC1 20000 
310620005620780 SHC1 20000 
310620005620781 SHC1 20000 
310620005620782 SHC1 20000 
310620005620783 SHC1 20000 
310620005620784 SHC1 20000 
310620005620785 SHC1 20000 
310620005620786 SHC1 20000 
310620005620787 SHC1 20000 
310620005620788 SHC1 20000 
310620005620789 SHC1 20000 
310620005620790 SHC1 20000 
310620005620791 SHC1 20000 
310620005620792 SHC1 20000 
310620005620793 SHC1 20000 
310620005620795 SHC1 20000 
310620005620796 SHC1 20000 
310620005620800 SHC1 20000 
310620005620801 SHC1 20000 
310620005620802 SHC1 20000 
310620005620803 SHC1 20000 
310620005620804 SHC1 20000 
310620005620805 SHC1 20000 
310620005620806 SHC1 20000 
310620005620807 SHC1 20000 
310620005620808 SHC1 20000 
310620005620809 SHC1 20000 
310620005620810 SHC1 20000 
310620005620811 SHC1 20000 
310620005620812 SHC1 20000 
310620005620813 SHC1 20000 
310620005620814 SHC1 20000 
310620005620815 SHC1 20000 
310620005620816 SHC1 20000 
310620005620817 SHC1 20000 
310620005620818 SHC1 20000 
310620005620819 SHC1 20000 
310620005620820 SHC1 20000 
310620005630003 SHC1 20000 
310620005630004 SHC1 20000 
310620005630005 SHC1 20000 
310620005630007 SHC1 20000 
310620005630009 SHC1 20000 
310620005630010 SHC1 20000 
310620005630011 SHC1 20000 
310620005630012 SHC1 20000 
310620005630013 SHC1 20000 
310620005630014 SHC1 20000 
310620005630015 SHC1 20000 
310620005630016 SHC1 20000 
310620005630018 SHC1 20000 
310620005630020 SHC1 20000 
310620005630021 SHC1 20000 
310620005630023 SHC1 20000 
310620005630024 SHC1 20000 
310620005630025 SHC1 20000 
310620005630026 SHC1 20000 
310620005630027 SHC1 20000 
310620005630028 SHC1 20000 
310620005630029 SHC1 20000 
310620005630030 SHC1 20000 
310620005630031 SHC1 20000 
310620005630032 SHC1 20000 
310620005630033 SHC1 20000 
310620005630034 SHC1 20000 
310620005630035 SHC1 20000 
310620005630036 SHC1 20000 
310620005630038 SHC1 20000 
310620005630039 SHC1 20000 
310620005630040 SHC1 20000 
310620005630041 SHC1 20000 
310620005630042 SHC1 20000 
310620005630043 SHC1 20000 
310620005630044 SHC1 20000 
310620005630045 SHC1 20000 
310620005630046 SHC1 20000 
310620005630047 SHC1 20000 
310620005630048 SHC1 20000 
310620005630049 SHC1 20000 
310620005630050 SHC1 20000 
310620005630051 SHC1 20000 
310620005630052 SHC1 20000 
310620005630053 SHC1 20000 
310620005630054 SHC1 20000 
310620005630056 SHC1 20000 
310620005630058 SHC1 20000 
310620005630059 SHC1 20000 
310620005630060 SHC1 20000 
310620005630061 SHC1 20000 
310620005630062 SHC1 20000 
310620005630064 SHC1 20000 
310620005630065 SHC1 20000 
310620005630066 SHC1 20000 
310620005630068 SHC1 20000 
310620005630069 SHC1 20000 
310620005630070 SHC1 20000 
310620005630073 SHC1 20000 
310620005630074 SHC1 20000 
310620005630075 SHC1 20000 
310620005630076 SHC1 20000 
310620005630079 SHC1 20000 
310620005630081 SHC1 20000 
310620005630082 SHC1 20000 
310620005630083 SHC1 20000 
310620005630084 SHC1 20000 
310620005630085 SHC1 20000 
310620005630086 SHC1 20000 
310620005630087 SHC1 20000 
310620005630088 SHC1 20000 
310620005630089 SHC1 20000 
310620005630090 SHC1 20000 
310620005630091 SHC1 20000 
310620005630092 SHC1 20000 
310620005630093 SHC1 20000 
310620005630094 SHC1 20000 
310620005630095 SHC1 20000 
310620005630096 SHC1 20000 
310620005630097 SHC1 20000 
310620005630098 SHC1 20000 
310620005630099 SHC1 20000 
310620005630100 SHC1 20000 
310620005630101 SHC1 20000 
310620005630102 SHC1 20000 
310620005630103 SHC1 20000 
310620005630104 SHC1 20000 
310620005630105 SHC1 20000 
310620005630106 SHC1 20000 
310620005630107 SHC1 20000 
310620005630108 SHC1 20000 
310620005630110 SHC1 20000 
310620005630112 SHC1 20000 
310620005630113 SHC1 20000 
310620005630114 SHC1 20000 
310620005630115 SHC1 20000 
310620005630116 SHC1 20000 
310620005630117 SHC1 20000 
310620005630118 SHC1 20000 
310620005630119 SHC1 20000 
310620005630120 SHC1 20000 
310620005630121 SHC1 20000 
310620005630122 SHC1 20000 
310620005630123 SHC1 20000 
310620005630125 SHC1 20000 
310620005630126 SHC1 20000 
310620005630127 SHC1 20000 
310620005630128 SHC1 20000 
310620005630129 SHC1 20000 
310620005630130 SHC1 20000 
310620005630131 SHC1 20000 
310620005630132 SHC1 20000 
310620005630133 SHC1 20000 
310620005630134 SHC1 20000 
310620005630136 SHC1 20000 
310620005630137 SHC1 20000 
310620005630138 SHC1 20000 
310620005630139 SHC1 20000 
310620005630142 SHC1 20000 
310620005630143 SHC1 20000 
310620005630145 SHC1 20000 
310620005630146 SHC1 20000 
310620005630147 SHC1 20000 
310620005630148 SHC1 20000 
310620005630149 SHC1 20000 
310620005630150 SHC1 20000 
310620005630151 SHC1 20000 
310620005630152 SHC1 20000 
310620005630153 SHC1 20000 
310620005630154 SHC1 20000 
310620005630155 SHC1 20000 
310620005630156 SHC1 20000 
310620005630157 SHC1 20000 
310620005630158 SHC1 20000 
310620005630159 SHC1 20000 
310620005630160 SHC1 20000 
310620005630162 SHC1 20000 
310620005630163 SHC1 20000 
310620005630164 SHC1 20000 
310620005630165 SHC1 20000 
310620005630166 SHC1 20000 
310620005630167 SHC1 20000 
310620005630168 SHC1 20000 
310620005630169 SHC1 20000 
310620005630170 SHC1 20000 
310620005630171 SHC1 20000 
310620005630172 SHC1 20000 
310620005630173 SHC1 20000 
310620005630175 SHC1 20000 
310620005630176 SHC1 20000 
310620005630177 SHC1 20000 
310620005630178 SHC1 20000 
310620005630180 SHC1 20000 
310620005630181 SHC1 20000 
310620005630182 SHC1 20000 
310620005630183 SHC1 20000 
310620005630184 SHC1 20000 
310620005630185 SHC1 20000 
310620005630186 SHC1 20000 
310620005630187 SHC1 20000 
310620005630189 SHC1 20000 
310620005630190 SHC1 20000 
310620005630191 SHC1 20000 
310620005630192 SHC1 20000 
310620005630196 SHC1 20000 
310620005630197 SHC1 20000 
310620005630198 SHC1 20000 
310620005630199 SHC1 20000 
310620005630200 SHC1 20000 
310620005630202 SHC1 20000 
310620005630203 SHC1 20000 
310620005630205 SHC1 20000 
310620005630206 SHC1 20000 
310620005630207 SHC1 20000 
310620005630211 SHC1 20000 
310620005630213 SHC1 20000 
310620005630214 SHC1 20000 
310620005630216 SHC1 20000 
310620005630217 SHC1 20000 
310620005630219 SHC1 20000 
310620005630220 SHC1 20000 
310620005630221 SHC1 20000 
310620005630222 SHC1 20000 
310620005630223 SHC1 20000 
310620005630224 SHC1 20000 
310620005630225 SHC1 20000 
310620005630226 SHC1 20000 
310620005630227 SHC1 20000 
310620005630228 SHC1 20000 
310620005630229 SHC1 20000 
310620005630230 SHC1 20000 
310620005630231 SHC1 20000 
310620005630233 SHC1 20000 
310620005630234 SHC1 20000 
310620005630238 SHC1 20000 
310620005630239 SHC1 20000 
310620005630241 SHC1 20000 
310620005630242 SHC1 20000 
310620005630243 SHC1 20000 
310620005630244 SHC1 20000 
310620005630245 SHC1 20000 
310620005630246 SHC1 20000 
310620005630247 SHC1 20000 
310620005630249 SHC1 20000 
310620005630250 SHC1 20000 
310620005630251 SHC1 20000 
310620005630253 SHC1 20000 
310620005630256 SHC1 20000 
310620005630260 SHC1 20000 
310620005630261 SHC1 20000 
310620005630262 SHC1 20000 
310620005630263 SHC1 20000 
310620005630264 SHC1 20000 
310620005630265 SHC1 20000 
310620005630266 SHC1 20000 
310620005630269 SHC1 20000 
310620005630270 SHC1 20000 
310620005630271 SHC1 20000 
310620005630273 SHC1 20000 
310620005630275 SHC1 20000 
310620005630276 SHC1 20000 
310620005630277 SHC1 20000 
310620005630278 SHC1 20000 
310620005630279 SHC1 20000 
310620005630280 SHC1 20000 
310620005630281 SHC1 20000 
310620005630282 SHC1 20000 
310620005630283 SHC1 20000 
310620005630284 SHC1 20000 
310620005630285 SHC1 20000 
310620005630286 SHC1 20000 
310620005630287 SHC1 20000 
310620005630288 SHC1 20000 
310620005630289 SHC1 20000 
310620005630290 SHC1 20000 
310620005630291 SHC1 20000 
310620005630292 SHC1 20000 
310620005630293 SHC1 20000 
310620005630294 SHC1 20000 
310620005630295 SHC1 20000 
310620005630296 SHC1 20000 
310620005630297 SHC1 20000 
310620005630298 SHC1 20000 
310620005630300 SHC1 20000 
310620005630301 SHC1 20000 
310620005630302 SHC1 20000 
310620005630303 SHC1 20000 
310620005630304 SHC1 20000 
310620005630305 SHC1 20000 
310620005630306 SHC1 20000 
310620005630307 SHC1 20000 
310620005630308 SHC1 20000 
310620005630309 SHC1 20000 
310620005630310 SHC1 20000 
310620005630311 SHC1 20000 
310620005630312 SHC1 20000 
310620005630314 SHC1 20000 
310620005630316 SHC1 20000 
310620005630317 SHC1 20000 
310620005630318 SHC1 20000 
310620005630321 SHC1 20000 
310620005630322 SHC1 20000 
310620005630323 SHC1 20000 
310620005630324 SHC1 20000 
310620005630325 SHC1 20000 
310620005630326 SHC1 20000 
310620005630328 SHC1 20000 
310620005630329 SHC1 20000 
310620005630332 SHC1 20000 
310620005630334 SHC1 20000 
310620005630335 SHC1 20000 
310620005630336 SHC1 20000 
310620005630337 SHC1 20000 
310620005630338 SHC1 20000 
310620005630339 SHC1 20000 
310620005630340 SHC1 20000 
310620005630341 SHC1 20000 
310620005630344 SHC1 20000 
310620005630345 SHC1 20000 
310620005630346 SHC1 20000 
310620005630347 SHC1 20000 
310620005630348 SHC1 20000 
310620005630349 SHC1 20000 
310620005630350 SHC1 20000 
310620005630351 SHC1 20000 
310620005630352 SHC1 20000 
310620005630353 SHC1 20000 
310620005630354 SHC1 20000 
310620005630356 SHC1 20000 
310620005630357 SHC1 20000 
310620005630358 SHC1 20000 
310620005630360 SHC1 20000 
310620005630361 SHC1 20000 
310620005630362 SHC1 20000 
310620005630363 SHC1 20000 
310620005630364 SHC1 20000 
310620005630365 SHC1 20000 
310620005630366 SHC1 20000 
310620005630367 SHC1 20000 
310620005630368 SHC1 20000 
310620005630369 SHC1 20000 
310620005630371 SHC1 20000 
310620005630372 SHC1 20000 
310620005630373 SHC1 20000 
310620005630374 SHC1 20000 
310620005630375 SHC1 20000 
310620005630376 SHC1 20000 
310620005630377 SHC1 20000 
310620005630378 SHC1 20000 
310620005630379 SHC1 20000 
310620005630380 SHC1 20000 
310620005630381 SHC1 20000 
310620005630382 SHC1 20000 
310620005630386 SHC1 20000 
310620005630387 SHC1 20000 
310620005630388 SHC1 20000 
310620005630389 SHC1 20000 
310620005630391 SHC1 20000 
310620005630392 SHC1 20000 
310620005630395 SHC1 20000 
310620005630396 SHC1 20000 
310620005630398 SHC1 20000 
310620005630399 SHC1 20000 
310620005630400 SHC1 20000 
310620005630411 SHC1 20000 
310620005630412 SHC1 20000 
310620005630413 SHC1 20000 
310620005630414 SHC1 20000 
310620005630415 SHC1 20000 
310620005630416 SHC1 20000 
310620005630417 SHC1 20000 
310620005630418 SHC1 20000 
310620005630420 SHC1 20000 
310620005630421 SHC1 20000 
310620005630422 SHC1 20000 
310620005630423 SHC1 20000 
310620005630424 SHC1 20000 
310620005630425 SHC1 20000 
310620005630426 SHC1 20000 
310620005630427 SHC1 20000 
310620005630428 SHC1 20000 
310620005630429 SHC1 20000 
310620005630430 SHC1 20000 
310620005630431 SHC1 20000 
310620005630432 SHC1 20000 
310620005630433 SHC1 20000 
310620005630434 SHC1 20000 
310620005630435 SHC1 20000 
310620005630436 SHC1 20000 
310620005630437 SHC1 20000 
310620005630438 SHC1 20000 
310620005630439 SHC1 20000 
310620005630440 SHC1 20000 
310620005630441 SHC1 20000 
310620005630442 SHC1 20000 
310620005630443 SHC1 20000 
310620005630444 SHC1 20000 
310620005630445 SHC1 20000 
310620005630446 SHC1 20000 
310620005630447 SHC1 20000 
310620005630448 SHC1 20000 
310620005630449 SHC1 20000 
310620005630450 SHC1 20000 
310620005630451 SHC1 20000 
310620005630452 SHC1 20000 
310620005630453 SHC1 20000 
310620005630454 SHC1 20000 
310620005630455 SHC1 20000 
310620005630456 SHC1 20000 
310620005630457 SHC1 20000 
310620005630458 SHC1 20000 
310620005630459 SHC1 20000 
310620005630460 SHC1 20000 
310620005630461 SHC1 20000 
310620005630462 SHC1 20000 
310620005630463 SHC1 20000 
310620005630464 SHC1 20000 
310620005630465 SHC1 20000 
310620005630466 SHC1 20000 
310620005630467 SHC1 20000 
310620005630468 SHC1 20000 
310620005630469 SHC1 20000 
310620005630470 SHC1 20000 
310620005630471 SHC1 20000 
310620005630472 SHC1 20000 
310620005630473 SHC1 20000 
310620005630474 SHC1 20000 
310620005630475 SHC1 20000 
310620005630476 SHC1 20000 
310620005630477 SHC1 20000 
310620005630478 SHC1 20000 
310620005630483 SHC1 20000 
310620005630485 SHC1 20000 
310620005630486 SHC1 20000 
310620005630487 SHC1 20000 
310620005630488 SHC1 20000 
310620005630489 SHC1 20000 
310620005630490 SHC1 20000 
310620005630491 SHC1 20000 
310620005630492 SHC1 20000 
310620005630493 SHC1 20000 
310620005630494 SHC1 20000 
310620005630496 SHC1 20000 
310620005630497 SHC1 20000 
310620005630498 SHC1 20000 
310620005630499 SHC1 20000 
310620005630500 SHC1 20000 
310620005630501 SHC1 20000 
310620005630502 SHC1 20000 
310620005630503 SHC1 20000 
310620005630504 SHC1 20000 
310620005630505 SHC1 20000 
310620005630507 SHC1 20000 
310620005630508 SHC1 20000 
310620005630509 SHC1 20000 
310620005630510 SHC1 20000 
310620005630511 SHC1 20000 
310620005630512 SHC1 20000 
310620005630513 SHC1 20000 
310620005630514 SHC1 20000 
310620005630515 SHC1 20000 
310620005630516 SHC1 20000 
310620005630517 SHC1 20000 
310620005630518 SHC1 20000 
310620005630519 SHC1 20000 
310620005630520 SHC1 20000 
310620005630521 SHC1 20000 
310620005630522 SHC1 20000 
310620005630523 SHC1 20000 
310620005630524 SHC1 20000 
310620005630525 SHC1 20000 
310620005630526 SHC1 20000 
310620005630527 SHC1 20000 
310620005630528 SHC1 20000 
310620005630529 SHC1 20000 
310620005630530 SHC1 20000 
310620005630531 SHC1 20000 
310620005630532 SHC1 20000 
310620005630533 SHC1 20000 
310620005630534 SHC1 20000 
310620005630535 SHC1 20000 
310620005630536 SHC1 20000 
310620005630537 SHC1 20000 
310620005630538 SHC1 20000 
310620005630539 SHC1 20000 
310620005630540 SHC1 20000 
310620005630541 SHC1 20000 
310620005630542 SHC1 20000 
310620005630543 SHC1 20000 
310620005630544 SHC1 20000 
310620005630545 SHC1 20000 
310620005630546 SHC1 20000 
310620005630547 SHC1 20000 
310620005630548 SHC1 20000 
310620005630549 SHC1 20000 
310620005630550 SHC1 20000 
310620005630551 SHC1 20000 
310620005630552 SHC1 20000 
310620005630553 SHC1 20000 
310620005630554 SHC1 20000 
310620005630555 SHC1 20000 
310620005630556 SHC1 20000 
310620005630557 SHC1 20000 
310620005630558 SHC1 20000 
310620005630559 SHC1 20000 
310620005630560 SHC1 20000 
310620005630561 SHC1 20000 
310620005630562 SHC1 20000 
310620005630563 SHC1 20000 
310620005630564 SHC1 20000 
310620005630565 SHC1 20000 
310620005630566 SHC1 20000 
310620005630567 SHC1 20000 
310620005630568 SHC1 20000 
310620005630569 SHC1 20000 
310620005630570 SHC1 20000 
310620005630571 SHC1 20000 
310620005630572 SHC1 20000 
310620005630573 SHC1 20000 
310620005630574 SHC1 20000 
310620005630575 SHC1 20000 
310620005630576 SHC1 20000 
310620005630577 SHC1 20000 
310620005630578 SHC1 20000 
310620005630579 SHC1 20000 
310620005630580 SHC1 20000 
310620005630581 SHC1 20000 
310620005630582 SHC1 20000 
310620005630583 SHC1 20000 
310620005630584 SHC1 20000 
310620005630585 SHC1 20000 
310620005630586 SHC1 20000 
310620005630587 SHC1 20000 
310620005630588 SHC1 20000 
310620005630589 SHC1 20000 
310620005630590 SHC1 20000 
310620005630591 SHC1 20000 
310620005630592 SHC1 20000 
310620005630593 SHC1 20000 
310620005630594 SHC1 20000 
310620005640001 SHC1 20000 
310620005640002 SHC1 20000 
310620005640003 SHC1 20000 
310620005640004 SHC1 20000 
310620005640005 SHC1 20000 
310620005640006 SHC1 20000 
310620005640007 SHC1 20000 
310620005640008 SHC1 20000 
310620005640009 SHC1 20000 
310620005640010 SHC1 20000 
310620005640011 SHC1 20000 
310620005640012 SHC1 20000 
310620005640013 SHC1 20000 
310620005640014 SHC1 20000 
310620005640015 SHC1 20000 
310620005640016 SHC1 20000 
310620005640017 SHC1 20000 
310620005640018 SHC1 20000 
310620005640019 SHC1 20000 
310620005640020 SHC1 20000 
310620005640021 SHC1 20000 
310620005640022 SHC1 20000 
310620005640023 SHC1 20000 
310620005640024 SHC1 20000 
310620005640025 SHC1 20000 
310620005640026 SHC1 20000 
310620005640027 SHC1 20000 
310620005640028 SHC1 20000 
310620005640029 SHC1 20000 
310620005640031 SHC1 20000 
310620005640032 SHC1 20000 
310620005640033 SHC1 20000 
310620005640034 SHC1 20000 
310620005640035 SHC1 20000 
310620005640036 SHC1 20000 
310620005640037 SHC1 20000 
310620005640038 SHC1 20000 
310620005640039 SHC1 20000 
310620005640040 SHC1 20000 
310620005640041 SHC1 20000 
310620005640042 SHC1 20000 
310620005640043 SHC1 20000 
310620005640044 SHC1 20000 
310620005640045 SHC1 20000 
310620005640046 SHC1 20000 
310620005640047 SHC1 20000 
310620005640048 SHC1 20000 
310620005640049 SHC1 20000 
310620005640050 SHC1 20000 
310620005640051 SHC1 20000 
310620005640052 SHC1 20000 
310620005640053 SHC1 20000 
310620005640054 SHC1 20000 
310620005640055 SHC1 20000 
310620005640056 SHC1 20000 
310620005640057 SHC1 20000 
310620005640058 SHC1 20000 
310620005640059 SHC1 20000 
310620005640060 SHC1 20000 
310620005640061 SHC1 20000 
310620005640062 SHC1 20000 
310620005640063 SHC1 20000 
310620005640064 SHC1 20000 
310620005640065 SHC1 20000 
310620005640066 SHC1 20000 
310620005640067 SHC1 20000 
310620005640068 SHC1 20000 
310620005640069 SHC1 20000 
310620005640070 SHC1 20000 
310620005640071 SHC1 20000 
310620005640072 SHC1 20000 
310620005640073 SHC1 20000 
310620005640074 SHC1 20000 
310620005640075 SHC1 20000 
310620005640076 SHC1 20000 
310620005640077 SHC1 20000 
310620005640078 SHC1 20000 
310620005640079 SHC1 20000 
310620005640080 SHC1 20000 
310620005640081 SHC1 20000 
310620005640082 SHC1 20000 
310620005640083 SHC1 20000 
310620005640084 SHC1 20000 
310620005640085 SHC1 20000 
310620005640086 SHC1 20000 
310620005640087 SHC1 20000 
310620005640088 SHC1 20000 
310620005640089 SHC1 20000 
310620005640090 SHC1 20000 
310620005640091 SHC1 20000 
310620005640092 SHC1 20000 
310620005640093 SHC1 20000 
310620005640094 SHC1 20000 
310620005640095 SHC1 20000 
310620005640096 SHC1 20000 
310620005640098 SHC1 20000 
310620005640099 SHC1 20000 
310620005640100 SHC1 20000 
310620005640101 SHC1 20000 
310620005640102 SHC1 20000 
310620005640103 SHC1 20000 
310620005640104 SHC1 20000 
310620005640105 SHC1 20000 
310620005640106 SHC1 20000 
310620005640107 SHC1 20000 
310620005640108 SHC1 20000 
310620005640110 SHC1 20000 
310620005640111 SHC1 20000 
310620005640112 SHC1 20000 
310620005640113 SHC1 20000 
310620005640114 SHC1 20000 
310620005640115 SHC1 20000 
310620005640116 SHC1 20000 
310620005640117 SHC1 20000 
310620005640118 SHC1 20000 
310620005640120 SHC1 20000 
310620005640121 SHC1 20000 
310620005640122 SHC1 20000 
310620005640123 SHC1 20000 
310620005640124 SHC1 20000 
310620005640125 SHC1 20000 
310620005640126 SHC1 20000 
310620005640127 SHC1 20000 
310620005640128 SHC1 20000 
310620005640129 SHC1 20000 
310620005640130 SHC1 20000 
310620005640131 SHC1 20000 
310620005640133 SHC1 20000 
310620005640134 SHC1 20000 
310620005640135 SHC1 20000 
310620005640136 SHC1 20000 
310620005640137 SHC1 20000 
310620005640138 SHC1 20000 
310620005640139 SHC1 20000 
310620005640140 SHC1 20000 
310620005640141 SHC1 20000 
310620005640143 SHC1 20000 
310620005640146 SHC1 20000 
310620005640147 SHC1 20000 
310620005640148 SHC1 20000 
310620005640150 SHC1 20000 
310620005640151 SHC1 20000 
310620005640152 SHC1 20000 
310620005640153 SHC1 20000 
310620005640155 SHC1 20000 
310620005640156 SHC1 20000 
310620005640158 SHC1 20000 
310620005640159 SHC1 20000 
310620005640160 SHC1 20000 
310620005640161 SHC1 20000 
310620005640162 SHC1 20000 
310620005640163 SHC1 20000 
310620005640164 SHC1 20000 
310620005640165 SHC1 20000 
310620005640166 SHC1 20000 
310620005640167 SHC1 20000 
310620005640168 SHC1 20000 
310620005640169 SHC1 20000 
310620005640170 SHC1 20000 
310620005640171 SHC1 20000 
310620005640172 SHC1 20000 
310620005640173 SHC1 20000 
310620005640174 SHC1 20000 
310620005640175 SHC1 20000 
310620005640176 SHC1 20000 
310620005640177 SHC1 20000 
310620005640178 SHC1 20000 
310620005640179 SHC1 20000 
310620005640180 SHC1 20000 
310620005640181 SHC1 20000 
310620005640182 SHC1 20000 
310620005640183 SHC1 20000 
310620005640184 SHC1 20000 
310620005640185 SHC1 20000 
310620005640186 SHC1 20000 
310620005640187 SHC1 20000 
310620005640188 SHC1 20000 
310620005640189 SHC1 20000 
310620005640191 SHC1 20000 
310620005640192 SHC1 20000 
310620005640193 SHC1 20000 
310620005640194 SHC1 20000 
310620005640195 SHC1 20000 
310620005640196 SHC1 20000 
310620005640197 SHC1 20000 
310620005640198 SHC1 20000 
310620005640199 SHC1 20000 
310620005640200 SHC1 20000 
310620005640201 SHC1 20000 
310620005640202 SHC1 20000 
310620005640204 SHC1 20000 
310620005640205 SHC1 20000 
310620005640206 SHC1 20000 
310620005640207 SHC1 20000 
310620005640208 SHC1 20000 
310620005640209 SHC1 20000 
310620005640210 SHC1 20000 
310620005640211 SHC1 20000 
310620005640212 SHC1 20000 
310620005640214 SHC1 20000 
310620005640215 SHC1 20000 
310620005640217 SHC1 20000 
310620005640218 SHC1 20000 
310620005640219 SHC1 20000 
310620005640220 SHC1 20000 
310620005640221 SHC1 20000 
310620005640222 SHC1 20000 
310620005640223 SHC1 20000 
310620005640224 SHC1 20000 
310620005640226 SHC1 20000 
310620005640227 SHC1 20000 
310620005640229 SHC1 20000 
310620005640230 SHC1 20000 
310620005640231 SHC1 20000 
310620005640232 SHC1 20000 
310620005640233 SHC1 20000 
310620005640234 SHC1 20000 
310620005640235 SHC1 20000 
310620005640236 SHC1 20000 
310620005640237 SHC1 20000 
310620005640238 SHC1 20000 
310620005640239 SHC1 20000 
310620005640240 SHC1 20000 
310620005640241 SHC1 20000 
310620005640242 SHC1 20000 
310620005640243 SHC1 20000 
310620005640244 SHC1 20000 
310620005640245 SHC1 20000 
310620005640246 SHC1 20000 
310620005640247 SHC1 20000 
310620005640248 SHC1 20000 
310620005640249 SHC1 20000 
310620005640250 SHC1 20000 
310620005640251 SHC1 20000 
310620005640252 SHC1 20000 
310620005640253 SHC1 20000 
310620005640254 SHC1 20000 
310620005640255 SHC1 20000 
310620005640256 SHC1 20000 
310620005640257 SHC1 20000 
310620005640258 SHC1 20000 
310620005640259 SHC1 20000 
310620005640260 SHC1 20000 
310620005640261 SHC1 20000 
310620005640262 SHC1 20000 
310620005640263 SHC1 20000 
310620005640264 SHC1 20000 
310620005640265 SHC1 20000 
310620005640266 SHC1 20000 
310620005640267 SHC1 20000 
310620005640268 SHC1 20000 
310620005640269 SHC1 20000 
310620005640270 SHC1 20000 
310620005640271 SHC1 20000 
310620005640272 SHC1 20000 
310620005640273 SHC1 20000 
310620005640274 SHC1 20000 
310620005640275 SHC1 20000 
310620005640276 SHC1 20000 
310620005640277 SHC1 20000 
310620005640278 SHC1 20000 
310620005640279 SHC1 20000 
310620005640280 SHC1 20000 
310620005640281 SHC1 20000 
310620005640282 SHC1 20000 
310620005640283 SHC1 20000 
310620005640284 SHC1 20000 
310620005640285 SHC1 20000 
310620005640286 SHC1 20000 
310620005640287 SHC1 20000 
310620005640288 SHC1 20000 
310620005640289 SHC1 20000 
310620005640290 SHC1 20000 
310620005640291 SHC1 20000 
310620005650001 SHC1 20000 
310620005650002 SHC1 20000 
310620005650003 SHC1 20000 
310620005650004 SHC1 20000 
310620005650005 SHC1 20000 
310620005650006 SHC1 20000 
310620005650007 SHC1 20000 
310620005650008 SHC1 20000 
310620005650009 SHC1 20000 
310620005650010 SHC1 20000 
310620005650011 SHC1 20000 
310620005650012 SHC1 20000 
310620005650013 SHC1 20000 
310620005650014 SHC1 20000 
310620005650016 SHC1 20000 
310620005650017 SHC1 20000 
310620005650018 SHC1 20000 
310620005650019 SHC1 20000 
310620005650020 SHC1 20000 
310620005650021 SHC1 20000 
310620005650022 SHC1 20000 
310620005650023 SHC1 20000 
310620005650024 SHC1 20000 
310620005650027 SHC1 20000 
310620005650029 SHC1 20000 
310620005650030 SHC1 20000 
310620005650031 SHC1 20000 
310620005650032 SHC1 20000 
310620005650033 SHC1 20000 
310620005650034 SHC1 20000 
310620005650035 SHC1 20000 
310620005650036 SHC1 20000 
310620005650038 SHC1 20000 
310620005650039 SHC1 20000 
310620005650040 SHC1 20000 
310620005650041 SHC1 20000 
310620005650042 SHC1 20000 
310620005650043 SHC1 20000 
310620005650044 SHC1 20000 
310620005650045 SHC1 20000 
310620005650046 SHC1 20000 
310620005650053 SHC1 20000 
310620005650055 SHC1 20000 
310620005650056 SHC1 20000 
310620005650057 SHC1 20000 
310620005650058 SHC1 20000 
310620005650059 SHC1 20000 
310620005650060 SHC1 20000 
310620005650061 SHC1 20000 
310620005650062 SHC1 20000 
310620005650063 SHC1 20000 
310620005650064 SHC1 20000 
310620005650065 SHC1 20000 
310620005650066 SHC1 20000 
310620005650067 SHC1 20000 
310620005650068 SHC1 20000 
310620005650069 SHC1 20000 
310620005650070 SHC1 20000 
310620005650071 SHC1 20000 
310620005650072 SHC1 20000 
310620005650073 SHC1 20000 
310620005650074 SHC1 20000 
310620005650075 SHC1 20000 
310620005650076 SHC1 20000 
310620005650077 SHC1 20000 
310620005650078 SHC1 20000 
310620005650079 SHC1 20000 
310620005650082 SHC1 20000 
310620005650083 SHC1 20000 
310620005650084 SHC1 20000 
310620005650085 SHC1 20000 
310620005650086 SHC1 20000 
310620005650087 SHC1 20000 
310620005650088 SHC1 20000 
310620005650089 SHC1 20000 
310620005650090 SHC1 20000 
310620005650091 SHC1 20000 
310620005650092 SHC1 20000 
310620005650093 SHC1 20000 
310620005650094 SHC1 20000 
310620005650095 SHC1 20000 
310620005650096 SHC1 20000 
310620005650097 SHC1 20000 
310620005650098 SHC1 20000 
310620005650099 SHC1 20000 
310620005650101 SHC1 20000 
310620005650102 SHC1 20000 
310620005650103 SHC1 20000 
310620005650104 SHC1 20000 
310620005650106 SHC1 20000 
310620005650107 SHC1 20000 
310620005650108 SHC1 20000 
310620005650109 SHC1 20000 
310620005650110 SHC1 20000 
310620005650114 SHC1 20000 
310620005650115 SHC1 20000 
310620005650116 SHC1 20000 
310620005650117 SHC1 20000 
310620005650118 SHC1 20000 
310620005650119 SHC1 20000 
310620005650120 SHC1 20000 
310620005650121 SHC1 20000 
310620005650123 SHC1 20000 
310620005650124 SHC1 20000 
310620005650125 SHC1 20000 
310620005650126 SHC1 20000 
310620005650127 SHC1 20000 
310620005650129 SHC1 20000 
310620005650130 SHC1 20000 
310620005650135 SHC1 20000 
310620005650136 SHC1 20000 
310620005650138 SHC1 20000 
310620005650139 SHC1 20000 
310620005650141 SHC1 20000 
310620005650142 SHC1 20000 
310620005650143 SHC1 20000 
310620005650145 SHC1 20000 
310620005650146 SHC1 20000 
310620005650147 SHC1 20000 
310620005650148 SHC1 20000 
310620005650150 SHC1 20000 
310620005650151 SHC1 20000 
310620005650152 SHC1 20000 
310620005650155 SHC1 20000 
310620005650156 SHC1 20000 
310620005650157 SHC1 20000 
310620005650158 SHC1 20000 
310620005650159 SHC1 20000 
310620005650160 SHC1 20000 
310620005650161 SHC1 20000 
310620005650162 SHC1 20000 
310620005650163 SHC1 20000 
310620005650164 SHC1 20000 
310620005650165 SHC1 20000 
310620005650166 SHC1 20000 
310620005650167 SHC1 20000 
310620005650168 SHC1 20000 
310620005650169 SHC1 20000 
310620005650170 SHC1 20000 
310620005650171 SHC1 20000 
310620005650172 SHC1 20000 
310620005650173 SHC1 20000 
310620005650174 SHC1 20000 
310620005650175 SHC1 20000 
310620005650176 SHC1 20000 
310620005650177 SHC1 20000 
310620005650178 SHC1 20000 
310620005650180 SHC1 20000 
310620005650181 SHC1 20000 
310620005650182 SHC1 20000 
310620005650183 SHC1 20000 
310620005650184 SHC1 20000 
310620005650206 SHC1 20000 
310620005650208 SHC1 20000 
310620005650209 SHC1 20000 
310620005650211 SHC1 20000 
310620005650212 SHC1 20000 
310620005650213 SHC1 20000 
310620005650214 SHC1 20000 
310620005650215 SHC1 20000 
310620005650217 SHC1 20000 
310620005650218 SHC1 20000 
310620005650219 SHC1 20000 
310620005650220 SHC1 20000 
310620005650221 SHC1 20000 
310620005650222 SHC1 20000 
310620005650223 SHC1 20000 
310620005650224 SHC1 20000 
310620005650225 SHC1 20000 
310620005650226 SHC1 20000 
310620005650227 SHC1 20000 
310620005650230 SHC1 20000 
310620005650231 SHC1 20000 
310620005650232 SHC1 20000 
310620005650233 SHC1 20000 
310620005650234 SHC1 20000 
310620005650235 SHC1 20000 
310620005650236 SHC1 20000 
310620005650237 SHC1 20000 
310620005650238 SHC1 20000 
310620005650239 SHC1 20000 
310620005650241 SHC1 20000 
310620005650243 SHC1 20000 
310620005650244 SHC1 20000 
310620005650246 SHC1 20000 
310620005650248 SHC1 20000 
310620005650249 SHC1 20000 
310620005650251 SHC1 20000 
310620005650252 SHC1 20000 
310620005650253 SHC1 20000 
310620005650254 SHC1 20000 
310620005650255 SHC1 20000 
310620005650257 SHC1 20000 
310620005650259 SHC1 20000 
310620005650260 SHC1 20000 
310620005650263 SHC1 20000 
310620005650268 SHC1 20000 
310620005650291 SHC1 20000 
310620005650292 SHC1 20000 
310620005650312 SHC1 20000 
310620005650315 SHC1 20000 
310620005650316 SHC1 20000 
310620005650317 SHC1 20000 
310620005650318 SHC1 20000 
310620005650320 SHC1 20000 
310620005650321 SHC1 20000 
310620005650322 SHC1 20000 
310620005650324 SHC1 20000 
310620005650325 SHC1 20000 
310620005650326 SHC1 20000 
310620005650327 SHC1 20000 
310620005650328 SHC1 20000 
310620005650329 SHC1 20000 
310620005650330 SHC1 20000 
310620005650331 SHC1 20000 
310620005650332 SHC1 20000 
310620005650333 SHC1 20000 
310620005650334 SHC1 20000 
310620005650335 SHC1 20000 
310620005650336 SHC1 20000 
310620005650337 SHC1 20000 
310620005650338 SHC1 20000 
310620005650339 SHC1 20000 
310620005650340 SHC1 20000 
310620005650341 SHC1 20000 
310620005650342 SHC1 20000 
310620005650343 SHC1 20000 
310620005650344 SHC1 20000 
310620005650345 SHC1 20000 
310620005650346 SHC1 20000 
310620005650347 SHC1 20000 
310620005650348 SHC1 20000 
310620005650349 SHC1 20000 
310620005650350 SHC1 20000 
310620005650351 SHC1 20000 
310620005650352 SHC1 20000 
310620005650353 SHC1 20000 
310620005650354 SHC1 20000 
310620005650355 SHC1 20000 
310620005650356 SHC1 20000 
310620005650357 SHC1 20000 
310620005650358 SHC1 20000 
310620005650359 SHC1 20000 
310620005650360 SHC1 20000 
310620005650361 SHC1 20000 
310620005650362 SHC1 20000 
310620005650363 SHC1 20000 
310620005650364 SHC1 20000 
310620005650365 SHC1 20000 
310620005650366 SHC1 20000 
310620005650367 SHC1 20000 
310620005650368 SHC1 20000 
310620005650369 SHC1 20000 
310620005650370 SHC1 20000 
310620005650371 SHC1 20000 
310620005650372 SHC1 20000 
310620005650373 SHC1 20000 
310620005650374 SHC1 20000 
310620005650375 SHC1 20000 
310620005650376 SHC1 20000 
310620005650377 SHC1 20000 
310620005650378 SHC1 20000 
310620005650379 SHC1 20000 
310620005650380 SHC1 20000 
310620005650381 SHC1 20000 
310620005650382 SHC1 20000 
310620005650383 SHC1 20000 
310620005650384 SHC1 20000 
310620005650385 SHC1 20000 
310620005650386 SHC1 20000 
310620005650387 SHC1 20000 
310620005650388 SHC1 20000 
310620005650390 SHC1 20000 
310620005650391 SHC1 20000 
310620005650392 SHC1 20000 
310620005650394 SHC1 20000 
310620005650395 SHC1 20000 
310620005650396 SHC1 20000 
310620005650397 SHC1 20000 
310620005650398 SHC1 20000 
310620005650399 SHC1 20000 
310620005650400 SHC1 20000 
310620005650401 SHC1 20000 
310620005650402 SHC1 20000 
310620005650403 SHC1 20000 
310620005650404 SHC1 20000 
310620005650405 SHC1 20000 
310620005650406 SHC1 20000 
310620005650407 SHC1 20000 
310620005650408 SHC1 20000 
310620005650409 SHC1 20000 
310620005650410 SHC1 20000 
310620005650412 SHC1 20000 
310620005650413 SHC1 20000 
310620005650414 SHC1 20000 
310620005650416 SHC1 20000 
310620005650419 SHC1 20000 
310620005650420 SHC1 20000 
310620005650421 SHC1 20000 
310620005650422 SHC1 20000 
310620005650423 SHC1 20000 
310620005650424 SHC1 20000 
310620005650425 SHC1 20000 
310620005650426 SHC1 20000 
310620005650427 SHC1 20000 
310620005650428 SHC1 20000 
310620005650429 SHC1 20000 
310620005650430 SHC1 20000 
310620005650431 SHC1 20000 
310620005650432 SHC1 20000 
310620005650436 SHC1 20000 
310620005650437 SHC1 20000 
310620005650438 SHC1 20000 
310620005650439 SHC1 20000 
310620005650440 SHC1 20000 
310620005650441 SHC1 20000 
310620005650442 SHC1 20000 
310620005650443 SHC1 20000 
310620005650444 SHC1 20000 
310620005650445 SHC1 20000 
310620005650446 SHC1 20000 
310620005650447 SHC1 20000 
310620005650448 SHC1 20000 
310620005650449 SHC1 20000 
310620005650450 SHC1 20000 
310620005650451 SHC1 20000 
310620005650453 SHC1 20000 
310620005650454 SHC1 20000 
310620005650455 SHC1 20000 
310620005650456 SHC1 20000 
310620005650457 SHC1 20000 
310620005650458 SHC1 20000 
310620005650459 SHC1 20000 
310620005650460 SHC1 20000 
310620005650462 SHC1 20000 
310620005650463 SHC1 20000 
310620005650464 SHC1 20000 
310620005650466 SHC1 20000 
310620005650467 SHC1 20000 
310620005650468 SHC1 20000 
310620005650470 SHC1 20000 
310620005650471 SHC1 20000 
310620005650473 SHC1 20000 
310620005650474 SHC1 20000 
310620005650476 SHC1 20000 
310620005650477 SHC1 20000 
310620005650478 SHC1 20000 
310620005650479 SHC1 20000 
310620005650480 SHC1 20000 
310620005650481 SHC1 20000 
310620005650483 SHC1 20000 
310620005650486 SHC1 20000 
310620005650487 SHC1 20000 
310620005650488 SHC1 20000 
310620005650489 SHC1 20000 
310620005650490 SHC1 20000 
310620005650491 SHC1 20000 
310620005650505 SHC1 20000 
310620005650508 SHC1 20000 
310620005650509 SHC1 20000 
310620005650510 SHC1 20000 
310620005650512 SHC1 20000 
310620005650513 SHC1 20000 
310620005650515 SHC1 20000 
310620005650516 SHC1 20000 
310620005650517 SHC1 20000 
310620005650518 SHC1 20000 
310620005650519 SHC1 20000 
310620005650520 SHC1 20000 
310620005650521 SHC1 20000 
310620005650522 SHC1 20000 
310620005650523 SHC1 20000 
310620005650524 SHC1 20000 
310620005650530 SHC1 20000 
310620005650548 SHC1 20000 
310620005650551 SHC1 20000 
310620005650552 SHC1 20000 
310620005650556 SHC1 20000 
310620005650557 SHC1 20000 
310620005650558 SHC1 20000 
310620005650559 SHC1 20000 
310620005650560 SHC1 20000 
310620005650561 SHC1 20000 
310620005650563 SHC1 20000 
310620005650564 SHC1 20000 
310620005650565 SHC1 20000 
310620005650566 SHC1 20000 
310620005650570 SHC1 20000 
310620005650571 SHC1 20000 
310620005650572 SHC1 20000 
310620005650573 SHC1 20000 
310620005650574 SHC1 20000 
310620005650575 SHC1 20000 
310620005650579 SHC1 20000 
310620005650580 SHC1 20000 
310620005650581 SHC1 20000 
310620005650582 SHC1 20000 
310620005650583 SHC1 20000 
310620005650584 SHC1 20000 
310620005650585 SHC1 20000 
310620005650586 SHC1 20000 
310620005650587 SHC1 20000 
310620005650588 SHC1 20000 
310620005650589 SHC1 20000 
310620005650590 SHC1 20000 
310620005650591 SHC1 20000 
310620005650592 SHC1 20000 
310620005650593 SHC1 20000 
310620005650594 SHC1 20000 
310620005650595 SHC1 20000 
310620005650596 SHC1 20000 
310620005650597 SHC1 20000 
310620005650598 SHC1 20000 
310620005650599 SHC1 20000 
310620005650600 SHC1 20000 
310620005650601 SHC1 20000 
310620005650602 SHC1 20000 
310620005650603 SHC1 20000 
310620005650604 SHC1 20000 
310620005650607 SHC1 20000 
310620005650608 SHC1 20000 
310620005650609 SHC1 20000 
310620005650610 SHC1 20000 
310620005650611 SHC1 20000 
310620005650612 SHC1 20000 
310620005650613 SHC1 20000 
310620005650614 SHC1 20000 
310620005650615 SHC1 20000 
310620005650616 SHC1 20000 
310620005650617 SHC1 20000 
310620005650618 SHC1 20000 
310620005650619 SHC1 20000 
310620005650620 SHC1 20000 
310620005650621 SHC1 20000 
310620005650622 SHC1 20000 
310620005650623 SHC1 20000 
310620005650624 SHC1 20000 
310620005650625 SHC1 20000 
310620005650626 SHC1 20000 
310620005650627 SHC1 20000 
310620005650628 SHC1 20000 
310620005650629 SHC1 20000 
310620005650630 SHC1 20000 
310620005650631 SHC1 20000 
310620005650632 SHC1 20000 
310620005650634 SHC1 20000 
310620005650635 SHC1 20000 
310620005650636 SHC1 20000 
310620005650637 SHC1 20000 
310620005650638 SHC1 20000 
310620005650640 SHC1 20000 
310620005650641 SHC1 20000 
310620005650642 SHC1 20000 
310620005650643 SHC1 20000 
310620005650644 SHC1 20000 
310620005650645 SHC1 20000 
310620005650646 SHC1 20000 
310620005650647 SHC1 20000 
310620005650648 SHC1 20000 
310620005650649 SHC1 20000 
310620005650650 SHC1 20000 
310620005650651 SHC1 20000 
310620005650652 SHC1 20000 
310620005650653 SHC1 20000 
310620005650654 SHC1 20000 
310620005650655 SHC1 20000 
310620005650656 SHC1 20000 
310620005650657 SHC1 20000 
310620005650658 SHC1 20000 
310620005650659 SHC1 20000 
310620005650660 SHC1 20000 
310620005650661 SHC1 20000 
310620005650662 SHC1 20000 
310620005650663 SHC1 20000 
310620005650664 SHC1 20000 
310620005650665 SHC1 20000 
310620005650666 SHC1 20000 
310620005650667 SHC1 20000 
310620005650668 SHC1 20000 
310620005650669 SHC1 20000 
310620005650670 SHC1 20000 
310620005650671 SHC1 20000 
310620005650672 SHC1 20000 
310620005650673 SHC1 20000 
310620005650675 SHC1 20000 
310620005650676 SHC1 20000 
310620005650677 SHC1 20000 
310620005650678 SHC1 20000 
310620005650679 SHC1 20000 
310620005650680 SHC1 20000 
310620005650681 SHC1 20000 
310620005650682 SHC1 20000 
310620005650683 SHC1 20000 
310620005650684 SHC1 20000 
310620005650685 SHC1 20000 
310620005650686 SHC1 20000 
310620005650687 SHC1 20000 
310620005650689 SHC1 20000 
310620005650690 SHC1 20000 
310620005650691 SHC1 20000 
310620005650692 SHC1 20000 
310620005650693 SHC1 20000 
310620005650694 SHC1 20000 
310620005650695 SHC1 20000 
310620005650696 SHC1 20000 
310620005650697 SHC1 20000 
310620005650698 SHC1 20000 
310620005650699 SHC1 20000 
310620005650700 SHC1 20000 
310620005650701 SHC1 20000 
310620005650702 SHC1 20000 
310620005650703 SHC1 20000 
310620005650704 SHC1 20000 
310620005650705 SHC1 20000 
310620005650706 SHC1 20000 
310620005650707 SHC1 20000 
310620005650708 SHC1 20000 
310620005650709 SHC1 20000 
310620005650710 SHC1 20000 
310620005650711 SHC1 20000 
310620005650712 SHC1 20000 
310620005650713 SHC1 20000 
310620005650714 SHC1 20000 
310620005650715 SHC1 20000 
310620005650716 SHC1 20000 
310620005650717 SHC1 20000 
310620005650718 SHC1 20000 
310620005650719 SHC1 20000 
310620005650720 SHC1 20000 
310620005650721 SHC1 20000 
310620005650722 SHC1 20000 
310620005650723 SHC1 20000 
310620005650724 SHC1 20000 
310620005650725 SHC1 20000 
310620005650726 SHC1 20000 
310620005650727 SHC1 20000 
310620005650728 SHC1 20000 
310620005660001 SHC1 20000 
310620005660002 SHC1 20000 
310620005660004 SHC1 20000 
310620005660005 SHC1 20000 
310620005660006 SHC1 20000 
310620005660007 SHC1 20000 
310620005660008 SHC1 20000 
310620005660010 SHC1 20000 
310620005660011 SHC1 20000 
310620005660013 SHC1 20000 
310620005660014 SHC1 20000 
310620005660015 SHC1 20000 
310620005660016 SHC1 20000 
310620005660017 SHC1 20000 
310620005660018 SHC1 20000 
310620005660019 SHC1 20000 
310620005660020 SHC1 20000 
310620005660022 SHC1 20000 
310620005660024 SHC1 20000 
310620005670001 SHC1 20000 
310620005670002 SHC1 20000 
310620005670003 SHC1 20000 
310620005670004 SHC1 20000 
310620005670005 SHC1 20000 
310620005670006 SHC1 20000 
310620005670007 SHC1 20000 
310620005670008 SHC1 20000 
310620005670009 SHC1 20000 
310620005670010 SHC1 20000 
310620005670013 SHC1 20000 
310620005670014 SHC1 20000 
310620005670015 SHC1 20000 
310620005670016 SHC1 20000 
310620005670018 SHC1 20000 
310620005670019 SHC1 20000 
310620005670020 SHC1 20000 
310620005670022 SHC1 20000 
310620005670023 SHC1 20000 
310620005670024 SHC1 20000 
310620005670025 SHC1 20000 
310620005670027 SHC1 20000 
310620005670028 SHC1 20000 
310620005670030 SHC1 20000 
310620005670031 SHC1 20000 
310620005670033 SHC1 20000 
310620005670034 SHC1 20000 
310620005670035 SHC1 20000 
310620005670036 SHC1 20000 
310620005670037 SHC1 20000 
310620005670038 SHC1 20000 
310620005670039 SHC1 20000 
310620005670040 SHC1 20000 
310620005670041 SHC1 20000 
310620005670042 SHC1 20000 
310620005670043 SHC1 20000 
310620005670044 SHC1 20000 
310620005670045 SHC1 20000 
310620005670046 SHC1 20000 
310620005670047 SHC1 20000 
310620005670048 SHC1 20000 
310620005670049 SHC1 20000 
310620005670052 SHC1 20000 
310620005670054 SHC1 20000 
310620005670055 SHC1 20000 
310620005670056 SHC1 20000 
310620005670059 SHC1 20000 
310620005670060 SHC1 20000 
310620005670061 SHC1 20000 
310620005670062 SHC1 20000 
310620005670063 SHC1 20000 
310620005670064 SHC1 20000 
310620005670065 SHC1 20000 
310620005670067 SHC1 20000 
310620005670068 SHC1 20000 
310620005670069 SHC1 20000 
310620005670071 SHC1 20000 
310620005670072 SHC1 20000 
310620005670076 SHC1 20000 
310620005670079 SHC1 20000 
310620005670080 SHC1 20000 
310620005670082 SHC1 20000 
310620005670083 SHC1 20000 
310620005670085 SHC1 20000 
310620005670086 SHC1 20000 
310620005670087 SHC1 20000 
310620005670088 SHC1 20000 
310620005670089 SHC1 20000 
310620005670091 SHC1 20000 
310620005670092 SHC1 20000 
310620005670093 SHC1 20000 
310620005670094 SHC1 20000 
310620005670095 SHC1 20000 
310620005670096 SHC1 20000 
310620005670097 SHC1 20000 
310620005670098 SHC1 20000 
310620005670099 SHC1 20000 
310620005670100 SHC1 20000 
310620005670101 SHC1 20000 
310620005670102 SHC1 20000 
310620005670103 SHC1 20000 
310620005670104 SHC1 20000 
310620005670105 SHC1 20000 
310620005670106 SHC1 20000 
310620005670107 SHC1 20000 
310620005670109 SHC1 20000 
310620005670110 SHC1 20000 
310620005670111 SHC1 20000 
310620005670113 SHC1 20000 
310620005670115 SHC1 20000 
310620005670116 SHC1 20000 
310620005670117 SHC1 20000 
310620005670118 SHC1 20000 
310620005670119 SHC1 20000 
310620005670120 SHC1 20000 
310620005670121 SHC1 20000 
310620005670122 SHC1 20000 
310620005670123 SHC1 20000 
310620005670124 SHC1 20000 
310620005670125 SHC1 20000 
310620005670126 SHC1 20000 
310620005670127 SHC1 20000 
310620005670128 SHC1 20000 
310620005670129 SHC1 20000 
310620005670130 SHC1 20000 
310620005670131 SHC1 20000 
310620005670132 SHC1 20000 
310620005670133 SHC1 20000 
310620005670134 SHC1 20000 
310620005670136 SHC1 20000 
310620005670137 SHC1 20000 
310620005670138 SHC1 20000 
310620005670139 SHC1 20000 
310620005670140 SHC1 20000 
310620005670141 SHC1 20000 
310620005670142 SHC1 20000 
310620005670143 SHC1 20000 
310620005670145 SHC1 20000 
310620005670147 SHC1 20000 
310620005670148 SHC1 20000 
310620005670150 SHC1 20000 
310620005670151 SHC1 20000 
310620005670152 SHC1 20000 
310620005670153 SHC1 20000 
310620005670155 SHC1 20000 
310620005670156 SHC1 20000 
310620005670157 SHC1 20000 
310620005670158 SHC1 20000 
310620005670159 SHC1 20000 
310620005670160 SHC1 20000 
310620005670161 SHC1 20000 
310620005670162 SHC1 20000 
310620005670163 SHC1 20000 
310620005670164 SHC1 20000 
310620005670165 SHC1 20000 
310620005670167 SHC1 20000 
310620005670168 SHC1 20000 
310620005670170 SHC1 20000 
310620005670171 SHC1 20000 
310620005670172 SHC1 20000 
310620005670173 SHC1 20000 
310620005670176 SHC1 20000 
310620005670177 SHC1 20000 
310620005670178 SHC1 20000 
310620005670179 SHC1 20000 
310620005670180 SHC1 20000 
310620005670181 SHC1 20000 
310620005670182 SHC1 20000 
310620005670183 SHC1 20000 
310620005670187 SHC1 20000 
310620005670188 SHC1 20000 
310620005670189 SHC1 20000 
310620005670190 SHC1 20000 
310620005670193 SHC1 20000 
310620005670194 SHC1 20000 
310620005670195 SHC1 20000 
310620005670196 SHC1 20000 
310620005670198 SHC1 20000 
310620005670199 SHC1 20000 
310620005670200 SHC1 20000 
310620005670201 SHC1 20000 
310620005670202 SHC1 20000 
310620005670203 SHC1 20000 
310620005670204 SHC1 20000 
310620005670205 SHC1 20000 
310620005670206 SHC1 20000 
310620005670207 SHC1 20000 
310620005670208 SHC1 20000 
310620005670209 SHC1 20000 
310620005670210 SHC1 20000 
310620005670211 SHC1 20000 
310620005670212 SHC1 20000 
310620005670213 SHC1 20000 
310620005670214 SHC1 20000 
310620005670215 SHC1 20000 
310620005670216 SHC1 20000 
310620005670217 SHC1 20000 
310620005670218 SHC1 20000 
310620005670219 SHC1 20000 
310620005670222 SHC1 20000 
310620005670224 SHC1 20000 
310620005670225 SHC1 20000 
310620005670226 SHC1 20000 
310620005670227 SHC1 20000 
310620005670228 SHC1 20000 
310620005670229 SHC1 20000 
310620005670230 SHC1 20000 
310620005670231 SHC1 20000 
310620005670232 SHC1 20000 
310620005670233 SHC1 20000 
310620005670234 SHC1 20000 
310620005670235 SHC1 20000 
310620005670236 SHC1 20000 
310620005670237 SHC1 20000 
310620005670238 SHC1 20000 
310620005670239 SHC1 20000 
310620005670240 SHC1 20000 
310620005670241 SHC1 20000 
310620005670242 SHC1 20000 
310620005670243 SHC1 20000 
310620005670244 SHC1 20000 
310620005670245 SHC1 20000 
310620005670246 SHC1 20000 
310620005670247 SHC1 20000 
310620005670248 SHC1 20000 
310620005670249 SHC1 20000 
310620005670250 SHC1 20000 
310620005670251 SHC1 20000 
310620005670252 SHC1 20000 
310620005670253 SHC1 20000 
310620005670254 SHC1 20000 
310620005670255 SHC1 20000 
310620005670256 SHC1 20000 
310620005670257 SHC1 20000 
310620005670258 SHC1 20000 
310620005670259 SHC1 20000 
310620005670260 SHC1 20000 
310620005670261 SHC1 20000 
310620005670262 SHC1 20000 
310620005670263 SHC1 20000 
310620005670264 SHC1 20000 
310620005670265 SHC1 20000 
310620005670266 SHC1 20000 
310620005670268 SHC1 20000 
310620005670269 SHC1 20000 
310620005670270 SHC1 20000 
310620005670271 SHC1 20000 
310620005670272 SHC1 20000 
310620005670273 SHC1 20000 
310620005670274 SHC1 20000 
310620005670275 SHC1 20000 
310620005670276 SHC1 20000 
310620005670277 SHC1 20000 
310620005670278 SHC1 20000 
310620005670279 SHC1 20000 
310620005670280 SHC1 20000 
310620005670281 SHC1 20000 
310620005670282 SHC1 20000 
310620005670283 SHC1 20000 
310620005670284 SHC1 20000 
310620005670285 SHC1 20000 
310620005670286 SHC1 20000 
310620005670287 SHC1 20000 
310620005670288 SHC1 20000 
310620005670289 SHC1 20000 
310620005670291 SHC1 20000 
310620005670292 SHC1 20000 
310620005670293 SHC1 20000 
310620005670294 SHC1 20000 
310620005670295 SHC1 20000 
310620005670296 SHC1 20000 
310620005670297 SHC1 20000 
310620005670298 SHC1 20000 
310620005670299 SHC1 20000 
310620005670300 SHC1 20000 
310620005670301 SHC1 20000 
310620005670302 SHC1 20000 
310620005670304 SHC1 20000 
310620005670305 SHC1 20000 
310620005670306 SHC1 20000 
310620005670307 SHC1 20000 
310620005670308 SHC1 20000 
310620005670310 SHC1 20000 
310620005670311 SHC1 20000 
310620005670312 SHC1 20000 
310620005670313 SHC1 20000 
310620005670314 SHC1 20000 
310620005670316 SHC1 20000 
310620005670317 SHC1 20000 
310620005670318 SHC1 20000 
310620005670319 SHC1 20000 
310620005670320 SHC1 20000 
310620005670321 SHC1 20000 
310620005670322 SHC1 20000 
310620005670323 SHC1 20000 
310620005670325 SHC1 20000 
310620005670326 SHC1 20000 
310620005670327 SHC1 20000 
310620005670328 SHC1 20000 
310620005670329 SHC1 20000 
310620005670330 SHC1 20000 
310620005670332 SHC1 20000 
310620005670333 SHC1 20000 
310620005670334 SHC1 20000 
310620005670335 SHC1 20000 
310620005670336 SHC1 20000 
310620005670337 SHC1 20000 
310620005670338 SHC1 20000 
310620005670339 SHC1 20000 
310620005670340 SHC1 20000 
310620005670343 SHC1 20000 
310620005670347 SHC1 20000 
310620005670348 SHC1 20000 
310620005670349 SHC1 20000 
310620005670350 SHC1 20000 
310620005670351 SHC1 20000 
310620005670352 SHC1 20000 
310620005670353 SHC1 20000 
310620005670354 SHC1 20000 
310620005670357 SHC1 20000 
310620005670359 SHC1 20000 
310620005670361 SHC1 20000 
310620005670362 SHC1 20000 
310620005670363 SHC1 20000 
310620005670364 SHC1 20000 
310620005670365 SHC1 20000 
310620005670366 SHC1 20000 
310620005670369 SHC1 20000 
310620005670372 SHC1 20000 
310620005670377 SHC1 20000 
310620005670379 SHC1 20000 
310620005670380 SHC1 20000 
310620005670381 SHC1 20000 
310620005670382 SHC1 20000 
310620005670383 SHC1 20000 
310620005670384 SHC1 20000 
310620005670385 SHC1 20000 
310620005670386 SHC1 20000 
310620005670387 SHC1 20000 
310620005670388 SHC1 20000 
310620005670389 SHC1 20000 
310620005670390 SHC1 20000 
310620005670391 SHC1 20000 
310620005670392 SHC1 20000 
310620005670393 SHC1 20000 
310620005670394 SHC1 20000 
310620005670395 SHC1 20000 
310620005670396 SHC1 20000 
310620005670397 SHC1 20000 
310620005670400 SHC1 20000 
310620005670401 SHC1 20000 
310620005670402 SHC1 20000 
310620005670404 SHC1 20000 
310620005670406 SHC1 20000 
310620005670407 SHC1 20000 
310620005670408 SHC1 20000 
310620005670409 SHC1 20000 
310620005670410 SHC1 20000 
310620005670411 SHC1 20000 
310620005670412 SHC1 20000 
310620005670414 SHC1 20000 
310620005670415 SHC1 20000 
310620005670416 SHC1 20000 
310620005670417 SHC1 20000 
310620005670418 SHC1 20000 
310620005670419 SHC1 20000 
310620005670420 SHC1 20000 
310620005670421 SHC1 20000 
310620005670422 SHC1 20000 
310620005670424 SHC1 20000 
310620005670425 SHC1 20000 
310620005670426 SHC1 20000 
310620005670427 SHC1 20000 
310620005670428 SHC1 20000 
310620005670431 SHC1 20000 
310620005670432 SHC1 20000 
310620005670433 SHC1 20000 
310620005670434 SHC1 20000 
310620005670435 SHC1 20000 
310620005670436 SHC1 20000 
310620005670437 SHC1 20000 
310620005670438 SHC1 20000 
310620005670440 SHC1 20000 
310620005670441 SHC1 20000 
310620005670442 SHC1 20000 
310620005670443 SHC1 20000 
310620005670444 SHC1 20000 
310620005670445 SHC1 20000 
310620005670446 SHC1 20000 
310620005670447 SHC1 20000 
310620005670448 SHC1 20000 
310620005670449 SHC1 20000 
310620005670450 SHC1 20000 
310620005670451 SHC1 20000 
310620005670453 SHC1 20000 
310620005670455 SHC1 20000 
310620005670458 SHC1 20000 
310620005670459 SHC1 20000 
310620005670460 SHC1 20000 
310620005670461 SHC1 20000 
310620005670462 SHC1 20000 
310620005670463 SHC1 20000 
310620005670464 SHC1 20000 
310620005670465 SHC1 20000 
310620005670466 SHC1 20000 
310620005670467 SHC1 20000 
310620005670468 SHC1 20000 
310620005670471 SHC1 20000 
310620005670472 SHC1 20000 
310620005670473 SHC1 20000 
310620005670474 SHC1 20000 
310620005670475 SHC1 20000 
310620005670476 SHC1 20000 
310620005670477 SHC1 20000 
310620005670478 SHC1 20000 
310620005670479 SHC1 20000 
310620005670480 SHC1 20000 
310620005670483 SHC1 20000 
310620005670484 SHC1 20000 
310620005670485 SHC1 20000 
310620005670486 SHC1 20000 
310620005670487 SHC1 20000 
310620005670488 SHC1 20000 
310620005670489 SHC1 20000 
310620005670490 SHC1 20000 
310620005670492 SHC1 20000 
310620005670493 SHC1 20000 
310620005670494 SHC1 20000 
310620005670496 SHC1 20000 
310620005670497 SHC1 20000 
310620005670498 SHC1 20000 
310620005670500 SHC1 20000 
310620005670501 SHC1 20000 
310620005670502 SHC1 20000 
310620005670504 SHC1 20000 
310620005670505 SHC1 20000 
310620005670506 SHC1 20000 
310620005670507 SHC1 20000 
310620005670508 SHC1 20000 
310620005670509 SHC1 20000 
310620005670510 SHC1 20000 
310620005670512 SHC1 20000 
310620005670513 SHC1 20000 
310620005670515 SHC1 20000 
310620005670516 SHC1 20000 
310620005670517 SHC1 20000 
310620005670518 SHC1 20000 
310620005670519 SHC1 20000 
310620005670520 SHC1 20000 
310620005670521 SHC1 20000 
310620005670522 SHC1 20000 
310620005670523 SHC1 20000 
310620005670524 SHC1 20000 
310620005670525 SHC1 20000 
310620005670526 SHC1 20000 
310620005670527 SHC1 20000 
310620005670528 SHC1 20000 
310620005670529 SHC1 20000 
310620005670530 SHC1 20000 
310620005670531 SHC1 20000 
310620005670532 SHC1 20000 
310620005670533 SHC1 20000 
310620005670534 SHC1 20000 
310620005670536 SHC1 20000 
310620005670537 SHC1 20000 
310620005670539 SHC1 20000 
310620005670540 SHC1 20000 
310620005670541 SHC1 20000 
310620005670542 SHC1 20000 
310620005670543 SHC1 20000 
310620005670544 SHC1 20000 
310620005670545 SHC1 20000 
310620005670546 SHC1 20000 
310620005670547 SHC1 20000 
310620005670548 SHC1 20000 
310620005670549 SHC1 20000 
310620005670550 SHC1 20000 
310620005670551 SHC1 20000 
310620005670552 SHC1 20000 
310620005670553 SHC1 20000 
310620005670554 SHC1 20000 
310620005670555 SHC1 20000 
310620005670556 SHC1 20000 
310620005670557 SHC1 20000 
310620005670558 SHC1 20000 
310620005670559 SHC1 20000 
310620005670560 SHC1 20000 
310620005670561 SHC1 20000 
310620005670562 SHC1 20000 
310620005670563 SHC1 20000 
310620005670564 SHC1 20000 
310620005670565 SHC1 20000 
310620005670566 SHC1 20000 
310620005670567 SHC1 20000 
310620005670568 SHC1 20000 
310620005670569 SHC1 20000 
310620005670570 SHC1 20000 
310620005670571 SHC1 20000 
310620005670572 SHC1 20000 
310620005670573 SHC1 20000 
310620005670574 SHC1 20000 
310620005670576 SHC1 20000 
310620005670577 SHC1 20000 
310620005670578 SHC1 20000 
310620005670579 SHC1 20000 
310620005670580 SHC1 20000 
310620005670581 SHC1 20000 
310620005670582 SHC1 20000 
310620005670583 SHC1 20000 
310620005670584 SHC1 20000 
310620005670585 SHC1 20000 
310620005670586 SHC1 20000 
310620005670587 SHC1 20000 
310620005670588 SHC1 20000 
310620005670589 SHC1 20000 
310620005670590 SHC1 20000 
310620005670591 SHC1 20000 
310620005670592 SHC1 20000 
310620005670593 SHC1 20000 
310620005670594 SHC1 20000 
310620005670595 SHC1 20000 
310620005670596 SHC1 20000 
310620005670597 SHC1 20000 
310620005670598 SHC1 20000 
310620005670599 SHC1 20000 
310620005670600 SHC1 20000 
310620005670601 SHC1 20000 
310620005670602 SHC1 20000 
310620005670604 SHC1 20000 
310620005670605 SHC1 20000 
310620005670606 SHC1 20000 
310620005670607 SHC1 20000 
310620005670608 SHC1 20000 
310620005670609 SHC1 20000 
310620005670610 SHC1 20000 
310620005670611 SHC1 20000 
310620005670612 SHC1 20000 
310620005670613 SHC1 20000 
310620005670614 SHC1 20000 
310620005670615 SHC1 20000 
310620005670616 SHC1 20000 
310620005670617 SHC1 20000 
310620005670618 SHC1 20000 
310620005670619 SHC1 20000 
310620005670620 SHC1 20000 
310620005670621 SHC1 20000 
310620005670622 SHC1 20000 
310620005670623 SHC1 20000 
310620005670624 SHC1 20000 
310620005670625 SHC1 20000 
310620005670626 SHC1 20000 
310620005670627 SHC1 20000 
310620005670628 SHC1 20000 
310620005670629 SHC1 20000 
310620005670630 SHC1 20000 
310620005670631 SHC1 20000 
310620005670632 SHC1 20000 
310620005670633 SHC1 20000 
310620005670634 SHC1 20000 
310620005670635 SHC1 20000 
310620005670636 SHC1 20000 
310620005670637 SHC1 20000 
310620005670638 SHC1 20000 
310620005670639 SHC1 20000 
310620005670640 SHC1 20000 
310620005670641 SHC1 20000 
310620005670642 SHC1 20000 
310620005670643 SHC1 20000 
310620005670644 SHC1 20000 
310620005670646 SHC1 20000 
310620005670647 SHC1 20000 
310620005670648 SHC1 20000 
310620005670649 SHC1 20000 
310620005670650 SHC1 20000 
310620005670651 SHC1 20000 
310620005670652 SHC1 20000 
310620005670653 SHC1 20000 
310620005670654 SHC1 20000 
310620005670655 SHC1 20000 
310620005670656 SHC1 20000 
310620005670657 SHC1 20000 
310620005670658 SHC1 20000 
310620005670659 SHC1 20000 
310620005670660 SHC1 20000 
310620005670661 SHC1 20000 
310620005670662 SHC1 20000 
310620005670663 SHC1 20000 
310620005670664 SHC1 20000 
310620005670665 SHC1 20000 
310620005670666 SHC1 20000 
310620005670667 SHC1 20000 
310620005670668 SHC1 20000 
310620005670669 SHC1 20000 
310620005670670 SHC1 20000 
310620005670671 SHC1 20000 
310620005670672 SHC1 20000 
310620005670673 SHC1 20000 
310620005670674 SHC1 20000 
310620005670675 SHC1 20000 
310620005670676 SHC1 20000 
310620005670677 SHC1 20000 
310620005670678 SHC1 20000 
310620005670679 SHC1 20000 
310620005670680 SHC1 20000 
310620005670681 SHC1 20000 
310620005670682 SHC1 20000 
310620005670683 SHC1 20000 
310620005670684 SHC1 20000 
310620005670685 SHC1 20000 
310620005670686 SHC1 20000 
310620005670687 SHC1 20000 
310620005670688 SHC1 20000 
310620005670689 SHC1 20000 
310620005670690 SHC1 20000 
310620005670691 SHC1 20000 
310620005670692 SHC1 20000 
310620005670693 SHC1 20000 
310620005670694 SHC1 20000 
310620005670695 SHC1 20000 
310620005670696 SHC1 20000 
310620005670697 SHC1 20000 
310620005670698 SHC1 20000 
310620005670699 SHC1 20000 
310620005670700 SHC1 20000 
310620005670701 SHC1 20000 
310620005670702 SHC1 20000 
310620005670703 SHC1 20000 
310620005670704 SHC1 20000 
310620005670705 SHC1 20000 
310620005670706 SHC1 20000 
310620005670707 SHC1 20000 
310620005670708 SHC1 20000 
310620005670709 SHC1 20000 
310620005670710 SHC1 20000 
310620005670711 SHC1 20000 
310620005670712 SHC1 20000 
310620005670713 SHC1 20000 
310620005670714 SHC1 20000 
310620005670715 SHC1 20000 
310620005670716 SHC1 20000 
310620005670717 SHC1 20000 
310620005670718 SHC1 20000 
310620005670719 SHC1 20000 
310620005670720 SHC1 20000 
310620005670721 SHC1 20000 
310620005670722 SHC1 20000 
310620005670723 SHC1 20000 
310620005670724 SHC1 20000 
310620005670725 SHC1 20000 
310620005670726 SHC1 20000 
310620005670727 SHC1 20000 
310620005670728 SHC1 20000 
310620005670729 SHC1 20000 
310620005670730 SHC1 20000 
310620005670731 SHC1 20000 
310620005670732 SHC1 20000 
310620005670733 SHC1 20000 
310620005670734 SHC1 20000 
310620005670735 SHC1 20000 
310620005670736 SHC1 20000 
310620005670737 SHC1 20000 
310620005670738 SHC1 20000 
310620005670739 SHC1 20000 
310620005670740 SHC1 20000 
310620005670741 SHC1 20000 
310620005670742 SHC1 20000 
310620005670743 SHC1 20000 
310620005670744 SHC1 20000 
310620005670745 SHC1 20000 
310620005670746 SHC1 20000 
310620005670747 SHC1 20000 
310620005670748 SHC1 20000 
310620005670749 SHC1 20000 
310620005670750 SHC1 20000 
310620005670751 SHC1 20000 
310620005670752 SHC1 20000 
310620005670753 SHC1 20000 
310620005670754 SHC1 20000 
310620005670755 SHC1 20000 
310620005670756 SHC1 20000 
310620005670757 SHC1 20000 
310620005670758 SHC1 20000 
310620005670759 SHC1 20000 
310620005670760 SHC1 20000 
310620005670761 SHC1 20000 
310620005670762 SHC1 20000 
310620005670763 SHC1 20000 
310620005670764 SHC1 20000 
310620005670765 SHC1 20000 
310620005670766 SHC1 20000 
310620005670767 SHC1 20000 
310620005670768 SHC1 20000 
310620005670769 SHC1 20000 
310620005670770 SHC1 20000 
310620005670771 SHC1 20000 
310620005670772 SHC1 20000 
310620005670774 SHC1 20000 
310620005670775 SHC1 20000 
310620005670776 SHC1 20000 
310620005670777 SHC1 20000 
310620005670778 SHC1 20000 
310620005670779 SHC1 20000 
310620005670780 SHC1 20000 
310620005670781 SHC1 20000 
310620005670782 SHC1 20000 
310620005670783 SHC1 20000 
310620005670784 SHC1 20000 
310620005670785 SHC1 20000 
310620005670786 SHC1 20000 
310620005670787 SHC1 20000 
310620005670788 SHC1 20000 
310620005670790 SHC1 20000 
310620005670791 SHC1 20000 
310620005670792 SHC1 20000 
310620005670793 SHC1 20000 
310620005670794 SHC1 20000 
310620005670795 SHC1 20000 
310620005670796 SHC1 20000 
310620005670797 SHC1 20000 
310620005670798 SHC1 20000 
310620005670799 SHC1 20000 
310620005670800 SHC1 20000 
310620005670801 SHC1 20000 
310620005670802 SHC1 20000 
310620005670803 SHC1 20000 
310620005670804 SHC1 20000 
310620005670805 SHC1 20000 
310620005670806 SHC1 20000 
310620005670807 SHC1 20000 
310620005670808 SHC1 20000 
310620005670809 SHC1 20000 
310620005670810 SHC1 20000 
310620005670811 SHC1 20000 
310620005670812 SHC1 20000 
310620005670813 SHC1 20000 
310620005670814 SHC1 20000 
310620005670815 SHC1 20000 
310620005670816 SHC1 20000 
310620005670817 SHC1 20000 
310620005670818 SHC1 20000 
310620005670820 SHC1 20000 
310620005670823 SHC1 20000 
310620005670824 SHC1 20000 
310620005670825 SHC1 20000 
310620005670826 SHC1 20000 
310620005670827 SHC1 20000 
310620005670828 SHC1 20000 
310620005670829 SHC1 20000 
310620005670830 SHC1 20000 
310620005670831 SHC1 20000 
310620005670832 SHC1 20000 
310620005670833 SHC1 20000 
310620005670834 SHC1 20000 
310620005670835 SHC1 20000 
310620005670836 SHC1 20000 
310620005670837 SHC1 20000 
310620005670838 SHC1 20000 
310620005670839 SHC1 20000 
310620005670840 SHC1 20000 
310620005670841 SHC1 20000 
310620005670842 SHC1 20000 
310620005670843 SHC1 20000 
310620005670844 SHC1 20000 
310620005670845 SHC1 20000 
310620005670846 SHC1 20000 
310620005670847 SHC1 20000 
310620005670848 SHC1 20000 
310620005680001 SHC1 20000 
310620005680002 SHC1 20000 
310620005680004 SHC1 20000 
310620005680007 SHC1 20000 
310620005680009 SHC1 20000 
310620005680010 SHC1 20000 
310620005680011 SHC1 20000 
310620005680012 SHC1 20000 
310620005680013 SHC1 20000 
310620005680014 SHC1 20000 
310620005680015 SHC1 20000 
310620005680016 SHC1 20000 
310620005680017 SHC1 20000 
310620005680019 SHC1 20000 
310620005680021 SHC1 20000 
310620005680023 SHC1 20000 
310620005680024 SHC1 20000 
310620005680025 SHC1 20000 
310620005680028 SHC1 20000 
310620005680029 SHC1 20000 
310620005680030 SHC1 20000 
310620005680034 SHC1 20000 
310620005680035 SHC1 20000 
310620005680036 SHC1 20000 
310620005680037 SHC1 20000 
310620005680038 SHC1 20000 
310620005680039 SHC1 20000 
310620005680040 SHC1 20000 
310620005680041 SHC1 20000 
310620005680043 SHC1 20000 
310620005680044 SHC1 20000 
310620005680045 SHC1 20000 
310620005680048 SHC1 20000 
310620005680050 SHC1 20000 
310620005680051 SHC1 20000 
310620005680054 SHC1 20000 
310620005680055 SHC1 20000 
310620005680056 SHC1 20000 
310620005680057 SHC1 20000 
310620005680058 SHC1 20000 
310620005680059 SHC1 20000 
310620005680060 SHC1 20000 
310620005680061 SHC1 20000 
310620005680062 SHC1 20000 
310620005680063 SHC1 20000 
310620005680067 SHC1 20000 
310620005680068 SHC1 20000 
310620005680069 SHC1 20000 
310620005680071 SHC1 20000 
310620005680072 SHC1 20000 
310620005680073 SHC1 20000 
310620005680074 SHC1 20000 
310620005680075 SHC1 20000 
310620005680076 SHC1 20000 
310620005680077 SHC1 20000 
310620005680078 SHC1 20000 
310620005680079 SHC1 20000 
310620005680080 SHC1 20000 
310620005680081 SHC1 20000 
310620005680082 SHC1 20000 
310620005680084 SHC1 20000 
310620005680085 SHC1 20000 
310620005680086 SHC1 20000 
310620005680087 SHC1 20000 
310620005680089 SHC1 20000 
310620005680093 SHC1 20000 
310620005680094 SHC1 20000 
310620005680095 SHC1 20000 
310620005680096 SHC1 20000 
310620005680099 SHC1 20000 
310620005680100 SHC1 20000 
310620005680101 SHC1 20000 
310620005680102 SHC1 20000 
310620005680104 SHC1 20000 
310620005680107 SHC1 20000 
310620005680108 SHC1 20000 
310620005680109 SHC1 20000 
310620005680110 SHC1 20000 
310620005680111 SHC1 20000 
310620005680114 SHC1 20000 
310620005680116 SHC1 20000 
310620005680117 SHC1 20000 
310620005680118 SHC1 20000 
310620005680121 SHC1 20000 
310620005680122 SHC1 20000 
310620005680123 SHC1 20000 
310620005680124 SHC1 20000 
310620005680125 SHC1 20000 
310620005680126 SHC1 20000 
310620005680127 SHC1 20000 
310620005680128 SHC1 20000 
310620005680129 SHC1 20000 
310620005680130 SHC1 20000 
310620005680131 SHC1 20000 
310620005680132 SHC1 20000 
310620005680133 SHC1 20000 
310620005680135 SHC1 20000 
310620005680137 SHC1 20000 
310620005680138 SHC1 20000 
310620005680139 SHC1 20000 
310620005680143 SHC1 20000 
310620005680150 SHC1 20000 
310620005680152 SHC1 20000 
310620005680160 SHC1 20000 
310620005680165 SHC1 20000 
310620005680166 SHC1 20000 
310620005680167 SHC1 20000 
310620005680168 SHC1 20000 
310620005680170 SHC1 20000 
310620005680171 SHC1 20000 
310620005680172 SHC1 20000 
310620005680173 SHC1 20000 
310620005680174 SHC1 20000 
310620005680175 SHC1 20000 
310620005680178 SHC1 20000 
310620005680179 SHC1 20000 
310620005680180 SHC1 20000 
310620005680181 SHC1 20000 
310620005680182 SHC1 20000 
310620005680183 SHC1 20000 
310620005680184 SHC1 20000 
310620005680185 SHC1 20000 
310620005680186 SHC1 20000 
310620005680187 SHC1 20000 
310620005680188 SHC1 20000 
310620005680190 SHC1 20000 
310620005680191 SHC1 20000 
310620005680193 SHC1 20000 
310620005680194 SHC1 20000 
310620005680195 SHC1 20000 
310620005680196 SHC1 20000 
310620005680197 SHC1 20000 
310620005680199 SHC1 20000 
310620005680200 SHC1 20000 
310620005680201 SHC1 20000 
310620005680202 SHC1 20000 
310620005680203 SHC1 20000 
310620005680204 SHC1 20000 
310620005680205 SHC1 20000 
310620005680206 SHC1 20000 
310620005680207 SHC1 20000 
310620005680208 SHC1 20000 
310620005680209 SHC1 20000 
310620005680211 SHC1 20000 
310620005680212 SHC1 20000 
310620005680213 SHC1 20000 
310620005680214 SHC1 20000 
310620005680215 SHC1 20000 
310620005680216 SHC1 20000 
310620005680217 SHC1 20000 
310620005680219 SHC1 20000 
310620005680220 SHC1 20000 
310620005680221 SHC1 20000 
310620005680222 SHC1 20000 
310620005680224 SHC1 20000 
310620005680225 SHC1 20000 
310620005680226 SHC1 20000 
310620005680228 SHC1 20000 
310620005680229 SHC1 20000 
310620005680230 SHC1 20000 
310620005680232 SHC1 20000 
310620005680234 SHC1 20000 
310620005680236 SHC1 20000 
310620005680239 SHC1 20000 
310620005680240 SHC1 20000 
310620005680242 SHC1 20000 
310620005680243 SHC1 20000 
310620005680246 SHC1 20000 
310620005680247 SHC1 20000 
310620005680248 SHC1 20000 
310620005680249 SHC1 20000 
310620005680250 SHC1 20000 
310620005680251 SHC1 20000 
310620005680253 SHC1 20000 
310620005680254 SHC1 20000 
310620005680256 SHC1 20000 
310620005680257 SHC1 20000 
310620005680258 SHC1 20000 
310620005680259 SHC1 20000 
310620005680260 SHC1 20000 
310620005680261 SHC1 20000 
310620005680262 SHC1 20000 
310620005680263 SHC1 20000 
310620005680264 SHC1 20000 
310620005680265 SHC1 20000 
310620005680268 SHC1 20000 
310620005680270 SHC1 20000 
310620005680271 SHC1 20000 
310620005680272 SHC1 20000 
310620005680274 SHC1 20000 
310620005680275 SHC1 20000 
310620005680276 SHC1 20000 
310620005680278 SHC1 20000 
310620005680279 SHC1 20000 
310620005680280 SHC1 20000 
310620005680281 SHC1 20000 
310620005680282 SHC1 20000 
310620005680283 SHC1 20000 
310620005680284 SHC1 20000 
310620005680286 SHC1 20000 
310620005680287 SHC1 20000 
310620005680288 SHC1 20000 
310620005680289 SHC1 20000 
310620005680290 SHC1 20000 
310620005680291 SHC1 20000 
310620005680292 SHC1 20000 
310620005680293 SHC1 20000 
310620005680294 SHC1 20000 
310620005680295 SHC1 20000 
310620005680296 SHC1 20000 
310620005680297 SHC1 20000 
310620005680298 SHC1 20000 
310620005680299 SHC1 20000 
310620005680300 SHC1 20000 
310620005680301 SHC1 20000 
310620005680302 SHC1 20000 
310620005680304 SHC1 20000 
310620005680307 SHC1 20000 
310620005680308 SHC1 20000 
310620005680309 SHC1 20000 
310620005680310 SHC1 20000 
310620005680311 SHC1 20000 
310620005680312 SHC1 20000 
310620005680313 SHC1 20000 
310620005680314 SHC1 20000 
310620005680315 SHC1 20000 
310620005680318 SHC1 20000 
310620005680319 SHC1 20000 
310620005680320 SHC1 20000 
310620005680321 SHC1 20000 
310620005680322 SHC1 20000 
310620005680327 SHC1 20000 
310620005680328 SHC1 20000 
310620005680329 SHC1 20000 
310620005680330 SHC1 20000 
310620005680331 SHC1 20000 
310620005680332 SHC1 20000 
310620005680333 SHC1 20000 
310620005680334 SHC1 20000 
310620005680335 SHC1 20000 
310620005680336 SHC1 20000 
310620005680339 SHC1 20000 
310620005680340 SHC1 20000 
310620005680341 SHC1 20000 
310620005680342 SHC1 20000 
310620005680344 SHC1 20000 
310620005680345 SHC1 20000 
310620005680347 SHC1 20000 
310620005680348 SHC1 20000 
310620005680349 SHC1 20000 
310620005680350 SHC1 20000 
310620005680351 SHC1 20000 
310620005680353 SHC1 20000 
310620005680354 SHC1 20000 
310620005680355 SHC1 20000 
310620005680356 SHC1 20000 
310620005680357 SHC1 20000 
310620005680358 SHC1 20000 
310620005680359 SHC1 20000 
310620005680360 SHC1 20000 
310620005680361 SHC1 20000 
310620005680362 SHC1 20000 
310620005680363 SHC1 20000 
310620005680364 SHC1 20000 
310620005680365 SHC1 20000 
310620005680366 SHC1 20000 
310620005680367 SHC1 20000 
310620005680369 SHC1 20000 
310620005680370 SHC1 20000 
310620005680371 SHC1 20000 
310620005680372 SHC1 20000 
310620005680373 SHC1 20000 
310620005680375 SHC1 20000 
310620005680376 SHC1 20000 
310620005680377 SHC1 20000 
310620005680378 SHC1 20000 
310620005680379 SHC1 20000 
310620005680380 SHC1 20000 
310620005680381 SHC1 20000 
310620005680382 SHC1 20000 
310620005680383 SHC1 20000 
310620005680384 SHC1 20000 
310620005680387 SHC1 20000 
310620005680388 SHC1 20000 
310620005680389 SHC1 20000 
310620005680390 SHC1 20000 
310620005680391 SHC1 20000 
310620005680392 SHC1 20000 
310620005680393 SHC1 20000 
310620005680394 SHC1 20000 
310620005680395 SHC1 20000 
310620005680396 SHC1 20000 
310620005680397 SHC1 20000 
310620005680398 SHC1 20000 
310620005680399 SHC1 20000 
310620005680402 SHC1 20000 
310620005680403 SHC1 20000 
310620005680404 SHC1 20000 
310620005680406 SHC1 20000 
310620005680407 SHC1 20000 
310620005680408 SHC1 20000 
310620005680409 SHC1 20000 
310620005680410 SHC1 20000 
310620005680411 SHC1 20000 
310620005680412 SHC1 20000 
310620005680413 SHC1 20000 
310620005680414 SHC1 20000 
310620005680415 SHC1 20000 
310620005680416 SHC1 20000 
310620005680417 SHC1 20000 
310620005680418 SHC1 20000 
310620005680419 SHC1 20000 
310620005680420 SHC1 20000 
310620005680421 SHC1 20000 
310620005680422 SHC1 20000 
310620005680423 SHC1 20000 
310620005680424 SHC1 20000 
310620005680425 SHC1 20000 
310620005680426 SHC1 20000 
310620005680427 SHC1 20000 
310620005680428 SHC1 20000 
310620005680429 SHC1 20000 
310620005680430 SHC1 20000 
310620005680431 SHC1 20000 
310620005680432 SHC1 20000 
310620005680433 SHC1 20000 
310620005680434 SHC1 20000 
310620005680435 SHC1 20000 
310620005680436 SHC1 20000 
310620005680437 SHC1 20000 
310620005680438 SHC1 20000 
310620005680439 SHC1 20000 
310620005680440 SHC1 20000 
310620005680441 SHC1 20000 
310620005680442 SHC1 20000 
310620005680443 SHC1 20000 
310620005680444 SHC1 20000 
310620005680445 SHC1 20000 
310620005680446 SHC1 20000 
310620005680447 SHC1 20000 
310620005680448 SHC1 20000 
310620005680449 SHC1 20000 
310620005680450 SHC1 20000 
310620005680451 SHC1 20000 
310620005680452 SHC1 20000 
310620005680453 SHC1 20000 
310620005680454 SHC1 20000 
310620005680455 SHC1 20000 
310620005680456 SHC1 20000 
310620005680457 SHC1 20000 
310620005680458 SHC1 20000 
310620005680459 SHC1 20000 
310620005680460 SHC1 20000 
310620005680461 SHC1 20000 
310620005680462 SHC1 20000 
310620005680463 SHC1 20000 
310620005680464 SHC1 20000 
310620005680465 SHC1 20000 
310620005680466 SHC1 20000 
310620005680467 SHC1 20000 
310620005680468 SHC1 20000 
310620005680469 SHC1 20000 
310620005680470 SHC1 20000 
310620005680471 SHC1 20000 
310620005680472 SHC1 20000 
310620005680473 SHC1 20000 
310620005680474 SHC1 20000 
310620005680475 SHC1 20000 
310620005680476 SHC1 20000 
310620005680477 SHC1 20000 
310620005680478 SHC1 20000 
310620005680479 SHC1 20000 
310620005680480 SHC1 20000 
310620005680481 SHC1 20000 
310620005680482 SHC1 20000 
310620005680483 SHC1 20000 
310620005680484 SHC1 20000 
310620005680485 SHC1 20000 
310620005680486 SHC1 20000 
310620005680487 SHC1 20000 
310620005680488 SHC1 20000 
310620005680489 SHC1 20000 
310620005680490 SHC1 20000 
310620005680491 SHC1 20000 
310620005680492 SHC1 20000 
310620005680493 SHC1 20000 
310620005680494 SHC1 20000 
310620005680495 SHC1 20000 
310620005680496 SHC1 20000 
310620005680497 SHC1 20000 
310620005680498 SHC1 20000 
310620005680499 SHC1 20000 
310620005680500 SHC1 20000 
310620005680501 SHC1 20000 
310620005680502 SHC1 20000 
310620005680503 SHC1 20000 
310620005680504 SHC1 20000 
310620005680505 SHC1 20000 
310620005680506 SHC1 20000 
310620005680507 SHC1 20000 
310620005680508 SHC1 20000 
310620005680509 SHC1 20000 
310620005680510 SHC1 20000 
310620005680511 SHC1 20000 
310620005680512 SHC1 20000 
310620005680513 SHC1 20000 
310620005680514 SHC1 20000 
310620005680515 SHC1 20000 
310620005680516 SHC1 20000 
310620005680517 SHC1 20000 
310620005680518 SHC1 20000 
310620005680519 SHC1 20000 
310620005680520 SHC1 20000 
310620005680521 SHC1 20000 
310620005680522 SHC1 20000 
310620005680523 SHC1 20000 
310620005680524 SHC1 20000 
310620005680525 SHC1 20000 
310620005680526 SHC1 20000 
310620005680527 SHC1 20000 
310620005680528 SHC1 20000 
310620005680529 SHC1 20000 
310620005680530 SHC1 20000 
310620005680531 SHC1 20000 
310620005680532 SHC1 20000 
310620005680533 SHC1 20000 
310620005680534 SHC1 20000 
310620005680535 SHC1 20000 
310620005680536 SHC1 20000 
310620005680537 SHC1 20000 
310620005680538 SHC1 20000 
310620005680539 SHC1 20000 
310620005680540 SHC1 20000 
310620005680541 SHC1 20000 
310620005680542 SHC1 20000 
310620005680543 SHC1 20000 
310620005680544 SHC1 20000 
310620005680545 SHC1 20000 
310620005680546 SHC1 20000 
310620005680547 SHC1 20000 
310620005680548 SHC1 20000 
310620005680549 SHC1 20000 
310620005680550 SHC1 20000 
310620005680551 SHC1 20000 
310620005680552 SHC1 20000 
310620005680553 SHC1 20000 
310620005680554 SHC1 20000 
310620005680555 SHC1 20000 
310620005680557 SHC1 20000 
310620005680558 SHC1 20000 
310620005680559 SHC1 20000 
310620005680560 SHC1 20000 
310620005680561 SHC1 20000 
310620005690001 SHC1 20000 
310620005690003 SHC1 20000 
310620005690004 SHC1 20000 
310620005690005 SHC1 20000 
310620005690006 SHC1 20000 
310620005690007 SHC1 20000 
310620005690008 SHC1 20000 
310620025610003 SHC1 20000 
310620025610004 SHC1 20000 
310620025610005 SHC1 20000 
310620025610006 SHC1 20000 
310620025610007 SHC1 20000 
310620025610013 SHC1 20000 
310620025610015 SHC1 20000 
310620025610016 SHC1 20000 
310620025610017 SHC1 20000 
310620025610022 SHC1 20000 
310620025610023 SHC1 20000 
310620025610024 SHC1 20000 
310620025610025 SHC1 20000 
310620025610026 SHC1 20000 
310620025610027 SHC1 20000 
310620025610028 SHC1 20000 
310620025610029 SHC1 20000 
310620025610030 SHC1 20000 
310620025610031 SHC1 20000 
310620025610032 SHC1 20000 
310620025610034 SHC1 20000 
310620025610035 SHC1 20000 
310620025610037 SHC1 20000 
310620025610039 SHC1 20000 
310620025610040 SHC1 20000 
310620025610043 SHC1 20000 
310620025610045 SHC1 20000 
310620025610047 SHC1 20000 
310620025610049 SHC1 20000 
310620025610051 SHC1 20000 
310620025610052 SHC1 20000 
310620025610053 SHC1 20000 
310620025610054 SHC1 20000 
310620025610055 SHC1 20000 
310620025610056 SHC1 20000 
310620025610058 SHC1 20000 
310620025610059 SHC1 20000 
310620025610060 SHC1 20000 
310620025610061 SHC1 20000 
310620025610062 SHC1 20000 
310620025610063 SHC1 20000 
310620025610064 SHC1 20000 
310620025610066 SHC1 20000 
310620025610067 SHC1 20000 
310620025610068 SHC1 20000 
310620025610070 SHC1 20000 
310620025610071 SHC1 20000 
310620025610072 SHC1 20000 
310620025610073 SHC1 20000 
310620025610074 SHC1 20000 
310620025610075 SHC1 20000 
310620025610077 SHC1 20000 
310620025610078 SHC1 20000 
310620025610079 SHC1 20000 
310620025610080 SHC1 20000 
310620025610082 SHC1 20000 
310620025610083 SHC1 20000 
310620025610086 SHC1 20000 
310620025610088 SHC1 20000 
310620025610090 SHC1 20000 
310620025610091 SHC1 20000 
310620025610092 SHC1 20000 
310620025610093 SHC1 20000 
310620025610095 SHC1 20000 
310620025610096 SHC1 20000 
310620025610097 SHC1 20000 
310620025610098 SHC1 20000 
310620025610099 SHC1 20000 
310620025610101 SHC1 20000 
310620025610102 SHC1 20000 
310620025610103 SHC1 20000 
310620025610104 SHC1 20000 
310620025610106 SHC1 20000 
310620025610107 SHC1 20000 
310620025610108 SHC1 20000 
310620025610111 SHC1 20000 
310620025610114 SHC1 20000 
310620025610115 SHC1 20000 
310620025610117 SHC1 20000 
310620025610118 SHC1 20000 
310620025610119 SHC1 20000 
310620025610122 SHC1 20000 
310620025610123 SHC1 20000 
310620025610124 SHC1 20000 
310620025610126 SHC1 20000 
310620025610127 SHC1 20000 
310620025610128 SHC1 20000 
310620025610129 SHC1 20000 
310620025610130 SHC1 20000 
310620025610131 SHC1 20000 
310620025610133 SHC1 20000 
310620025610134 SHC1 20000 
310620025610135 SHC1 20000 
310620025610136 SHC1 20000 
310620025610137 SHC1 20000 
310620025610138 SHC1 20000 
310620025610140 SHC1 20000 
310620025610141 SHC1 20000 
310620025610142 SHC1 20000 
310620025610144 SHC1 20000 
310620025610145 SHC1 20000 
310620025610146 SHC1 20000 
310620025610147 SHC1 20000 
310620025610148 SHC1 20000 
310620025610149 SHC1 20000 
310620025610150 SHC1 20000 
310620025610151 SHC1 20000 
310620025610152 SHC1 20000 
310620025610153 SHC1 20000 
310620025610154 SHC1 20000 
310620025610156 SHC1 20000 
310620025610157 SHC1 20000 
310620025610158 SHC1 20000 
310620025610161 SHC1 20000 
310620025610162 SHC1 20000 
310620025610163 SHC1 20000 
310620025610164 SHC1 20000 
310620025610165 SHC1 20000 
310620025610166 SHC1 20000 
310620025610167 SHC1 20000 
310620025610168 SHC1 20000 
310620025610169 SHC1 20000 
310620025610170 SHC1 20000 
310620025610171 SHC1 20000 
310620025610172 SHC1 20000 
310620025610173 SHC1 20000 
310620025610174 SHC1 20000 
310620025610175 SHC1 20000 
310620025610176 SHC1 20000 
310620025610177 SHC1 20000 
310620025610178 SHC1 20000 
310620025610179 SHC1 20000 
310620025610181 SHC1 20000 
310620025610182 SHC1 20000 
310620025610183 SHC1 20000 
310620025610184 SHC1 20000 
310620025610185 SHC1 20000 
310620025610186 SHC1 20000 
310620025610187 SHC1 20000 
310620025610189 SHC1 20000 
310620025610190 SHC1 20000 
310620025610191 SHC1 20000 
310620025610192 SHC1 20000 
310620025610193 SHC1 20000 
310620025610194 SHC1 20000 
310620025610196 SHC1 20000 
310620025610197 SHC1 20000 
310620025610198 SHC1 20000 
310620025610199 SHC1 20000 
310620025610200 SHC1 20000 
310620025610201 SHC1 20000 
310620025610202 SHC1 20000 
310620025610206 SHC1 20000 
310620025610207 SHC1 20000 
310620025610208 SHC1 20000 
310620025610209 SHC1 20000 
310620025610212 SHC1 20000 
310620025610213 SHC1 20000 
310620025610215 SHC1 20000 
310620025610216 SHC1 20000 
310620025610217 SHC1 20000 
310620025610218 SHC1 20000 
310620025610219 SHC1 20000 
310620025610220 SHC1 20000 
310620025610221 SHC1 20000 
310620025610222 SHC1 20000 
310620025610223 SHC1 20000 
310620025610224 SHC1 20000 
310620025610226 SHC1 20000 
310620025610228 SHC1 20000 
310620025610230 SHC1 20000 
310620025610234 SHC1 20000 
310620025610235 SHC1 20000 
310620025610236 SHC1 20000 
310620025610237 SHC1 20000 
310620025610238 SHC1 20000 
310620025610241 SHC1 20000 
310620025610242 SHC1 20000 
310620025610243 SHC1 20000 
310620025610244 SHC1 20000 
310620025610245 SHC1 20000 
310620025610246 SHC1 20000 
310620025610247 SHC1 20000 
310620025610248 SHC1 20000 
310620025610250 SHC1 20000 
310620025610251 SHC1 20000 
310620025610252 SHC1 20000 
310620025610253 SHC1 20000 
310620025610254 SHC1 20000 
310620025610256 SHC1 20000 
310620025610257 SHC1 20000 
310620025610258 SHC1 20000 
310620025610259 SHC1 20000 
310620025610260 SHC1 20000 
310620025610261 SHC1 20000 
310620025610262 SHC1 20000 
310620025610263 SHC1 20000 
310620025610264 SHC1 20000 
310620025610265 SHC1 20000 
310620025610267 SHC1 20000 
310620025610270 SHC1 20000 
310620025610271 SHC1 20000 
310620025610272 SHC1 20000 
310620025610273 SHC1 20000 
310620025610274 SHC1 20000 
310620025610275 SHC1 20000 
310620025610277 SHC1 20000 
310620025610278 SHC1 20000 
310620025610279 SHC1 20000 
310620025610280 SHC1 20000 
310620025610281 SHC1 20000 
310620025610282 SHC1 20000 
310620025610283 SHC1 20000 
310620025610284 SHC1 20000 
310620025610285 SHC1 20000 
310620025610286 SHC1 20000 
310620025610288 SHC1 20000 
310620025610289 SHC1 20000 
310620025610290 SHC1 20000 
310620025610291 SHC1 20000 
310620025610293 SHC1 20000 
310620025610294 SHC1 20000 
310620025610295 SHC1 20000 
310620025610296 SHC1 20000 
310620025610297 SHC1 20000 
310620025610298 SHC1 20000 
310620025610299 SHC1 20000 
310620025610300 SHC1 20000 
310620025610301 SHC1 20000 
310620025610302 SHC1 20000 
310620025610303 SHC1 20000 
310620025610304 SHC1 20000 
310620025610305 SHC1 20000 
310620025610306 SHC1 20000 
310620025610307 SHC1 20000 
310620025610308 SHC1 20000 
310620025610309 SHC1 20000 
310620025610311 SHC1 20000 
310620025610312 SHC1 20000 
310620025610313 SHC1 20000 
310620025610314 SHC1 20000 
310620025610315 SHC1 20000 
310620025610317 SHC1 20000 
310620025610318 SHC1 20000 
310620025610319 SHC1 20000 
310620025610320 SHC1 20000 
310620025610321 SHC1 20000 
310620025610322 SHC1 20000 
310620025610323 SHC1 20000 
310620025610324 SHC1 20000 
310620025610325 SHC1 20000 
310620025610326 SHC1 20000 
310620025610327 SHC1 20000 
310620025610328 SHC1 20000 
310620025610329 SHC1 20000 
310620025610330 SHC1 20000 
310620025610331 SHC1 20000 
310620025610332 SHC1 20000 
310620025610335 SHC1 20000 
310620025610337 SHC1 20000 
310620025610338 SHC1 20000 
310620025610339 SHC1 20000 
310620025610340 SHC1 20000 
310620025610341 SHC1 20000 
310620025610343 SHC1 20000 
310620025610344 SHC1 20000 
310620025610346 SHC1 20000 
310620025610347 SHC1 20000 
310620025610348 SHC1 20000 
310620025610349 SHC1 20000 
310620025610350 SHC1 20000 
310620025610352 SHC1 20000 
310620025610353 SHC1 20000 
310620025610354 SHC1 20000 
310620025610355 SHC1 20000 
310620025610356 SHC1 20000 
310620025610357 SHC1 20000 
310620025610358 SHC1 20000 
310620025610359 SHC1 20000 
310620025610360 SHC1 20000 
310620025610361 SHC1 20000 
310620025610362 SHC1 20000 
310620025610363 SHC1 20000 
310620025610364 SHC1 20000 
310620025610366 SHC1 20000 
310620025610367 SHC1 20000 
310620025610368 SHC1 20000 
310620025610369 SHC1 20000 
310620025610370 SHC1 20000 
310620025610371 SHC1 20000 
310620025610372 SHC1 20000 
310620025610373 SHC1 20000 
310620025610374 SHC1 20000 
310620025610375 SHC1 20000 
310620025610376 SHC1 20000 
310620025610377 SHC1 20000 
310620025610378 SHC1 20000 
310620025610379 SHC1 20000 
310620025610380 SHC1 20000 
310620025610381 SHC1 20000 
310620025610382 SHC1 20000 
310620025610383 SHC1 20000 
310620025610384 SHC1 20000 
310620025610385 SHC1 20000 
310620025610386 SHC1 20000 
310620025610387 SHC1 20000 
310620025610388 SHC1 20000 
310620025610389 SHC1 20000 
310620025610390 SHC1 20000 
310620025610391 SHC1 20000 
310620025610392 SHC1 20000 
310620025610393 SHC1 20000 
310620025610394 SHC1 20000 
310620025610395 SHC1 20000 
310620025610397 SHC1 20000 
310620025610398 SHC1 20000 
310620025610399 SHC1 20000 
310620025610400 SHC1 20000 
310620025610401 SHC1 20000 
310620025610402 SHC1 20000 
310620025610403 SHC1 20000 
310620025610404 SHC1 20000 
310620025610405 SHC1 20000 
310620025610406 SHC1 20000 
310620025610407 SHC1 20000 
310620025610409 SHC1 20000 
310620025610410 SHC1 20000 
310620025610411 SHC1 20000 
310620025610412 SHC1 20000 
310620025610413 SHC1 20000 
310620025610414 SHC1 20000 
310620025610415 SHC1 20000 
310620025610416 SHC1 20000 
310620025610417 SHC1 20000 
310620025610418 SHC1 20000 
310620025610419 SHC1 20000 
310620025610420 SHC1 20000 
310620025610421 SHC1 20000 
310620025610425 SHC1 20000 
310620025610426 SHC1 20000 
310620025610427 SHC1 20000 
310620025610428 SHC1 20000 
310620025610429 SHC1 20000 
310620025610430 SHC1 20000 
310620025610431 SHC1 20000 
310620025610433 SHC1 20000 
310620025610434 SHC1 20000 
310620025610435 SHC1 20000 
310620025610436 SHC1 20000 
310620025610437 SHC1 20000 
310620025610439 SHC1 20000 
310620025610440 SHC1 20000 
310620025610441 SHC1 20000 
310620025610442 SHC1 20000 
310620025610443 SHC1 20000 
310620025610445 SHC1 20000 
310620025610446 SHC1 20000 
310620025610447 SHC1 20000 
310620025610449 SHC1 20000 
310620025610452 SHC1 20000 
310620025610453 SHC1 20000 
310620025610454 SHC1 20000 
310620025610455 SHC1 20000 
310620025610456 SHC1 20000 
310620025610457 SHC1 20000 
310620025610458 SHC1 20000 
310620025610459 SHC1 20000 
310620025610460 SHC1 20000 
310620025610461 SHC1 20000 
310620025610462 SHC1 20000 
310620025610463 SHC1 20000 
310620025610464 SHC1 20000 
310620025610465 SHC1 20000 
310620025610466 SHC1 20000 
310620025610467 SHC1 20000 
310620025610468 SHC1 20000 
310620025610469 SHC1 20000 
310620025610470 SHC1 20000 
310620025610471 SHC1 20000 
310620025610472 SHC1 20000 
310620025610473 SHC1 20000 
310620025610477 SHC1 20000 
310620025610478 SHC1 20000 
310620025610479 SHC1 20000 
310620025610480 SHC1 20000 
310620025610481 SHC1 20000 
310620025610482 SHC1 20000 
310620025610483 SHC1 20000 
310620025610484 SHC1 20000 
310620025610485 SHC1 20000 
310620025610486 SHC1 20000 
310620025610488 SHC1 20000 
310620025610489 SHC1 20000 
310620025610490 SHC1 20000 
310620025610491 SHC1 20000 
310620025610492 SHC1 20000 
310620025610493 SHC1 20000 
310620025610494 SHC1 20000 
310620025610495 SHC1 20000 
310620025610496 SHC1 20000 
310620025610497 SHC1 20000 
310620025610498 SHC1 20000 
310620025610499 SHC1 20000 
310620025610500 SHC1 20000 
310620025610501 SHC1 20000 
310620025610502 SHC1 20000 
310620025610503 SHC1 20000 
310620025610504 SHC1 20000 
310620025610505 SHC1 20000 
310620025610506 SHC1 20000 
310620025610507 SHC1 20000 
310620025610508 SHC1 20000 
310620025610509 SHC1 20000 
310620025610510 SHC1 20000 
310620025610511 SHC1 20000 
310620025610512 SHC1 20000 
310620025610513 SHC1 20000 
310620025610514 SHC1 20000 
310620025610515 SHC1 20000 
310620025610516 SHC1 20000 
310620025610517 SHC1 20000 
310620025610520 SHC1 20000 
310620025610521 SHC1 20000 
310620025610522 SHC1 20000 
310620025610523 SHC1 20000 
310620025610524 SHC1 20000 
310620025610525 SHC1 20000 
310620025610526 SHC1 20000 
310620025610527 SHC1 20000 
310620025610528 SHC1 20000 
310620025610529 SHC1 20000 
310620025610530 SHC1 20000 
310620025610531 SHC1 20000 
310620025610532 SHC1 20000 
310620025610533 SHC1 20000 
310620025610534 SHC1 20000 
310620025610535 SHC1 20000 
310620025610536 SHC1 20000 
310620025610537 SHC1 20000 
310620025610538 SHC1 20000 
310620025610539 SHC1 20000 
310620025610540 SHC1 20000 
310620025610541 SHC1 20000 
310620025610542 SHC1 20000 
310620025610543 SHC1 20000 
310620025610544 SHC1 20000 
310620025610545 SHC1 20000 
310620025610546 SHC1 20000 
310620025610547 SHC1 20000 
310620025610548 SHC1 20000 
310620025610549 SHC1 20000 
310620025610550 SHC1 20000 
310620025610551 SHC1 20000 
310620025610552 SHC1 20000 
310620025610553 SHC1 20000 
310620025610554 SHC1 20000 
310620025610555 SHC1 20000 
310620025610556 SHC1 20000 
310620025610557 SHC1 20000 
310620025610558 SHC1 20000 
310620025610559 SHC1 20000 
310620025610560 SHC1 20000 
310620025610561 SHC1 20000 
310620025610562 SHC1 20000 
310620025610563 SHC1 20000 
310620025610564 SHC1 20000 
310620025610565 SHC1 20000 
310620025610566 SHC1 20000 
310620025610567 SHC1 20000 
310620025610568 SHC1 20000 
310620025610569 SHC1 20000 
310620025610570 SHC1 20000 
310620025610571 SHC1 20000 
310620025610572 SHC1 20000 
310620025610573 SHC1 20000 
310620025610574 SHC1 20000 
310620025610575 SHC1 20000 
310620025610576 SHC1 20000 
310620025610577 SHC1 20000 
310620025610578 SHC1 20000 
310620025610579 SHC1 20000 
310620025610580 SHC1 20000 
310620025610581 SHC1 20000 
310620025610582 SHC1 20000 
310620025610583 SHC1 20000 
310620025610584 SHC1 20000 
310620025610585 SHC1 20000 
310620025610586 SHC1 20000 
310620025610587 SHC1 20000 
310620025610588 SHC1 20000 
310620025610589 SHC1 20000 
310620025610590 SHC1 20000 
310620025610591 SHC1 20000 
310620025610592 SHC1 20000 
310620025610593 SHC1 20000 
310620025610594 SHC1 20000 
310620025610595 SHC1 20000 
310620025610596 SHC1 20000 
310620025610597 SHC1 20000 
310620025610598 SHC1 20000 
310620025610599 SHC1 20000 
310620025610600 SHC1 20000 
310620025610601 SHC1 20000 
310620025610602 SHC1 20000 
310620025610603 SHC1 20000 
310620025610604 SHC1 20000 
310620025610605 SHC1 20000 
310620025610606 SHC1 20000 
310620025610607 SHC1 20000 
310620025610608 SHC1 20000 
310620025610609 SHC1 20000 
310620025610610 SHC1 20000 
310620025610611 SHC1 20000 
310620025610612 SHC1 20000 
310620025610613 SHC1 20000 
310620025610614 SHC1 20000 
310620025610615 SHC1 20000 
310620025610616 SHC1 20000 
310620025610617 SHC1 20000 
310620025610618 SHC1 20000 
310620025610620 SHC1 20000 
310620025610621 SHC1 20000 
310620025610622 SHC1 20000 
310620025610623 SHC1 20000 
310620025610624 SHC1 20000 
310620025610625 SHC1 20000 
310620025610626 SHC1 20000 
310620025610627 SHC1 20000 
310620025610628 SHC1 20000 
310620025610629 SHC1 20000 
310620025610630 SHC1 20000 
310620025610631 SHC1 20000 
310620025610632 SHC1 20000 
310620025610633 SHC1 20000 
310620025610634 SHC1 20000 
310620025610635 SHC1 20000 
310620025610636 SHC1 20000 
310620025610637 SHC1 20000 
310620025610638 SHC1 20000 
310620025610639 SHC1 20000 
310620025610640 SHC1 20000 
310620025610641 SHC1 20000 
310620025610642 SHC1 20000 
310620025610643 SHC1 20000 
310620025610645 SHC1 20000 
310620025610646 SHC1 20000 
310620025610647 SHC1 20000 
310620025610648 SHC1 20000 
310620025610649 SHC1 20000 
310620025610651 SHC1 20000 
310620025610652 SHC1 20000 
310620025610653 SHC1 20000 
310620025610654 SHC1 20000 
310620025610655 SHC1 20000 
310620025610656 SHC1 20000 
310620025610657 SHC1 20000 
310620025610659 SHC1 20000 
310620025610660 SHC1 20000 
310620025610661 SHC1 20000 
310620025610662 SHC1 20000 
310620025610663 SHC1 20000 
310620025610664 SHC1 20000 
310620025610665 SHC1 20000 
310620025670001 SHC1 20000 
310620025670002 SHC1 20000 
310620025670003 SHC1 20000 
310620025670004 SHC1 20000 
310620025670005 SHC1 20000 
310620025670006 SHC1 20000 
310620060640002 SHC1 20000 
310620060640004 SHC1 20000 
310620060640005 SHC1 20000 
310620060640006 SHC1 20000 
310620060640007 SHC1 20000 
310620060640008 SHC1 20000 
310620060640009 SHC1 20000 
310620060640010 SHC1 20000 
310620060640011 SHC1 20000 
310620060640012 SHC1 20000 
310620060640014 SHC1 20000 
310620060640015 SHC1 20000 
310620060640016 SHC1 20000 
310620060640017 SHC1 20000 
310620060640021 SHC1 20000 
310620060640024 SHC1 20000 
310620060640025 SHC1 20000 
310620060640027 SHC1 20000 
310620060640028 SHC1 20000 
310620060640029 SHC1 20000 
310620060640031 SHC1 20000 
310620060640033 SHC1 20000 
310620060640035 SHC1 20000 
310620060640036 SHC1 20000 
310620060640037 SHC1 20000 
310620060640040 SHC1 20000 
310620060640041 SHC1 20000 
310620060640042 SHC1 20000 
310620060640043 SHC1 20000 
310620060640044 SHC1 20000 
310620060640045 SHC1 20000 
310620060640047 SHC1 20000 
310620060640048 SHC1 20000 
310620060640049 SHC1 20000 
310620060640050 SHC1 20000 
310620060640052 SHC1 20000 
310620060640053 SHC1 20000 
310620060640057 SHC1 20000 
310620060640060 SHC1 20000 
310620060640061 SHC1 20000 
310620060640063 SHC1 20000 
310620060640068 SHC1 20000 
310620060640070 SHC1 20000 
310620060640071 SHC1 20000 
310620060640072 SHC1 20000 
310620060640073 SHC1 20000 
310620060640074 SHC1 20000 
310620060640075 SHC1 20000 
310620060640077 SHC1 20000 
310620060640078 SHC1 20000 
310620060640079 SHC1 20000 
310620060640080 SHC1 20000 
310620060640081 SHC1 20000 
310620060640082 SHC1 20000 
310620060640086 SHC1 20000 
310620060640087 SHC1 20000 
310620060640089 SHC1 20000 
310620060640090 SHC1 20000 
310620060640091 SHC1 20000 
310620060640092 SHC1 20000 
310620060640093 SHC1 20000 
310620060640095 SHC1 20000 
310620060640098 SHC1 20000 
310620060640101 SHC1 20000 
310620060640102 SHC1 20000 
310620060640104 SHC1 20000 
310620060640106 SHC1 20000 
310620060640108 SHC1 20000 
310620060640109 SHC1 20000 
310620060640111 SHC1 20000 
310620060640113 SHC1 20000 
310620060640114 SHC1 20000 
310620060640115 SHC1 20000 
310620060640116 SHC1 20000 
310620060640117 SHC1 20000 
310620060640118 SHC1 20000 
310620060640119 SHC1 20000 
310620060640121 SHC1 20000 
310620060640124 SHC1 20000 
310620060640125 SHC1 20000 
310620060640126 SHC1 20000 
310620060640128 SHC1 20000 
310620060640130 SHC1 20000 
310620060640131 SHC1 20000 
310620060640132 SHC1 20000 
310620060640133 SHC1 20000 
310620060640135 SHC1 20000 
310620060640136 SHC1 20000 
310620060640137 SHC1 20000 
310620060640138 SHC1 20000 
310620060640139 SHC1 20000 
310620060640140 SHC1 20000 
310620060640141 SHC1 20000 
310620060640142 SHC1 20000 
310620060640143 SHC1 20000 
310620060640144 SHC1 20000 
310620060640145 SHC1 20000 
310620060640146 SHC1 20000 
310620060640147 SHC1 20000 
310620060640148 SHC1 20000 
310620060640150 SHC1 20000 
310620060640151 SHC1 20000 
310620060640152 SHC1 20000 
310620060640153 SHC1 20000 
310620060640154 SHC1 20000 
310620060640155 SHC1 20000 
310620060640156 SHC1 20000 
310620060640157 SHC1 20000 
310620060640158 SHC1 20000 
310620060640159 SHC1 20000 
310620060640162 SHC1 20000 
310620060640164 SHC1 20000 
310620060640165 SHC1 20000 
310620060640166 SHC1 20000 
310620060640167 SHC1 20000 
310620060640168 SHC1 20000 
310620060640169 SHC1 20000 
310620060640170 SHC1 20000 
310620060640171 SHC1 20000 
310620060640173 SHC1 20000 
310620060640174 SHC1 20000 
310620060640175 SHC1 20000 
310620060640176 SHC1 20000 
310620060640177 SHC1 20000 
310620060640178 SHC1 20000 
310620060640179 SHC1 20000 
310620060640181 SHC1 20000 
310620060640182 SHC1 20000 
310620060640183 SHC1 20000 
310620060640185 SHC1 20000 
310620060640187 SHC1 20000 
310620060640188 SHC1 20000 
310620060640189 SHC1 20000 
310620060640190 SHC1 20000 
310620060640191 SHC1 20000 
310620060640192 SHC1 20000 
310620060640193 SHC1 20000 
310620060640194 SHC1 20000 
310620060640197 SHC1 20000 
310620060640198 SHC1 20000 
310620060640199 SHC1 20000 
310620060640200 SHC1 20000 
310620060640201 SHC1 20000 
310620060640202 SHC1 20000 
310620060640203 SHC1 20000 
310620060640204 SHC1 20000 
310620060640205 SHC1 20000 
310620060640206 SHC1 20000 
310620060640207 SHC1 20000 
310620060640208 SHC1 20000 
310620060640209 SHC1 20000 
310620060640210 SHC1 20000 
310620060640213 SHC1 20000 
310620060640214 SHC1 20000 
310620060640215 SHC1 20000 
310620060640216 SHC1 20000 
310620060640217 SHC1 20000 
310620060640218 SHC1 20000 
310620060640220 SHC1 20000 
310620060640221 SHC1 20000 
310620060640222 SHC1 20000 
310620060640226 SHC1 20000 
310620060640227 SHC1 20000 
310620060640228 SHC1 20000 
310620060640229 SHC1 20000 
310620060640230 SHC1 20000 
310620060640231 SHC1 20000 
310620060640233 SHC1 20000 
310620060640235 SHC1 20000 
310620060640236 SHC1 20000 
310620060640237 SHC1 20000 
310620060640238 SHC1 20000 
310620060640239 SHC1 20000 
310620060640240 SHC1 20000 
310620060640241 SHC1 20000 
310620060640242 SHC1 20000 
310620060640243 SHC1 20000 
310620060640244 SHC1 20000 
310620060640245 SHC1 20000 
310620060640246 SHC1 20000 
310620060640247 SHC1 20000 
310620060640248 SHC1 20000 
310620060640249 SHC1 20000 
310620060640250 SHC1 20000 
310620060640251 SHC1 20000 
310620060640252 SHC1 20000 
310620060640253 SHC1 20000 
310620060640254 SHC1 20000 
310620060640255 SHC1 20000 
310620060640256 SHC1 20000 
310620060640257 SHC1 20000 
310620060640258 SHC1 20000 
310620060640259 SHC1 20000 
310620060640260 SHC1 20000 
310620060640261 SHC1 20000 
310620060640262 SHC1 20000 
310620060640263 SHC1 20000 
310620060640264 SHC1 20000 
310620060640265 SHC1 20000 
310620060640266 SHC1 20000 
310620060640270 SHC1 20000 
310620060640271 SHC1 20000 
310620060640272 SHC1 20000 
310620060640273 SHC1 20000 
310620060640274 SHC1 20000 
310620060640275 SHC1 20000 
310620060640276 SHC1 20000 
310620060640277 SHC1 20000 
310620060640278 SHC1 20000 
310620060640279 SHC1 20000 
310620060640280 SHC1 20000 
310620060640281 SHC1 20000 
310620060640283 SHC1 20000 
310620060640284 SHC1 20000 
310620060640285 SHC1 20000 
310620060640288 SHC1 20000 
310620060640291 SHC1 20000 
310620060640292 SHC1 20000 
310620060640293 SHC1 20000 
310620060640294 SHC1 20000 
310620060640296 SHC1 20000 
310620060640297 SHC1 20000 
310620060640298 SHC1 20000 
310620060640299 SHC1 20000 
310620060640300 SHC1 20000 
310620060640301 SHC1 20000 
310620060640302 SHC1 20000 
310620060640303 SHC1 20000 
310620060640304 SHC1 20000 
310620060640305 SHC1 20000 
310620060640306 SHC1 20000 
310620060640307 SHC1 20000 
310620060640308 SHC1 20000 
310620060640309 SHC1 20000 
310620060640310 SHC1 20000 
310620060640311 SHC1 20000 
310620060640312 SHC1 20000 
310620060640314 SHC1 20000 
310620060640315 SHC1 20000 
310620060640316 SHC1 20000 
310620060640317 SHC1 20000 
310620060640318 SHC1 20000 
310620060640319 SHC1 20000 
310620060640320 SHC1 20000 
310620060640321 SHC1 20000 
310620060640322 SHC1 20000 
310620060640323 SHC1 20000 
310620060640324 SHC1 20000 
310620060640325 SHC1 20000 
310620060640326 SHC1 20000 
310620060640327 SHC1 20000 
310620060640328 SHC1 20000 
310620060640329 SHC1 20000 
310620060640330 SHC1 20000 
310620060640331 SHC1 20000 
310620060640332 SHC1 20000 
310620060640333 SHC1 20000 
310620060640334 SHC1 20000 
310620060640337 SHC1 20000 
310620060640339 SHC1 20000 
310620060640340 SHC1 20000 
310620060640341 SHC1 20000 
310620060640342 SHC1 20000 
310620060640343 SHC1 20000 
310620060640344 SHC1 20000 
310620060640345 SHC1 20000 
310620060640346 SHC1 20000 
310620060640347 SHC1 20000 
310620060640348 SHC1 20000 
310620060640349 SHC1 20000 
310620060640350 SHC1 20000 
310620060640351 SHC1 20000 
310620060640352 SHC1 20000 
310620060640353 SHC1 20000 
310620060640354 SHC1 20000 
310620060640355 SHC1 20000 
310620060640356 SHC1 20000 
310620060640357 SHC1 20000 
310620060640358 SHC1 20000 
310620060640359 SHC1 20000 
310620060640360 SHC1 20000 
310620060640362 SHC1 20000 
310620060640363 SHC1 20000 
310620060640364 SHC1 20000 
310620060640365 SHC1 20000 
310620060640366 SHC1 20000 
310620060640367 SHC1 20000 
310620060640368 SHC1 20000 
310620060640369 SHC1 20000 
310620060640370 SHC1 20000 
310620060640371 SHC1 20000 
310620060640372 SHC1 20000 
310620060640374 SHC1 20000 
310620060640375 SHC1 20000 
310620060640376 SHC1 20000 
310620060640377 SHC1 20000 
310620060640378 SHC1 20000 
310620060640379 SHC1 20000 
310620060640380 SHC1 20000 
310620060640381 SHC1 20000 
310620060640382 SHC1 20000 
310620060640383 SHC1 20000 
310620060640384 SHC1 20000 
310620060640385 SHC1 20000 
310620060640386 SHC1 20000 
310620060640387 SHC1 20000 
310620060640388 SHC1 20000 
310620060640389 SHC1 20000 
310620060640390 SHC1 20000 
310620060640391 SHC1 20000 
310620060640392 SHC1 20000 
310620060640393 SHC1 20000 
310620060640394 SHC1 20000 
310620060640395 SHC1 20000 
310620060640397 SHC1 20000 
310620060640399 SHC1 20000 
310620060640400 SHC1 20000 
310620060640401 SHC1 20000 
310620060640402 SHC1 20000 
310620060640403 SHC1 20000 
310620060640404 SHC1 20000 
310620060640405 SHC1 20000 
310620060640406 SHC1 20000 
310620060640407 SHC1 20000 
310620060640408 SHC1 20000 
310620060640409 SHC1 20000 
310620060640410 SHC1 20000 
310620060640411 SHC1 20000 
310620060640412 SHC1 20000 
310620060640413 SHC1 20000 
310620060640414 SHC1 20000 
310620060640415 SHC1 20000 
310620060640416 SHC1 20000 
310620060640417 SHC1 20000 
310620060640418 SHC1 20000 
310620060640419 SHC1 20000 
310620060640420 SHC1 20000 
310620060640421 SHC1 20000 
310620060640422 SHC1 20000 
310620060640424 SHC1 20000 
310620060640425 SHC1 20000 
310620060640426 SHC1 20000 
310620060640427 SHC1 20000 
310620060640428 SHC1 20000 
310620060640429 SHC1 20000 
310620060640430 SHC1 20000 
310620060640431 SHC1 20000 
310620060640432 SHC1 20000 
310620060640433 SHC1 20000 
310620060640434 SHC1 20000 
310620060640435 SHC1 20000 
310620060640436 SHC1 20000 
310620060640438 SHC1 20000 
310620060640439 SHC1 20000 
310620060640440 SHC1 20000 
310620060640441 SHC1 20000 
310620060640442 SHC1 20000 
310620060640443 SHC1 20000 
310620060640444 SHC1 20000 
310620060640445 SHC1 20000 
310620060640446 SHC1 20000 
310620060640447 SHC1 20000 
310620060640448 SHC1 20000 
310620060640449 SHC1 20000 
310620060640450 SHC1 20000 
310620060640451 SHC1 20000 
310620060660001 SHC1 20000 
310620060660002 SHC1 20000 
310620060660003 SHC1 20000 
310620060660004 SHC1 20000 
310620060660005 SHC1 20000 
310620060660006 SHC1 20000 
310620060660007 SHC1 20000 
310620060660008 SHC1 20000 
310620060660009 SHC1 20000 
310620060660010 SHC1 20000 
310620060660011 SHC1 20000 
310620060660012 SHC1 20000 
310620060660013 SHC1 20000 
310620060660014 SHC1 20000 
310620060660015 SHC1 20000 
310620060660016 SHC1 20000 
310620060660017 SHC1 20000 
310620060660018 SHC1 20000 
310620060660019 SHC1 20000 
310620060660020 SHC1 20000 
310620060660021 SHC1 20000 
310620060660022 SHC1 20000 
310620060660023 SHC1 20000 
310620060660024 SHC1 20000 
310620060660025 SHC1 20000 
310620060660026 SHC1 20000 
310620060660027 SHC1 20000 
310620060660028 SHC1 20000 
310620060660029 SHC1 20000 
310620060660030 SHC1 20000 
310620060660031 SHC1 20000 
310620060660032 SHC1 20000 
310620060660033 SHC1 20000 
310620060660034 SHC1 20000 
310620060660035 SHC1 20000 
310620060660036 SHC1 20000 
310620060660039 SHC1 20000 
310620060660040 SHC1 20000 
310620060660042 SHC1 20000 
310620060660043 SHC1 20000 
310620060660044 SHC1 20000 
310620060660045 SHC1 20000 
310620060660047 SHC1 20000 
310620060660048 SHC1 20000 
310620060660049 SHC1 20000 
310620060660050 SHC1 20000 
310620060660051 SHC1 20000 
310620060660053 SHC1 20000 
310620060660054 SHC1 20000 
310620060660055 SHC1 20000 
310620060660056 SHC1 20000 
310620060660057 SHC1 20000 
310620060660058 SHC1 20000 
310620060660059 SHC1 20000 
310620060660060 SHC1 20000 
310620060660061 SHC1 20000 
310620060660062 SHC1 20000 
310620060660063 SHC1 20000 
310620060660064 SHC1 20000 
310620060660065 SHC1 20000 
310620060660066 SHC1 20000 
310620060660067 SHC1 20000 
310620060660068 SHC1 20000 
310620060660069 SHC1 20000 
310620060660070 SHC1 20000 
310620060660071 SHC1 20000 
310620060660072 SHC1 20000 
310620060660073 SHC1 20000 
310620060660075 SHC1 20000 
310620060660076 SHC1 20000 
310620060660077 SHC1 20000 
310620060660079 SHC1 20000 
310620060660080 SHC1 20000 
310620060660081 SHC1 20000 
310620060660082 SHC1 20000 
310620060660083 SHC1 20000 
310620060660084 SHC1 20000 
310620060660085 SHC1 20000 
310620060660086 SHC1 20000 
310620060660087 SHC1 20000 
310620060660088 SHC1 20000 
310620060660089 SHC1 20000 
310620060660090 SHC1 20000 
310620060660091 SHC1 20000 
310620060660093 SHC1 20000 
310620060660094 SHC1 20000 
310620060660095 SHC1 20000 
310620060660097 SHC1 20000 
310620060660098 SHC1 20000 
310620060660100 SHC1 20000 
310620060660101 SHC1 20000 
310620060660102 SHC1 20000 
310620060660103 SHC1 20000 
310620060660105 SHC1 20000 
310620060660106 SHC1 20000 
310620060660107 SHC1 20000 
310620060660108 SHC1 20000 
310620060660109 SHC1 20000 
310620060660110 SHC1 20000 
310620060660111 SHC1 20000 
310620060660112 SHC1 20000 
310620060660113 SHC1 20000 
310620060660114 SHC1 20000 
310620060660115 SHC1 20000 
310620060660116 SHC1 20000 
310620060660117 SHC1 20000 
310620060660119 SHC1 20000 
310620060660120 SHC1 20000 
310620060660121 SHC1 20000 
310620060660122 SHC1 20000 
310620060660123 SHC1 20000 
310620060660124 SHC1 20000 
310620060660125 SHC1 20000 
310620060660126 SHC1 20000 
310620060660127 SHC1 20000 
310620060660128 SHC1 20000 
310620060660129 SHC1 20000 
310620060660130 SHC1 20000 
310620060660139 SHC1 20000 
310620060660141 SHC1 20000 
310620060660142 SHC1 20000 
310620060660143 SHC1 20000 
310620060660144 SHC1 20000 
310620060660145 SHC1 20000 
310620060660146 SHC1 20000 
310620060660147 SHC1 20000 
310620060660148 SHC1 20000 
310620060660150 SHC1 20000 
310620060660151 SHC1 20000 
310620060660152 SHC1 20000 
310620060660153 SHC1 20000 
310620060660154 SHC1 20000 
310620060660155 SHC1 20000 
310620060660156 SHC1 20000 
310620060660157 SHC1 20000 
310620060660159 SHC1 20000 
310620060660160 SHC1 20000 
310620060660162 SHC1 20000 
310620060660163 SHC1 20000 
310620060660164 SHC1 20000 
310620060660165 SHC1 20000 
310620060660166 SHC1 20000 
310620060660167 SHC1 20000 
310620060660168 SHC1 20000 
310620060660169 SHC1 20000 
310620060660170 SHC1 20000 
310620060660171 SHC1 20000 
310620060660174 SHC1 20000 
310620060660175 SHC1 20000 
310620060660176 SHC1 20000 
310620060660177 SHC1 20000 
310620060660178 SHC1 20000 
310620060660179 SHC1 20000 
310620060660180 SHC1 20000 
310620060660181 SHC1 20000 
310620060660182 SHC1 20000 
310620060660183 SHC1 20000 
310620060660184 SHC1 20000 
310620060660185 SHC1 20000 
310620060660187 SHC1 20000 
310620060660189 SHC1 20000 
310620060660190 SHC1 20000 
310620060660191 SHC1 20000 
310620060660193 SHC1 20000 
310620060660194 SHC1 20000 
310620060660195 SHC1 20000 
310620060660196 SHC1 20000 
310620060660197 SHC1 20000 
310620060660198 SHC1 20000 
310620060660199 SHC1 20000 
310620060660201 SHC1 20000 
310620060660202 SHC1 20000 
310620060660203 SHC1 20000 
310620060660205 SHC1 20000 
310620060660206 SHC1 20000 
310620060660207 SHC1 20000 
310620060660208 SHC1 20000 
310620060660209 SHC1 20000 
310620060660211 SHC1 20000 
310620060660212 SHC1 20000 
310620060660213 SHC1 20000 
310620060660214 SHC1 20000 
310620060660215 SHC1 20000 
310620060660217 SHC1 20000 
310620060660218 SHC1 20000 
310620060660219 SHC1 20000 
310620060660220 SHC1 20000 
310620060660221 SHC1 20000 
310620060660222 SHC1 20000 
310620060660223 SHC1 20000 
310620060660224 SHC1 20000 
310620060660225 SHC1 20000 
310620060660226 SHC1 20000 
310620060660227 SHC1 20000 
310620060660228 SHC1 20000 
310620060660229 SHC1 20000 
310620060660230 SHC1 20000 
310620060660231 SHC1 20000 
310620060660232 SHC1 20000 
310620060660233 SHC1 20000 
310620060660234 SHC1 20000 
310620060660235 SHC1 20000 
310620060660236 SHC1 20000 
310620060660237 SHC1 20000 
310620060660238 SHC1 20000 
310620060660239 SHC1 20000 
310620060660240 SHC1 20000 
310620060660241 SHC1 20000 
310620060660242 SHC1 20000 
310620060660243 SHC1 20000 
310620060660244 SHC1 20000 
310620060660246 SHC1 20000 
310620060660247 SHC1 20000 
310620060660248 SHC1 20000 
310620060660249 SHC1 20000 
310620060660250 SHC1 20000 
310620060660251 SHC1 20000 
310620060660252 SHC1 20000 
310620060660253 SHC1 20000 
310620060660254 SHC1 20000 
310620060660255 SHC1 20000 
310620060660256 SHC1 20000 
310620060660259 SHC1 20000 
310620060660260 SHC1 20000 
310620060660261 SHC1 20000 
310620060660262 SHC1 20000 
310620060660263 SHC1 20000 
310620060660264 SHC1 20000 
310620060660265 SHC1 20000 
310620060660266 SHC1 20000 
310620060660267 SHC1 20000 
310620060660268 SHC1 20000 
310620060660269 SHC1 20000 
310620060660270 SHC1 20000 
310620060660271 SHC1 20000 
310620060660272 SHC1 20000 
310620060660273 SHC1 20000 
310620060660274 SHC1 20000 
310620060660275 SHC1 20000 
310620060660276 SHC1 20000 
310620060660277 SHC1 20000 
310620060660278 SHC1 20000 
310620060660279 SHC1 20000 
310620060660280 SHC1 20000 
310620060660281 SHC1 20000 
310620060660282 SHC1 20000 
310620060660283 SHC1 20000 
310620060660284 SHC1 20000 
310620060660285 SHC1 20000 
310620060660286 SHC1 20000 
310620060660287 SHC1 20000 
310620060660288 SHC1 20000 
310620060660289 SHC1 20000 
310620060660293 SHC1 20000 
310620060660294 SHC1 20000 
310620060660295 SHC1 20000 
310620060660296 SHC1 20000 
310620060660298 SHC1 20000 
310620060660299 SHC1 20000 
310620060660300 SHC1 20000 
310620060660301 SHC1 20000 
310620060660302 SHC1 20000 
310620060660303 SHC1 20000 
310620060660304 SHC1 20000 
310620060660305 SHC1 20000 
310620060660306 SHC1 20000 
310620060660309 SHC1 20000 
310620060660310 SHC1 20000 
310620060660313 SHC1 20000 
310620060660314 SHC1 20000 
310620060660315 SHC1 20000 
310620060660316 SHC1 20000 
310620060660317 SHC1 20000 
310620060660318 SHC1 20000 
310620060660319 SHC1 20000 
310620060660320 SHC1 20000 
310620060660321 SHC1 20000 
310620060660322 SHC1 20000 
310620060660323 SHC1 20000 
310620060660327 SHC1 20000 
310620060660328 SHC1 20000 
310620060660329 SHC1 20000 
310620060660330 SHC1 20000 
310620060660331 SHC1 20000 
310620060660332 SHC1 20000 
310620060660333 SHC1 20000 
310620060660334 SHC1 20000 
310620060660335 SHC1 20000 
310620060660336 SHC1 20000 
310620060660338 SHC1 20000 
310620060660339 SHC1 20000 
310620060660340 SHC1 20000 
310620060660341 SHC1 20000 
310620060660342 SHC1 20000 
310620060660343 SHC1 20000 
310620060660344 SHC1 20000 
310620060660345 SHC1 20000 
310620060660346 SHC1 20000 
310620060660347 SHC1 20000 
310620060660348 SHC1 20000 
310620060660349 SHC1 20000 
310620060660350 SHC1 20000 
310620060660351 SHC1 20000 
310620060660352 SHC1 20000 
310620060660353 SHC1 20000 
310620060660354 SHC1 20000 
310620060660355 SHC1 20000 
310620060660356 SHC1 20000 
310620060660357 SHC1 20000 
310620060660358 SHC1 20000 
310620060660359 SHC1 20000 
310620060660360 SHC1 20000 
310620060660361 SHC1 20000 
310620060660362 SHC1 20000 
310620060660363 SHC1 20000 
310620060660364 SHC1 20000 
310620060660365 SHC1 20000 
310620060660366 SHC1 20000 
310620060660367 SHC1 20000 
310620060660368 SHC1 20000 
310620060660369 SHC1 20000 
310620060660371 SHC1 20000 
310620060660372 SHC1 20000 
310620060660373 SHC1 20000 
310620060660374 SHC1 20000 
310620060660376 SHC1 20000 
310620060660377 SHC1 20000 
310620060660379 SHC1 20000 
310620060660380 SHC1 20000 
310620060660381 SHC1 20000 
310620060660382 SHC1 20000 
310620060660383 SHC1 20000 
310620060660384 SHC1 20000 
310620060660385 SHC1 20000 
310620060660386 SHC1 20000 
310620060660387 SHC1 20000 
310620060660388 SHC1 20000 
310620060660389 SHC1 20000 
310620060660390 SHC1 20000 
310620060660391 SHC1 20000 
310620060660393 SHC1 20000 
310620060660395 SHC1 20000 
310620060660396 SHC1 20000 
310620060660397 SHC1 20000 
310620060660398 SHC1 20000 
310620060660399 SHC1 20000 
310620060660400 SHC1 20000 
310620060660401 SHC1 20000 
310620060660402 SHC1 20000 
310620060660403 SHC1 20000 
310620060660404 SHC1 20000 
310620060660405 SHC1 20000 
310620060660406 SHC1 20000 
310620060660407 SHC1 20000 
310620060660408 SHC1 20000 
310620060660409 SHC1 20000 
310620060660410 SHC1 20000 
310620060660411 SHC1 20000 
310620060660412 SHC1 20000 
310620060660413 SHC1 20000 
310620060660414 SHC1 20000 
310620060660415 SHC1 20000 
310620060660416 SHC1 20000 
310620060660417 SHC1 20000 
310620060660418 SHC1 20000 
310620060660419 SHC1 20000 
310620060660420 SHC1 20000 
310620060660421 SHC1 20000 
310620060660422 SHC1 20000 
310620060660423 SHC1 20000 
310620060660424 SHC1 20000 
310620060660425 SHC1 20000 
310620060660426 SHC1 20000 
310620060660427 SHC1 20000 
310620060660428 SHC1 20000 
310620060660429 SHC1 20000 
310620060660430 SHC1 20000 
310620060660431 SHC1 20000 
310620060660432 SHC1 20000 
310620060660433 SHC1 20000 
310620060660434 SHC1 20000 
310620060660436 SHC1 20000 
310620060660437 SHC1 20000 
310620060660438 SHC1 20000 
310620060660439 SHC1 20000 
310620060660440 SHC1 20000 
310620060660441 SHC1 20000 
310620060660442 SHC1 20000 
310620060660443 SHC1 20000 
310620060660444 SHC1 20000 
310620060660445 SHC1 20000 
310620060660446 SHC1 20000 
310620060660447 SHC1 20000 
310620060680002 SHC1 20000 
310620060680003 SHC1 20000 
310620060680004 SHC1 20000 
310620060680005 SHC1 20000 
310620060680006 SHC1 20000 
310620060680007 SHC1 20000 
310620060680008 SHC1 20000 
310620060680010 SHC1 20000 
310620060680011 SHC1 20000 
310620060680012 SHC1 20000 
310620060680013 SHC1 20000 
310620060680014 SHC1 20000 
310620060680015 SHC1 20000 
310620060680016 SHC1 20000 
310620060680018 SHC1 20000 
310620060680019 SHC1 20000 
310620060680020 SHC1 20000 
310620060680021 SHC1 20000 
310620060680022 SHC1 20000 
310620060680023 SHC1 20000 
310620060680024 SHC1 20000 
310620060680025 SHC1 20000 
310620060680026 SHC1 20000 
310620060680027 SHC1 20000 
310620060680028 SHC1 20000 
310620060680029 SHC1 20000 
310620060680030 SHC1 20000 
310620060680031 SHC1 20000 
310620060680032 SHC1 20000 
310620060680033 SHC1 20000 
310620060680035 SHC1 20000 
310620060680036 SHC1 20000 
310620060680037 SHC1 20000 
310620060680039 SHC1 20000 
310620060680040 SHC1 20000 
310620060680041 SHC1 20000 
310620060680042 SHC1 20000 
310620060680043 SHC1 20000 
310620060680044 SHC1 20000 
310620060680045 SHC1 20000 
310620060680046 SHC1 20000 
310620060680048 SHC1 20000 
310620060680049 SHC1 20000 
310620060680050 SHC1 20000 
310620060680051 SHC1 20000 
310620060680052 SHC1 20000 
310620060680053 SHC1 20000 
310620060680056 SHC1 20000 
310620060680058 SHC1 20000 
310620060680059 SHC1 20000 
310620060680061 SHC1 20000 
310620060680062 SHC1 20000 
310620060680063 SHC1 20000 
310620060680064 SHC1 20000 
310620060680066 SHC1 20000 
310620060680067 SHC1 20000 
310620060680068 SHC1 20000 
310620060680069 SHC1 20000 
310620060680071 SHC1 20000 
310620060680072 SHC1 20000 
310620060680073 SHC1 20000 
310620060680074 SHC1 20000 
310620060680075 SHC1 20000 
310620060680076 SHC1 20000 
310620060680077 SHC1 20000 
310620060680078 SHC1 20000 
310620060680079 SHC1 20000 
310620060680080 SHC1 20000 
310620060680081 SHC1 20000 
310620060680082 SHC1 20000 
310620060680083 SHC1 20000 
310620060680084 SHC1 20000 
310620060680085 SHC1 20000 
310620060680086 SHC1 20000 
310620060680088 SHC1 20000 
310620060680090 SHC1 20000 
310620060680091 SHC1 20000 
310620060680092 SHC1 20000 
310620060680093 SHC1 20000 
310620060680094 SHC1 20000 
310620060680095 SHC1 20000 
310620060680096 SHC1 20000 
310620060680097 SHC1 20000 
310620060680098 SHC1 20000 
310620060680099 SHC1 20000 
310620060680100 SHC1 20000 
310620060680101 SHC1 20000 
310620060680102 SHC1 20000 
310620060680103 SHC1 20000 
310620060680104 SHC1 20000 
310620060680105 SHC1 20000 
310620060680106 SHC1 20000 
310620060690001 SHC1 20000 
310620060690002 SHC1 20000 
310620060690003 SHC1 20000 
310620060690004 SHC1 20000 
310620060690005 SHC1 20000 
310620060690006 SHC1 20000 
310620060690007 SHC1 20000 
310620060690008 SHC1 20000 
310620060690009 SHC1 20000 
310620060690011 SHC1 20000 
310620060690012 SHC1 20000 
310620060690014 SHC1 20000 
310620060690015 SHC1 20000 
310620060690016 SHC1 20000 
310620060690017 SHC1 20000 
310620060690018 SHC1 20000 
310620060690019 SHC1 20000 
310620060690020 SHC1 20000 
310620060690021 SHC1 20000 
310620060690022 SHC1 20000 
310620060690023 SHC1 20000 
310620060690024 SHC1 20000 
310620060690025 SHC1 20000 
310620060690026 SHC1 20000 
310620060690027 SHC1 20000 
310620060690028 SHC1 20000 
310620060690029 SHC1 20000 
310620060690030 SHC1 20000 
310620060690031 SHC1 20000 
310620060690033 SHC1 20000 
310620060690034 SHC1 20000 
310620060690035 SHC1 20000 
310620060690036 SHC1 20000 
310620060690037 SHC1 20000 
310620060690038 SHC1 20000 
310620060690040 SHC1 20000 
310620060690041 SHC1 20000 
310620060690042 SHC1 20000 
310620060690044 SHC1 20000 
310620060690045 SHC1 20000 
310620060690046 SHC1 20000 
310620060690047 SHC1 20000 
310620060690049 SHC1 20000 
310620060690050 SHC1 20000 
310620060690051 SHC1 20000 
310620060690053 SHC1 20000 
310620060690054 SHC1 20000 
310620060690055 SHC1 20000 
310620060690056 SHC1 20000 
310620060690057 SHC1 20000 
310620060690058 SHC1 20000 
310620060690059 SHC1 20000 
310620060690060 SHC1 20000 
310620060690061 SHC1 20000 
310620060690062 SHC1 20000 
310620060690063 SHC1 20000 
310620060690064 SHC1 20000 
310620060690065 SHC1 20000 
310620060690068 SHC1 20000 
310620060690069 SHC1 20000 
310620060690071 SHC1 20000 
310620060690072 SHC1 20000 
310620060690073 SHC1 20000 
310620060690075 SHC1 20000 
310620060690076 SHC1 20000 
310620060690077 SHC1 20000 
310620060690079 SHC1 20000 
310620060690080 SHC1 20000 
310620060690081 SHC1 20000 
310620060690082 SHC1 20000 
310620060690083 SHC1 20000 
310620060690084 SHC1 20000 
310620060690085 SHC1 20000 
310620060690087 SHC1 20000 
310620060690088 SHC1 20000 
310620060690090 SHC1 20000 
310620060690092 SHC1 20000 
310620060690093 SHC1 20000 
310620060690095 SHC1 20000 
310620060690096 SHC1 20000 
310620060690097 SHC1 20000 
310620060690098 SHC1 20000 
310620060690099 SHC1 20000 
310620060690100 SHC1 20000 
310620060690102 SHC1 20000 
310620060690105 SHC1 20000 
310620060690106 SHC1 20000 
310620060690109 SHC1 20000 
310620060690110 SHC1 20000 
310620060690111 SHC1 20000 
310620060690112 SHC1 20000 
310620060690113 SHC1 20000 
310620060690114 SHC1 20000 
310620060690115 SHC1 20000 
310620060690116 SHC1 20000 
310620060690117 SHC1 20000 
310620060690118 SHC1 20000 
310620060690120 SHC1 20000 
310620060690121 SHC1 20000 
310620060690123 SHC1 20000 
310620060690124 SHC1 20000 
310620060690125 SHC1 20000 
310620060690126 SHC1 20000 
310620060690127 SHC1 20000 
310620060690129 SHC1 20000 
310620060690130 SHC1 20000 
310620060690131 SHC1 20000 
310620060690132 SHC1 20000 
310620060690133 SHC1 20000 
310620060690134 SHC1 20000 
310620060690135 SHC1 20000 
310620060690137 SHC1 20000 
310620060690138 SHC1 20000 
310620060690140 SHC1 20000 
310620060690141 SHC1 20000 
310620060690142 SHC1 20000 
310620060690143 SHC1 20000 
310620060690144 SHC1 20000 
310620060690145 SHC1 20000 
310620060690146 SHC1 20000 
310620060690147 SHC1 20000 
310620060690148 SHC1 20000 
310620060690149 SHC1 20000 
310620060690150 SHC1 20000 
310620060690151 SHC1 20000 
310620060690152 SHC1 20000 
310620060690153 SHC1 20000 
310620060690154 SHC1 20000 
310620060690155 SHC1 20000 
310620060690157 SHC1 20000 
310620060690158 SHC1 20000 
310620060690159 SHC1 20000 
310620060690160 SHC1 20000 
310620060690161 SHC1 20000 
310620060690162 SHC1 20000 
310620060690163 SHC1 20000 
310620060690164 SHC1 20000 
310620060690165 SHC1 20000 
310620060690166 SHC1 20000 
310620060690167 SHC1 20000 
310620060690168 SHC1 20000 
310620060690169 SHC1 20000 
310620060690170 SHC1 20000 
310620060690172 SHC1 20000 
310620060690173 SHC1 20000 
310620060690174 SHC1 20000 
310620060690175 SHC1 20000 
310620060690176 SHC1 20000 
310620060690177 SHC1 20000 
310620060690178 SHC1 20000 
310620060690179 SHC1 20000 
310620060690180 SHC1 20000 
310620060690181 SHC1 20000 
310620060690182 SHC1 20000 
310620060690183 SHC1 20000 
310620060690185 SHC1 20000 
310620060690186 SHC1 20000 
310620060690187 SHC1 20000 
310620060690188 SHC1 20000 
310620060690189 SHC1 20000 
310620060690190 SHC1 20000 
310620060690191 SHC1 20000 
310620060690192 SHC1 20000 
310620060690193 SHC1 20000 
310620060690194 SHC1 20000 
310620060690195 SHC1 20000 
310620060690196 SHC1 20000 
310620060690197 SHC1 20000 
310620060690199 SHC1 20000 
310620060690200 SHC1 20000 
310620060690201 SHC1 20000 
310620060690202 SHC1 20000 
310620060690203 SHC1 20000 
310620060690205 SHC1 20000 
310620060690206 SHC1 20000 
310620060690207 SHC1 20000 
310620060690208 SHC1 20000 
310620060690209 SHC1 20000 
310620060690210 SHC1 20000 
310620060690211 SHC1 20000 
310620060690213 SHC1 20000 
310620060690214 SHC1 20000 
310620060690215 SHC1 20000 
310620060690216 SHC1 20000 
310620060690218 SHC1 20000 
310620060690219 SHC1 20000 
310620060690220 SHC1 20000 
310620060690221 SHC1 20000 
310620060690222 SHC1 20000 
310620060690223 SHC1 20000 
310620060690224 SHC1 20000 
310620060690225 SHC1 20000 
310620060690226 SHC1 20000 
310620060690228 SHC1 20000 
310620060690231 SHC1 20000 
310620060690232 SHC1 20000 
310620060690234 SHC1 20000 
310620060690235 SHC1 20000 
310620060690236 SHC1 20000 
310620060690237 SHC1 20000 
310620060690238 SHC1 20000 
310620060690239 SHC1 20000 
310620060690240 SHC1 20000 
310620060690242 SHC1 20000 
310620060690245 SHC1 20000 
310620060690246 SHC1 20000 
310620060690247 SHC1 20000 
310620060690248 SHC1 20000 
310620060690250 SHC1 20000 
310620060690252 SHC1 20000 
310620060690253 SHC1 20000 
310620060690254 SHC1 20000 
310620060690255 SHC1 20000 
310620060690256 SHC1 20000 
310620060690257 SHC1 20000 
310620060690258 SHC1 20000 
310620060690259 SHC1 20000 
310620060690261 SHC1 20000 
310620060690262 SHC1 20000 
310620060690263 SHC1 20000 
310620060690264 SHC1 20000 
310620060690266 SHC1 20000 
310620060690267 SHC1 20000 
310620060690269 SHC1 20000 
310620060690270 SHC1 20000 
310620060690271 SHC1 20000 
310620060690272 SHC1 20000 
310620060690273 SHC1 20000 
310620060690274 SHC1 20000 
310620060690275 SHC1 20000 
310620060690276 SHC1 20000 
310620060690277 SHC1 20000 
310620060690278 SHC1 20000 
310620060690279 SHC1 20000 
310620060690280 SHC1 20000 
310620060690281 SHC1 20000 
310620060690282 SHC1 20000 
310620060690283 SHC1 20000 
310620060690285 SHC1 20000 
310620060690287 SHC1 20000 
310620060690288 SHC1 20000 
310620060690289 SHC1 20000 
310620060690290 SHC1 20000 
310620060690291 SHC1 20000 
310620060690292 SHC1 20000 
310620060690293 SHC1 20000 
310620060690294 SHC1 20000 
310620060690296 SHC1 20000 
310620060690297 SHC1 20000 
310620060690298 SHC1 20000 
310620060690299 SHC1 20000 
310620060690300 SHC1 20000 
310620060690301 SHC1 20000 
310620060690302 SHC1 20000 
310620060690303 SHC1 20000 
310620060690304 SHC1 20000 
310620060690305 SHC1 20000 
310620060690306 SHC1 20000 
310620060690307 SHC1 20000 
310620060690308 SHC1 20000 
310620060690309 SHC1 20000 
310620060690310 SHC1 20000 
310620060690311 SHC1 20000 
310620060690313 SHC1 20000 
310620060690314 SHC1 20000 
310620060690315 SHC1 20000 
310620060690316 SHC1 20000 
310620060690317 SHC1 20000 
310620060690318 SHC1 20000 
310620060690320 SHC1 20000 
310620060690323 SHC1 20000 
310620060690324 SHC1 20000 
310620060690325 SHC1 20000 
310620060690326 SHC1 20000 
310620060690327 SHC1 20000 
310620060690328 SHC1 20000 
310620060690329 SHC1 20000 
310620060690330 SHC1 20000 
310620060690331 SHC1 20000 
310620060690332 SHC1 20000 
310620060690333 SHC1 20000 
310620060690334 SHC1 20000 
310620060690335 SHC1 20000 
310620060690336 SHC1 20000 
310620060690337 SHC1 20000 
310620060690338 SHC1 20000 
310620060690339 SHC1 20000 
310620060690340 SHC1 20000 
310620060690341 SHC1 20000 
310620060690342 SHC1 20000 
310620060690343 SHC1 20000 
310620060690345 SHC1 20000 
310620060690346 SHC1 20000 
310620060690347 SHC1 20000 
310620060690348 SHC1 20000 
310620060690349 SHC1 20000 
310620060690350 SHC1 20000 
310620060690351 SHC1 20000 
310620060690352 SHC1 20000 
310620060690353 SHC1 20000 
310620060690354 SHC1 20000 
310620060690355 SHC1 20000 
310620060690356 SHC1 20000 
310620060690357 SHC1 20000 
310620060690358 SHC1 20000 
310620060690359 SHC1 20000 
310620060690361 SHC1 20000 
310620060690362 SHC1 20000 
310620060690363 SHC1 20000 
310620060690365 SHC1 20000 
310620060690366 SHC1 20000 
310620060690367 SHC1 20000 
310620060690368 SHC1 20000 
310620060690369 SHC1 20000 
310620060690370 SHC1 20000 
310620060690372 SHC1 20000 
310620060690373 SHC1 20000 
310620060690374 SHC1 20000 
310620060690376 SHC1 20000 
310620060690377 SHC1 20000 
310620060690378 SHC1 20000 
310620060690379 SHC1 20000 
310620060690380 SHC1 20000 
310620060690381 SHC1 20000 
310620060690383 SHC1 20000 
310620060690384 SHC1 20000 
310620060690385 SHC1 20000 
310620060690386 SHC1 20000 
310620060690388 SHC1 20000 
310620060690389 SHC1 20000 
310620060690390 SHC1 20000 
310620060690391 SHC1 20000 
310620060690393 SHC1 20000 
310620060690394 SHC1 20000 
310620060690395 SHC1 20000 
310620060690396 SHC1 20000 
310620060690397 SHC1 20000 
310620060690398 SHC1 20000 
310620060690399 SHC1 20000 
310620060690400 SHC1 20000 
310620060690401 SHC1 20000 
310620060690403 SHC1 20000 
310620060690404 SHC1 20000 
310620060690405 SHC1 20000 
310620060690406 SHC1 20000 
310620060690407 SHC1 20000 
310620060690408 SHC1 20000 
310620060690409 SHC1 20000 
310620060690410 SHC1 20000 
310620060690411 SHC1 20000 
310620060690412 SHC1 20000 
310620060690413 SHC1 20000 
310620060690415 SHC1 20000 
310620060690416 SHC1 20000 
310620060690417 SHC1 20000 
310620060690418 SHC1 20000 
310620060690419 SHC1 20000 
310620060690420 SHC1 20000 
310620060690421 SHC1 20000 
310620060690422 SHC1 20000 
310620060690423 SHC1 20000 
310620060690424 SHC1 20000 
310620060690425 SHC1 20000 
310620060690426 SHC1 20000 
310620060690427 SHC1 20000 
310620060690428 SHC1 20000 
310620060690429 SHC1 20000 
310620060690430 SHC1 20000 
310620060690431 SHC1 20000 
310620060690432 SHC1 20000 
310620060690433 SHC1 20000 
310620060690435 SHC1 20000 
310620060690436 SHC1 20000 
310620060690437 SHC1 20000 
310620060690438 SHC1 20000 
310620060690439 SHC1 20000 
310620060690440 SHC1 20000 
310620060690441 SHC1 20000 
310620060690442 SHC1 20000 
310620060690443 SHC1 20000 
310620060690444 SHC1 20000 
310620060690445 SHC1 20000 
310620060690446 SHC1 20000 
310620060690447 SHC1 20000 
310620060690448 SHC1 20000 
310620060690449 SHC1 20000 
310620060690450 SHC1 20000 
310620060690451 SHC1 20000 
310620060690452 SHC1 20000 
310620060690453 SHC1 20000 
310620060690454 SHC1 20000 
310620060690455 SHC1 20000 
310620060690456 SHC1 20000 
310620060690457 SHC1 20000 
310620060690458 SHC1 20000 
310620060690459 SHC1 20000 
310620060690460 SHC1 20000 
310620060690461 SHC1 20000 
310620060690462 SHC1 20000 
310620060690463 SHC1 20000 
310620060690464 SHC1 20000 
310620060690465 SHC1 20000 
310620060690466 SHC1 20000 
310620060690467 SHC1 20000 
310620060690468 SHC1 20000 
310620060690470 SHC1 20000 
310620060690471 SHC1 20000 
310620060690472 SHC1 20000 
310620060690473 SHC1 20000 
310620060690474 SHC1 20000 
310620060690475 SHC1 20000 
310620060690476 SHC1 20000 
310620060690477 SHC1 20000 
310620060690478 SHC1 20000 
310620060690479 SHC1 20000 
310620060690480 SHC1 20000 
310620060690481 SHC1 20000 
310620060690482 SHC1 20000 
310620060690483 SHC1 20000 
310620060690484 SHC1 20000 
310620060690485 SHC1 20000 
310620060690486 SHC1 20000 
310620060690487 SHC1 20000 
310620060690488 SHC1 20000 
310620060690489 SHC1 20000 
310620060690490 SHC1 20000 
310620060690491 SHC1 20000 
310620060690492 SHC1 20000 
310620060690493 SHC1 20000 
310620060690494 SHC1 20000 
310620060690495 SHC1 20000 
310620060690496 SHC1 20000 
310620060690497 SHC1 20000 
310620060690498 SHC1 20000 
310620060690499 SHC1 20000 
310620060690500 SHC1 20000 
310620060690501 SHC1 20000 
310620060690502 SHC1 20000 
310620060690503 SHC1 20000 
310620060690504 SHC1 20000 
310620060690505 SHC1 20000 
310620060690506 SHC1 20000 
310620060690507 SHC1 20000 
310620060690508 SHC1 20000 
310620060690509 SHC1 20000 
310620060690510 SHC1 20000 
310620060690511 SHC1 20000 
310620060690512 SHC1 20000 
310620060690513 SHC1 20000 
310620060690514 SHC1 20000 
310620060690515 SHC1 20000 
310620060690516 SHC1 20000 
310620060690517 SHC1 20000 
310620060690518 SHC1 20000 
310620060690519 SHC1 20000 
310620060690520 SHC1 20000 
310620060690521 SHC1 20000 
310620060690522 SHC1 20000 
310620060690523 SHC1 20000 
310620060690526 SHC1 20000 
310620060690527 SHC1 20000 
310620060690528 SHC1 20000 
310620060690529 SHC1 20000 
310620060690530 SHC1 20000 
310620060690531 SHC1 20000 
310620060690532 SHC1 20000 
310620060690533 SHC1 20000 
310620060690535 SHC1 20000 
310620060690536 SHC1 20000 
310620060690537 SHC1 20000 
310620060690538 SHC1 20000 
310620060690539 SHC1 20000 
310620060690540 SHC1 20000 
310620060690541 SHC1 20000 
310620060690542 SHC1 20000 
310620060690543 SHC1 20000 
310620060690544 SHC1 20000 
310620060690545 SHC1 20000 
310620060690546 SHC1 20000 
310620060690547 SHC1 20000 
310620060690548 SHC1 20000 
310620060690549 SHC1 20000 
310620060690550 SHC1 20000 
310620060690551 SHC1 20000 
310620060690552 SHC1 20000 
310620060690553 SHC1 20000 
310620060690554 SHC1 20000 
310620060690555 SHC1 20000 
310620060690556 SHC1 20000 
310620060690558 SHC1 20000 
310620060690559 SHC1 20000 
310620060690560 SHC1 20000 
310620060690561 SHC1 20000 
310620060690562 SHC1 20000 
310620060690563 SHC1 20000 
310620060690564 SHC1 20000 
310620060690565 SHC1 20000 
310620060690566 SHC1 20000 
310620060690567 SHC1 20000 
;

param D0_3:=
310620005620001 THC1 35000 
310620005620002 THC1 35000 
310620005620004 THC1 35000 
310620005620005 THC1 35000 
310620005620006 THC1 35000 
310620005620007 THC1 35000 
310620005620008 THC1 35000 
310620005620010 THC1 35000 
310620005620011 THC1 35000 
310620005620012 THC1 35000 
310620005620013 THC1 35000 
310620005620014 THC1 35000 
310620005620015 THC1 35000 
310620005620016 THC1 35000 
310620005620017 THC1 35000 
310620005620021 THC1 35000 
310620005620022 THC1 35000 
310620005620023 THC1 35000 
310620005620024 THC1 35000 
310620005620025 THC1 35000 
310620005620026 THC1 35000 
310620005620028 THC1 35000 
310620005620029 THC1 35000 
310620005620031 THC1 35000 
310620005620032 THC1 35000 
310620005620034 THC1 35000 
310620005620036 THC1 35000 
310620005620039 THC1 35000 
310620005620040 THC1 35000 
310620005620041 THC1 35000 
310620005620045 THC1 35000 
310620005620047 THC1 35000 
310620005620048 THC1 35000 
310620005620052 THC1 35000 
310620005620053 THC1 35000 
310620005620057 THC1 35000 
310620005620058 THC1 35000 
310620005620060 THC1 35000 
310620005620062 THC1 35000 
310620005620064 THC1 35000 
310620005620066 THC1 35000 
310620005620067 THC1 35000 
310620005620068 THC1 35000 
310620005620070 THC1 35000 
310620005620071 THC1 35000 
310620005620073 THC1 35000 
310620005620074 THC1 35000 
310620005620075 THC1 35000 
310620005620076 THC1 35000 
310620005620077 THC1 35000 
310620005620078 THC1 35000 
310620005620079 THC1 35000 
310620005620082 THC1 35000 
310620005620085 THC1 35000 
310620005620086 THC1 35000 
310620005620087 THC1 35000 
310620005620088 THC1 35000 
310620005620089 THC1 35000 
310620005620091 THC1 35000 
310620005620094 THC1 35000 
310620005620095 THC1 35000 
310620005620097 THC1 35000 
310620005620098 THC1 35000 
310620005620099 THC1 35000 
310620005620100 THC1 35000 
310620005620101 THC1 35000 
310620005620102 THC1 35000 
310620005620103 THC1 35000 
310620005620104 THC1 35000 
310620005620105 THC1 35000 
310620005620106 THC1 35000 
310620005620107 THC1 35000 
310620005620108 THC1 35000 
310620005620109 THC1 35000 
310620005620110 THC1 35000 
310620005620113 THC1 35000 
310620005620114 THC1 35000 
310620005620115 THC1 35000 
310620005620116 THC1 35000 
310620005620117 THC1 35000 
310620005620118 THC1 35000 
310620005620119 THC1 35000 
310620005620120 THC1 35000 
310620005620122 THC1 35000 
310620005620123 THC1 35000 
310620005620124 THC1 35000 
310620005620125 THC1 35000 
310620005620126 THC1 35000 
310620005620127 THC1 35000 
310620005620129 THC1 35000 
310620005620130 THC1 35000 
310620005620131 THC1 35000 
310620005620132 THC1 35000 
310620005620133 THC1 35000 
310620005620134 THC1 35000 
310620005620135 THC1 35000 
310620005620136 THC1 35000 
310620005620137 THC1 35000 
310620005620138 THC1 35000 
310620005620139 THC1 35000 
310620005620140 THC1 35000 
310620005620141 THC1 35000 
310620005620143 THC1 35000 
310620005620144 THC1 35000 
310620005620145 THC1 35000 
310620005620146 THC1 35000 
310620005620147 THC1 35000 
310620005620149 THC1 35000 
310620005620151 THC1 35000 
310620005620153 THC1 35000 
310620005620154 THC1 35000 
310620005620155 THC1 35000 
310620005620156 THC1 35000 
310620005620157 THC1 35000 
310620005620158 THC1 35000 
310620005620159 THC1 35000 
310620005620160 THC1 35000 
310620005620163 THC1 35000 
310620005620164 THC1 35000 
310620005620165 THC1 35000 
310620005620168 THC1 35000 
310620005620169 THC1 35000 
310620005620170 THC1 35000 
310620005620171 THC1 35000 
310620005620172 THC1 35000 
310620005620174 THC1 35000 
310620005620175 THC1 35000 
310620005620176 THC1 35000 
310620005620178 THC1 35000 
310620005620181 THC1 35000 
310620005620182 THC1 35000 
310620005620183 THC1 35000 
310620005620185 THC1 35000 
310620005620187 THC1 35000 
310620005620188 THC1 35000 
310620005620189 THC1 35000 
310620005620190 THC1 35000 
310620005620191 THC1 35000 
310620005620192 THC1 35000 
310620005620193 THC1 35000 
310620005620195 THC1 35000 
310620005620196 THC1 35000 
310620005620197 THC1 35000 
310620005620201 THC1 35000 
310620005620202 THC1 35000 
310620005620203 THC1 35000 
310620005620204 THC1 35000 
310620005620206 THC1 35000 
310620005620207 THC1 35000 
310620005620208 THC1 35000 
310620005620209 THC1 35000 
310620005620210 THC1 35000 
310620005620213 THC1 35000 
310620005620214 THC1 35000 
310620005620215 THC1 35000 
310620005620216 THC1 35000 
310620005620217 THC1 35000 
310620005620218 THC1 35000 
310620005620221 THC1 35000 
310620005620222 THC1 35000 
310620005620225 THC1 35000 
310620005620228 THC1 35000 
310620005620229 THC1 35000 
310620005620230 THC1 35000 
310620005620232 THC1 35000 
310620005620233 THC1 35000 
310620005620234 THC1 35000 
310620005620235 THC1 35000 
310620005620236 THC1 35000 
310620005620237 THC1 35000 
310620005620238 THC1 35000 
310620005620241 THC1 35000 
310620005620242 THC1 35000 
310620005620243 THC1 35000 
310620005620245 THC1 35000 
310620005620246 THC1 35000 
310620005620248 THC1 35000 
310620005620249 THC1 35000 
310620005620251 THC1 35000 
310620005620252 THC1 35000 
310620005620253 THC1 35000 
310620005620254 THC1 35000 
310620005620256 THC1 35000 
310620005620257 THC1 35000 
310620005620258 THC1 35000 
310620005620261 THC1 35000 
310620005620262 THC1 35000 
310620005620264 THC1 35000 
310620005620265 THC1 35000 
310620005620266 THC1 35000 
310620005620267 THC1 35000 
310620005620268 THC1 35000 
310620005620271 THC1 35000 
310620005620272 THC1 35000 
310620005620273 THC1 35000 
310620005620274 THC1 35000 
310620005620275 THC1 35000 
310620005620276 THC1 35000 
310620005620277 THC1 35000 
310620005620280 THC1 35000 
310620005620281 THC1 35000 
310620005620282 THC1 35000 
310620005620283 THC1 35000 
310620005620284 THC1 35000 
310620005620285 THC1 35000 
310620005620286 THC1 35000 
310620005620288 THC1 35000 
310620005620289 THC1 35000 
310620005620290 THC1 35000 
310620005620291 THC1 35000 
310620005620292 THC1 35000 
310620005620293 THC1 35000 
310620005620294 THC1 35000 
310620005620295 THC1 35000 
310620005620296 THC1 35000 
310620005620298 THC1 35000 
310620005620299 THC1 35000 
310620005620301 THC1 35000 
310620005620302 THC1 35000 
310620005620303 THC1 35000 
310620005620305 THC1 35000 
310620005620306 THC1 35000 
310620005620307 THC1 35000 
310620005620308 THC1 35000 
310620005620309 THC1 35000 
310620005620310 THC1 35000 
310620005620311 THC1 35000 
310620005620312 THC1 35000 
310620005620313 THC1 35000 
310620005620314 THC1 35000 
310620005620315 THC1 35000 
310620005620316 THC1 35000 
310620005620317 THC1 35000 
310620005620318 THC1 35000 
310620005620319 THC1 35000 
310620005620320 THC1 35000 
310620005620321 THC1 35000 
310620005620322 THC1 35000 
310620005620323 THC1 35000 
310620005620325 THC1 35000 
310620005620326 THC1 35000 
310620005620327 THC1 35000 
310620005620328 THC1 35000 
310620005620330 THC1 35000 
310620005620331 THC1 35000 
310620005620332 THC1 35000 
310620005620334 THC1 35000 
310620005620336 THC1 35000 
310620005620337 THC1 35000 
310620005620339 THC1 35000 
310620005620340 THC1 35000 
310620005620341 THC1 35000 
310620005620342 THC1 35000 
310620005620343 THC1 35000 
310620005620344 THC1 35000 
310620005620345 THC1 35000 
310620005620346 THC1 35000 
310620005620347 THC1 35000 
310620005620348 THC1 35000 
310620005620349 THC1 35000 
310620005620350 THC1 35000 
310620005620351 THC1 35000 
310620005620352 THC1 35000 
310620005620358 THC1 35000 
310620005620359 THC1 35000 
310620005620360 THC1 35000 
310620005620361 THC1 35000 
310620005620363 THC1 35000 
310620005620364 THC1 35000 
310620005620368 THC1 35000 
310620005620369 THC1 35000 
310620005620370 THC1 35000 
310620005620371 THC1 35000 
310620005620372 THC1 35000 
310620005620373 THC1 35000 
310620005620374 THC1 35000 
310620005620375 THC1 35000 
310620005620378 THC1 35000 
310620005620379 THC1 35000 
310620005620380 THC1 35000 
310620005620381 THC1 35000 
310620005620383 THC1 35000 
310620005620384 THC1 35000 
310620005620385 THC1 35000 
310620005620387 THC1 35000 
310620005620388 THC1 35000 
310620005620389 THC1 35000 
310620005620391 THC1 35000 
310620005620392 THC1 35000 
310620005620393 THC1 35000 
310620005620394 THC1 35000 
310620005620395 THC1 35000 
310620005620396 THC1 35000 
310620005620397 THC1 35000 
310620005620398 THC1 35000 
310620005620400 THC1 35000 
310620005620401 THC1 35000 
310620005620402 THC1 35000 
310620005620403 THC1 35000 
310620005620404 THC1 35000 
310620005620405 THC1 35000 
310620005620406 THC1 35000 
310620005620407 THC1 35000 
310620005620408 THC1 35000 
310620005620409 THC1 35000 
310620005620410 THC1 35000 
310620005620411 THC1 35000 
310620005620412 THC1 35000 
310620005620413 THC1 35000 
310620005620414 THC1 35000 
310620005620415 THC1 35000 
310620005620417 THC1 35000 
310620005620418 THC1 35000 
310620005620419 THC1 35000 
310620005620420 THC1 35000 
310620005620421 THC1 35000 
310620005620422 THC1 35000 
310620005620423 THC1 35000 
310620005620424 THC1 35000 
310620005620425 THC1 35000 
310620005620426 THC1 35000 
310620005620427 THC1 35000 
310620005620428 THC1 35000 
310620005620429 THC1 35000 
310620005620430 THC1 35000 
310620005620432 THC1 35000 
310620005620433 THC1 35000 
310620005620434 THC1 35000 
310620005620435 THC1 35000 
310620005620436 THC1 35000 
310620005620437 THC1 35000 
310620005620439 THC1 35000 
310620005620440 THC1 35000 
310620005620441 THC1 35000 
310620005620442 THC1 35000 
310620005620443 THC1 35000 
310620005620445 THC1 35000 
310620005620446 THC1 35000 
310620005620447 THC1 35000 
310620005620448 THC1 35000 
310620005620449 THC1 35000 
310620005620450 THC1 35000 
310620005620451 THC1 35000 
310620005620452 THC1 35000 
310620005620453 THC1 35000 
310620005620454 THC1 35000 
310620005620455 THC1 35000 
310620005620457 THC1 35000 
310620005620458 THC1 35000 
310620005620459 THC1 35000 
310620005620462 THC1 35000 
310620005620463 THC1 35000 
310620005620464 THC1 35000 
310620005620465 THC1 35000 
310620005620466 THC1 35000 
310620005620467 THC1 35000 
310620005620468 THC1 35000 
310620005620469 THC1 35000 
310620005620472 THC1 35000 
310620005620474 THC1 35000 
310620005620475 THC1 35000 
310620005620478 THC1 35000 
310620005620479 THC1 35000 
310620005620480 THC1 35000 
310620005620481 THC1 35000 
310620005620483 THC1 35000 
310620005620484 THC1 35000 
310620005620485 THC1 35000 
310620005620486 THC1 35000 
310620005620487 THC1 35000 
310620005620488 THC1 35000 
310620005620489 THC1 35000 
310620005620490 THC1 35000 
310620005620492 THC1 35000 
310620005620494 THC1 35000 
310620005620495 THC1 35000 
310620005620496 THC1 35000 
310620005620497 THC1 35000 
310620005620498 THC1 35000 
310620005620499 THC1 35000 
310620005620501 THC1 35000 
310620005620503 THC1 35000 
310620005620504 THC1 35000 
310620005620505 THC1 35000 
310620005620506 THC1 35000 
310620005620507 THC1 35000 
310620005620510 THC1 35000 
310620005620511 THC1 35000 
310620005620512 THC1 35000 
310620005620513 THC1 35000 
310620005620514 THC1 35000 
310620005620515 THC1 35000 
310620005620516 THC1 35000 
310620005620517 THC1 35000 
310620005620518 THC1 35000 
310620005620519 THC1 35000 
310620005620520 THC1 35000 
310620005620521 THC1 35000 
310620005620522 THC1 35000 
310620005620523 THC1 35000 
310620005620524 THC1 35000 
310620005620525 THC1 35000 
310620005620526 THC1 35000 
310620005620527 THC1 35000 
310620005620528 THC1 35000 
310620005620529 THC1 35000 
310620005620530 THC1 35000 
310620005620531 THC1 35000 
310620005620532 THC1 35000 
310620005620533 THC1 35000 
310620005620534 THC1 35000 
310620005620535 THC1 35000 
310620005620536 THC1 35000 
310620005620537 THC1 35000 
310620005620538 THC1 35000 
310620005620540 THC1 35000 
310620005620541 THC1 35000 
310620005620542 THC1 35000 
310620005620543 THC1 35000 
310620005620544 THC1 35000 
310620005620545 THC1 35000 
310620005620546 THC1 35000 
310620005620547 THC1 35000 
310620005620548 THC1 35000 
310620005620550 THC1 35000 
310620005620551 THC1 35000 
310620005620552 THC1 35000 
310620005620553 THC1 35000 
310620005620554 THC1 35000 
310620005620555 THC1 35000 
310620005620556 THC1 35000 
310620005620557 THC1 35000 
310620005620558 THC1 35000 
310620005620559 THC1 35000 
310620005620560 THC1 35000 
310620005620561 THC1 35000 
310620005620562 THC1 35000 
310620005620563 THC1 35000 
310620005620564 THC1 35000 
310620005620565 THC1 35000 
310620005620566 THC1 35000 
310620005620567 THC1 35000 
310620005620568 THC1 35000 
310620005620569 THC1 35000 
310620005620570 THC1 35000 
310620005620571 THC1 35000 
310620005620572 THC1 35000 
310620005620573 THC1 35000 
310620005620574 THC1 35000 
310620005620575 THC1 35000 
310620005620576 THC1 35000 
310620005620577 THC1 35000 
310620005620578 THC1 35000 
310620005620579 THC1 35000 
310620005620580 THC1 35000 
310620005620581 THC1 35000 
310620005620582 THC1 35000 
310620005620583 THC1 35000 
310620005620584 THC1 35000 
310620005620585 THC1 35000 
310620005620586 THC1 35000 
310620005620587 THC1 35000 
310620005620588 THC1 35000 
310620005620589 THC1 35000 
310620005620590 THC1 35000 
310620005620591 THC1 35000 
310620005620592 THC1 35000 
310620005620593 THC1 35000 
310620005620594 THC1 35000 
310620005620595 THC1 35000 
310620005620596 THC1 35000 
310620005620597 THC1 35000 
310620005620598 THC1 35000 
310620005620599 THC1 35000 
310620005620600 THC1 35000 
310620005620601 THC1 35000 
310620005620602 THC1 35000 
310620005620603 THC1 35000 
310620005620604 THC1 35000 
310620005620605 THC1 35000 
310620005620606 THC1 35000 
310620005620607 THC1 35000 
310620005620608 THC1 35000 
310620005620609 THC1 35000 
310620005620610 THC1 35000 
310620005620611 THC1 35000 
310620005620612 THC1 35000 
310620005620613 THC1 35000 
310620005620614 THC1 35000 
310620005620615 THC1 35000 
310620005620616 THC1 35000 
310620005620617 THC1 35000 
310620005620618 THC1 35000 
310620005620619 THC1 35000 
310620005620620 THC1 35000 
310620005620621 THC1 35000 
310620005620622 THC1 35000 
310620005620623 THC1 35000 
310620005620624 THC1 35000 
310620005620625 THC1 35000 
310620005620626 THC1 35000 
310620005620627 THC1 35000 
310620005620628 THC1 35000 
310620005620629 THC1 35000 
310620005620630 THC1 35000 
310620005620631 THC1 35000 
310620005620632 THC1 35000 
310620005620633 THC1 35000 
310620005620634 THC1 35000 
310620005620635 THC1 35000 
310620005620636 THC1 35000 
310620005620637 THC1 35000 
310620005620638 THC1 35000 
310620005620639 THC1 35000 
310620005620640 THC1 35000 
310620005620641 THC1 35000 
310620005620642 THC1 35000 
310620005620643 THC1 35000 
310620005620644 THC1 35000 
310620005620645 THC1 35000 
310620005620646 THC1 35000 
310620005620647 THC1 35000 
310620005620648 THC1 35000 
310620005620649 THC1 35000 
310620005620650 THC1 35000 
310620005620651 THC1 35000 
310620005620652 THC1 35000 
310620005620653 THC1 35000 
310620005620654 THC1 35000 
310620005620655 THC1 35000 
310620005620656 THC1 35000 
310620005620657 THC1 35000 
310620005620658 THC1 35000 
310620005620659 THC1 35000 
310620005620660 THC1 35000 
310620005620661 THC1 35000 
310620005620662 THC1 35000 
310620005620663 THC1 35000 
310620005620664 THC1 35000 
310620005620665 THC1 35000 
310620005620666 THC1 35000 
310620005620667 THC1 35000 
310620005620668 THC1 35000 
310620005620669 THC1 35000 
310620005620670 THC1 35000 
310620005620671 THC1 35000 
310620005620672 THC1 35000 
310620005620674 THC1 35000 
310620005620675 THC1 35000 
310620005620676 THC1 35000 
310620005620677 THC1 35000 
310620005620678 THC1 35000 
310620005620680 THC1 35000 
310620005620681 THC1 35000 
310620005620682 THC1 35000 
310620005620683 THC1 35000 
310620005620684 THC1 35000 
310620005620685 THC1 35000 
310620005620686 THC1 35000 
310620005620687 THC1 35000 
310620005620688 THC1 35000 
310620005620689 THC1 35000 
310620005620691 THC1 35000 
310620005620692 THC1 35000 
310620005620693 THC1 35000 
310620005620694 THC1 35000 
310620005620695 THC1 35000 
310620005620696 THC1 35000 
310620005620697 THC1 35000 
310620005620698 THC1 35000 
310620005620699 THC1 35000 
310620005620700 THC1 35000 
310620005620701 THC1 35000 
310620005620702 THC1 35000 
310620005620703 THC1 35000 
310620005620704 THC1 35000 
310620005620705 THC1 35000 
310620005620706 THC1 35000 
310620005620707 THC1 35000 
310620005620708 THC1 35000 
310620005620709 THC1 35000 
310620005620710 THC1 35000 
310620005620711 THC1 35000 
310620005620712 THC1 35000 
310620005620713 THC1 35000 
310620005620714 THC1 35000 
310620005620715 THC1 35000 
310620005620716 THC1 35000 
310620005620717 THC1 35000 
310620005620718 THC1 35000 
310620005620719 THC1 35000 
310620005620720 THC1 35000 
310620005620721 THC1 35000 
310620005620722 THC1 35000 
310620005620723 THC1 35000 
310620005620724 THC1 35000 
310620005620725 THC1 35000 
310620005620726 THC1 35000 
310620005620727 THC1 35000 
310620005620728 THC1 35000 
310620005620729 THC1 35000 
310620005620730 THC1 35000 
310620005620731 THC1 35000 
310620005620732 THC1 35000 
310620005620733 THC1 35000 
310620005620734 THC1 35000 
310620005620735 THC1 35000 
310620005620736 THC1 35000 
310620005620738 THC1 35000 
310620005620739 THC1 35000 
310620005620740 THC1 35000 
310620005620742 THC1 35000 
310620005620743 THC1 35000 
310620005620744 THC1 35000 
310620005620745 THC1 35000 
310620005620746 THC1 35000 
310620005620747 THC1 35000 
310620005620748 THC1 35000 
310620005620749 THC1 35000 
310620005620750 THC1 35000 
310620005620751 THC1 35000 
310620005620752 THC1 35000 
310620005620755 THC1 35000 
310620005620756 THC1 35000 
310620005620757 THC1 35000 
310620005620758 THC1 35000 
310620005620759 THC1 35000 
310620005620760 THC1 35000 
310620005620761 THC1 35000 
310620005620762 THC1 35000 
310620005620763 THC1 35000 
310620005620764 THC1 35000 
310620005620765 THC1 35000 
310620005620766 THC1 35000 
310620005620767 THC1 35000 
310620005620768 THC1 35000 
310620005620769 THC1 35000 
310620005620770 THC1 35000 
310620005620771 THC1 35000 
310620005620772 THC1 35000 
310620005620776 THC1 35000 
310620005620777 THC1 35000 
310620005620778 THC1 35000 
310620005620779 THC1 35000 
310620005620780 THC1 35000 
310620005620781 THC1 35000 
310620005620782 THC1 35000 
310620005620783 THC1 35000 
310620005620784 THC1 35000 
310620005620785 THC1 35000 
310620005620786 THC1 35000 
310620005620787 THC1 35000 
310620005620788 THC1 35000 
310620005620789 THC1 35000 
310620005620790 THC1 35000 
310620005620791 THC1 35000 
310620005620792 THC1 35000 
310620005620793 THC1 35000 
310620005620795 THC1 35000 
310620005620796 THC1 35000 
310620005620800 THC1 35000 
310620005620801 THC1 35000 
310620005620802 THC1 35000 
310620005620803 THC1 35000 
310620005620804 THC1 35000 
310620005620805 THC1 35000 
310620005620806 THC1 35000 
310620005620807 THC1 35000 
310620005620808 THC1 35000 
310620005620809 THC1 35000 
310620005620810 THC1 35000 
310620005620811 THC1 35000 
310620005620812 THC1 35000 
310620005620813 THC1 35000 
310620005620814 THC1 35000 
310620005620815 THC1 35000 
310620005620816 THC1 35000 
310620005620817 THC1 35000 
310620005620818 THC1 35000 
310620005620819 THC1 35000 
310620005620820 THC1 35000 
310620005630003 THC1 35000 
310620005630004 THC1 35000 
310620005630005 THC1 35000 
310620005630007 THC1 35000 
310620005630009 THC1 35000 
310620005630010 THC1 35000 
310620005630011 THC1 35000 
310620005630012 THC1 35000 
310620005630013 THC1 35000 
310620005630014 THC1 35000 
310620005630015 THC1 35000 
310620005630016 THC1 35000 
310620005630018 THC1 35000 
310620005630020 THC1 35000 
310620005630021 THC1 35000 
310620005630023 THC1 35000 
310620005630024 THC1 35000 
310620005630025 THC1 35000 
310620005630026 THC1 35000 
310620005630027 THC1 35000 
310620005630028 THC1 35000 
310620005630029 THC1 35000 
310620005630030 THC1 35000 
310620005630031 THC1 35000 
310620005630032 THC1 35000 
310620005630033 THC1 35000 
310620005630034 THC1 35000 
310620005630035 THC1 35000 
310620005630036 THC1 35000 
310620005630038 THC1 35000 
310620005630039 THC1 35000 
310620005630040 THC1 35000 
310620005630041 THC1 35000 
310620005630042 THC1 35000 
310620005630043 THC1 35000 
310620005630044 THC1 35000 
310620005630045 THC1 35000 
310620005630046 THC1 35000 
310620005630047 THC1 35000 
310620005630048 THC1 35000 
310620005630049 THC1 35000 
310620005630050 THC1 35000 
310620005630051 THC1 35000 
310620005630052 THC1 35000 
310620005630053 THC1 35000 
310620005630054 THC1 35000 
310620005630056 THC1 35000 
310620005630058 THC1 35000 
310620005630059 THC1 35000 
310620005630060 THC1 35000 
310620005630061 THC1 35000 
310620005630062 THC1 35000 
310620005630064 THC1 35000 
310620005630065 THC1 35000 
310620005630066 THC1 35000 
310620005630068 THC1 35000 
310620005630069 THC1 35000 
310620005630070 THC1 35000 
310620005630073 THC1 35000 
310620005630074 THC1 35000 
310620005630075 THC1 35000 
310620005630076 THC1 35000 
310620005630079 THC1 35000 
310620005630081 THC1 35000 
310620005630082 THC1 35000 
310620005630083 THC1 35000 
310620005630084 THC1 35000 
310620005630085 THC1 35000 
310620005630086 THC1 35000 
310620005630087 THC1 35000 
310620005630088 THC1 35000 
310620005630089 THC1 35000 
310620005630090 THC1 35000 
310620005630091 THC1 35000 
310620005630092 THC1 35000 
310620005630093 THC1 35000 
310620005630094 THC1 35000 
310620005630095 THC1 35000 
310620005630096 THC1 35000 
310620005630097 THC1 35000 
310620005630098 THC1 35000 
310620005630099 THC1 35000 
310620005630100 THC1 35000 
310620005630101 THC1 35000 
310620005630102 THC1 35000 
310620005630103 THC1 35000 
310620005630104 THC1 35000 
310620005630105 THC1 35000 
310620005630106 THC1 35000 
310620005630107 THC1 35000 
310620005630108 THC1 35000 
310620005630110 THC1 35000 
310620005630112 THC1 35000 
310620005630113 THC1 35000 
310620005630114 THC1 35000 
310620005630115 THC1 35000 
310620005630116 THC1 35000 
310620005630117 THC1 35000 
310620005630118 THC1 35000 
310620005630119 THC1 35000 
310620005630120 THC1 35000 
310620005630121 THC1 35000 
310620005630122 THC1 35000 
310620005630123 THC1 35000 
310620005630125 THC1 35000 
310620005630126 THC1 35000 
310620005630127 THC1 35000 
310620005630128 THC1 35000 
310620005630129 THC1 35000 
310620005630130 THC1 35000 
310620005630131 THC1 35000 
310620005630132 THC1 35000 
310620005630133 THC1 35000 
310620005630134 THC1 35000 
310620005630136 THC1 35000 
310620005630137 THC1 35000 
310620005630138 THC1 35000 
310620005630139 THC1 35000 
310620005630142 THC1 35000 
310620005630143 THC1 35000 
310620005630145 THC1 35000 
310620005630146 THC1 35000 
310620005630147 THC1 35000 
310620005630148 THC1 35000 
310620005630149 THC1 35000 
310620005630150 THC1 35000 
310620005630151 THC1 35000 
310620005630152 THC1 35000 
310620005630153 THC1 35000 
310620005630154 THC1 35000 
310620005630155 THC1 35000 
310620005630156 THC1 35000 
310620005630157 THC1 35000 
310620005630158 THC1 35000 
310620005630159 THC1 35000 
310620005630160 THC1 35000 
310620005630162 THC1 35000 
310620005630163 THC1 35000 
310620005630164 THC1 35000 
310620005630165 THC1 35000 
310620005630166 THC1 35000 
310620005630167 THC1 35000 
310620005630168 THC1 35000 
310620005630169 THC1 35000 
310620005630170 THC1 35000 
310620005630171 THC1 35000 
310620005630172 THC1 35000 
310620005630173 THC1 35000 
310620005630175 THC1 35000 
310620005630176 THC1 35000 
310620005630177 THC1 35000 
310620005630178 THC1 35000 
310620005630180 THC1 35000 
310620005630181 THC1 35000 
310620005630182 THC1 35000 
310620005630183 THC1 35000 
310620005630184 THC1 35000 
310620005630185 THC1 35000 
310620005630186 THC1 35000 
310620005630187 THC1 35000 
310620005630189 THC1 35000 
310620005630190 THC1 35000 
310620005630191 THC1 35000 
310620005630192 THC1 35000 
310620005630196 THC1 35000 
310620005630197 THC1 35000 
310620005630198 THC1 35000 
310620005630199 THC1 35000 
310620005630200 THC1 35000 
310620005630202 THC1 35000 
310620005630203 THC1 35000 
310620005630205 THC1 35000 
310620005630206 THC1 35000 
310620005630207 THC1 35000 
310620005630211 THC1 35000 
310620005630213 THC1 35000 
310620005630214 THC1 35000 
310620005630216 THC1 35000 
310620005630217 THC1 35000 
310620005630219 THC1 35000 
310620005630220 THC1 35000 
310620005630221 THC1 35000 
310620005630222 THC1 35000 
310620005630223 THC1 35000 
310620005630224 THC1 35000 
310620005630225 THC1 35000 
310620005630226 THC1 35000 
310620005630227 THC1 35000 
310620005630228 THC1 35000 
310620005630229 THC1 35000 
310620005630230 THC1 35000 
310620005630231 THC1 35000 
310620005630233 THC1 35000 
310620005630234 THC1 35000 
310620005630238 THC1 35000 
310620005630239 THC1 35000 
310620005630241 THC1 35000 
310620005630242 THC1 35000 
310620005630243 THC1 35000 
310620005630244 THC1 35000 
310620005630245 THC1 35000 
310620005630246 THC1 35000 
310620005630247 THC1 35000 
310620005630249 THC1 35000 
310620005630250 THC1 35000 
310620005630251 THC1 35000 
310620005630253 THC1 35000 
310620005630256 THC1 35000 
310620005630260 THC1 35000 
310620005630261 THC1 35000 
310620005630262 THC1 35000 
310620005630263 THC1 35000 
310620005630264 THC1 35000 
310620005630265 THC1 35000 
310620005630266 THC1 35000 
310620005630269 THC1 35000 
310620005630270 THC1 35000 
310620005630271 THC1 35000 
310620005630273 THC1 35000 
310620005630275 THC1 35000 
310620005630276 THC1 35000 
310620005630277 THC1 35000 
310620005630278 THC1 35000 
310620005630279 THC1 35000 
310620005630280 THC1 35000 
310620005630281 THC1 35000 
310620005630282 THC1 35000 
310620005630283 THC1 35000 
310620005630284 THC1 35000 
310620005630285 THC1 35000 
310620005630286 THC1 35000 
310620005630287 THC1 35000 
310620005630288 THC1 35000 
310620005630289 THC1 35000 
310620005630290 THC1 35000 
310620005630291 THC1 35000 
310620005630292 THC1 35000 
310620005630293 THC1 35000 
310620005630294 THC1 35000 
310620005630295 THC1 35000 
310620005630296 THC1 35000 
310620005630297 THC1 35000 
310620005630298 THC1 35000 
310620005630300 THC1 35000 
310620005630301 THC1 35000 
310620005630302 THC1 35000 
310620005630303 THC1 35000 
310620005630304 THC1 35000 
310620005630305 THC1 35000 
310620005630306 THC1 35000 
310620005630307 THC1 35000 
310620005630308 THC1 35000 
310620005630309 THC1 35000 
310620005630310 THC1 35000 
310620005630311 THC1 35000 
310620005630312 THC1 35000 
310620005630314 THC1 35000 
310620005630316 THC1 35000 
310620005630317 THC1 35000 
310620005630318 THC1 35000 
310620005630321 THC1 35000 
310620005630322 THC1 35000 
310620005630323 THC1 35000 
310620005630324 THC1 35000 
310620005630325 THC1 35000 
310620005630326 THC1 35000 
310620005630328 THC1 35000 
310620005630329 THC1 35000 
310620005630332 THC1 35000 
310620005630334 THC1 35000 
310620005630335 THC1 35000 
310620005630336 THC1 35000 
310620005630337 THC1 35000 
310620005630338 THC1 35000 
310620005630339 THC1 35000 
310620005630340 THC1 35000 
310620005630341 THC1 35000 
310620005630344 THC1 35000 
310620005630345 THC1 35000 
310620005630346 THC1 35000 
310620005630347 THC1 35000 
310620005630348 THC1 35000 
310620005630349 THC1 35000 
310620005630350 THC1 35000 
310620005630351 THC1 35000 
310620005630352 THC1 35000 
310620005630353 THC1 35000 
310620005630354 THC1 35000 
310620005630356 THC1 35000 
310620005630357 THC1 35000 
310620005630358 THC1 35000 
310620005630360 THC1 35000 
310620005630361 THC1 35000 
310620005630362 THC1 35000 
310620005630363 THC1 35000 
310620005630364 THC1 35000 
310620005630365 THC1 35000 
310620005630366 THC1 35000 
310620005630367 THC1 35000 
310620005630368 THC1 35000 
310620005630369 THC1 35000 
310620005630371 THC1 35000 
310620005630372 THC1 35000 
310620005630373 THC1 35000 
310620005630374 THC1 35000 
310620005630375 THC1 35000 
310620005630376 THC1 35000 
310620005630377 THC1 35000 
310620005630378 THC1 35000 
310620005630379 THC1 35000 
310620005630380 THC1 35000 
310620005630381 THC1 35000 
310620005630382 THC1 35000 
310620005630386 THC1 35000 
310620005630387 THC1 35000 
310620005630388 THC1 35000 
310620005630389 THC1 35000 
310620005630391 THC1 35000 
310620005630392 THC1 35000 
310620005630395 THC1 35000 
310620005630396 THC1 35000 
310620005630398 THC1 35000 
310620005630399 THC1 35000 
310620005630400 THC1 35000 
310620005630411 THC1 35000 
310620005630412 THC1 35000 
310620005630413 THC1 35000 
310620005630414 THC1 35000 
310620005630415 THC1 35000 
310620005630416 THC1 35000 
310620005630417 THC1 35000 
310620005630418 THC1 35000 
310620005630420 THC1 35000 
310620005630421 THC1 35000 
310620005630422 THC1 35000 
310620005630423 THC1 35000 
310620005630424 THC1 35000 
310620005630425 THC1 35000 
310620005630426 THC1 35000 
310620005630427 THC1 35000 
310620005630428 THC1 35000 
310620005630429 THC1 35000 
310620005630430 THC1 35000 
310620005630431 THC1 35000 
310620005630432 THC1 35000 
310620005630433 THC1 35000 
310620005630434 THC1 35000 
310620005630435 THC1 35000 
310620005630436 THC1 35000 
310620005630437 THC1 35000 
310620005630438 THC1 35000 
310620005630439 THC1 35000 
310620005630440 THC1 35000 
310620005630441 THC1 35000 
310620005630442 THC1 35000 
310620005630443 THC1 35000 
310620005630444 THC1 35000 
310620005630445 THC1 35000 
310620005630446 THC1 35000 
310620005630447 THC1 35000 
310620005630448 THC1 35000 
310620005630449 THC1 35000 
310620005630450 THC1 35000 
310620005630451 THC1 35000 
310620005630452 THC1 35000 
310620005630453 THC1 35000 
310620005630454 THC1 35000 
310620005630455 THC1 35000 
310620005630456 THC1 35000 
310620005630457 THC1 35000 
310620005630458 THC1 35000 
310620005630459 THC1 35000 
310620005630460 THC1 35000 
310620005630461 THC1 35000 
310620005630462 THC1 35000 
310620005630463 THC1 35000 
310620005630464 THC1 35000 
310620005630465 THC1 35000 
310620005630466 THC1 35000 
310620005630467 THC1 35000 
310620005630468 THC1 35000 
310620005630469 THC1 35000 
310620005630470 THC1 35000 
310620005630471 THC1 35000 
310620005630472 THC1 35000 
310620005630473 THC1 35000 
310620005630474 THC1 35000 
310620005630475 THC1 35000 
310620005630476 THC1 35000 
310620005630477 THC1 35000 
310620005630478 THC1 35000 
310620005630483 THC1 35000 
310620005630485 THC1 35000 
310620005630486 THC1 35000 
310620005630487 THC1 35000 
310620005630488 THC1 35000 
310620005630489 THC1 35000 
310620005630490 THC1 35000 
310620005630491 THC1 35000 
310620005630492 THC1 35000 
310620005630493 THC1 35000 
310620005630494 THC1 35000 
310620005630496 THC1 35000 
310620005630497 THC1 35000 
310620005630498 THC1 35000 
310620005630499 THC1 35000 
310620005630500 THC1 35000 
310620005630501 THC1 35000 
310620005630502 THC1 35000 
310620005630503 THC1 35000 
310620005630504 THC1 35000 
310620005630505 THC1 35000 
310620005630507 THC1 35000 
310620005630508 THC1 35000 
310620005630509 THC1 35000 
310620005630510 THC1 35000 
310620005630511 THC1 35000 
310620005630512 THC1 35000 
310620005630513 THC1 35000 
310620005630514 THC1 35000 
310620005630515 THC1 35000 
310620005630516 THC1 35000 
310620005630517 THC1 35000 
310620005630518 THC1 35000 
310620005630519 THC1 35000 
310620005630520 THC1 35000 
310620005630521 THC1 35000 
310620005630522 THC1 35000 
310620005630523 THC1 35000 
310620005630524 THC1 35000 
310620005630525 THC1 35000 
310620005630526 THC1 35000 
310620005630527 THC1 35000 
310620005630528 THC1 35000 
310620005630529 THC1 35000 
310620005630530 THC1 35000 
310620005630531 THC1 35000 
310620005630532 THC1 35000 
310620005630533 THC1 35000 
310620005630534 THC1 35000 
310620005630535 THC1 35000 
310620005630536 THC1 35000 
310620005630537 THC1 35000 
310620005630538 THC1 35000 
310620005630539 THC1 35000 
310620005630540 THC1 35000 
310620005630541 THC1 35000 
310620005630542 THC1 35000 
310620005630543 THC1 35000 
310620005630544 THC1 35000 
310620005630545 THC1 35000 
310620005630546 THC1 35000 
310620005630547 THC1 35000 
310620005630548 THC1 35000 
310620005630549 THC1 35000 
310620005630550 THC1 35000 
310620005630551 THC1 35000 
310620005630552 THC1 35000 
310620005630553 THC1 35000 
310620005630554 THC1 35000 
310620005630555 THC1 35000 
310620005630556 THC1 35000 
310620005630557 THC1 35000 
310620005630558 THC1 35000 
310620005630559 THC1 35000 
310620005630560 THC1 35000 
310620005630561 THC1 35000 
310620005630562 THC1 35000 
310620005630563 THC1 35000 
310620005630564 THC1 35000 
310620005630565 THC1 35000 
310620005630566 THC1 35000 
310620005630567 THC1 35000 
310620005630568 THC1 35000 
310620005630569 THC1 35000 
310620005630570 THC1 35000 
310620005630571 THC1 35000 
310620005630572 THC1 35000 
310620005630573 THC1 35000 
310620005630574 THC1 35000 
310620005630575 THC1 35000 
310620005630576 THC1 35000 
310620005630577 THC1 35000 
310620005630578 THC1 35000 
310620005630579 THC1 35000 
310620005630580 THC1 35000 
310620005630581 THC1 35000 
310620005630582 THC1 35000 
310620005630583 THC1 35000 
310620005630584 THC1 35000 
310620005630585 THC1 35000 
310620005630586 THC1 35000 
310620005630587 THC1 35000 
310620005630588 THC1 35000 
310620005630589 THC1 35000 
310620005630590 THC1 35000 
310620005630591 THC1 35000 
310620005630592 THC1 35000 
310620005630593 THC1 35000 
310620005630594 THC1 35000 
310620005640001 THC1 35000 
310620005640002 THC1 35000 
310620005640003 THC1 35000 
310620005640004 THC1 35000 
310620005640005 THC1 35000 
310620005640006 THC1 35000 
310620005640007 THC1 35000 
310620005640008 THC1 35000 
310620005640009 THC1 35000 
310620005640010 THC1 35000 
310620005640011 THC1 35000 
310620005640012 THC1 35000 
310620005640013 THC1 35000 
310620005640014 THC1 35000 
310620005640015 THC1 35000 
310620005640016 THC1 35000 
310620005640017 THC1 35000 
310620005640018 THC1 35000 
310620005640019 THC1 35000 
310620005640020 THC1 35000 
310620005640021 THC1 35000 
310620005640022 THC1 35000 
310620005640023 THC1 35000 
310620005640024 THC1 35000 
310620005640025 THC1 35000 
310620005640026 THC1 35000 
310620005640027 THC1 35000 
310620005640028 THC1 35000 
310620005640029 THC1 35000 
310620005640031 THC1 35000 
310620005640032 THC1 35000 
310620005640033 THC1 35000 
310620005640034 THC1 35000 
310620005640035 THC1 35000 
310620005640036 THC1 35000 
310620005640037 THC1 35000 
310620005640038 THC1 35000 
310620005640039 THC1 35000 
310620005640040 THC1 35000 
310620005640041 THC1 35000 
310620005640042 THC1 35000 
310620005640043 THC1 35000 
310620005640044 THC1 35000 
310620005640045 THC1 35000 
310620005640046 THC1 35000 
310620005640047 THC1 35000 
310620005640048 THC1 35000 
310620005640049 THC1 35000 
310620005640050 THC1 35000 
310620005640051 THC1 35000 
310620005640052 THC1 35000 
310620005640053 THC1 35000 
310620005640054 THC1 35000 
310620005640055 THC1 35000 
310620005640056 THC1 35000 
310620005640057 THC1 35000 
310620005640058 THC1 35000 
310620005640059 THC1 35000 
310620005640060 THC1 35000 
310620005640061 THC1 35000 
310620005640062 THC1 35000 
310620005640063 THC1 35000 
310620005640064 THC1 35000 
310620005640065 THC1 35000 
310620005640066 THC1 35000 
310620005640067 THC1 35000 
310620005640068 THC1 35000 
310620005640069 THC1 35000 
310620005640070 THC1 35000 
310620005640071 THC1 35000 
310620005640072 THC1 35000 
310620005640073 THC1 35000 
310620005640074 THC1 35000 
310620005640075 THC1 35000 
310620005640076 THC1 35000 
310620005640077 THC1 35000 
310620005640078 THC1 35000 
310620005640079 THC1 35000 
310620005640080 THC1 35000 
310620005640081 THC1 35000 
310620005640082 THC1 35000 
310620005640083 THC1 35000 
310620005640084 THC1 35000 
310620005640085 THC1 35000 
310620005640086 THC1 35000 
310620005640087 THC1 35000 
310620005640088 THC1 35000 
310620005640089 THC1 35000 
310620005640090 THC1 35000 
310620005640091 THC1 35000 
310620005640092 THC1 35000 
310620005640093 THC1 35000 
310620005640094 THC1 35000 
310620005640095 THC1 35000 
310620005640096 THC1 35000 
310620005640098 THC1 35000 
310620005640099 THC1 35000 
310620005640100 THC1 35000 
310620005640101 THC1 35000 
310620005640102 THC1 35000 
310620005640103 THC1 35000 
310620005640104 THC1 35000 
310620005640105 THC1 35000 
310620005640106 THC1 35000 
310620005640107 THC1 35000 
310620005640108 THC1 35000 
310620005640110 THC1 35000 
310620005640111 THC1 35000 
310620005640112 THC1 35000 
310620005640113 THC1 35000 
310620005640114 THC1 35000 
310620005640115 THC1 35000 
310620005640116 THC1 35000 
310620005640117 THC1 35000 
310620005640118 THC1 35000 
310620005640120 THC1 35000 
310620005640121 THC1 35000 
310620005640122 THC1 35000 
310620005640123 THC1 35000 
310620005640124 THC1 35000 
310620005640125 THC1 35000 
310620005640126 THC1 35000 
310620005640127 THC1 35000 
310620005640128 THC1 35000 
310620005640129 THC1 35000 
310620005640130 THC1 35000 
310620005640131 THC1 35000 
310620005640133 THC1 35000 
310620005640134 THC1 35000 
310620005640135 THC1 35000 
310620005640136 THC1 35000 
310620005640137 THC1 35000 
310620005640138 THC1 35000 
310620005640139 THC1 35000 
310620005640140 THC1 35000 
310620005640141 THC1 35000 
310620005640143 THC1 35000 
310620005640146 THC1 35000 
310620005640147 THC1 35000 
310620005640148 THC1 35000 
310620005640150 THC1 35000 
310620005640151 THC1 35000 
310620005640152 THC1 35000 
310620005640153 THC1 35000 
310620005640155 THC1 35000 
310620005640156 THC1 35000 
310620005640158 THC1 35000 
310620005640159 THC1 35000 
310620005640160 THC1 35000 
310620005640161 THC1 35000 
310620005640162 THC1 35000 
310620005640163 THC1 35000 
310620005640164 THC1 35000 
310620005640165 THC1 35000 
310620005640166 THC1 35000 
310620005640167 THC1 35000 
310620005640168 THC1 35000 
310620005640169 THC1 35000 
310620005640170 THC1 35000 
310620005640171 THC1 35000 
310620005640172 THC1 35000 
310620005640173 THC1 35000 
310620005640174 THC1 35000 
310620005640175 THC1 35000 
310620005640176 THC1 35000 
310620005640177 THC1 35000 
310620005640178 THC1 35000 
310620005640179 THC1 35000 
310620005640180 THC1 35000 
310620005640181 THC1 35000 
310620005640182 THC1 35000 
310620005640183 THC1 35000 
310620005640184 THC1 35000 
310620005640185 THC1 35000 
310620005640186 THC1 35000 
310620005640187 THC1 35000 
310620005640188 THC1 35000 
310620005640189 THC1 35000 
310620005640191 THC1 35000 
310620005640192 THC1 35000 
310620005640193 THC1 35000 
310620005640194 THC1 35000 
310620005640195 THC1 35000 
310620005640196 THC1 35000 
310620005640197 THC1 35000 
310620005640198 THC1 35000 
310620005640199 THC1 35000 
310620005640200 THC1 35000 
310620005640201 THC1 35000 
310620005640202 THC1 35000 
310620005640204 THC1 35000 
310620005640205 THC1 35000 
310620005640206 THC1 35000 
310620005640207 THC1 35000 
310620005640208 THC1 35000 
310620005640209 THC1 35000 
310620005640210 THC1 35000 
310620005640211 THC1 35000 
310620005640212 THC1 35000 
310620005640214 THC1 35000 
310620005640215 THC1 35000 
310620005640217 THC1 35000 
310620005640218 THC1 35000 
310620005640219 THC1 35000 
310620005640220 THC1 35000 
310620005640221 THC1 35000 
310620005640222 THC1 35000 
310620005640223 THC1 35000 
310620005640224 THC1 35000 
310620005640226 THC1 35000 
310620005640227 THC1 35000 
310620005640229 THC1 35000 
310620005640230 THC1 35000 
310620005640231 THC1 35000 
310620005640232 THC1 35000 
310620005640233 THC1 35000 
310620005640234 THC1 35000 
310620005640235 THC1 35000 
310620005640236 THC1 35000 
310620005640237 THC1 35000 
310620005640238 THC1 35000 
310620005640239 THC1 35000 
310620005640240 THC1 35000 
310620005640241 THC1 35000 
310620005640242 THC1 35000 
310620005640243 THC1 35000 
310620005640244 THC1 35000 
310620005640245 THC1 35000 
310620005640246 THC1 35000 
310620005640247 THC1 35000 
310620005640248 THC1 35000 
310620005640249 THC1 35000 
310620005640250 THC1 35000 
310620005640251 THC1 35000 
310620005640252 THC1 35000 
310620005640253 THC1 35000 
310620005640254 THC1 35000 
310620005640255 THC1 35000 
310620005640256 THC1 35000 
310620005640257 THC1 35000 
310620005640258 THC1 35000 
310620005640259 THC1 35000 
310620005640260 THC1 35000 
310620005640261 THC1 35000 
310620005640262 THC1 35000 
310620005640263 THC1 35000 
310620005640264 THC1 35000 
310620005640265 THC1 35000 
310620005640266 THC1 35000 
310620005640267 THC1 35000 
310620005640268 THC1 35000 
310620005640269 THC1 35000 
310620005640270 THC1 35000 
310620005640271 THC1 35000 
310620005640272 THC1 35000 
310620005640273 THC1 35000 
310620005640274 THC1 35000 
310620005640275 THC1 35000 
310620005640276 THC1 35000 
310620005640277 THC1 35000 
310620005640278 THC1 35000 
310620005640279 THC1 35000 
310620005640280 THC1 35000 
310620005640281 THC1 35000 
310620005640282 THC1 35000 
310620005640283 THC1 35000 
310620005640284 THC1 35000 
310620005640285 THC1 35000 
310620005640286 THC1 35000 
310620005640287 THC1 35000 
310620005640288 THC1 35000 
310620005640289 THC1 35000 
310620005640290 THC1 35000 
310620005640291 THC1 35000 
310620005650001 THC1 35000 
310620005650002 THC1 35000 
310620005650003 THC1 35000 
310620005650004 THC1 35000 
310620005650005 THC1 35000 
310620005650006 THC1 35000 
310620005650007 THC1 35000 
310620005650008 THC1 35000 
310620005650009 THC1 35000 
310620005650010 THC1 35000 
310620005650011 THC1 35000 
310620005650012 THC1 35000 
310620005650013 THC1 35000 
310620005650014 THC1 35000 
310620005650016 THC1 35000 
310620005650017 THC1 35000 
310620005650018 THC1 35000 
310620005650019 THC1 35000 
310620005650020 THC1 35000 
310620005650021 THC1 35000 
310620005650022 THC1 35000 
310620005650023 THC1 35000 
310620005650024 THC1 35000 
310620005650027 THC1 35000 
310620005650029 THC1 35000 
310620005650030 THC1 35000 
310620005650031 THC1 35000 
310620005650032 THC1 35000 
310620005650033 THC1 35000 
310620005650034 THC1 35000 
310620005650035 THC1 35000 
310620005650036 THC1 35000 
310620005650038 THC1 35000 
310620005650039 THC1 35000 
310620005650040 THC1 35000 
310620005650041 THC1 35000 
310620005650042 THC1 35000 
310620005650043 THC1 35000 
310620005650044 THC1 35000 
310620005650045 THC1 35000 
310620005650046 THC1 35000 
310620005650053 THC1 35000 
310620005650055 THC1 35000 
310620005650056 THC1 35000 
310620005650057 THC1 35000 
310620005650058 THC1 35000 
310620005650059 THC1 35000 
310620005650060 THC1 35000 
310620005650061 THC1 35000 
310620005650062 THC1 35000 
310620005650063 THC1 35000 
310620005650064 THC1 35000 
310620005650065 THC1 35000 
310620005650066 THC1 35000 
310620005650067 THC1 35000 
310620005650068 THC1 35000 
310620005650069 THC1 35000 
310620005650070 THC1 35000 
310620005650071 THC1 35000 
310620005650072 THC1 35000 
310620005650073 THC1 35000 
310620005650074 THC1 35000 
310620005650075 THC1 35000 
310620005650076 THC1 35000 
310620005650077 THC1 35000 
310620005650078 THC1 35000 
310620005650079 THC1 35000 
310620005650082 THC1 35000 
310620005650083 THC1 35000 
310620005650084 THC1 35000 
310620005650085 THC1 35000 
310620005650086 THC1 35000 
310620005650087 THC1 35000 
310620005650088 THC1 35000 
310620005650089 THC1 35000 
310620005650090 THC1 35000 
310620005650091 THC1 35000 
310620005650092 THC1 35000 
310620005650093 THC1 35000 
310620005650094 THC1 35000 
310620005650095 THC1 35000 
310620005650096 THC1 35000 
310620005650097 THC1 35000 
310620005650098 THC1 35000 
310620005650099 THC1 35000 
310620005650101 THC1 35000 
310620005650102 THC1 35000 
310620005650103 THC1 35000 
310620005650104 THC1 35000 
310620005650106 THC1 35000 
310620005650107 THC1 35000 
310620005650108 THC1 35000 
310620005650109 THC1 35000 
310620005650110 THC1 35000 
310620005650114 THC1 35000 
310620005650115 THC1 35000 
310620005650116 THC1 35000 
310620005650117 THC1 35000 
310620005650118 THC1 35000 
310620005650119 THC1 35000 
310620005650120 THC1 35000 
310620005650121 THC1 35000 
310620005650123 THC1 35000 
310620005650124 THC1 35000 
310620005650125 THC1 35000 
310620005650126 THC1 35000 
310620005650127 THC1 35000 
310620005650129 THC1 35000 
310620005650130 THC1 35000 
310620005650135 THC1 35000 
310620005650136 THC1 35000 
310620005650138 THC1 35000 
310620005650139 THC1 35000 
310620005650141 THC1 35000 
310620005650142 THC1 35000 
310620005650143 THC1 35000 
310620005650145 THC1 35000 
310620005650146 THC1 35000 
310620005650147 THC1 35000 
310620005650148 THC1 35000 
310620005650150 THC1 35000 
310620005650151 THC1 35000 
310620005650152 THC1 35000 
310620005650155 THC1 35000 
310620005650156 THC1 35000 
310620005650157 THC1 35000 
310620005650158 THC1 35000 
310620005650159 THC1 35000 
310620005650160 THC1 35000 
310620005650161 THC1 35000 
310620005650162 THC1 35000 
310620005650163 THC1 35000 
310620005650164 THC1 35000 
310620005650165 THC1 35000 
310620005650166 THC1 35000 
310620005650167 THC1 35000 
310620005650168 THC1 35000 
310620005650169 THC1 35000 
310620005650170 THC1 35000 
310620005650171 THC1 35000 
310620005650172 THC1 35000 
310620005650173 THC1 35000 
310620005650174 THC1 35000 
310620005650175 THC1 35000 
310620005650176 THC1 35000 
310620005650177 THC1 35000 
310620005650178 THC1 35000 
310620005650180 THC1 35000 
310620005650181 THC1 35000 
310620005650182 THC1 35000 
310620005650183 THC1 35000 
310620005650184 THC1 35000 
310620005650206 THC1 35000 
310620005650208 THC1 35000 
310620005650209 THC1 35000 
310620005650211 THC1 35000 
310620005650212 THC1 35000 
310620005650213 THC1 35000 
310620005650214 THC1 35000 
310620005650215 THC1 35000 
310620005650217 THC1 35000 
310620005650218 THC1 35000 
310620005650219 THC1 35000 
310620005650220 THC1 35000 
310620005650221 THC1 35000 
310620005650222 THC1 35000 
310620005650223 THC1 35000 
310620005650224 THC1 35000 
310620005650225 THC1 35000 
310620005650226 THC1 35000 
310620005650227 THC1 35000 
310620005650230 THC1 35000 
310620005650231 THC1 35000 
310620005650232 THC1 35000 
310620005650233 THC1 35000 
310620005650234 THC1 35000 
310620005650235 THC1 35000 
310620005650236 THC1 35000 
310620005650237 THC1 35000 
310620005650238 THC1 35000 
310620005650239 THC1 35000 
310620005650241 THC1 35000 
310620005650243 THC1 35000 
310620005650244 THC1 35000 
310620005650246 THC1 35000 
310620005650248 THC1 35000 
310620005650249 THC1 35000 
310620005650251 THC1 35000 
310620005650252 THC1 35000 
310620005650253 THC1 35000 
310620005650254 THC1 35000 
310620005650255 THC1 35000 
310620005650257 THC1 35000 
310620005650259 THC1 35000 
310620005650260 THC1 35000 
310620005650263 THC1 35000 
310620005650268 THC1 35000 
310620005650291 THC1 35000 
310620005650292 THC1 35000 
310620005650312 THC1 35000 
310620005650315 THC1 35000 
310620005650316 THC1 35000 
310620005650317 THC1 35000 
310620005650318 THC1 35000 
310620005650320 THC1 35000 
310620005650321 THC1 35000 
310620005650322 THC1 35000 
310620005650324 THC1 35000 
310620005650325 THC1 35000 
310620005650326 THC1 35000 
310620005650327 THC1 35000 
310620005650328 THC1 35000 
310620005650329 THC1 35000 
310620005650330 THC1 35000 
310620005650331 THC1 35000 
310620005650332 THC1 35000 
310620005650333 THC1 35000 
310620005650334 THC1 35000 
310620005650335 THC1 35000 
310620005650336 THC1 35000 
310620005650337 THC1 35000 
310620005650338 THC1 35000 
310620005650339 THC1 35000 
310620005650340 THC1 35000 
310620005650341 THC1 35000 
310620005650342 THC1 35000 
310620005650343 THC1 35000 
310620005650344 THC1 35000 
310620005650345 THC1 35000 
310620005650346 THC1 35000 
310620005650347 THC1 35000 
310620005650348 THC1 35000 
310620005650349 THC1 35000 
310620005650350 THC1 35000 
310620005650351 THC1 35000 
310620005650352 THC1 35000 
310620005650353 THC1 35000 
310620005650354 THC1 35000 
310620005650355 THC1 35000 
310620005650356 THC1 35000 
310620005650357 THC1 35000 
310620005650358 THC1 35000 
310620005650359 THC1 35000 
310620005650360 THC1 35000 
310620005650361 THC1 35000 
310620005650362 THC1 35000 
310620005650363 THC1 35000 
310620005650364 THC1 35000 
310620005650365 THC1 35000 
310620005650366 THC1 35000 
310620005650367 THC1 35000 
310620005650368 THC1 35000 
310620005650369 THC1 35000 
310620005650370 THC1 35000 
310620005650371 THC1 35000 
310620005650372 THC1 35000 
310620005650373 THC1 35000 
310620005650374 THC1 35000 
310620005650375 THC1 35000 
310620005650376 THC1 35000 
310620005650377 THC1 35000 
310620005650378 THC1 35000 
310620005650379 THC1 35000 
310620005650380 THC1 35000 
310620005650381 THC1 35000 
310620005650382 THC1 35000 
310620005650383 THC1 35000 
310620005650384 THC1 35000 
310620005650385 THC1 35000 
310620005650386 THC1 35000 
310620005650387 THC1 35000 
310620005650388 THC1 35000 
310620005650390 THC1 35000 
310620005650391 THC1 35000 
310620005650392 THC1 35000 
310620005650394 THC1 35000 
310620005650395 THC1 35000 
310620005650396 THC1 35000 
310620005650397 THC1 35000 
310620005650398 THC1 35000 
310620005650399 THC1 35000 
310620005650400 THC1 35000 
310620005650401 THC1 35000 
310620005650402 THC1 35000 
310620005650403 THC1 35000 
310620005650404 THC1 35000 
310620005650405 THC1 35000 
310620005650406 THC1 35000 
310620005650407 THC1 35000 
310620005650408 THC1 35000 
310620005650409 THC1 35000 
310620005650410 THC1 35000 
310620005650412 THC1 35000 
310620005650413 THC1 35000 
310620005650414 THC1 35000 
310620005650416 THC1 35000 
310620005650419 THC1 35000 
310620005650420 THC1 35000 
310620005650421 THC1 35000 
310620005650422 THC1 35000 
310620005650423 THC1 35000 
310620005650424 THC1 35000 
310620005650425 THC1 35000 
310620005650426 THC1 35000 
310620005650427 THC1 35000 
310620005650428 THC1 35000 
310620005650429 THC1 35000 
310620005650430 THC1 35000 
310620005650431 THC1 35000 
310620005650432 THC1 35000 
310620005650436 THC1 35000 
310620005650437 THC1 35000 
310620005650438 THC1 35000 
310620005650439 THC1 35000 
310620005650440 THC1 35000 
310620005650441 THC1 35000 
310620005650442 THC1 35000 
310620005650443 THC1 35000 
310620005650444 THC1 35000 
310620005650445 THC1 35000 
310620005650446 THC1 35000 
310620005650447 THC1 35000 
310620005650448 THC1 35000 
310620005650449 THC1 35000 
310620005650450 THC1 35000 
310620005650451 THC1 35000 
310620005650453 THC1 35000 
310620005650454 THC1 35000 
310620005650455 THC1 35000 
310620005650456 THC1 35000 
310620005650457 THC1 35000 
310620005650458 THC1 35000 
310620005650459 THC1 35000 
310620005650460 THC1 35000 
310620005650462 THC1 35000 
310620005650463 THC1 35000 
310620005650464 THC1 35000 
310620005650466 THC1 35000 
310620005650467 THC1 35000 
310620005650468 THC1 35000 
310620005650470 THC1 35000 
310620005650471 THC1 35000 
310620005650473 THC1 35000 
310620005650474 THC1 35000 
310620005650476 THC1 35000 
310620005650477 THC1 35000 
310620005650478 THC1 35000 
310620005650479 THC1 35000 
310620005650480 THC1 35000 
310620005650481 THC1 35000 
310620005650483 THC1 35000 
310620005650486 THC1 35000 
310620005650487 THC1 35000 
310620005650488 THC1 35000 
310620005650489 THC1 35000 
310620005650490 THC1 35000 
310620005650491 THC1 35000 
310620005650505 THC1 35000 
310620005650508 THC1 35000 
310620005650509 THC1 35000 
310620005650510 THC1 35000 
310620005650512 THC1 35000 
310620005650513 THC1 35000 
310620005650515 THC1 35000 
310620005650516 THC1 35000 
310620005650517 THC1 35000 
310620005650518 THC1 35000 
310620005650519 THC1 35000 
310620005650520 THC1 35000 
310620005650521 THC1 35000 
310620005650522 THC1 35000 
310620005650523 THC1 35000 
310620005650524 THC1 35000 
310620005650530 THC1 35000 
310620005650548 THC1 35000 
310620005650551 THC1 35000 
310620005650552 THC1 35000 
310620005650556 THC1 35000 
310620005650557 THC1 35000 
310620005650558 THC1 35000 
310620005650559 THC1 35000 
310620005650560 THC1 35000 
310620005650561 THC1 35000 
310620005650563 THC1 35000 
310620005650564 THC1 35000 
310620005650565 THC1 35000 
310620005650566 THC1 35000 
310620005650570 THC1 35000 
310620005650571 THC1 35000 
310620005650572 THC1 35000 
310620005650573 THC1 35000 
310620005650574 THC1 35000 
310620005650575 THC1 35000 
310620005650579 THC1 35000 
310620005650580 THC1 35000 
310620005650581 THC1 35000 
310620005650582 THC1 35000 
310620005650583 THC1 35000 
310620005650584 THC1 35000 
310620005650585 THC1 35000 
310620005650586 THC1 35000 
310620005650587 THC1 35000 
310620005650588 THC1 35000 
310620005650589 THC1 35000 
310620005650590 THC1 35000 
310620005650591 THC1 35000 
310620005650592 THC1 35000 
310620005650593 THC1 35000 
310620005650594 THC1 35000 
310620005650595 THC1 35000 
310620005650596 THC1 35000 
310620005650597 THC1 35000 
310620005650598 THC1 35000 
310620005650599 THC1 35000 
310620005650600 THC1 35000 
310620005650601 THC1 35000 
310620005650602 THC1 35000 
310620005650603 THC1 35000 
310620005650604 THC1 35000 
310620005650607 THC1 35000 
310620005650608 THC1 35000 
310620005650609 THC1 35000 
310620005650610 THC1 35000 
310620005650611 THC1 35000 
310620005650612 THC1 35000 
310620005650613 THC1 35000 
310620005650614 THC1 35000 
310620005650615 THC1 35000 
310620005650616 THC1 35000 
310620005650617 THC1 35000 
310620005650618 THC1 35000 
310620005650619 THC1 35000 
310620005650620 THC1 35000 
310620005650621 THC1 35000 
310620005650622 THC1 35000 
310620005650623 THC1 35000 
310620005650624 THC1 35000 
310620005650625 THC1 35000 
310620005650626 THC1 35000 
310620005650627 THC1 35000 
310620005650628 THC1 35000 
310620005650629 THC1 35000 
310620005650630 THC1 35000 
310620005650631 THC1 35000 
310620005650632 THC1 35000 
310620005650634 THC1 35000 
310620005650635 THC1 35000 
310620005650636 THC1 35000 
310620005650637 THC1 35000 
310620005650638 THC1 35000 
310620005650640 THC1 35000 
310620005650641 THC1 35000 
310620005650642 THC1 35000 
310620005650643 THC1 35000 
310620005650644 THC1 35000 
310620005650645 THC1 35000 
310620005650646 THC1 35000 
310620005650647 THC1 35000 
310620005650648 THC1 35000 
310620005650649 THC1 35000 
310620005650650 THC1 35000 
310620005650651 THC1 35000 
310620005650652 THC1 35000 
310620005650653 THC1 35000 
310620005650654 THC1 35000 
310620005650655 THC1 35000 
310620005650656 THC1 35000 
310620005650657 THC1 35000 
310620005650658 THC1 35000 
310620005650659 THC1 35000 
310620005650660 THC1 35000 
310620005650661 THC1 35000 
310620005650662 THC1 35000 
310620005650663 THC1 35000 
310620005650664 THC1 35000 
310620005650665 THC1 35000 
310620005650666 THC1 35000 
310620005650667 THC1 35000 
310620005650668 THC1 35000 
310620005650669 THC1 35000 
310620005650670 THC1 35000 
310620005650671 THC1 35000 
310620005650672 THC1 35000 
310620005650673 THC1 35000 
310620005650675 THC1 35000 
310620005650676 THC1 35000 
310620005650677 THC1 35000 
310620005650678 THC1 35000 
310620005650679 THC1 35000 
310620005650680 THC1 35000 
310620005650681 THC1 35000 
310620005650682 THC1 35000 
310620005650683 THC1 35000 
310620005650684 THC1 35000 
310620005650685 THC1 35000 
310620005650686 THC1 35000 
310620005650687 THC1 35000 
310620005650689 THC1 35000 
310620005650690 THC1 35000 
310620005650691 THC1 35000 
310620005650692 THC1 35000 
310620005650693 THC1 35000 
310620005650694 THC1 35000 
310620005650695 THC1 35000 
310620005650696 THC1 35000 
310620005650697 THC1 35000 
310620005650698 THC1 35000 
310620005650699 THC1 35000 
310620005650700 THC1 35000 
310620005650701 THC1 35000 
310620005650702 THC1 35000 
310620005650703 THC1 35000 
310620005650704 THC1 35000 
310620005650705 THC1 35000 
310620005650706 THC1 35000 
310620005650707 THC1 35000 
310620005650708 THC1 35000 
310620005650709 THC1 35000 
310620005650710 THC1 35000 
310620005650711 THC1 35000 
310620005650712 THC1 35000 
310620005650713 THC1 35000 
310620005650714 THC1 35000 
310620005650715 THC1 35000 
310620005650716 THC1 35000 
310620005650717 THC1 35000 
310620005650718 THC1 35000 
310620005650719 THC1 35000 
310620005650720 THC1 35000 
310620005650721 THC1 35000 
310620005650722 THC1 35000 
310620005650723 THC1 35000 
310620005650724 THC1 35000 
310620005650725 THC1 35000 
310620005650726 THC1 35000 
310620005650727 THC1 35000 
310620005650728 THC1 35000 
310620005660001 THC1 35000 
310620005660002 THC1 35000 
310620005660004 THC1 35000 
310620005660005 THC1 35000 
310620005660006 THC1 35000 
310620005660007 THC1 35000 
310620005660008 THC1 35000 
310620005660010 THC1 35000 
310620005660011 THC1 35000 
310620005660013 THC1 35000 
310620005660014 THC1 35000 
310620005660015 THC1 35000 
310620005660016 THC1 35000 
310620005660017 THC1 35000 
310620005660018 THC1 35000 
310620005660019 THC1 35000 
310620005660020 THC1 35000 
310620005660022 THC1 35000 
310620005660024 THC1 35000 
310620005670001 THC1 35000 
310620005670002 THC1 35000 
310620005670003 THC1 35000 
310620005670004 THC1 35000 
310620005670005 THC1 35000 
310620005670006 THC1 35000 
310620005670007 THC1 35000 
310620005670008 THC1 35000 
310620005670009 THC1 35000 
310620005670010 THC1 35000 
310620005670013 THC1 35000 
310620005670014 THC1 35000 
310620005670015 THC1 35000 
310620005670016 THC1 35000 
310620005670018 THC1 35000 
310620005670019 THC1 35000 
310620005670020 THC1 35000 
310620005670022 THC1 35000 
310620005670023 THC1 35000 
310620005670024 THC1 35000 
310620005670025 THC1 35000 
310620005670027 THC1 35000 
310620005670028 THC1 35000 
310620005670030 THC1 35000 
310620005670031 THC1 35000 
310620005670033 THC1 35000 
310620005670034 THC1 35000 
310620005670035 THC1 35000 
310620005670036 THC1 35000 
310620005670037 THC1 35000 
310620005670038 THC1 35000 
310620005670039 THC1 35000 
310620005670040 THC1 35000 
310620005670041 THC1 35000 
310620005670042 THC1 35000 
310620005670043 THC1 35000 
310620005670044 THC1 35000 
310620005670045 THC1 35000 
310620005670046 THC1 35000 
310620005670047 THC1 35000 
310620005670048 THC1 35000 
310620005670049 THC1 35000 
310620005670052 THC1 35000 
310620005670054 THC1 35000 
310620005670055 THC1 35000 
310620005670056 THC1 35000 
310620005670059 THC1 35000 
310620005670060 THC1 35000 
310620005670061 THC1 35000 
310620005670062 THC1 35000 
310620005670063 THC1 35000 
310620005670064 THC1 35000 
310620005670065 THC1 35000 
310620005670067 THC1 35000 
310620005670068 THC1 35000 
310620005670069 THC1 35000 
310620005670071 THC1 35000 
310620005670072 THC1 35000 
310620005670076 THC1 35000 
310620005670079 THC1 35000 
310620005670080 THC1 35000 
310620005670082 THC1 35000 
310620005670083 THC1 35000 
310620005670085 THC1 35000 
310620005670086 THC1 35000 
310620005670087 THC1 35000 
310620005670088 THC1 35000 
310620005670089 THC1 35000 
310620005670091 THC1 35000 
310620005670092 THC1 35000 
310620005670093 THC1 35000 
310620005670094 THC1 35000 
310620005670095 THC1 35000 
310620005670096 THC1 35000 
310620005670097 THC1 35000 
310620005670098 THC1 35000 
310620005670099 THC1 35000 
310620005670100 THC1 35000 
310620005670101 THC1 35000 
310620005670102 THC1 35000 
310620005670103 THC1 35000 
310620005670104 THC1 35000 
310620005670105 THC1 35000 
310620005670106 THC1 35000 
310620005670107 THC1 35000 
310620005670109 THC1 35000 
310620005670110 THC1 35000 
310620005670111 THC1 35000 
310620005670113 THC1 35000 
310620005670115 THC1 35000 
310620005670116 THC1 35000 
310620005670117 THC1 35000 
310620005670118 THC1 35000 
310620005670119 THC1 35000 
310620005670120 THC1 35000 
310620005670121 THC1 35000 
310620005670122 THC1 35000 
310620005670123 THC1 35000 
310620005670124 THC1 35000 
310620005670125 THC1 35000 
310620005670126 THC1 35000 
310620005670127 THC1 35000 
310620005670128 THC1 35000 
310620005670129 THC1 35000 
310620005670130 THC1 35000 
310620005670131 THC1 35000 
310620005670132 THC1 35000 
310620005670133 THC1 35000 
310620005670134 THC1 35000 
310620005670136 THC1 35000 
310620005670137 THC1 35000 
310620005670138 THC1 35000 
310620005670139 THC1 35000 
310620005670140 THC1 35000 
310620005670141 THC1 35000 
310620005670142 THC1 35000 
310620005670143 THC1 35000 
310620005670145 THC1 35000 
310620005670147 THC1 35000 
310620005670148 THC1 35000 
310620005670150 THC1 35000 
310620005670151 THC1 35000 
310620005670152 THC1 35000 
310620005670153 THC1 35000 
310620005670155 THC1 35000 
310620005670156 THC1 35000 
310620005670157 THC1 35000 
310620005670158 THC1 35000 
310620005670159 THC1 35000 
310620005670160 THC1 35000 
310620005670161 THC1 35000 
310620005670162 THC1 35000 
310620005670163 THC1 35000 
310620005670164 THC1 35000 
310620005670165 THC1 35000 
310620005670167 THC1 35000 
310620005670168 THC1 35000 
310620005670170 THC1 35000 
310620005670171 THC1 35000 
310620005670172 THC1 35000 
310620005670173 THC1 35000 
310620005670176 THC1 35000 
310620005670177 THC1 35000 
310620005670178 THC1 35000 
310620005670179 THC1 35000 
310620005670180 THC1 35000 
310620005670181 THC1 35000 
310620005670182 THC1 35000 
310620005670183 THC1 35000 
310620005670187 THC1 35000 
310620005670188 THC1 35000 
310620005670189 THC1 35000 
310620005670190 THC1 35000 
310620005670193 THC1 35000 
310620005670194 THC1 35000 
310620005670195 THC1 35000 
310620005670196 THC1 35000 
310620005670198 THC1 35000 
310620005670199 THC1 35000 
310620005670200 THC1 35000 
310620005670201 THC1 35000 
310620005670202 THC1 35000 
310620005670203 THC1 35000 
310620005670204 THC1 35000 
310620005670205 THC1 35000 
310620005670206 THC1 35000 
310620005670207 THC1 35000 
310620005670208 THC1 35000 
310620005670209 THC1 35000 
310620005670210 THC1 35000 
310620005670211 THC1 35000 
310620005670212 THC1 35000 
310620005670213 THC1 35000 
310620005670214 THC1 35000 
310620005670215 THC1 35000 
310620005670216 THC1 35000 
310620005670217 THC1 35000 
310620005670218 THC1 35000 
310620005670219 THC1 35000 
310620005670222 THC1 35000 
310620005670224 THC1 35000 
310620005670225 THC1 35000 
310620005670226 THC1 35000 
310620005670227 THC1 35000 
310620005670228 THC1 35000 
310620005670229 THC1 35000 
310620005670230 THC1 35000 
310620005670231 THC1 35000 
310620005670232 THC1 35000 
310620005670233 THC1 35000 
310620005670234 THC1 35000 
310620005670235 THC1 35000 
310620005670236 THC1 35000 
310620005670237 THC1 35000 
310620005670238 THC1 35000 
310620005670239 THC1 35000 
310620005670240 THC1 35000 
310620005670241 THC1 35000 
310620005670242 THC1 35000 
310620005670243 THC1 35000 
310620005670244 THC1 35000 
310620005670245 THC1 35000 
310620005670246 THC1 35000 
310620005670247 THC1 35000 
310620005670248 THC1 35000 
310620005670249 THC1 35000 
310620005670250 THC1 35000 
310620005670251 THC1 35000 
310620005670252 THC1 35000 
310620005670253 THC1 35000 
310620005670254 THC1 35000 
310620005670255 THC1 35000 
310620005670256 THC1 35000 
310620005670257 THC1 35000 
310620005670258 THC1 35000 
310620005670259 THC1 35000 
310620005670260 THC1 35000 
310620005670261 THC1 35000 
310620005670262 THC1 35000 
310620005670263 THC1 35000 
310620005670264 THC1 35000 
310620005670265 THC1 35000 
310620005670266 THC1 35000 
310620005670268 THC1 35000 
310620005670269 THC1 35000 
310620005670270 THC1 35000 
310620005670271 THC1 35000 
310620005670272 THC1 35000 
310620005670273 THC1 35000 
310620005670274 THC1 35000 
310620005670275 THC1 35000 
310620005670276 THC1 35000 
310620005670277 THC1 35000 
310620005670278 THC1 35000 
310620005670279 THC1 35000 
310620005670280 THC1 35000 
310620005670281 THC1 35000 
310620005670282 THC1 35000 
310620005670283 THC1 35000 
310620005670284 THC1 35000 
310620005670285 THC1 35000 
310620005670286 THC1 35000 
310620005670287 THC1 35000 
310620005670288 THC1 35000 
310620005670289 THC1 35000 
310620005670291 THC1 35000 
310620005670292 THC1 35000 
310620005670293 THC1 35000 
310620005670294 THC1 35000 
310620005670295 THC1 35000 
310620005670296 THC1 35000 
310620005670297 THC1 35000 
310620005670298 THC1 35000 
310620005670299 THC1 35000 
310620005670300 THC1 35000 
310620005670301 THC1 35000 
310620005670302 THC1 35000 
310620005670304 THC1 35000 
310620005670305 THC1 35000 
310620005670306 THC1 35000 
310620005670307 THC1 35000 
310620005670308 THC1 35000 
310620005670310 THC1 35000 
310620005670311 THC1 35000 
310620005670312 THC1 35000 
310620005670313 THC1 35000 
310620005670314 THC1 35000 
310620005670316 THC1 35000 
310620005670317 THC1 35000 
310620005670318 THC1 35000 
310620005670319 THC1 35000 
310620005670320 THC1 35000 
310620005670321 THC1 35000 
310620005670322 THC1 35000 
310620005670323 THC1 35000 
310620005670325 THC1 35000 
310620005670326 THC1 35000 
310620005670327 THC1 35000 
310620005670328 THC1 35000 
310620005670329 THC1 35000 
310620005670330 THC1 35000 
310620005670332 THC1 35000 
310620005670333 THC1 35000 
310620005670334 THC1 35000 
310620005670335 THC1 35000 
310620005670336 THC1 35000 
310620005670337 THC1 35000 
310620005670338 THC1 35000 
310620005670339 THC1 35000 
310620005670340 THC1 35000 
310620005670343 THC1 35000 
310620005670347 THC1 35000 
310620005670348 THC1 35000 
310620005670349 THC1 35000 
310620005670350 THC1 35000 
310620005670351 THC1 35000 
310620005670352 THC1 35000 
310620005670353 THC1 35000 
310620005670354 THC1 35000 
310620005670357 THC1 35000 
310620005670359 THC1 35000 
310620005670361 THC1 35000 
310620005670362 THC1 35000 
310620005670363 THC1 35000 
310620005670364 THC1 35000 
310620005670365 THC1 35000 
310620005670366 THC1 35000 
310620005670369 THC1 35000 
310620005670372 THC1 35000 
310620005670377 THC1 35000 
310620005670379 THC1 35000 
310620005670380 THC1 35000 
310620005670381 THC1 35000 
310620005670382 THC1 35000 
310620005670383 THC1 35000 
310620005670384 THC1 35000 
310620005670385 THC1 35000 
310620005670386 THC1 35000 
310620005670387 THC1 35000 
310620005670388 THC1 35000 
310620005670389 THC1 35000 
310620005670390 THC1 35000 
310620005670391 THC1 35000 
310620005670392 THC1 35000 
310620005670393 THC1 35000 
310620005670394 THC1 35000 
310620005670395 THC1 35000 
310620005670396 THC1 35000 
310620005670397 THC1 35000 
310620005670400 THC1 35000 
310620005670401 THC1 35000 
310620005670402 THC1 35000 
310620005670404 THC1 35000 
310620005670406 THC1 35000 
310620005670407 THC1 35000 
310620005670408 THC1 35000 
310620005670409 THC1 35000 
310620005670410 THC1 35000 
310620005670411 THC1 35000 
310620005670412 THC1 35000 
310620005670414 THC1 35000 
310620005670415 THC1 35000 
310620005670416 THC1 35000 
310620005670417 THC1 35000 
310620005670418 THC1 35000 
310620005670419 THC1 35000 
310620005670420 THC1 35000 
310620005670421 THC1 35000 
310620005670422 THC1 35000 
310620005670424 THC1 35000 
310620005670425 THC1 35000 
310620005670426 THC1 35000 
310620005670427 THC1 35000 
310620005670428 THC1 35000 
310620005670431 THC1 35000 
310620005670432 THC1 35000 
310620005670433 THC1 35000 
310620005670434 THC1 35000 
310620005670435 THC1 35000 
310620005670436 THC1 35000 
310620005670437 THC1 35000 
310620005670438 THC1 35000 
310620005670440 THC1 35000 
310620005670441 THC1 35000 
310620005670442 THC1 35000 
310620005670443 THC1 35000 
310620005670444 THC1 35000 
310620005670445 THC1 35000 
310620005670446 THC1 35000 
310620005670447 THC1 35000 
310620005670448 THC1 35000 
310620005670449 THC1 35000 
310620005670450 THC1 35000 
310620005670451 THC1 35000 
310620005670453 THC1 35000 
310620005670455 THC1 35000 
310620005670458 THC1 35000 
310620005670459 THC1 35000 
310620005670460 THC1 35000 
310620005670461 THC1 35000 
310620005670462 THC1 35000 
310620005670463 THC1 35000 
310620005670464 THC1 35000 
310620005670465 THC1 35000 
310620005670466 THC1 35000 
310620005670467 THC1 35000 
310620005670468 THC1 35000 
310620005670471 THC1 35000 
310620005670472 THC1 35000 
310620005670473 THC1 35000 
310620005670474 THC1 35000 
310620005670475 THC1 35000 
310620005670476 THC1 35000 
310620005670477 THC1 35000 
310620005670478 THC1 35000 
310620005670479 THC1 35000 
310620005670480 THC1 35000 
310620005670483 THC1 35000 
310620005670484 THC1 35000 
310620005670485 THC1 35000 
310620005670486 THC1 35000 
310620005670487 THC1 35000 
310620005670488 THC1 35000 
310620005670489 THC1 35000 
310620005670490 THC1 35000 
310620005670492 THC1 35000 
310620005670493 THC1 35000 
310620005670494 THC1 35000 
310620005670496 THC1 35000 
310620005670497 THC1 35000 
310620005670498 THC1 35000 
310620005670500 THC1 35000 
310620005670501 THC1 35000 
310620005670502 THC1 35000 
310620005670504 THC1 35000 
310620005670505 THC1 35000 
310620005670506 THC1 35000 
310620005670507 THC1 35000 
310620005670508 THC1 35000 
310620005670509 THC1 35000 
310620005670510 THC1 35000 
310620005670512 THC1 35000 
310620005670513 THC1 35000 
310620005670515 THC1 35000 
310620005670516 THC1 35000 
310620005670517 THC1 35000 
310620005670518 THC1 35000 
310620005670519 THC1 35000 
310620005670520 THC1 35000 
310620005670521 THC1 35000 
310620005670522 THC1 35000 
310620005670523 THC1 35000 
310620005670524 THC1 35000 
310620005670525 THC1 35000 
310620005670526 THC1 35000 
310620005670527 THC1 35000 
310620005670528 THC1 35000 
310620005670529 THC1 35000 
310620005670530 THC1 35000 
310620005670531 THC1 35000 
310620005670532 THC1 35000 
310620005670533 THC1 35000 
310620005670534 THC1 35000 
310620005670536 THC1 35000 
310620005670537 THC1 35000 
310620005670539 THC1 35000 
310620005670540 THC1 35000 
310620005670541 THC1 35000 
310620005670542 THC1 35000 
310620005670543 THC1 35000 
310620005670544 THC1 35000 
310620005670545 THC1 35000 
310620005670546 THC1 35000 
310620005670547 THC1 35000 
310620005670548 THC1 35000 
310620005670549 THC1 35000 
310620005670550 THC1 35000 
310620005670551 THC1 35000 
310620005670552 THC1 35000 
310620005670553 THC1 35000 
310620005670554 THC1 35000 
310620005670555 THC1 35000 
310620005670556 THC1 35000 
310620005670557 THC1 35000 
310620005670558 THC1 35000 
310620005670559 THC1 35000 
310620005670560 THC1 35000 
310620005670561 THC1 35000 
310620005670562 THC1 35000 
310620005670563 THC1 35000 
310620005670564 THC1 35000 
310620005670565 THC1 35000 
310620005670566 THC1 35000 
310620005670567 THC1 35000 
310620005670568 THC1 35000 
310620005670569 THC1 35000 
310620005670570 THC1 35000 
310620005670571 THC1 35000 
310620005670572 THC1 35000 
310620005670573 THC1 35000 
310620005670574 THC1 35000 
310620005670576 THC1 35000 
310620005670577 THC1 35000 
310620005670578 THC1 35000 
310620005670579 THC1 35000 
310620005670580 THC1 35000 
310620005670581 THC1 35000 
310620005670582 THC1 35000 
310620005670583 THC1 35000 
310620005670584 THC1 35000 
310620005670585 THC1 35000 
310620005670586 THC1 35000 
310620005670587 THC1 35000 
310620005670588 THC1 35000 
310620005670589 THC1 35000 
310620005670590 THC1 35000 
310620005670591 THC1 35000 
310620005670592 THC1 35000 
310620005670593 THC1 35000 
310620005670594 THC1 35000 
310620005670595 THC1 35000 
310620005670596 THC1 35000 
310620005670597 THC1 35000 
310620005670598 THC1 35000 
310620005670599 THC1 35000 
310620005670600 THC1 35000 
310620005670601 THC1 35000 
310620005670602 THC1 35000 
310620005670604 THC1 35000 
310620005670605 THC1 35000 
310620005670606 THC1 35000 
310620005670607 THC1 35000 
310620005670608 THC1 35000 
310620005670609 THC1 35000 
310620005670610 THC1 35000 
310620005670611 THC1 35000 
310620005670612 THC1 35000 
310620005670613 THC1 35000 
310620005670614 THC1 35000 
310620005670615 THC1 35000 
310620005670616 THC1 35000 
310620005670617 THC1 35000 
310620005670618 THC1 35000 
310620005670619 THC1 35000 
310620005670620 THC1 35000 
310620005670621 THC1 35000 
310620005670622 THC1 35000 
310620005670623 THC1 35000 
310620005670624 THC1 35000 
310620005670625 THC1 35000 
310620005670626 THC1 35000 
310620005670627 THC1 35000 
310620005670628 THC1 35000 
310620005670629 THC1 35000 
310620005670630 THC1 35000 
310620005670631 THC1 35000 
310620005670632 THC1 35000 
310620005670633 THC1 35000 
310620005670634 THC1 35000 
310620005670635 THC1 35000 
310620005670636 THC1 35000 
310620005670637 THC1 35000 
310620005670638 THC1 35000 
310620005670639 THC1 35000 
310620005670640 THC1 35000 
310620005670641 THC1 35000 
310620005670642 THC1 35000 
310620005670643 THC1 35000 
310620005670644 THC1 35000 
310620005670646 THC1 35000 
310620005670647 THC1 35000 
310620005670648 THC1 35000 
310620005670649 THC1 35000 
310620005670650 THC1 35000 
310620005670651 THC1 35000 
310620005670652 THC1 35000 
310620005670653 THC1 35000 
310620005670654 THC1 35000 
310620005670655 THC1 35000 
310620005670656 THC1 35000 
310620005670657 THC1 35000 
310620005670658 THC1 35000 
310620005670659 THC1 35000 
310620005670660 THC1 35000 
310620005670661 THC1 35000 
310620005670662 THC1 35000 
310620005670663 THC1 35000 
310620005670664 THC1 35000 
310620005670665 THC1 35000 
310620005670666 THC1 35000 
310620005670667 THC1 35000 
310620005670668 THC1 35000 
310620005670669 THC1 35000 
310620005670670 THC1 35000 
310620005670671 THC1 35000 
310620005670672 THC1 35000 
310620005670673 THC1 35000 
310620005670674 THC1 35000 
310620005670675 THC1 35000 
310620005670676 THC1 35000 
310620005670677 THC1 35000 
310620005670678 THC1 35000 
310620005670679 THC1 35000 
310620005670680 THC1 35000 
310620005670681 THC1 35000 
310620005670682 THC1 35000 
310620005670683 THC1 35000 
310620005670684 THC1 35000 
310620005670685 THC1 35000 
310620005670686 THC1 35000 
310620005670687 THC1 35000 
310620005670688 THC1 35000 
310620005670689 THC1 35000 
310620005670690 THC1 35000 
310620005670691 THC1 35000 
310620005670692 THC1 35000 
310620005670693 THC1 35000 
310620005670694 THC1 35000 
310620005670695 THC1 35000 
310620005670696 THC1 35000 
310620005670697 THC1 35000 
310620005670698 THC1 35000 
310620005670699 THC1 35000 
310620005670700 THC1 35000 
310620005670701 THC1 35000 
310620005670702 THC1 35000 
310620005670703 THC1 35000 
310620005670704 THC1 35000 
310620005670705 THC1 35000 
310620005670706 THC1 35000 
310620005670707 THC1 35000 
310620005670708 THC1 35000 
310620005670709 THC1 35000 
310620005670710 THC1 35000 
310620005670711 THC1 35000 
310620005670712 THC1 35000 
310620005670713 THC1 35000 
310620005670714 THC1 35000 
310620005670715 THC1 35000 
310620005670716 THC1 35000 
310620005670717 THC1 35000 
310620005670718 THC1 35000 
310620005670719 THC1 35000 
310620005670720 THC1 35000 
310620005670721 THC1 35000 
310620005670722 THC1 35000 
310620005670723 THC1 35000 
310620005670724 THC1 35000 
310620005670725 THC1 35000 
310620005670726 THC1 35000 
310620005670727 THC1 35000 
310620005670728 THC1 35000 
310620005670729 THC1 35000 
310620005670730 THC1 35000 
310620005670731 THC1 35000 
310620005670732 THC1 35000 
310620005670733 THC1 35000 
310620005670734 THC1 35000 
310620005670735 THC1 35000 
310620005670736 THC1 35000 
310620005670737 THC1 35000 
310620005670738 THC1 35000 
310620005670739 THC1 35000 
310620005670740 THC1 35000 
310620005670741 THC1 35000 
310620005670742 THC1 35000 
310620005670743 THC1 35000 
310620005670744 THC1 35000 
310620005670745 THC1 35000 
310620005670746 THC1 35000 
310620005670747 THC1 35000 
310620005670748 THC1 35000 
310620005670749 THC1 35000 
310620005670750 THC1 35000 
310620005670751 THC1 35000 
310620005670752 THC1 35000 
310620005670753 THC1 35000 
310620005670754 THC1 35000 
310620005670755 THC1 35000 
310620005670756 THC1 35000 
310620005670757 THC1 35000 
310620005670758 THC1 35000 
310620005670759 THC1 35000 
310620005670760 THC1 35000 
310620005670761 THC1 35000 
310620005670762 THC1 35000 
310620005670763 THC1 35000 
310620005670764 THC1 35000 
310620005670765 THC1 35000 
310620005670766 THC1 35000 
310620005670767 THC1 35000 
310620005670768 THC1 35000 
310620005670769 THC1 35000 
310620005670770 THC1 35000 
310620005670771 THC1 35000 
310620005670772 THC1 35000 
310620005670774 THC1 35000 
310620005670775 THC1 35000 
310620005670776 THC1 35000 
310620005670777 THC1 35000 
310620005670778 THC1 35000 
310620005670779 THC1 35000 
310620005670780 THC1 35000 
310620005670781 THC1 35000 
310620005670782 THC1 35000 
310620005670783 THC1 35000 
310620005670784 THC1 35000 
310620005670785 THC1 35000 
310620005670786 THC1 35000 
310620005670787 THC1 35000 
310620005670788 THC1 35000 
310620005670790 THC1 35000 
310620005670791 THC1 35000 
310620005670792 THC1 35000 
310620005670793 THC1 35000 
310620005670794 THC1 35000 
310620005670795 THC1 35000 
310620005670796 THC1 35000 
310620005670797 THC1 35000 
310620005670798 THC1 35000 
310620005670799 THC1 35000 
310620005670800 THC1 35000 
310620005670801 THC1 35000 
310620005670802 THC1 35000 
310620005670803 THC1 35000 
310620005670804 THC1 35000 
310620005670805 THC1 35000 
310620005670806 THC1 35000 
310620005670807 THC1 35000 
310620005670808 THC1 35000 
310620005670809 THC1 35000 
310620005670810 THC1 35000 
310620005670811 THC1 35000 
310620005670812 THC1 35000 
310620005670813 THC1 35000 
310620005670814 THC1 35000 
310620005670815 THC1 35000 
310620005670816 THC1 35000 
310620005670817 THC1 35000 
310620005670818 THC1 35000 
310620005670820 THC1 35000 
310620005670823 THC1 35000 
310620005670824 THC1 35000 
310620005670825 THC1 35000 
310620005670826 THC1 35000 
310620005670827 THC1 35000 
310620005670828 THC1 35000 
310620005670829 THC1 35000 
310620005670830 THC1 35000 
310620005670831 THC1 35000 
310620005670832 THC1 35000 
310620005670833 THC1 35000 
310620005670834 THC1 35000 
310620005670835 THC1 35000 
310620005670836 THC1 35000 
310620005670837 THC1 35000 
310620005670838 THC1 35000 
310620005670839 THC1 35000 
310620005670840 THC1 35000 
310620005670841 THC1 35000 
310620005670842 THC1 35000 
310620005670843 THC1 35000 
310620005670844 THC1 35000 
310620005670845 THC1 35000 
310620005670846 THC1 35000 
310620005670847 THC1 35000 
310620005670848 THC1 35000 
310620005680001 THC1 35000 
310620005680002 THC1 35000 
310620005680004 THC1 35000 
310620005680007 THC1 35000 
310620005680009 THC1 35000 
310620005680010 THC1 35000 
310620005680011 THC1 35000 
310620005680012 THC1 35000 
310620005680013 THC1 35000 
310620005680014 THC1 35000 
310620005680015 THC1 35000 
310620005680016 THC1 35000 
310620005680017 THC1 35000 
310620005680019 THC1 35000 
310620005680021 THC1 35000 
310620005680023 THC1 35000 
310620005680024 THC1 35000 
310620005680025 THC1 35000 
310620005680028 THC1 35000 
310620005680029 THC1 35000 
310620005680030 THC1 35000 
310620005680034 THC1 35000 
310620005680035 THC1 35000 
310620005680036 THC1 35000 
310620005680037 THC1 35000 
310620005680038 THC1 35000 
310620005680039 THC1 35000 
310620005680040 THC1 35000 
310620005680041 THC1 35000 
310620005680043 THC1 35000 
310620005680044 THC1 35000 
310620005680045 THC1 35000 
310620005680048 THC1 35000 
310620005680050 THC1 35000 
310620005680051 THC1 35000 
310620005680054 THC1 35000 
310620005680055 THC1 35000 
310620005680056 THC1 35000 
310620005680057 THC1 35000 
310620005680058 THC1 35000 
310620005680059 THC1 35000 
310620005680060 THC1 35000 
310620005680061 THC1 35000 
310620005680062 THC1 35000 
310620005680063 THC1 35000 
310620005680067 THC1 35000 
310620005680068 THC1 35000 
310620005680069 THC1 35000 
310620005680071 THC1 35000 
310620005680072 THC1 35000 
310620005680073 THC1 35000 
310620005680074 THC1 35000 
310620005680075 THC1 35000 
310620005680076 THC1 35000 
310620005680077 THC1 35000 
310620005680078 THC1 35000 
310620005680079 THC1 35000 
310620005680080 THC1 35000 
310620005680081 THC1 35000 
310620005680082 THC1 35000 
310620005680084 THC1 35000 
310620005680085 THC1 35000 
310620005680086 THC1 35000 
310620005680087 THC1 35000 
310620005680089 THC1 35000 
310620005680093 THC1 35000 
310620005680094 THC1 35000 
310620005680095 THC1 35000 
310620005680096 THC1 35000 
310620005680099 THC1 35000 
310620005680100 THC1 35000 
310620005680101 THC1 35000 
310620005680102 THC1 35000 
310620005680104 THC1 35000 
310620005680107 THC1 35000 
310620005680108 THC1 35000 
310620005680109 THC1 35000 
310620005680110 THC1 35000 
310620005680111 THC1 35000 
310620005680114 THC1 35000 
310620005680116 THC1 35000 
310620005680117 THC1 35000 
310620005680118 THC1 35000 
310620005680121 THC1 35000 
310620005680122 THC1 35000 
310620005680123 THC1 35000 
310620005680124 THC1 35000 
310620005680125 THC1 35000 
310620005680126 THC1 35000 
310620005680127 THC1 35000 
310620005680128 THC1 35000 
310620005680129 THC1 35000 
310620005680130 THC1 35000 
310620005680131 THC1 35000 
310620005680132 THC1 35000 
310620005680133 THC1 35000 
310620005680135 THC1 35000 
310620005680137 THC1 35000 
310620005680138 THC1 35000 
310620005680139 THC1 35000 
310620005680143 THC1 35000 
310620005680150 THC1 35000 
310620005680152 THC1 35000 
310620005680160 THC1 35000 
310620005680165 THC1 35000 
310620005680166 THC1 35000 
310620005680167 THC1 35000 
310620005680168 THC1 35000 
310620005680170 THC1 35000 
310620005680171 THC1 35000 
310620005680172 THC1 35000 
310620005680173 THC1 35000 
310620005680174 THC1 35000 
310620005680175 THC1 35000 
310620005680178 THC1 35000 
310620005680179 THC1 35000 
310620005680180 THC1 35000 
310620005680181 THC1 35000 
310620005680182 THC1 35000 
310620005680183 THC1 35000 
310620005680184 THC1 35000 
310620005680185 THC1 35000 
310620005680186 THC1 35000 
310620005680187 THC1 35000 
310620005680188 THC1 35000 
310620005680190 THC1 35000 
310620005680191 THC1 35000 
310620005680193 THC1 35000 
310620005680194 THC1 35000 
310620005680195 THC1 35000 
310620005680196 THC1 35000 
310620005680197 THC1 35000 
310620005680199 THC1 35000 
310620005680200 THC1 35000 
310620005680201 THC1 35000 
310620005680202 THC1 35000 
310620005680203 THC1 35000 
310620005680204 THC1 35000 
310620005680205 THC1 35000 
310620005680206 THC1 35000 
310620005680207 THC1 35000 
310620005680208 THC1 35000 
310620005680209 THC1 35000 
310620005680211 THC1 35000 
310620005680212 THC1 35000 
310620005680213 THC1 35000 
310620005680214 THC1 35000 
310620005680215 THC1 35000 
310620005680216 THC1 35000 
310620005680217 THC1 35000 
310620005680219 THC1 35000 
310620005680220 THC1 35000 
310620005680221 THC1 35000 
310620005680222 THC1 35000 
310620005680224 THC1 35000 
310620005680225 THC1 35000 
310620005680226 THC1 35000 
310620005680228 THC1 35000 
310620005680229 THC1 35000 
310620005680230 THC1 35000 
310620005680232 THC1 35000 
310620005680234 THC1 35000 
310620005680236 THC1 35000 
310620005680239 THC1 35000 
310620005680240 THC1 35000 
310620005680242 THC1 35000 
310620005680243 THC1 35000 
310620005680246 THC1 35000 
310620005680247 THC1 35000 
310620005680248 THC1 35000 
310620005680249 THC1 35000 
310620005680250 THC1 35000 
310620005680251 THC1 35000 
310620005680253 THC1 35000 
310620005680254 THC1 35000 
310620005680256 THC1 35000 
310620005680257 THC1 35000 
310620005680258 THC1 35000 
310620005680259 THC1 35000 
310620005680260 THC1 35000 
310620005680261 THC1 35000 
310620005680262 THC1 35000 
310620005680263 THC1 35000 
310620005680264 THC1 35000 
310620005680265 THC1 35000 
310620005680268 THC1 35000 
310620005680270 THC1 35000 
310620005680271 THC1 35000 
310620005680272 THC1 35000 
310620005680274 THC1 35000 
310620005680275 THC1 35000 
310620005680276 THC1 35000 
310620005680278 THC1 35000 
310620005680279 THC1 35000 
310620005680280 THC1 35000 
310620005680281 THC1 35000 
310620005680282 THC1 35000 
310620005680283 THC1 35000 
310620005680284 THC1 35000 
310620005680286 THC1 35000 
310620005680287 THC1 35000 
310620005680288 THC1 35000 
310620005680289 THC1 35000 
310620005680290 THC1 35000 
310620005680291 THC1 35000 
310620005680292 THC1 35000 
310620005680293 THC1 35000 
310620005680294 THC1 35000 
310620005680295 THC1 35000 
310620005680296 THC1 35000 
310620005680297 THC1 35000 
310620005680298 THC1 35000 
310620005680299 THC1 35000 
310620005680300 THC1 35000 
310620005680301 THC1 35000 
310620005680302 THC1 35000 
310620005680304 THC1 35000 
310620005680307 THC1 35000 
310620005680308 THC1 35000 
310620005680309 THC1 35000 
310620005680310 THC1 35000 
310620005680311 THC1 35000 
310620005680312 THC1 35000 
310620005680313 THC1 35000 
310620005680314 THC1 35000 
310620005680315 THC1 35000 
310620005680318 THC1 35000 
310620005680319 THC1 35000 
310620005680320 THC1 35000 
310620005680321 THC1 35000 
310620005680322 THC1 35000 
310620005680327 THC1 35000 
310620005680328 THC1 35000 
310620005680329 THC1 35000 
310620005680330 THC1 35000 
310620005680331 THC1 35000 
310620005680332 THC1 35000 
310620005680333 THC1 35000 
310620005680334 THC1 35000 
310620005680335 THC1 35000 
310620005680336 THC1 35000 
310620005680339 THC1 35000 
310620005680340 THC1 35000 
310620005680341 THC1 35000 
310620005680342 THC1 35000 
310620005680344 THC1 35000 
310620005680345 THC1 35000 
310620005680347 THC1 35000 
310620005680348 THC1 35000 
310620005680349 THC1 35000 
310620005680350 THC1 35000 
310620005680351 THC1 35000 
310620005680353 THC1 35000 
310620005680354 THC1 35000 
310620005680355 THC1 35000 
310620005680356 THC1 35000 
310620005680357 THC1 35000 
310620005680358 THC1 35000 
310620005680359 THC1 35000 
310620005680360 THC1 35000 
310620005680361 THC1 35000 
310620005680362 THC1 35000 
310620005680363 THC1 35000 
310620005680364 THC1 35000 
310620005680365 THC1 35000 
310620005680366 THC1 35000 
310620005680367 THC1 35000 
310620005680369 THC1 35000 
310620005680370 THC1 35000 
310620005680371 THC1 35000 
310620005680372 THC1 35000 
310620005680373 THC1 35000 
310620005680375 THC1 35000 
310620005680376 THC1 35000 
310620005680377 THC1 35000 
310620005680378 THC1 35000 
310620005680379 THC1 35000 
310620005680380 THC1 35000 
310620005680381 THC1 35000 
310620005680382 THC1 35000 
310620005680383 THC1 35000 
310620005680384 THC1 35000 
310620005680387 THC1 35000 
310620005680388 THC1 35000 
310620005680389 THC1 35000 
310620005680390 THC1 35000 
310620005680391 THC1 35000 
310620005680392 THC1 35000 
310620005680393 THC1 35000 
310620005680394 THC1 35000 
310620005680395 THC1 35000 
310620005680396 THC1 35000 
310620005680397 THC1 35000 
310620005680398 THC1 35000 
310620005680399 THC1 35000 
310620005680402 THC1 35000 
310620005680403 THC1 35000 
310620005680404 THC1 35000 
310620005680406 THC1 35000 
310620005680407 THC1 35000 
310620005680408 THC1 35000 
310620005680409 THC1 35000 
310620005680410 THC1 35000 
310620005680411 THC1 35000 
310620005680412 THC1 35000 
310620005680413 THC1 35000 
310620005680414 THC1 35000 
310620005680415 THC1 35000 
310620005680416 THC1 35000 
310620005680417 THC1 35000 
310620005680418 THC1 35000 
310620005680419 THC1 35000 
310620005680420 THC1 35000 
310620005680421 THC1 35000 
310620005680422 THC1 35000 
310620005680423 THC1 35000 
310620005680424 THC1 35000 
310620005680425 THC1 35000 
310620005680426 THC1 35000 
310620005680427 THC1 35000 
310620005680428 THC1 35000 
310620005680429 THC1 35000 
310620005680430 THC1 35000 
310620005680431 THC1 35000 
310620005680432 THC1 35000 
310620005680433 THC1 35000 
310620005680434 THC1 35000 
310620005680435 THC1 35000 
310620005680436 THC1 35000 
310620005680437 THC1 35000 
310620005680438 THC1 35000 
310620005680439 THC1 35000 
310620005680440 THC1 35000 
310620005680441 THC1 35000 
310620005680442 THC1 35000 
310620005680443 THC1 35000 
310620005680444 THC1 35000 
310620005680445 THC1 35000 
310620005680446 THC1 35000 
310620005680447 THC1 35000 
310620005680448 THC1 35000 
310620005680449 THC1 35000 
310620005680450 THC1 35000 
310620005680451 THC1 35000 
310620005680452 THC1 35000 
310620005680453 THC1 35000 
310620005680454 THC1 35000 
310620005680455 THC1 35000 
310620005680456 THC1 35000 
310620005680457 THC1 35000 
310620005680458 THC1 35000 
310620005680459 THC1 35000 
310620005680460 THC1 35000 
310620005680461 THC1 35000 
310620005680462 THC1 35000 
310620005680463 THC1 35000 
310620005680464 THC1 35000 
310620005680465 THC1 35000 
310620005680466 THC1 35000 
310620005680467 THC1 35000 
310620005680468 THC1 35000 
310620005680469 THC1 35000 
310620005680470 THC1 35000 
310620005680471 THC1 35000 
310620005680472 THC1 35000 
310620005680473 THC1 35000 
310620005680474 THC1 35000 
310620005680475 THC1 35000 
310620005680476 THC1 35000 
310620005680477 THC1 35000 
310620005680478 THC1 35000 
310620005680479 THC1 35000 
310620005680480 THC1 35000 
310620005680481 THC1 35000 
310620005680482 THC1 35000 
310620005680483 THC1 35000 
310620005680484 THC1 35000 
310620005680485 THC1 35000 
310620005680486 THC1 35000 
310620005680487 THC1 35000 
310620005680488 THC1 35000 
310620005680489 THC1 35000 
310620005680490 THC1 35000 
310620005680491 THC1 35000 
310620005680492 THC1 35000 
310620005680493 THC1 35000 
310620005680494 THC1 35000 
310620005680495 THC1 35000 
310620005680496 THC1 35000 
310620005680497 THC1 35000 
310620005680498 THC1 35000 
310620005680499 THC1 35000 
310620005680500 THC1 35000 
310620005680501 THC1 35000 
310620005680502 THC1 35000 
310620005680503 THC1 35000 
310620005680504 THC1 35000 
310620005680505 THC1 35000 
310620005680506 THC1 35000 
310620005680507 THC1 35000 
310620005680508 THC1 35000 
310620005680509 THC1 35000 
310620005680510 THC1 35000 
310620005680511 THC1 35000 
310620005680512 THC1 35000 
310620005680513 THC1 35000 
310620005680514 THC1 35000 
310620005680515 THC1 35000 
310620005680516 THC1 35000 
310620005680517 THC1 35000 
310620005680518 THC1 35000 
310620005680519 THC1 35000 
310620005680520 THC1 35000 
310620005680521 THC1 35000 
310620005680522 THC1 35000 
310620005680523 THC1 35000 
310620005680524 THC1 35000 
310620005680525 THC1 35000 
310620005680526 THC1 35000 
310620005680527 THC1 35000 
310620005680528 THC1 35000 
310620005680529 THC1 35000 
310620005680530 THC1 35000 
310620005680531 THC1 35000 
310620005680532 THC1 35000 
310620005680533 THC1 35000 
310620005680534 THC1 35000 
310620005680535 THC1 35000 
310620005680536 THC1 35000 
310620005680537 THC1 35000 
310620005680538 THC1 35000 
310620005680539 THC1 35000 
310620005680540 THC1 35000 
310620005680541 THC1 35000 
310620005680542 THC1 35000 
310620005680543 THC1 35000 
310620005680544 THC1 35000 
310620005680545 THC1 35000 
310620005680546 THC1 35000 
310620005680547 THC1 35000 
310620005680548 THC1 35000 
310620005680549 THC1 35000 
310620005680550 THC1 35000 
310620005680551 THC1 35000 
310620005680552 THC1 35000 
310620005680553 THC1 35000 
310620005680554 THC1 35000 
310620005680555 THC1 35000 
310620005680557 THC1 35000 
310620005680558 THC1 35000 
310620005680559 THC1 35000 
310620005680560 THC1 35000 
310620005680561 THC1 35000 
310620005690001 THC1 35000 
310620005690003 THC1 35000 
310620005690004 THC1 35000 
310620005690005 THC1 35000 
310620005690006 THC1 35000 
310620005690007 THC1 35000 
310620005690008 THC1 35000 
310620025610003 THC1 35000 
310620025610004 THC1 35000 
310620025610005 THC1 35000 
310620025610006 THC1 35000 
310620025610007 THC1 35000 
310620025610013 THC1 35000 
310620025610015 THC1 35000 
310620025610016 THC1 35000 
310620025610017 THC1 35000 
310620025610022 THC1 35000 
310620025610023 THC1 35000 
310620025610024 THC1 35000 
310620025610025 THC1 35000 
310620025610026 THC1 35000 
310620025610027 THC1 35000 
310620025610028 THC1 35000 
310620025610029 THC1 35000 
310620025610030 THC1 35000 
310620025610031 THC1 35000 
310620025610032 THC1 35000 
310620025610034 THC1 35000 
310620025610035 THC1 35000 
310620025610037 THC1 35000 
310620025610039 THC1 35000 
310620025610040 THC1 35000 
310620025610043 THC1 35000 
310620025610045 THC1 35000 
310620025610047 THC1 35000 
310620025610049 THC1 35000 
310620025610051 THC1 35000 
310620025610052 THC1 35000 
310620025610053 THC1 35000 
310620025610054 THC1 35000 
310620025610055 THC1 35000 
310620025610056 THC1 35000 
310620025610058 THC1 35000 
310620025610059 THC1 35000 
310620025610060 THC1 35000 
310620025610061 THC1 35000 
310620025610062 THC1 35000 
310620025610063 THC1 35000 
310620025610064 THC1 35000 
310620025610066 THC1 35000 
310620025610067 THC1 35000 
310620025610068 THC1 35000 
310620025610070 THC1 35000 
310620025610071 THC1 35000 
310620025610072 THC1 35000 
310620025610073 THC1 35000 
310620025610074 THC1 35000 
310620025610075 THC1 35000 
310620025610077 THC1 35000 
310620025610078 THC1 35000 
310620025610079 THC1 35000 
310620025610080 THC1 35000 
310620025610082 THC1 35000 
310620025610083 THC1 35000 
310620025610086 THC1 35000 
310620025610088 THC1 35000 
310620025610090 THC1 35000 
310620025610091 THC1 35000 
310620025610092 THC1 35000 
310620025610093 THC1 35000 
310620025610095 THC1 35000 
310620025610096 THC1 35000 
310620025610097 THC1 35000 
310620025610098 THC1 35000 
310620025610099 THC1 35000 
310620025610101 THC1 35000 
310620025610102 THC1 35000 
310620025610103 THC1 35000 
310620025610104 THC1 35000 
310620025610106 THC1 35000 
310620025610107 THC1 35000 
310620025610108 THC1 35000 
310620025610111 THC1 35000 
310620025610114 THC1 35000 
310620025610115 THC1 35000 
310620025610117 THC1 35000 
310620025610118 THC1 35000 
310620025610119 THC1 35000 
310620025610122 THC1 35000 
310620025610123 THC1 35000 
310620025610124 THC1 35000 
310620025610126 THC1 35000 
310620025610127 THC1 35000 
310620025610128 THC1 35000 
310620025610129 THC1 35000 
310620025610130 THC1 35000 
310620025610131 THC1 35000 
310620025610133 THC1 35000 
310620025610134 THC1 35000 
310620025610135 THC1 35000 
310620025610136 THC1 35000 
310620025610137 THC1 35000 
310620025610138 THC1 35000 
310620025610140 THC1 35000 
310620025610141 THC1 35000 
310620025610142 THC1 35000 
310620025610144 THC1 35000 
310620025610145 THC1 35000 
310620025610146 THC1 35000 
310620025610147 THC1 35000 
310620025610148 THC1 35000 
310620025610149 THC1 35000 
310620025610150 THC1 35000 
310620025610151 THC1 35000 
310620025610152 THC1 35000 
310620025610153 THC1 35000 
310620025610154 THC1 35000 
310620025610156 THC1 35000 
310620025610157 THC1 35000 
310620025610158 THC1 35000 
310620025610161 THC1 35000 
310620025610162 THC1 35000 
310620025610163 THC1 35000 
310620025610164 THC1 35000 
310620025610165 THC1 35000 
310620025610166 THC1 35000 
310620025610167 THC1 35000 
310620025610168 THC1 35000 
310620025610169 THC1 35000 
310620025610170 THC1 35000 
310620025610171 THC1 35000 
310620025610172 THC1 35000 
310620025610173 THC1 35000 
310620025610174 THC1 35000 
310620025610175 THC1 35000 
310620025610176 THC1 35000 
310620025610177 THC1 35000 
310620025610178 THC1 35000 
310620025610179 THC1 35000 
310620025610181 THC1 35000 
310620025610182 THC1 35000 
310620025610183 THC1 35000 
310620025610184 THC1 35000 
310620025610185 THC1 35000 
310620025610186 THC1 35000 
310620025610187 THC1 35000 
310620025610189 THC1 35000 
310620025610190 THC1 35000 
310620025610191 THC1 35000 
310620025610192 THC1 35000 
310620025610193 THC1 35000 
310620025610194 THC1 35000 
310620025610196 THC1 35000 
310620025610197 THC1 35000 
310620025610198 THC1 35000 
310620025610199 THC1 35000 
310620025610200 THC1 35000 
310620025610201 THC1 35000 
310620025610202 THC1 35000 
310620025610206 THC1 35000 
310620025610207 THC1 35000 
310620025610208 THC1 35000 
310620025610209 THC1 35000 
310620025610212 THC1 35000 
310620025610213 THC1 35000 
310620025610215 THC1 35000 
310620025610216 THC1 35000 
310620025610217 THC1 35000 
310620025610218 THC1 35000 
310620025610219 THC1 35000 
310620025610220 THC1 35000 
310620025610221 THC1 35000 
310620025610222 THC1 35000 
310620025610223 THC1 35000 
310620025610224 THC1 35000 
310620025610226 THC1 35000 
310620025610228 THC1 35000 
310620025610230 THC1 35000 
310620025610234 THC1 35000 
310620025610235 THC1 35000 
310620025610236 THC1 35000 
310620025610237 THC1 35000 
310620025610238 THC1 35000 
310620025610241 THC1 35000 
310620025610242 THC1 35000 
310620025610243 THC1 35000 
310620025610244 THC1 35000 
310620025610245 THC1 35000 
310620025610246 THC1 35000 
310620025610247 THC1 35000 
310620025610248 THC1 35000 
310620025610250 THC1 35000 
310620025610251 THC1 35000 
310620025610252 THC1 35000 
310620025610253 THC1 35000 
310620025610254 THC1 35000 
310620025610256 THC1 35000 
310620025610257 THC1 35000 
310620025610258 THC1 35000 
310620025610259 THC1 35000 
310620025610260 THC1 35000 
310620025610261 THC1 35000 
310620025610262 THC1 35000 
310620025610263 THC1 35000 
310620025610264 THC1 35000 
310620025610265 THC1 35000 
310620025610267 THC1 35000 
310620025610270 THC1 35000 
310620025610271 THC1 35000 
310620025610272 THC1 35000 
310620025610273 THC1 35000 
310620025610274 THC1 35000 
310620025610275 THC1 35000 
310620025610277 THC1 35000 
310620025610278 THC1 35000 
310620025610279 THC1 35000 
310620025610280 THC1 35000 
310620025610281 THC1 35000 
310620025610282 THC1 35000 
310620025610283 THC1 35000 
310620025610284 THC1 35000 
310620025610285 THC1 35000 
310620025610286 THC1 35000 
310620025610288 THC1 35000 
310620025610289 THC1 35000 
310620025610290 THC1 35000 
310620025610291 THC1 35000 
310620025610293 THC1 35000 
310620025610294 THC1 35000 
310620025610295 THC1 35000 
310620025610296 THC1 35000 
310620025610297 THC1 35000 
310620025610298 THC1 35000 
310620025610299 THC1 35000 
310620025610300 THC1 35000 
310620025610301 THC1 35000 
310620025610302 THC1 35000 
310620025610303 THC1 35000 
310620025610304 THC1 35000 
310620025610305 THC1 35000 
310620025610306 THC1 35000 
310620025610307 THC1 35000 
310620025610308 THC1 35000 
310620025610309 THC1 35000 
310620025610311 THC1 35000 
310620025610312 THC1 35000 
310620025610313 THC1 35000 
310620025610314 THC1 35000 
310620025610315 THC1 35000 
310620025610317 THC1 35000 
310620025610318 THC1 35000 
310620025610319 THC1 35000 
310620025610320 THC1 35000 
310620025610321 THC1 35000 
310620025610322 THC1 35000 
310620025610323 THC1 35000 
310620025610324 THC1 35000 
310620025610325 THC1 35000 
310620025610326 THC1 35000 
310620025610327 THC1 35000 
310620025610328 THC1 35000 
310620025610329 THC1 35000 
310620025610330 THC1 35000 
310620025610331 THC1 35000 
310620025610332 THC1 35000 
310620025610335 THC1 35000 
310620025610337 THC1 35000 
310620025610338 THC1 35000 
310620025610339 THC1 35000 
310620025610340 THC1 35000 
310620025610341 THC1 35000 
310620025610343 THC1 35000 
310620025610344 THC1 35000 
310620025610346 THC1 35000 
310620025610347 THC1 35000 
310620025610348 THC1 35000 
310620025610349 THC1 35000 
310620025610350 THC1 35000 
310620025610352 THC1 35000 
310620025610353 THC1 35000 
310620025610354 THC1 35000 
310620025610355 THC1 35000 
310620025610356 THC1 35000 
310620025610357 THC1 35000 
310620025610358 THC1 35000 
310620025610359 THC1 35000 
310620025610360 THC1 35000 
310620025610361 THC1 35000 
310620025610362 THC1 35000 
310620025610363 THC1 35000 
310620025610364 THC1 35000 
310620025610366 THC1 35000 
310620025610367 THC1 35000 
310620025610368 THC1 35000 
310620025610369 THC1 35000 
310620025610370 THC1 35000 
310620025610371 THC1 35000 
310620025610372 THC1 35000 
310620025610373 THC1 35000 
310620025610374 THC1 35000 
310620025610375 THC1 35000 
310620025610376 THC1 35000 
310620025610377 THC1 35000 
310620025610378 THC1 35000 
310620025610379 THC1 35000 
310620025610380 THC1 35000 
310620025610381 THC1 35000 
310620025610382 THC1 35000 
310620025610383 THC1 35000 
310620025610384 THC1 35000 
310620025610385 THC1 35000 
310620025610386 THC1 35000 
310620025610387 THC1 35000 
310620025610388 THC1 35000 
310620025610389 THC1 35000 
310620025610390 THC1 35000 
310620025610391 THC1 35000 
310620025610392 THC1 35000 
310620025610393 THC1 35000 
310620025610394 THC1 35000 
310620025610395 THC1 35000 
310620025610397 THC1 35000 
310620025610398 THC1 35000 
310620025610399 THC1 35000 
310620025610400 THC1 35000 
310620025610401 THC1 35000 
310620025610402 THC1 35000 
310620025610403 THC1 35000 
310620025610404 THC1 35000 
310620025610405 THC1 35000 
310620025610406 THC1 35000 
310620025610407 THC1 35000 
310620025610409 THC1 35000 
310620025610410 THC1 35000 
310620025610411 THC1 35000 
310620025610412 THC1 35000 
310620025610413 THC1 35000 
310620025610414 THC1 35000 
310620025610415 THC1 35000 
310620025610416 THC1 35000 
310620025610417 THC1 35000 
310620025610418 THC1 35000 
310620025610419 THC1 35000 
310620025610420 THC1 35000 
310620025610421 THC1 35000 
310620025610425 THC1 35000 
310620025610426 THC1 35000 
310620025610427 THC1 35000 
310620025610428 THC1 35000 
310620025610429 THC1 35000 
310620025610430 THC1 35000 
310620025610431 THC1 35000 
310620025610433 THC1 35000 
310620025610434 THC1 35000 
310620025610435 THC1 35000 
310620025610436 THC1 35000 
310620025610437 THC1 35000 
310620025610439 THC1 35000 
310620025610440 THC1 35000 
310620025610441 THC1 35000 
310620025610442 THC1 35000 
310620025610443 THC1 35000 
310620025610445 THC1 35000 
310620025610446 THC1 35000 
310620025610447 THC1 35000 
310620025610449 THC1 35000 
310620025610452 THC1 35000 
310620025610453 THC1 35000 
310620025610454 THC1 35000 
310620025610455 THC1 35000 
310620025610456 THC1 35000 
310620025610457 THC1 35000 
310620025610458 THC1 35000 
310620025610459 THC1 35000 
310620025610460 THC1 35000 
310620025610461 THC1 35000 
310620025610462 THC1 35000 
310620025610463 THC1 35000 
310620025610464 THC1 35000 
310620025610465 THC1 35000 
310620025610466 THC1 35000 
310620025610467 THC1 35000 
310620025610468 THC1 35000 
310620025610469 THC1 35000 
310620025610470 THC1 35000 
310620025610471 THC1 35000 
310620025610472 THC1 35000 
310620025610473 THC1 35000 
310620025610477 THC1 35000 
310620025610478 THC1 35000 
310620025610479 THC1 35000 
310620025610480 THC1 35000 
310620025610481 THC1 35000 
310620025610482 THC1 35000 
310620025610483 THC1 35000 
310620025610484 THC1 35000 
310620025610485 THC1 35000 
310620025610486 THC1 35000 
310620025610488 THC1 35000 
310620025610489 THC1 35000 
310620025610490 THC1 35000 
310620025610491 THC1 35000 
310620025610492 THC1 35000 
310620025610493 THC1 35000 
310620025610494 THC1 35000 
310620025610495 THC1 35000 
310620025610496 THC1 35000 
310620025610497 THC1 35000 
310620025610498 THC1 35000 
310620025610499 THC1 35000 
310620025610500 THC1 35000 
310620025610501 THC1 35000 
310620025610502 THC1 35000 
310620025610503 THC1 35000 
310620025610504 THC1 35000 
310620025610505 THC1 35000 
310620025610506 THC1 35000 
310620025610507 THC1 35000 
310620025610508 THC1 35000 
310620025610509 THC1 35000 
310620025610510 THC1 35000 
310620025610511 THC1 35000 
310620025610512 THC1 35000 
310620025610513 THC1 35000 
310620025610514 THC1 35000 
310620025610515 THC1 35000 
310620025610516 THC1 35000 
310620025610517 THC1 35000 
310620025610520 THC1 35000 
310620025610521 THC1 35000 
310620025610522 THC1 35000 
310620025610523 THC1 35000 
310620025610524 THC1 35000 
310620025610525 THC1 35000 
310620025610526 THC1 35000 
310620025610527 THC1 35000 
310620025610528 THC1 35000 
310620025610529 THC1 35000 
310620025610530 THC1 35000 
310620025610531 THC1 35000 
310620025610532 THC1 35000 
310620025610533 THC1 35000 
310620025610534 THC1 35000 
310620025610535 THC1 35000 
310620025610536 THC1 35000 
310620025610537 THC1 35000 
310620025610538 THC1 35000 
310620025610539 THC1 35000 
310620025610540 THC1 35000 
310620025610541 THC1 35000 
310620025610542 THC1 35000 
310620025610543 THC1 35000 
310620025610544 THC1 35000 
310620025610545 THC1 35000 
310620025610546 THC1 35000 
310620025610547 THC1 35000 
310620025610548 THC1 35000 
310620025610549 THC1 35000 
310620025610550 THC1 35000 
310620025610551 THC1 35000 
310620025610552 THC1 35000 
310620025610553 THC1 35000 
310620025610554 THC1 35000 
310620025610555 THC1 35000 
310620025610556 THC1 35000 
310620025610557 THC1 35000 
310620025610558 THC1 35000 
310620025610559 THC1 35000 
310620025610560 THC1 35000 
310620025610561 THC1 35000 
310620025610562 THC1 35000 
310620025610563 THC1 35000 
310620025610564 THC1 35000 
310620025610565 THC1 35000 
310620025610566 THC1 35000 
310620025610567 THC1 35000 
310620025610568 THC1 35000 
310620025610569 THC1 35000 
310620025610570 THC1 35000 
310620025610571 THC1 35000 
310620025610572 THC1 35000 
310620025610573 THC1 35000 
310620025610574 THC1 35000 
310620025610575 THC1 35000 
310620025610576 THC1 35000 
310620025610577 THC1 35000 
310620025610578 THC1 35000 
310620025610579 THC1 35000 
310620025610580 THC1 35000 
310620025610581 THC1 35000 
310620025610582 THC1 35000 
310620025610583 THC1 35000 
310620025610584 THC1 35000 
310620025610585 THC1 35000 
310620025610586 THC1 35000 
310620025610587 THC1 35000 
310620025610588 THC1 35000 
310620025610589 THC1 35000 
310620025610590 THC1 35000 
310620025610591 THC1 35000 
310620025610592 THC1 35000 
310620025610593 THC1 35000 
310620025610594 THC1 35000 
310620025610595 THC1 35000 
310620025610596 THC1 35000 
310620025610597 THC1 35000 
310620025610598 THC1 35000 
310620025610599 THC1 35000 
310620025610600 THC1 35000 
310620025610601 THC1 35000 
310620025610602 THC1 35000 
310620025610603 THC1 35000 
310620025610604 THC1 35000 
310620025610605 THC1 35000 
310620025610606 THC1 35000 
310620025610607 THC1 35000 
310620025610608 THC1 35000 
310620025610609 THC1 35000 
310620025610610 THC1 35000 
310620025610611 THC1 35000 
310620025610612 THC1 35000 
310620025610613 THC1 35000 
310620025610614 THC1 35000 
310620025610615 THC1 35000 
310620025610616 THC1 35000 
310620025610617 THC1 35000 
310620025610618 THC1 35000 
310620025610620 THC1 35000 
310620025610621 THC1 35000 
310620025610622 THC1 35000 
310620025610623 THC1 35000 
310620025610624 THC1 35000 
310620025610625 THC1 35000 
310620025610626 THC1 35000 
310620025610627 THC1 35000 
310620025610628 THC1 35000 
310620025610629 THC1 35000 
310620025610630 THC1 35000 
310620025610631 THC1 35000 
310620025610632 THC1 35000 
310620025610633 THC1 35000 
310620025610634 THC1 35000 
310620025610635 THC1 35000 
310620025610636 THC1 35000 
310620025610637 THC1 35000 
310620025610638 THC1 35000 
310620025610639 THC1 35000 
310620025610640 THC1 35000 
310620025610641 THC1 35000 
310620025610642 THC1 35000 
310620025610643 THC1 35000 
310620025610645 THC1 35000 
310620025610646 THC1 35000 
310620025610647 THC1 35000 
310620025610648 THC1 35000 
310620025610649 THC1 35000 
310620025610651 THC1 35000 
310620025610652 THC1 35000 
310620025610653 THC1 35000 
310620025610654 THC1 35000 
310620025610655 THC1 35000 
310620025610656 THC1 35000 
310620025610657 THC1 35000 
310620025610659 THC1 35000 
310620025610660 THC1 35000 
310620025610661 THC1 35000 
310620025610662 THC1 35000 
310620025610663 THC1 35000 
310620025610664 THC1 35000 
310620025610665 THC1 35000 
310620025670001 THC1 35000 
310620025670002 THC1 35000 
310620025670003 THC1 35000 
310620025670004 THC1 35000 
310620025670005 THC1 35000 
310620025670006 THC1 35000 
310620060640002 THC1 35000 
310620060640004 THC1 35000 
310620060640005 THC1 35000 
310620060640006 THC1 35000 
310620060640007 THC1 35000 
310620060640008 THC1 35000 
310620060640009 THC1 35000 
310620060640010 THC1 35000 
310620060640011 THC1 35000 
310620060640012 THC1 35000 
310620060640014 THC1 35000 
310620060640015 THC1 35000 
310620060640016 THC1 35000 
310620060640017 THC1 35000 
310620060640021 THC1 35000 
310620060640024 THC1 35000 
310620060640025 THC1 35000 
310620060640027 THC1 35000 
310620060640028 THC1 35000 
310620060640029 THC1 35000 
310620060640031 THC1 35000 
310620060640033 THC1 35000 
310620060640035 THC1 35000 
310620060640036 THC1 35000 
310620060640037 THC1 35000 
310620060640040 THC1 35000 
310620060640041 THC1 35000 
310620060640042 THC1 35000 
310620060640043 THC1 35000 
310620060640044 THC1 35000 
310620060640045 THC1 35000 
310620060640047 THC1 35000 
310620060640048 THC1 35000 
310620060640049 THC1 35000 
310620060640050 THC1 35000 
310620060640052 THC1 35000 
310620060640053 THC1 35000 
310620060640057 THC1 35000 
310620060640060 THC1 35000 
310620060640061 THC1 35000 
310620060640063 THC1 35000 
310620060640068 THC1 35000 
310620060640070 THC1 35000 
310620060640071 THC1 35000 
310620060640072 THC1 35000 
310620060640073 THC1 35000 
310620060640074 THC1 35000 
310620060640075 THC1 35000 
310620060640077 THC1 35000 
310620060640078 THC1 35000 
310620060640079 THC1 35000 
310620060640080 THC1 35000 
310620060640081 THC1 35000 
310620060640082 THC1 35000 
310620060640086 THC1 35000 
310620060640087 THC1 35000 
310620060640089 THC1 35000 
310620060640090 THC1 35000 
310620060640091 THC1 35000 
310620060640092 THC1 35000 
310620060640093 THC1 35000 
310620060640095 THC1 35000 
310620060640098 THC1 35000 
310620060640101 THC1 35000 
310620060640102 THC1 35000 
310620060640104 THC1 35000 
310620060640106 THC1 35000 
310620060640108 THC1 35000 
310620060640109 THC1 35000 
310620060640111 THC1 35000 
310620060640113 THC1 35000 
310620060640114 THC1 35000 
310620060640115 THC1 35000 
310620060640116 THC1 35000 
310620060640117 THC1 35000 
310620060640118 THC1 35000 
310620060640119 THC1 35000 
310620060640121 THC1 35000 
310620060640124 THC1 35000 
310620060640125 THC1 35000 
310620060640126 THC1 35000 
310620060640128 THC1 35000 
310620060640130 THC1 35000 
310620060640131 THC1 35000 
310620060640132 THC1 35000 
310620060640133 THC1 35000 
310620060640135 THC1 35000 
310620060640136 THC1 35000 
310620060640137 THC1 35000 
310620060640138 THC1 35000 
310620060640139 THC1 35000 
310620060640140 THC1 35000 
310620060640141 THC1 35000 
310620060640142 THC1 35000 
310620060640143 THC1 35000 
310620060640144 THC1 35000 
310620060640145 THC1 35000 
310620060640146 THC1 35000 
310620060640147 THC1 35000 
310620060640148 THC1 35000 
310620060640150 THC1 35000 
310620060640151 THC1 35000 
310620060640152 THC1 35000 
310620060640153 THC1 35000 
310620060640154 THC1 35000 
310620060640155 THC1 35000 
310620060640156 THC1 35000 
310620060640157 THC1 35000 
310620060640158 THC1 35000 
310620060640159 THC1 35000 
310620060640162 THC1 35000 
310620060640164 THC1 35000 
310620060640165 THC1 35000 
310620060640166 THC1 35000 
310620060640167 THC1 35000 
310620060640168 THC1 35000 
310620060640169 THC1 35000 
310620060640170 THC1 35000 
310620060640171 THC1 35000 
310620060640173 THC1 35000 
310620060640174 THC1 35000 
310620060640175 THC1 35000 
310620060640176 THC1 35000 
310620060640177 THC1 35000 
310620060640178 THC1 35000 
310620060640179 THC1 35000 
310620060640181 THC1 35000 
310620060640182 THC1 35000 
310620060640183 THC1 35000 
310620060640185 THC1 35000 
310620060640187 THC1 35000 
310620060640188 THC1 35000 
310620060640189 THC1 35000 
310620060640190 THC1 35000 
310620060640191 THC1 35000 
310620060640192 THC1 35000 
310620060640193 THC1 35000 
310620060640194 THC1 35000 
310620060640197 THC1 35000 
310620060640198 THC1 35000 
310620060640199 THC1 35000 
310620060640200 THC1 35000 
310620060640201 THC1 35000 
310620060640202 THC1 35000 
310620060640203 THC1 35000 
310620060640204 THC1 35000 
310620060640205 THC1 35000 
310620060640206 THC1 35000 
310620060640207 THC1 35000 
310620060640208 THC1 35000 
310620060640209 THC1 35000 
310620060640210 THC1 35000 
310620060640213 THC1 35000 
310620060640214 THC1 35000 
310620060640215 THC1 35000 
310620060640216 THC1 35000 
310620060640217 THC1 35000 
310620060640218 THC1 35000 
310620060640220 THC1 35000 
310620060640221 THC1 35000 
310620060640222 THC1 35000 
310620060640226 THC1 35000 
310620060640227 THC1 35000 
310620060640228 THC1 35000 
310620060640229 THC1 35000 
310620060640230 THC1 35000 
310620060640231 THC1 35000 
310620060640233 THC1 35000 
310620060640235 THC1 35000 
310620060640236 THC1 35000 
310620060640237 THC1 35000 
310620060640238 THC1 35000 
310620060640239 THC1 35000 
310620060640240 THC1 35000 
310620060640241 THC1 35000 
310620060640242 THC1 35000 
310620060640243 THC1 35000 
310620060640244 THC1 35000 
310620060640245 THC1 35000 
310620060640246 THC1 35000 
310620060640247 THC1 35000 
310620060640248 THC1 35000 
310620060640249 THC1 35000 
310620060640250 THC1 35000 
310620060640251 THC1 35000 
310620060640252 THC1 35000 
310620060640253 THC1 35000 
310620060640254 THC1 35000 
310620060640255 THC1 35000 
310620060640256 THC1 35000 
310620060640257 THC1 35000 
310620060640258 THC1 35000 
310620060640259 THC1 35000 
310620060640260 THC1 35000 
310620060640261 THC1 35000 
310620060640262 THC1 35000 
310620060640263 THC1 35000 
310620060640264 THC1 35000 
310620060640265 THC1 35000 
310620060640266 THC1 35000 
310620060640270 THC1 35000 
310620060640271 THC1 35000 
310620060640272 THC1 35000 
310620060640273 THC1 35000 
310620060640274 THC1 35000 
310620060640275 THC1 35000 
310620060640276 THC1 35000 
310620060640277 THC1 35000 
310620060640278 THC1 35000 
310620060640279 THC1 35000 
310620060640280 THC1 35000 
310620060640281 THC1 35000 
310620060640283 THC1 35000 
310620060640284 THC1 35000 
310620060640285 THC1 35000 
310620060640288 THC1 35000 
310620060640291 THC1 35000 
310620060640292 THC1 35000 
310620060640293 THC1 35000 
310620060640294 THC1 35000 
310620060640296 THC1 35000 
310620060640297 THC1 35000 
310620060640298 THC1 35000 
310620060640299 THC1 35000 
310620060640300 THC1 35000 
310620060640301 THC1 35000 
310620060640302 THC1 35000 
310620060640303 THC1 35000 
310620060640304 THC1 35000 
310620060640305 THC1 35000 
310620060640306 THC1 35000 
310620060640307 THC1 35000 
310620060640308 THC1 35000 
310620060640309 THC1 35000 
310620060640310 THC1 35000 
310620060640311 THC1 35000 
310620060640312 THC1 35000 
310620060640314 THC1 35000 
310620060640315 THC1 35000 
310620060640316 THC1 35000 
310620060640317 THC1 35000 
310620060640318 THC1 35000 
310620060640319 THC1 35000 
310620060640320 THC1 35000 
310620060640321 THC1 35000 
310620060640322 THC1 35000 
310620060640323 THC1 35000 
310620060640324 THC1 35000 
310620060640325 THC1 35000 
310620060640326 THC1 35000 
310620060640327 THC1 35000 
310620060640328 THC1 35000 
310620060640329 THC1 35000 
310620060640330 THC1 35000 
310620060640331 THC1 35000 
310620060640332 THC1 35000 
310620060640333 THC1 35000 
310620060640334 THC1 35000 
310620060640337 THC1 35000 
310620060640339 THC1 35000 
310620060640340 THC1 35000 
310620060640341 THC1 35000 
310620060640342 THC1 35000 
310620060640343 THC1 35000 
310620060640344 THC1 35000 
310620060640345 THC1 35000 
310620060640346 THC1 35000 
310620060640347 THC1 35000 
310620060640348 THC1 35000 
310620060640349 THC1 35000 
310620060640350 THC1 35000 
310620060640351 THC1 35000 
310620060640352 THC1 35000 
310620060640353 THC1 35000 
310620060640354 THC1 35000 
310620060640355 THC1 35000 
310620060640356 THC1 35000 
310620060640357 THC1 35000 
310620060640358 THC1 35000 
310620060640359 THC1 35000 
310620060640360 THC1 35000 
310620060640362 THC1 35000 
310620060640363 THC1 35000 
310620060640364 THC1 35000 
310620060640365 THC1 35000 
310620060640366 THC1 35000 
310620060640367 THC1 35000 
310620060640368 THC1 35000 
310620060640369 THC1 35000 
310620060640370 THC1 35000 
310620060640371 THC1 35000 
310620060640372 THC1 35000 
310620060640374 THC1 35000 
310620060640375 THC1 35000 
310620060640376 THC1 35000 
310620060640377 THC1 35000 
310620060640378 THC1 35000 
310620060640379 THC1 35000 
310620060640380 THC1 35000 
310620060640381 THC1 35000 
310620060640382 THC1 35000 
310620060640383 THC1 35000 
310620060640384 THC1 35000 
310620060640385 THC1 35000 
310620060640386 THC1 35000 
310620060640387 THC1 35000 
310620060640388 THC1 35000 
310620060640389 THC1 35000 
310620060640390 THC1 35000 
310620060640391 THC1 35000 
310620060640392 THC1 35000 
310620060640393 THC1 35000 
310620060640394 THC1 35000 
310620060640395 THC1 35000 
310620060640397 THC1 35000 
310620060640399 THC1 35000 
310620060640400 THC1 35000 
310620060640401 THC1 35000 
310620060640402 THC1 35000 
310620060640403 THC1 35000 
310620060640404 THC1 35000 
310620060640405 THC1 35000 
310620060640406 THC1 35000 
310620060640407 THC1 35000 
310620060640408 THC1 35000 
310620060640409 THC1 35000 
310620060640410 THC1 35000 
310620060640411 THC1 35000 
310620060640412 THC1 35000 
310620060640413 THC1 35000 
310620060640414 THC1 35000 
310620060640415 THC1 35000 
310620060640416 THC1 35000 
310620060640417 THC1 35000 
310620060640418 THC1 35000 
310620060640419 THC1 35000 
310620060640420 THC1 35000 
310620060640421 THC1 35000 
310620060640422 THC1 35000 
310620060640424 THC1 35000 
310620060640425 THC1 35000 
310620060640426 THC1 35000 
310620060640427 THC1 35000 
310620060640428 THC1 35000 
310620060640429 THC1 35000 
310620060640430 THC1 35000 
310620060640431 THC1 35000 
310620060640432 THC1 35000 
310620060640433 THC1 35000 
310620060640434 THC1 35000 
310620060640435 THC1 35000 
310620060640436 THC1 35000 
310620060640438 THC1 35000 
310620060640439 THC1 35000 
310620060640440 THC1 35000 
310620060640441 THC1 35000 
310620060640442 THC1 35000 
310620060640443 THC1 35000 
310620060640444 THC1 35000 
310620060640445 THC1 35000 
310620060640446 THC1 35000 
310620060640447 THC1 35000 
310620060640448 THC1 35000 
310620060640449 THC1 35000 
310620060640450 THC1 35000 
310620060640451 THC1 35000 
310620060660001 THC1 35000 
310620060660002 THC1 35000 
310620060660003 THC1 35000 
310620060660004 THC1 35000 
310620060660005 THC1 35000 
310620060660006 THC1 35000 
310620060660007 THC1 35000 
310620060660008 THC1 35000 
310620060660009 THC1 35000 
310620060660010 THC1 35000 
310620060660011 THC1 35000 
310620060660012 THC1 35000 
310620060660013 THC1 35000 
310620060660014 THC1 35000 
310620060660015 THC1 35000 
310620060660016 THC1 35000 
310620060660017 THC1 35000 
310620060660018 THC1 35000 
310620060660019 THC1 35000 
310620060660020 THC1 35000 
310620060660021 THC1 35000 
310620060660022 THC1 35000 
310620060660023 THC1 35000 
310620060660024 THC1 35000 
310620060660025 THC1 35000 
310620060660026 THC1 35000 
310620060660027 THC1 35000 
310620060660028 THC1 35000 
310620060660029 THC1 35000 
310620060660030 THC1 35000 
310620060660031 THC1 35000 
310620060660032 THC1 35000 
310620060660033 THC1 35000 
310620060660034 THC1 35000 
310620060660035 THC1 35000 
310620060660036 THC1 35000 
310620060660039 THC1 35000 
310620060660040 THC1 35000 
310620060660042 THC1 35000 
310620060660043 THC1 35000 
310620060660044 THC1 35000 
310620060660045 THC1 35000 
310620060660047 THC1 35000 
310620060660048 THC1 35000 
310620060660049 THC1 35000 
310620060660050 THC1 35000 
310620060660051 THC1 35000 
310620060660053 THC1 35000 
310620060660054 THC1 35000 
310620060660055 THC1 35000 
310620060660056 THC1 35000 
310620060660057 THC1 35000 
310620060660058 THC1 35000 
310620060660059 THC1 35000 
310620060660060 THC1 35000 
310620060660061 THC1 35000 
310620060660062 THC1 35000 
310620060660063 THC1 35000 
310620060660064 THC1 35000 
310620060660065 THC1 35000 
310620060660066 THC1 35000 
310620060660067 THC1 35000 
310620060660068 THC1 35000 
310620060660069 THC1 35000 
310620060660070 THC1 35000 
310620060660071 THC1 35000 
310620060660072 THC1 35000 
310620060660073 THC1 35000 
310620060660075 THC1 35000 
310620060660076 THC1 35000 
310620060660077 THC1 35000 
310620060660079 THC1 35000 
310620060660080 THC1 35000 
310620060660081 THC1 35000 
310620060660082 THC1 35000 
310620060660083 THC1 35000 
310620060660084 THC1 35000 
310620060660085 THC1 35000 
310620060660086 THC1 35000 
310620060660087 THC1 35000 
310620060660088 THC1 35000 
310620060660089 THC1 35000 
310620060660090 THC1 35000 
310620060660091 THC1 35000 
310620060660093 THC1 35000 
310620060660094 THC1 35000 
310620060660095 THC1 35000 
310620060660097 THC1 35000 
310620060660098 THC1 35000 
310620060660100 THC1 35000 
310620060660101 THC1 35000 
310620060660102 THC1 35000 
310620060660103 THC1 35000 
310620060660105 THC1 35000 
310620060660106 THC1 35000 
310620060660107 THC1 35000 
310620060660108 THC1 35000 
310620060660109 THC1 35000 
310620060660110 THC1 35000 
310620060660111 THC1 35000 
310620060660112 THC1 35000 
310620060660113 THC1 35000 
310620060660114 THC1 35000 
310620060660115 THC1 35000 
310620060660116 THC1 35000 
310620060660117 THC1 35000 
310620060660119 THC1 35000 
310620060660120 THC1 35000 
310620060660121 THC1 35000 
310620060660122 THC1 35000 
310620060660123 THC1 35000 
310620060660124 THC1 35000 
310620060660125 THC1 35000 
310620060660126 THC1 35000 
310620060660127 THC1 35000 
310620060660128 THC1 35000 
310620060660129 THC1 35000 
310620060660130 THC1 35000 
310620060660139 THC1 35000 
310620060660141 THC1 35000 
310620060660142 THC1 35000 
310620060660143 THC1 35000 
310620060660144 THC1 35000 
310620060660145 THC1 35000 
310620060660146 THC1 35000 
310620060660147 THC1 35000 
310620060660148 THC1 35000 
310620060660150 THC1 35000 
310620060660151 THC1 35000 
310620060660152 THC1 35000 
310620060660153 THC1 35000 
310620060660154 THC1 35000 
310620060660155 THC1 35000 
310620060660156 THC1 35000 
310620060660157 THC1 35000 
310620060660159 THC1 35000 
310620060660160 THC1 35000 
310620060660162 THC1 35000 
310620060660163 THC1 35000 
310620060660164 THC1 35000 
310620060660165 THC1 35000 
310620060660166 THC1 35000 
310620060660167 THC1 35000 
310620060660168 THC1 35000 
310620060660169 THC1 35000 
310620060660170 THC1 35000 
310620060660171 THC1 35000 
310620060660174 THC1 35000 
310620060660175 THC1 35000 
310620060660176 THC1 35000 
310620060660177 THC1 35000 
310620060660178 THC1 35000 
310620060660179 THC1 35000 
310620060660180 THC1 35000 
310620060660181 THC1 35000 
310620060660182 THC1 35000 
310620060660183 THC1 35000 
310620060660184 THC1 35000 
310620060660185 THC1 35000 
310620060660187 THC1 35000 
310620060660189 THC1 35000 
310620060660190 THC1 35000 
310620060660191 THC1 35000 
310620060660193 THC1 35000 
310620060660194 THC1 35000 
310620060660195 THC1 35000 
310620060660196 THC1 35000 
310620060660197 THC1 35000 
310620060660198 THC1 35000 
310620060660199 THC1 35000 
310620060660201 THC1 35000 
310620060660202 THC1 35000 
310620060660203 THC1 35000 
310620060660205 THC1 35000 
310620060660206 THC1 35000 
310620060660207 THC1 35000 
310620060660208 THC1 35000 
310620060660209 THC1 35000 
310620060660211 THC1 35000 
310620060660212 THC1 35000 
310620060660213 THC1 35000 
310620060660214 THC1 35000 
310620060660215 THC1 35000 
310620060660217 THC1 35000 
310620060660218 THC1 35000 
310620060660219 THC1 35000 
310620060660220 THC1 35000 
310620060660221 THC1 35000 
310620060660222 THC1 35000 
310620060660223 THC1 35000 
310620060660224 THC1 35000 
310620060660225 THC1 35000 
310620060660226 THC1 35000 
310620060660227 THC1 35000 
310620060660228 THC1 35000 
310620060660229 THC1 35000 
310620060660230 THC1 35000 
310620060660231 THC1 35000 
310620060660232 THC1 35000 
310620060660233 THC1 35000 
310620060660234 THC1 35000 
310620060660235 THC1 35000 
310620060660236 THC1 35000 
310620060660237 THC1 35000 
310620060660238 THC1 35000 
310620060660239 THC1 35000 
310620060660240 THC1 35000 
310620060660241 THC1 35000 
310620060660242 THC1 35000 
310620060660243 THC1 35000 
310620060660244 THC1 35000 
310620060660246 THC1 35000 
310620060660247 THC1 35000 
310620060660248 THC1 35000 
310620060660249 THC1 35000 
310620060660250 THC1 35000 
310620060660251 THC1 35000 
310620060660252 THC1 35000 
310620060660253 THC1 35000 
310620060660254 THC1 35000 
310620060660255 THC1 35000 
310620060660256 THC1 35000 
310620060660259 THC1 35000 
310620060660260 THC1 35000 
310620060660261 THC1 35000 
310620060660262 THC1 35000 
310620060660263 THC1 35000 
310620060660264 THC1 35000 
310620060660265 THC1 35000 
310620060660266 THC1 35000 
310620060660267 THC1 35000 
310620060660268 THC1 35000 
310620060660269 THC1 35000 
310620060660270 THC1 35000 
310620060660271 THC1 35000 
310620060660272 THC1 35000 
310620060660273 THC1 35000 
310620060660274 THC1 35000 
310620060660275 THC1 35000 
310620060660276 THC1 35000 
310620060660277 THC1 35000 
310620060660278 THC1 35000 
310620060660279 THC1 35000 
310620060660280 THC1 35000 
310620060660281 THC1 35000 
310620060660282 THC1 35000 
310620060660283 THC1 35000 
310620060660284 THC1 35000 
310620060660285 THC1 35000 
310620060660286 THC1 35000 
310620060660287 THC1 35000 
310620060660288 THC1 35000 
310620060660289 THC1 35000 
310620060660293 THC1 35000 
310620060660294 THC1 35000 
310620060660295 THC1 35000 
310620060660296 THC1 35000 
310620060660298 THC1 35000 
310620060660299 THC1 35000 
310620060660300 THC1 35000 
310620060660301 THC1 35000 
310620060660302 THC1 35000 
310620060660303 THC1 35000 
310620060660304 THC1 35000 
310620060660305 THC1 35000 
310620060660306 THC1 35000 
310620060660309 THC1 35000 
310620060660310 THC1 35000 
310620060660313 THC1 35000 
310620060660314 THC1 35000 
310620060660315 THC1 35000 
310620060660316 THC1 35000 
310620060660317 THC1 35000 
310620060660318 THC1 35000 
310620060660319 THC1 35000 
310620060660320 THC1 35000 
310620060660321 THC1 35000 
310620060660322 THC1 35000 
310620060660323 THC1 35000 
310620060660327 THC1 35000 
310620060660328 THC1 35000 
310620060660329 THC1 35000 
310620060660330 THC1 35000 
310620060660331 THC1 35000 
310620060660332 THC1 35000 
310620060660333 THC1 35000 
310620060660334 THC1 35000 
310620060660335 THC1 35000 
310620060660336 THC1 35000 
310620060660338 THC1 35000 
310620060660339 THC1 35000 
310620060660340 THC1 35000 
310620060660341 THC1 35000 
310620060660342 THC1 35000 
310620060660343 THC1 35000 
310620060660344 THC1 35000 
310620060660345 THC1 35000 
310620060660346 THC1 35000 
310620060660347 THC1 35000 
310620060660348 THC1 35000 
310620060660349 THC1 35000 
310620060660350 THC1 35000 
310620060660351 THC1 35000 
310620060660352 THC1 35000 
310620060660353 THC1 35000 
310620060660354 THC1 35000 
310620060660355 THC1 35000 
310620060660356 THC1 35000 
310620060660357 THC1 35000 
310620060660358 THC1 35000 
310620060660359 THC1 35000 
310620060660360 THC1 35000 
310620060660361 THC1 35000 
310620060660362 THC1 35000 
310620060660363 THC1 35000 
310620060660364 THC1 35000 
310620060660365 THC1 35000 
310620060660366 THC1 35000 
310620060660367 THC1 35000 
310620060660368 THC1 35000 
310620060660369 THC1 35000 
310620060660371 THC1 35000 
310620060660372 THC1 35000 
310620060660373 THC1 35000 
310620060660374 THC1 35000 
310620060660376 THC1 35000 
310620060660377 THC1 35000 
310620060660379 THC1 35000 
310620060660380 THC1 35000 
310620060660381 THC1 35000 
310620060660382 THC1 35000 
310620060660383 THC1 35000 
310620060660384 THC1 35000 
310620060660385 THC1 35000 
310620060660386 THC1 35000 
310620060660387 THC1 35000 
310620060660388 THC1 35000 
310620060660389 THC1 35000 
310620060660390 THC1 35000 
310620060660391 THC1 35000 
310620060660393 THC1 35000 
310620060660395 THC1 35000 
310620060660396 THC1 35000 
310620060660397 THC1 35000 
310620060660398 THC1 35000 
310620060660399 THC1 35000 
310620060660400 THC1 35000 
310620060660401 THC1 35000 
310620060660402 THC1 35000 
310620060660403 THC1 35000 
310620060660404 THC1 35000 
310620060660405 THC1 35000 
310620060660406 THC1 35000 
310620060660407 THC1 35000 
310620060660408 THC1 35000 
310620060660409 THC1 35000 
310620060660410 THC1 35000 
310620060660411 THC1 35000 
310620060660412 THC1 35000 
310620060660413 THC1 35000 
310620060660414 THC1 35000 
310620060660415 THC1 35000 
310620060660416 THC1 35000 
310620060660417 THC1 35000 
310620060660418 THC1 35000 
310620060660419 THC1 35000 
310620060660420 THC1 35000 
310620060660421 THC1 35000 
310620060660422 THC1 35000 
310620060660423 THC1 35000 
310620060660424 THC1 35000 
310620060660425 THC1 35000 
310620060660426 THC1 35000 
310620060660427 THC1 35000 
310620060660428 THC1 35000 
310620060660429 THC1 35000 
310620060660430 THC1 35000 
310620060660431 THC1 35000 
310620060660432 THC1 35000 
310620060660433 THC1 35000 
310620060660434 THC1 35000 
310620060660436 THC1 35000 
310620060660437 THC1 35000 
310620060660438 THC1 35000 
310620060660439 THC1 35000 
310620060660440 THC1 35000 
310620060660441 THC1 35000 
310620060660442 THC1 35000 
310620060660443 THC1 35000 
310620060660444 THC1 35000 
310620060660445 THC1 35000 
310620060660446 THC1 35000 
310620060660447 THC1 35000 
310620060680002 THC1 35000 
310620060680003 THC1 35000 
310620060680004 THC1 35000 
310620060680005 THC1 35000 
310620060680006 THC1 35000 
310620060680007 THC1 35000 
310620060680008 THC1 35000 
310620060680010 THC1 35000 
310620060680011 THC1 35000 
310620060680012 THC1 35000 
310620060680013 THC1 35000 
310620060680014 THC1 35000 
310620060680015 THC1 35000 
310620060680016 THC1 35000 
310620060680018 THC1 35000 
310620060680019 THC1 35000 
310620060680020 THC1 35000 
310620060680021 THC1 35000 
310620060680022 THC1 35000 
310620060680023 THC1 35000 
310620060680024 THC1 35000 
310620060680025 THC1 35000 
310620060680026 THC1 35000 
310620060680027 THC1 35000 
310620060680028 THC1 35000 
310620060680029 THC1 35000 
310620060680030 THC1 35000 
310620060680031 THC1 35000 
310620060680032 THC1 35000 
310620060680033 THC1 35000 
310620060680035 THC1 35000 
310620060680036 THC1 35000 
310620060680037 THC1 35000 
310620060680039 THC1 35000 
310620060680040 THC1 35000 
310620060680041 THC1 35000 
310620060680042 THC1 35000 
310620060680043 THC1 35000 
310620060680044 THC1 35000 
310620060680045 THC1 35000 
310620060680046 THC1 35000 
310620060680048 THC1 35000 
310620060680049 THC1 35000 
310620060680050 THC1 35000 
310620060680051 THC1 35000 
310620060680052 THC1 35000 
310620060680053 THC1 35000 
310620060680056 THC1 35000 
310620060680058 THC1 35000 
310620060680059 THC1 35000 
310620060680061 THC1 35000 
310620060680062 THC1 35000 
310620060680063 THC1 35000 
310620060680064 THC1 35000 
310620060680066 THC1 35000 
310620060680067 THC1 35000 
310620060680068 THC1 35000 
310620060680069 THC1 35000 
310620060680071 THC1 35000 
310620060680072 THC1 35000 
310620060680073 THC1 35000 
310620060680074 THC1 35000 
310620060680075 THC1 35000 
310620060680076 THC1 35000 
310620060680077 THC1 35000 
310620060680078 THC1 35000 
310620060680079 THC1 35000 
310620060680080 THC1 35000 
310620060680081 THC1 35000 
310620060680082 THC1 35000 
310620060680083 THC1 35000 
310620060680084 THC1 35000 
310620060680085 THC1 35000 
310620060680086 THC1 35000 
310620060680088 THC1 35000 
310620060680090 THC1 35000 
310620060680091 THC1 35000 
310620060680092 THC1 35000 
310620060680093 THC1 35000 
310620060680094 THC1 35000 
310620060680095 THC1 35000 
310620060680096 THC1 35000 
310620060680097 THC1 35000 
310620060680098 THC1 35000 
310620060680099 THC1 35000 
310620060680100 THC1 35000 
310620060680101 THC1 35000 
310620060680102 THC1 35000 
310620060680103 THC1 35000 
310620060680104 THC1 35000 
310620060680105 THC1 35000 
310620060680106 THC1 35000 
310620060690001 THC1 35000 
310620060690002 THC1 35000 
310620060690003 THC1 35000 
310620060690004 THC1 35000 
310620060690005 THC1 35000 
310620060690006 THC1 35000 
310620060690007 THC1 35000 
310620060690008 THC1 35000 
310620060690009 THC1 35000 
310620060690011 THC1 35000 
310620060690012 THC1 35000 
310620060690014 THC1 35000 
310620060690015 THC1 35000 
310620060690016 THC1 35000 
310620060690017 THC1 35000 
310620060690018 THC1 35000 
310620060690019 THC1 35000 
310620060690020 THC1 35000 
310620060690021 THC1 35000 
310620060690022 THC1 35000 
310620060690023 THC1 35000 
310620060690024 THC1 35000 
310620060690025 THC1 35000 
310620060690026 THC1 35000 
310620060690027 THC1 35000 
310620060690028 THC1 35000 
310620060690029 THC1 35000 
310620060690030 THC1 35000 
310620060690031 THC1 35000 
310620060690033 THC1 35000 
310620060690034 THC1 35000 
310620060690035 THC1 35000 
310620060690036 THC1 35000 
310620060690037 THC1 35000 
310620060690038 THC1 35000 
310620060690040 THC1 35000 
310620060690041 THC1 35000 
310620060690042 THC1 35000 
310620060690044 THC1 35000 
310620060690045 THC1 35000 
310620060690046 THC1 35000 
310620060690047 THC1 35000 
310620060690049 THC1 35000 
310620060690050 THC1 35000 
310620060690051 THC1 35000 
310620060690053 THC1 35000 
310620060690054 THC1 35000 
310620060690055 THC1 35000 
310620060690056 THC1 35000 
310620060690057 THC1 35000 
310620060690058 THC1 35000 
310620060690059 THC1 35000 
310620060690060 THC1 35000 
310620060690061 THC1 35000 
310620060690062 THC1 35000 
310620060690063 THC1 35000 
310620060690064 THC1 35000 
310620060690065 THC1 35000 
310620060690068 THC1 35000 
310620060690069 THC1 35000 
310620060690071 THC1 35000 
310620060690072 THC1 35000 
310620060690073 THC1 35000 
310620060690075 THC1 35000 
310620060690076 THC1 35000 
310620060690077 THC1 35000 
310620060690079 THC1 35000 
310620060690080 THC1 35000 
310620060690081 THC1 35000 
310620060690082 THC1 35000 
310620060690083 THC1 35000 
310620060690084 THC1 35000 
310620060690085 THC1 35000 
310620060690087 THC1 35000 
310620060690088 THC1 35000 
310620060690090 THC1 35000 
310620060690092 THC1 35000 
310620060690093 THC1 35000 
310620060690095 THC1 35000 
310620060690096 THC1 35000 
310620060690097 THC1 35000 
310620060690098 THC1 35000 
310620060690099 THC1 35000 
310620060690100 THC1 35000 
310620060690102 THC1 35000 
310620060690105 THC1 35000 
310620060690106 THC1 35000 
310620060690109 THC1 35000 
310620060690110 THC1 35000 
310620060690111 THC1 35000 
310620060690112 THC1 35000 
310620060690113 THC1 35000 
310620060690114 THC1 35000 
310620060690115 THC1 35000 
310620060690116 THC1 35000 
310620060690117 THC1 35000 
310620060690118 THC1 35000 
310620060690120 THC1 35000 
310620060690121 THC1 35000 
310620060690123 THC1 35000 
310620060690124 THC1 35000 
310620060690125 THC1 35000 
310620060690126 THC1 35000 
310620060690127 THC1 35000 
310620060690129 THC1 35000 
310620060690130 THC1 35000 
310620060690131 THC1 35000 
310620060690132 THC1 35000 
310620060690133 THC1 35000 
310620060690134 THC1 35000 
310620060690135 THC1 35000 
310620060690137 THC1 35000 
310620060690138 THC1 35000 
310620060690140 THC1 35000 
310620060690141 THC1 35000 
310620060690142 THC1 35000 
310620060690143 THC1 35000 
310620060690144 THC1 35000 
310620060690145 THC1 35000 
310620060690146 THC1 35000 
310620060690147 THC1 35000 
310620060690148 THC1 35000 
310620060690149 THC1 35000 
310620060690150 THC1 35000 
310620060690151 THC1 35000 
310620060690152 THC1 35000 
310620060690153 THC1 35000 
310620060690154 THC1 35000 
310620060690155 THC1 35000 
310620060690157 THC1 35000 
310620060690158 THC1 35000 
310620060690159 THC1 35000 
310620060690160 THC1 35000 
310620060690161 THC1 35000 
310620060690162 THC1 35000 
310620060690163 THC1 35000 
310620060690164 THC1 35000 
310620060690165 THC1 35000 
310620060690166 THC1 35000 
310620060690167 THC1 35000 
310620060690168 THC1 35000 
310620060690169 THC1 35000 
310620060690170 THC1 35000 
310620060690172 THC1 35000 
310620060690173 THC1 35000 
310620060690174 THC1 35000 
310620060690175 THC1 35000 
310620060690176 THC1 35000 
310620060690177 THC1 35000 
310620060690178 THC1 35000 
310620060690179 THC1 35000 
310620060690180 THC1 35000 
310620060690181 THC1 35000 
310620060690182 THC1 35000 
310620060690183 THC1 35000 
310620060690185 THC1 35000 
310620060690186 THC1 35000 
310620060690187 THC1 35000 
310620060690188 THC1 35000 
310620060690189 THC1 35000 
310620060690190 THC1 35000 
310620060690191 THC1 35000 
310620060690192 THC1 35000 
310620060690193 THC1 35000 
310620060690194 THC1 35000 
310620060690195 THC1 35000 
310620060690196 THC1 35000 
310620060690197 THC1 35000 
310620060690199 THC1 35000 
310620060690200 THC1 35000 
310620060690201 THC1 35000 
310620060690202 THC1 35000 
310620060690203 THC1 35000 
310620060690205 THC1 35000 
310620060690206 THC1 35000 
310620060690207 THC1 35000 
310620060690208 THC1 35000 
310620060690209 THC1 35000 
310620060690210 THC1 35000 
310620060690211 THC1 35000 
310620060690213 THC1 35000 
310620060690214 THC1 35000 
310620060690215 THC1 35000 
310620060690216 THC1 35000 
310620060690218 THC1 35000 
310620060690219 THC1 35000 
310620060690220 THC1 35000 
310620060690221 THC1 35000 
310620060690222 THC1 35000 
310620060690223 THC1 35000 
310620060690224 THC1 35000 
310620060690225 THC1 35000 
310620060690226 THC1 35000 
310620060690228 THC1 35000 
310620060690231 THC1 35000 
310620060690232 THC1 35000 
310620060690234 THC1 35000 
310620060690235 THC1 35000 
310620060690236 THC1 35000 
310620060690237 THC1 35000 
310620060690238 THC1 35000 
310620060690239 THC1 35000 
310620060690240 THC1 35000 
310620060690242 THC1 35000 
310620060690245 THC1 35000 
310620060690246 THC1 35000 
310620060690247 THC1 35000 
310620060690248 THC1 35000 
310620060690250 THC1 35000 
310620060690252 THC1 35000 
310620060690253 THC1 35000 
310620060690254 THC1 35000 
310620060690255 THC1 35000 
310620060690256 THC1 35000 
310620060690257 THC1 35000 
310620060690258 THC1 35000 
310620060690259 THC1 35000 
310620060690261 THC1 35000 
310620060690262 THC1 35000 
310620060690263 THC1 35000 
310620060690264 THC1 35000 
310620060690266 THC1 35000 
310620060690267 THC1 35000 
310620060690269 THC1 35000 
310620060690270 THC1 35000 
310620060690271 THC1 35000 
310620060690272 THC1 35000 
310620060690273 THC1 35000 
310620060690274 THC1 35000 
310620060690275 THC1 35000 
310620060690276 THC1 35000 
310620060690277 THC1 35000 
310620060690278 THC1 35000 
310620060690279 THC1 35000 
310620060690280 THC1 35000 
310620060690281 THC1 35000 
310620060690282 THC1 35000 
310620060690283 THC1 35000 
310620060690285 THC1 35000 
310620060690287 THC1 35000 
310620060690288 THC1 35000 
310620060690289 THC1 35000 
310620060690290 THC1 35000 
310620060690291 THC1 35000 
310620060690292 THC1 35000 
310620060690293 THC1 35000 
310620060690294 THC1 35000 
310620060690296 THC1 35000 
310620060690297 THC1 35000 
310620060690298 THC1 35000 
310620060690299 THC1 35000 
310620060690300 THC1 35000 
310620060690301 THC1 35000 
310620060690302 THC1 35000 
310620060690303 THC1 35000 
310620060690304 THC1 35000 
310620060690305 THC1 35000 
310620060690306 THC1 35000 
310620060690307 THC1 35000 
310620060690308 THC1 35000 
310620060690309 THC1 35000 
310620060690310 THC1 35000 
310620060690311 THC1 35000 
310620060690313 THC1 35000 
310620060690314 THC1 35000 
310620060690315 THC1 35000 
310620060690316 THC1 35000 
310620060690317 THC1 35000 
310620060690318 THC1 35000 
310620060690320 THC1 35000 
310620060690323 THC1 35000 
310620060690324 THC1 35000 
310620060690325 THC1 35000 
310620060690326 THC1 35000 
310620060690327 THC1 35000 
310620060690328 THC1 35000 
310620060690329 THC1 35000 
310620060690330 THC1 35000 
310620060690331 THC1 35000 
310620060690332 THC1 35000 
310620060690333 THC1 35000 
310620060690334 THC1 35000 
310620060690335 THC1 35000 
310620060690336 THC1 35000 
310620060690337 THC1 35000 
310620060690338 THC1 35000 
310620060690339 THC1 35000 
310620060690340 THC1 35000 
310620060690341 THC1 35000 
310620060690342 THC1 35000 
310620060690343 THC1 35000 
310620060690345 THC1 35000 
310620060690346 THC1 35000 
310620060690347 THC1 35000 
310620060690348 THC1 35000 
310620060690349 THC1 35000 
310620060690350 THC1 35000 
310620060690351 THC1 35000 
310620060690352 THC1 35000 
310620060690353 THC1 35000 
310620060690354 THC1 35000 
310620060690355 THC1 35000 
310620060690356 THC1 35000 
310620060690357 THC1 35000 
310620060690358 THC1 35000 
310620060690359 THC1 35000 
310620060690361 THC1 35000 
310620060690362 THC1 35000 
310620060690363 THC1 35000 
310620060690365 THC1 35000 
310620060690366 THC1 35000 
310620060690367 THC1 35000 
310620060690368 THC1 35000 
310620060690369 THC1 35000 
310620060690370 THC1 35000 
310620060690372 THC1 35000 
310620060690373 THC1 35000 
310620060690374 THC1 35000 
310620060690376 THC1 35000 
310620060690377 THC1 35000 
310620060690378 THC1 35000 
310620060690379 THC1 35000 
310620060690380 THC1 35000 
310620060690381 THC1 35000 
310620060690383 THC1 35000 
310620060690384 THC1 35000 
310620060690385 THC1 35000 
310620060690386 THC1 35000 
310620060690388 THC1 35000 
310620060690389 THC1 35000 
310620060690390 THC1 35000 
310620060690391 THC1 35000 
310620060690393 THC1 35000 
310620060690394 THC1 35000 
310620060690395 THC1 35000 
310620060690396 THC1 35000 
310620060690397 THC1 35000 
310620060690398 THC1 35000 
310620060690399 THC1 35000 
310620060690400 THC1 35000 
310620060690401 THC1 35000 
310620060690403 THC1 35000 
310620060690404 THC1 35000 
310620060690405 THC1 35000 
310620060690406 THC1 35000 
310620060690407 THC1 35000 
310620060690408 THC1 35000 
310620060690409 THC1 35000 
310620060690410 THC1 35000 
310620060690411 THC1 35000 
310620060690412 THC1 35000 
310620060690413 THC1 35000 
310620060690415 THC1 35000 
310620060690416 THC1 35000 
310620060690417 THC1 35000 
310620060690418 THC1 35000 
310620060690419 THC1 35000 
310620060690420 THC1 35000 
310620060690421 THC1 35000 
310620060690422 THC1 35000 
310620060690423 THC1 35000 
310620060690424 THC1 35000 
310620060690425 THC1 35000 
310620060690426 THC1 35000 
310620060690427 THC1 35000 
310620060690428 THC1 35000 
310620060690429 THC1 35000 
310620060690430 THC1 35000 
310620060690431 THC1 35000 
310620060690432 THC1 35000 
310620060690433 THC1 35000 
310620060690435 THC1 35000 
310620060690436 THC1 35000 
310620060690437 THC1 35000 
310620060690438 THC1 35000 
310620060690439 THC1 35000 
310620060690440 THC1 35000 
310620060690441 THC1 35000 
310620060690442 THC1 35000 
310620060690443 THC1 35000 
310620060690444 THC1 35000 
310620060690445 THC1 35000 
310620060690446 THC1 35000 
310620060690447 THC1 35000 
310620060690448 THC1 35000 
310620060690449 THC1 35000 
310620060690450 THC1 35000 
310620060690451 THC1 35000 
310620060690452 THC1 35000 
310620060690453 THC1 35000 
310620060690454 THC1 35000 
310620060690455 THC1 35000 
310620060690456 THC1 35000 
310620060690457 THC1 35000 
310620060690458 THC1 35000 
310620060690459 THC1 35000 
310620060690460 THC1 35000 
310620060690461 THC1 35000 
310620060690462 THC1 35000 
310620060690463 THC1 35000 
310620060690464 THC1 35000 
310620060690465 THC1 35000 
310620060690466 THC1 35000 
310620060690467 THC1 35000 
310620060690468 THC1 35000 
310620060690470 THC1 35000 
310620060690471 THC1 35000 
310620060690472 THC1 35000 
310620060690473 THC1 35000 
310620060690474 THC1 35000 
310620060690475 THC1 35000 
310620060690476 THC1 35000 
310620060690477 THC1 35000 
310620060690478 THC1 35000 
310620060690479 THC1 35000 
310620060690480 THC1 35000 
310620060690481 THC1 35000 
310620060690482 THC1 35000 
310620060690483 THC1 35000 
310620060690484 THC1 35000 
310620060690485 THC1 35000 
310620060690486 THC1 35000 
310620060690487 THC1 35000 
310620060690488 THC1 35000 
310620060690489 THC1 35000 
310620060690490 THC1 35000 
310620060690491 THC1 35000 
310620060690492 THC1 35000 
310620060690493 THC1 35000 
310620060690494 THC1 35000 
310620060690495 THC1 35000 
310620060690496 THC1 35000 
310620060690497 THC1 35000 
310620060690498 THC1 35000 
310620060690499 THC1 35000 
310620060690500 THC1 35000 
310620060690501 THC1 35000 
310620060690502 THC1 35000 
310620060690503 THC1 35000 
310620060690504 THC1 35000 
310620060690505 THC1 35000 
310620060690506 THC1 35000 
310620060690507 THC1 35000 
310620060690508 THC1 35000 
310620060690509 THC1 35000 
310620060690510 THC1 35000 
310620060690511 THC1 35000 
310620060690512 THC1 35000 
310620060690513 THC1 35000 
310620060690514 THC1 35000 
310620060690515 THC1 35000 
310620060690516 THC1 35000 
310620060690517 THC1 35000 
310620060690518 THC1 35000 
310620060690519 THC1 35000 
310620060690520 THC1 35000 
310620060690521 THC1 35000 
310620060690522 THC1 35000 
310620060690523 THC1 35000 
310620060690526 THC1 35000 
310620060690527 THC1 35000 
310620060690528 THC1 35000 
310620060690529 THC1 35000 
310620060690530 THC1 35000 
310620060690531 THC1 35000 
310620060690532 THC1 35000 
310620060690533 THC1 35000 
310620060690535 THC1 35000 
310620060690536 THC1 35000 
310620060690537 THC1 35000 
310620060690538 THC1 35000 
310620060690539 THC1 35000 
310620060690540 THC1 35000 
310620060690541 THC1 35000 
310620060690542 THC1 35000 
310620060690543 THC1 35000 
310620060690544 THC1 35000 
310620060690545 THC1 35000 
310620060690546 THC1 35000 
310620060690547 THC1 35000 
310620060690548 THC1 35000 
310620060690549 THC1 35000 
310620060690550 THC1 35000 
310620060690551 THC1 35000 
310620060690552 THC1 35000 
310620060690553 THC1 35000 
310620060690554 THC1 35000 
310620060690555 THC1 35000 
310620060690556 THC1 35000 
310620060690558 THC1 35000 
310620060690559 THC1 35000 
310620060690560 THC1 35000 
310620060690561 THC1 35000 
310620060690562 THC1 35000 
310620060690563 THC1 35000 
310620060690564 THC1 35000 
310620060690565 THC1 35000 
310620060690566 THC1 35000 
310620060690567 THC1 35000 
;

param D1_2:=
3106200022772 SHC1 20000 
3106200023388 SHC1 20000 
3106200024147 SHC1 20000 
3106200024120 SHC1 20000 
3106200024163 SHC1 20000 
3106200024090 SHC1 20000 
3106203002446 SHC1 20000 
3106200022853 SHC1 20000 
3106200022861 SHC1 20000 
3106200022845 SHC1 20000 
3106200022896 SHC1 20000 
3106200023191 SHC1 20000 
3106200023108 SHC1 20000 
3106200023086 SHC1 20000 
3106200023868 SHC1 20000 
3106200023906 SHC1 20000 
3106200023884 SHC1 20000 
3106202695774 SHC1 20000 
3106200023825 SHC1 20000 
3106200024015 SHC1 20000 
3106202695464 SHC1 20000 
3106200023841 SHC1 20000 
3106200555142 SHC1 20000 
3106202695499 SHC1 20000 
3106200023434 SHC1 20000 
3106200023760 SHC1 20000 
3106200023442 SHC1 20000 
3106200023736 SHC1 20000 
3106200023337 SHC1 20000 
3106200023418 SHC1 20000 
3106200023361 SHC1 20000 
3106200023930 SHC1 20000 
3106209077324 SHC1 20000 
3106202695472 SHC1 20000 
3106202695480 SHC1 20000 
3106200023426 SHC1 20000 
3106200023558 SHC1 20000 
3106200023507 SHC1 20000 
3106200024023 SHC1 20000 
3106207995369 SHC1 20000 
3106200024007 SHC1 20000 
3106200023892 SHC1 20000 
3106202708310 SHC1 20000 
3106200023477 SHC1 20000 
3106200023485 SHC1 20000 
3106200023493 SHC1 20000 
3106200022632 SHC1 20000 
3106200022624 SHC1 20000 
3106200022705 SHC1 20000 
3106200022713 SHC1 20000 
3106200022659 SHC1 20000 
3106200022640 SHC1 20000 
3106200022586 SHC1 20000 
3106203232271 SHC1 20000 
3106200022608 SHC1 20000 
3106200022748 SHC1 20000 
3106200022756 SHC1 20000 
3106203015998 SHC1 20000 
3106203008525 SHC1 20000 
3106200022543 SHC1 20000 
3106200022675 SHC1 20000 
3106200022578 SHC1 20000 
3106200022616 SHC1 20000 
3106200023043 SHC1 20000 
3106200023035 SHC1 20000 
3106200023132 SHC1 20000 
3106205432243 SHC1 20000 
3106200023140 SHC1 20000 
3106200023094 SHC1 20000 
3106202820609 SHC1 20000 
3106204908732 SHC1 20000 
3106200023159 SHC1 20000 
3106200023787 SHC1 20000 
3106200023248 SHC1 20000 
3106205219175 SHC1 20000 
3106200023795 SHC1 20000 
3106200023256 SHC1 20000 
3106200023264 SHC1 20000 
3106202695456 SHC1 20000 
3106205866383 SHC1 20000 
3106200023728 SHC1 20000 
3106200023213 SHC1 20000 
3106200023817 SHC1 20000 
3106209166718 SHC1 20000 
3106200023701 SHC1 20000 
3106200023779 SHC1 20000 
3106202695421 SHC1 20000 
3106200023221 SHC1 20000 
3106200023515 SHC1 20000 
3106200023744 SHC1 20000 
3106200023655 SHC1 20000 
3106209166793 SHC1 20000 
3106200023671 SHC1 20000 
3106203411451 SHC1 20000 
3106200023604 SHC1 20000 
3106200023639 SHC1 20000 
3106200023663 SHC1 20000 
3106200023574 SHC1 20000 
3106200023647 SHC1 20000 
3106206368379 SHC1 20000 
3106200023620 SHC1 20000 
3106200023698 SHC1 20000 
3106200023019 SHC1 20000 
3106200023612 SHC1 20000 
3106205471532 SHC1 20000 
3106200023590 SHC1 20000 
3106203426637 SHC1 20000 
310620005620022 SHC1 20000 
310620005620045 SHC1 20000 
310620005620052 SHC1 20000 
310620005620114 SHC1 20000 
310620005620119 SHC1 20000 
310620005620131 SHC1 20000 
310620005620136 SHC1 20000 
310620005620145 SHC1 20000 
310620005620216 SHC1 20000 
310620005620221 SHC1 20000 
310620005620229 SHC1 20000 
310620005620233 SHC1 20000 
310620005620238 SHC1 20000 
310620005620253 SHC1 20000 
310620005620257 SHC1 20000 
310620005620265 SHC1 20000 
310620005620267 SHC1 20000 
310620005620281 SHC1 20000 
310620005620293 SHC1 20000 
310620005620328 SHC1 20000 
310620005620337 SHC1 20000 
310620005620344 SHC1 20000 
310620005620352 SHC1 20000 
310620005620363 SHC1 20000 
310620005620387 SHC1 20000 
310620005620392 SHC1 20000 
310620005620419 SHC1 20000 
310620005620421 SHC1 20000 
310620005620424 SHC1 20000 
310620005620469 SHC1 20000 
310620005620474 SHC1 20000 
310620005620499 SHC1 20000 
310620005620514 SHC1 20000 
310620005620526 SHC1 20000 
310620005620590 SHC1 20000 
310620005620592 SHC1 20000 
310620005620600 SHC1 20000 
310620005620622 SHC1 20000 
310620005620633 SHC1 20000 
310620005620638 SHC1 20000 
310620005620654 SHC1 20000 
310620005620666 SHC1 20000 
310620005620670 SHC1 20000 
310620005620701 SHC1 20000 
310620005620708 SHC1 20000 
310620005620740 SHC1 20000 
310620005620796 SHC1 20000 
310620005620800 SHC1 20000 
310620005620816 SHC1 20000 
310620005630004 SHC1 20000 
310620005630028 SHC1 20000 
310620005630039 SHC1 20000 
310620005630060 SHC1 20000 
310620005630086 SHC1 20000 
310620005630091 SHC1 20000 
310620005630106 SHC1 20000 
310620005630125 SHC1 20000 
310620005630131 SHC1 20000 
310620005630137 SHC1 20000 
310620005630157 SHC1 20000 
310620005630175 SHC1 20000 
310620005630177 SHC1 20000 
310620005630199 SHC1 20000 
310620005630207 SHC1 20000 
310620005630239 SHC1 20000 
310620005630253 SHC1 20000 
310620005630264 SHC1 20000 
310620005630265 SHC1 20000 
310620005630281 SHC1 20000 
310620005630286 SHC1 20000 
310620005630302 SHC1 20000 
310620005630317 SHC1 20000 
310620005630325 SHC1 20000 
310620005630329 SHC1 20000 
310620005630337 SHC1 20000 
310620005630382 SHC1 20000 
310620005630461 SHC1 20000 
310620005630476 SHC1 20000 
310620005630494 SHC1 20000 
310620005630515 SHC1 20000 
310620005630532 SHC1 20000 
310620005630543 SHC1 20000 
310620005630582 SHC1 20000 
310620005630583 SHC1 20000 
310620005630586 SHC1 20000 
310620005630592 SHC1 20000 
310620005640008 SHC1 20000 
310620005640044 SHC1 20000 
310620005640052 SHC1 20000 
310620005640055 SHC1 20000 
310620005640057 SHC1 20000 
310620005640085 SHC1 20000 
310620005640100 SHC1 20000 
310620005640106 SHC1 20000 
310620005640108 SHC1 20000 
310620005640138 SHC1 20000 
310620005640161 SHC1 20000 
310620005640173 SHC1 20000 
310620005640184 SHC1 20000 
310620005640193 SHC1 20000 
310620005640215 SHC1 20000 
310620005640233 SHC1 20000 
310620005640235 SHC1 20000 
310620005640247 SHC1 20000 
310620005640251 SHC1 20000 
310620005640260 SHC1 20000 
310620005650062 SHC1 20000 
310620005650070 SHC1 20000 
310620005650098 SHC1 20000 
310620005650108 SHC1 20000 
310620005650110 SHC1 20000 
310620005650127 SHC1 20000 
310620005650139 SHC1 20000 
310620005650141 SHC1 20000 
310620005650147 SHC1 20000 
310620005650183 SHC1 20000 
310620005650217 SHC1 20000 
310620005650253 SHC1 20000 
310620005650328 SHC1 20000 
310620005650361 SHC1 20000 
310620005650397 SHC1 20000 
310620005650408 SHC1 20000 
310620005650423 SHC1 20000 
310620005650425 SHC1 20000 
310620005650490 SHC1 20000 
310620005650586 SHC1 20000 
310620005650595 SHC1 20000 
310620005650604 SHC1 20000 
310620005650608 SHC1 20000 
310620005650610 SHC1 20000 
310620005650612 SHC1 20000 
310620005650616 SHC1 20000 
310620005650637 SHC1 20000 
310620005650643 SHC1 20000 
310620005650648 SHC1 20000 
310620005650657 SHC1 20000 
310620005650666 SHC1 20000 
310620005650680 SHC1 20000 
310620005650690 SHC1 20000 
310620005650693 SHC1 20000 
310620005650697 SHC1 20000 
310620005650703 SHC1 20000 
310620005650711 SHC1 20000 
310620005650720 SHC1 20000 
310620005670010 SHC1 20000 
310620005670022 SHC1 20000 
310620005670025 SHC1 20000 
310620005670028 SHC1 20000 
310620005670031 SHC1 20000 
310620005670036 SHC1 20000 
310620005670093 SHC1 20000 
310620005670109 SHC1 20000 
310620005670117 SHC1 20000 
310620005670145 SHC1 20000 
310620005670180 SHC1 20000 
310620005670188 SHC1 20000 
310620005670200 SHC1 20000 
310620005670231 SHC1 20000 
310620005670234 SHC1 20000 
310620005670249 SHC1 20000 
310620005670269 SHC1 20000 
310620005670274 SHC1 20000 
310620005670332 SHC1 20000 
310620005670338 SHC1 20000 
310620005670352 SHC1 20000 
310620005670422 SHC1 20000 
310620005670431 SHC1 20000 
310620005670436 SHC1 20000 
310620005670437 SHC1 20000 
310620005670448 SHC1 20000 
310620005670471 SHC1 20000 
310620005670508 SHC1 20000 
310620005670565 SHC1 20000 
310620005670581 SHC1 20000 
310620005670586 SHC1 20000 
310620005670587 SHC1 20000 
310620005670610 SHC1 20000 
310620005670623 SHC1 20000 
310620005670631 SHC1 20000 
310620005670649 SHC1 20000 
310620005670677 SHC1 20000 
310620005670744 SHC1 20000 
310620005670757 SHC1 20000 
310620005670791 SHC1 20000 
310620005670796 SHC1 20000 
310620005670829 SHC1 20000 
310620005670830 SHC1 20000 
310620005670842 SHC1 20000 
310620005670848 SHC1 20000 
310620005680021 SHC1 20000 
310620005680023 SHC1 20000 
310620005680038 SHC1 20000 
310620005680055 SHC1 20000 
310620005680094 SHC1 20000 
310620005680096 SHC1 20000 
310620005680100 SHC1 20000 
310620005680104 SHC1 20000 
310620005680124 SHC1 20000 
310620005680199 SHC1 20000 
310620005680219 SHC1 20000 
310620005680226 SHC1 20000 
310620005680232 SHC1 20000 
310620005680250 SHC1 20000 
310620005680265 SHC1 20000 
310620005680271 SHC1 20000 
310620005680281 SHC1 20000 
310620005680289 SHC1 20000 
310620005680292 SHC1 20000 
310620005680300 SHC1 20000 
310620005680310 SHC1 20000 
310620005680312 SHC1 20000 
310620005680334 SHC1 20000 
310620005680358 SHC1 20000 
310620005680371 SHC1 20000 
310620005680377 SHC1 20000 
310620005680387 SHC1 20000 
310620005680390 SHC1 20000 
310620005680394 SHC1 20000 
310620005680397 SHC1 20000 
310620005680403 SHC1 20000 
310620005680412 SHC1 20000 
310620005680429 SHC1 20000 
310620005680446 SHC1 20000 
310620005680457 SHC1 20000 
310620005680474 SHC1 20000 
310620005680484 SHC1 20000 
310620005680487 SHC1 20000 
310620005680507 SHC1 20000 
310620005680512 SHC1 20000 
310620005680526 SHC1 20000 
310620005680535 SHC1 20000 
310620005680547 SHC1 20000 
310620005680554 SHC1 20000 
310620025610004 SHC1 20000 
310620025610017 SHC1 20000 
310620025610039 SHC1 20000 
310620025610052 SHC1 20000 
310620025610062 SHC1 20000 
310620025610067 SHC1 20000 
310620025610092 SHC1 20000 
310620025610095 SHC1 20000 
310620025610099 SHC1 20000 
310620025610102 SHC1 20000 
310620025610107 SHC1 20000 
310620025610137 SHC1 20000 
310620025610142 SHC1 20000 
310620025610153 SHC1 20000 
310620025610157 SHC1 20000 
310620025610161 SHC1 20000 
310620025610170 SHC1 20000 
310620025610208 SHC1 20000 
310620025610223 SHC1 20000 
310620025610228 SHC1 20000 
310620025610245 SHC1 20000 
310620025610258 SHC1 20000 
310620025610275 SHC1 20000 
310620025610280 SHC1 20000 
310620025610295 SHC1 20000 
310620025610318 SHC1 20000 
310620025610327 SHC1 20000 
310620025610443 SHC1 20000 
310620025610458 SHC1 20000 
310620025610497 SHC1 20000 
310620025610538 SHC1 20000 
310620025610547 SHC1 20000 
310620025610583 SHC1 20000 
310620025610588 SHC1 20000 
310620025610598 SHC1 20000 
310620025610648 SHC1 20000 
310620025610662 SHC1 20000 
310620060640053 SHC1 20000 
310620060640071 SHC1 20000 
310620060640126 SHC1 20000 
310620060640147 SHC1 20000 
310620060640203 SHC1 20000 
310620060640213 SHC1 20000 
310620060640238 SHC1 20000 
310620060640262 SHC1 20000 
310620060640283 SHC1 20000 
310620060640294 SHC1 20000 
310620060640304 SHC1 20000 
310620060640324 SHC1 20000 
310620060640345 SHC1 20000 
310620060640346 SHC1 20000 
310620060640377 SHC1 20000 
310620060640407 SHC1 20000 
310620060640418 SHC1 20000 
310620060640420 SHC1 20000 
310620060640429 SHC1 20000 
310620060640440 SHC1 20000 
310620060640442 SHC1 20000 
310620060660005 SHC1 20000 
310620060660071 SHC1 20000 
310620060660100 SHC1 20000 
310620060660102 SHC1 20000 
310620060660113 SHC1 20000 
310620060660115 SHC1 20000 
310620060660162 SHC1 20000 
310620060660201 SHC1 20000 
310620060660251 SHC1 20000 
310620060660269 SHC1 20000 
310620060660360 SHC1 20000 
310620060660367 SHC1 20000 
310620060660389 SHC1 20000 
310620060660396 SHC1 20000 
310620060660423 SHC1 20000 
310620060660430 SHC1 20000 
310620060660432 SHC1 20000 
310620060660440 SHC1 20000 
310620060660442 SHC1 20000 
310620060660444 SHC1 20000 
310620060680027 SHC1 20000 
310620060680085 SHC1 20000 
310620060680088 SHC1 20000 
310620060690038 SHC1 20000 
310620060690058 SHC1 20000 
310620060690111 SHC1 20000 
310620060690168 SHC1 20000 
310620060690178 SHC1 20000 
310620060690226 SHC1 20000 
310620060690248 SHC1 20000 
310620060690259 SHC1 20000 
310620060690338 SHC1 20000 
310620060690369 SHC1 20000 
310620060690403 SHC1 20000 
310620060690456 SHC1 20000 
310620060690471 SHC1 20000 
310620060690489 SHC1 20000 
310620060690501 SHC1 20000 
310620060690540 SHC1 20000 
310620060690548 SHC1 20000 
;

param D1_3:=
3106200022772 THC1 25000 
3106200023388 THC1 25000 
3106200024147 THC1 25000 
3106200024120 THC1 25000 
3106200024163 THC1 25000 
3106200024090 THC1 25000 
3106203002446 THC1 25000 
3106200022853 THC1 25000 
3106200022861 THC1 25000 
3106200022845 THC1 25000 
3106200022896 THC1 25000 
3106200023191 THC1 25000 
3106200023108 THC1 25000 
3106200023086 THC1 25000 
3106200023868 THC1 25000 
3106200023906 THC1 25000 
3106200023884 THC1 25000 
3106202695774 THC1 25000 
3106200023825 THC1 25000 
3106200024015 THC1 25000 
3106202695464 THC1 25000 
3106200023841 THC1 25000 
3106200555142 THC1 25000 
3106202695499 THC1 25000 
3106200023434 THC1 25000 
3106200023760 THC1 25000 
3106200023442 THC1 25000 
3106200023736 THC1 25000 
3106200023337 THC1 25000 
3106200023418 THC1 25000 
3106200023361 THC1 25000 
3106200023930 THC1 25000 
3106209077324 THC1 25000 
3106202695472 THC1 25000 
3106202695480 THC1 25000 
3106200023426 THC1 25000 
3106200023558 THC1 25000 
3106200023507 THC1 25000 
3106200024023 THC1 25000 
3106207995369 THC1 25000 
3106200024007 THC1 25000 
3106200023892 THC1 25000 
3106202708310 THC1 25000 
3106200023477 THC1 25000 
3106200023485 THC1 25000 
3106200023493 THC1 25000 
3106200022632 THC1 25000 
3106200022624 THC1 25000 
3106200022705 THC1 25000 
3106200022713 THC1 25000 
3106200022659 THC1 25000 
3106200022640 THC1 25000 
3106200022586 THC1 25000 
3106203232271 THC1 25000 
3106200022608 THC1 25000 
3106200022748 THC1 25000 
3106200022756 THC1 25000 
3106203015998 THC1 25000 
3106203008525 THC1 25000 
3106200022543 THC1 25000 
3106200022675 THC1 25000 
3106200022578 THC1 25000 
3106200022616 THC1 25000 
3106200023043 THC1 25000 
3106200023035 THC1 25000 
3106200023132 THC1 25000 
3106205432243 THC1 25000 
3106200023140 THC1 25000 
3106200023094 THC1 25000 
3106202820609 THC1 25000 
3106204908732 THC1 25000 
3106200023159 THC1 25000 
3106200023787 THC1 25000 
3106200023248 THC1 25000 
3106205219175 THC1 25000 
3106200023795 THC1 25000 
3106200023256 THC1 25000 
3106200023264 THC1 25000 
3106202695456 THC1 25000 
3106205866383 THC1 25000 
3106200023728 THC1 25000 
3106200023213 THC1 25000 
3106200023817 THC1 25000 
3106209166718 THC1 25000 
3106200023701 THC1 25000 
3106200023779 THC1 25000 
3106202695421 THC1 25000 
3106200023221 THC1 25000 
3106200023515 THC1 25000 
3106200023744 THC1 25000 
3106200023655 THC1 25000 
3106209166793 THC1 25000 
3106200023671 THC1 25000 
3106203411451 THC1 25000 
3106200023604 THC1 25000 
3106200023639 THC1 25000 
3106200023663 THC1 25000 
3106200023574 THC1 25000 
3106200023647 THC1 25000 
3106206368379 THC1 25000 
3106200023620 THC1 25000 
3106200023698 THC1 25000 
3106200023019 THC1 25000 
3106200023612 THC1 25000 
3106205471532 THC1 25000 
3106200023590 THC1 25000 
3106203426637 THC1 25000 
310620005620022 THC1 25000 
310620005620045 THC1 25000 
310620005620052 THC1 25000 
310620005620114 THC1 25000 
310620005620119 THC1 25000 
310620005620131 THC1 25000 
310620005620136 THC1 25000 
310620005620145 THC1 25000 
310620005620216 THC1 25000 
310620005620221 THC1 25000 
310620005620229 THC1 25000 
310620005620233 THC1 25000 
310620005620238 THC1 25000 
310620005620253 THC1 25000 
310620005620257 THC1 25000 
310620005620265 THC1 25000 
310620005620267 THC1 25000 
310620005620281 THC1 25000 
310620005620293 THC1 25000 
310620005620328 THC1 25000 
310620005620337 THC1 25000 
310620005620344 THC1 25000 
310620005620352 THC1 25000 
310620005620363 THC1 25000 
310620005620387 THC1 25000 
310620005620392 THC1 25000 
310620005620419 THC1 25000 
310620005620421 THC1 25000 
310620005620424 THC1 25000 
310620005620469 THC1 25000 
310620005620474 THC1 25000 
310620005620499 THC1 25000 
310620005620514 THC1 25000 
310620005620526 THC1 25000 
310620005620590 THC1 25000 
310620005620592 THC1 25000 
310620005620600 THC1 25000 
310620005620622 THC1 25000 
310620005620633 THC1 25000 
310620005620638 THC1 25000 
310620005620654 THC1 25000 
310620005620666 THC1 25000 
310620005620670 THC1 25000 
310620005620701 THC1 25000 
310620005620708 THC1 25000 
310620005620740 THC1 25000 
310620005620796 THC1 25000 
310620005620800 THC1 25000 
310620005620816 THC1 25000 
310620005630004 THC1 25000 
310620005630028 THC1 25000 
310620005630039 THC1 25000 
310620005630060 THC1 25000 
310620005630086 THC1 25000 
310620005630091 THC1 25000 
310620005630106 THC1 25000 
310620005630125 THC1 25000 
310620005630131 THC1 25000 
310620005630137 THC1 25000 
310620005630157 THC1 25000 
310620005630175 THC1 25000 
310620005630177 THC1 25000 
310620005630199 THC1 25000 
310620005630207 THC1 25000 
310620005630239 THC1 25000 
310620005630253 THC1 25000 
310620005630264 THC1 25000 
310620005630265 THC1 25000 
310620005630281 THC1 25000 
310620005630286 THC1 25000 
310620005630302 THC1 25000 
310620005630317 THC1 25000 
310620005630325 THC1 25000 
310620005630329 THC1 25000 
310620005630337 THC1 25000 
310620005630382 THC1 25000 
310620005630461 THC1 25000 
310620005630476 THC1 25000 
310620005630494 THC1 25000 
310620005630515 THC1 25000 
310620005630532 THC1 25000 
310620005630543 THC1 25000 
310620005630582 THC1 25000 
310620005630583 THC1 25000 
310620005630586 THC1 25000 
310620005630592 THC1 25000 
310620005640008 THC1 25000 
310620005640044 THC1 25000 
310620005640052 THC1 25000 
310620005640055 THC1 25000 
310620005640057 THC1 25000 
310620005640085 THC1 25000 
310620005640100 THC1 25000 
310620005640106 THC1 25000 
310620005640108 THC1 25000 
310620005640138 THC1 25000 
310620005640161 THC1 25000 
310620005640173 THC1 25000 
310620005640184 THC1 25000 
310620005640193 THC1 25000 
310620005640215 THC1 25000 
310620005640233 THC1 25000 
310620005640235 THC1 25000 
310620005640247 THC1 25000 
310620005640251 THC1 25000 
310620005640260 THC1 25000 
310620005650062 THC1 25000 
310620005650070 THC1 25000 
310620005650098 THC1 25000 
310620005650108 THC1 25000 
310620005650110 THC1 25000 
310620005650127 THC1 25000 
310620005650139 THC1 25000 
310620005650141 THC1 25000 
310620005650147 THC1 25000 
310620005650183 THC1 25000 
310620005650217 THC1 25000 
310620005650253 THC1 25000 
310620005650328 THC1 25000 
310620005650361 THC1 25000 
310620005650397 THC1 25000 
310620005650408 THC1 25000 
310620005650423 THC1 25000 
310620005650425 THC1 25000 
310620005650490 THC1 25000 
310620005650586 THC1 25000 
310620005650595 THC1 25000 
310620005650604 THC1 25000 
310620005650608 THC1 25000 
310620005650610 THC1 25000 
310620005650612 THC1 25000 
310620005650616 THC1 25000 
310620005650637 THC1 25000 
310620005650643 THC1 25000 
310620005650648 THC1 25000 
310620005650657 THC1 25000 
310620005650666 THC1 25000 
310620005650680 THC1 25000 
310620005650690 THC1 25000 
310620005650693 THC1 25000 
310620005650697 THC1 25000 
310620005650703 THC1 25000 
310620005650711 THC1 25000 
310620005650720 THC1 25000 
310620005670010 THC1 25000 
310620005670022 THC1 25000 
310620005670025 THC1 25000 
310620005670028 THC1 25000 
310620005670031 THC1 25000 
310620005670036 THC1 25000 
310620005670093 THC1 25000 
310620005670109 THC1 25000 
310620005670117 THC1 25000 
310620005670145 THC1 25000 
310620005670180 THC1 25000 
310620005670188 THC1 25000 
310620005670200 THC1 25000 
310620005670231 THC1 25000 
310620005670234 THC1 25000 
310620005670249 THC1 25000 
310620005670269 THC1 25000 
310620005670274 THC1 25000 
310620005670332 THC1 25000 
310620005670338 THC1 25000 
310620005670352 THC1 25000 
310620005670422 THC1 25000 
310620005670431 THC1 25000 
310620005670436 THC1 25000 
310620005670437 THC1 25000 
310620005670448 THC1 25000 
310620005670471 THC1 25000 
310620005670508 THC1 25000 
310620005670565 THC1 25000 
310620005670581 THC1 25000 
310620005670586 THC1 25000 
310620005670587 THC1 25000 
310620005670610 THC1 25000 
310620005670623 THC1 25000 
310620005670631 THC1 25000 
310620005670649 THC1 25000 
310620005670677 THC1 25000 
310620005670744 THC1 25000 
310620005670757 THC1 25000 
310620005670791 THC1 25000 
310620005670796 THC1 25000 
310620005670829 THC1 25000 
310620005670830 THC1 25000 
310620005670842 THC1 25000 
310620005670848 THC1 25000 
310620005680021 THC1 25000 
310620005680023 THC1 25000 
310620005680038 THC1 25000 
310620005680055 THC1 25000 
310620005680094 THC1 25000 
310620005680096 THC1 25000 
310620005680100 THC1 25000 
310620005680104 THC1 25000 
310620005680124 THC1 25000 
310620005680199 THC1 25000 
310620005680219 THC1 25000 
310620005680226 THC1 25000 
310620005680232 THC1 25000 
310620005680250 THC1 25000 
310620005680265 THC1 25000 
310620005680271 THC1 25000 
310620005680281 THC1 25000 
310620005680289 THC1 25000 
310620005680292 THC1 25000 
310620005680300 THC1 25000 
310620005680310 THC1 25000 
310620005680312 THC1 25000 
310620005680334 THC1 25000 
310620005680358 THC1 25000 
310620005680371 THC1 25000 
310620005680377 THC1 25000 
310620005680387 THC1 25000 
310620005680390 THC1 25000 
310620005680394 THC1 25000 
310620005680397 THC1 25000 
310620005680403 THC1 25000 
310620005680412 THC1 25000 
310620005680429 THC1 25000 
310620005680446 THC1 25000 
310620005680457 THC1 25000 
310620005680474 THC1 25000 
310620005680484 THC1 25000 
310620005680487 THC1 25000 
310620005680507 THC1 25000 
310620005680512 THC1 25000 
310620005680526 THC1 25000 
310620005680535 THC1 25000 
310620005680547 THC1 25000 
310620005680554 THC1 25000 
310620025610004 THC1 25000 
310620025610017 THC1 25000 
310620025610039 THC1 25000 
310620025610052 THC1 25000 
310620025610062 THC1 25000 
310620025610067 THC1 25000 
310620025610092 THC1 25000 
310620025610095 THC1 25000 
310620025610099 THC1 25000 
310620025610102 THC1 25000 
310620025610107 THC1 25000 
310620025610137 THC1 25000 
310620025610142 THC1 25000 
310620025610153 THC1 25000 
310620025610157 THC1 25000 
310620025610161 THC1 25000 
310620025610170 THC1 25000 
310620025610208 THC1 25000 
310620025610223 THC1 25000 
310620025610228 THC1 25000 
310620025610245 THC1 25000 
310620025610258 THC1 25000 
310620025610275 THC1 25000 
310620025610280 THC1 25000 
310620025610295 THC1 25000 
310620025610318 THC1 25000 
310620025610327 THC1 25000 
310620025610443 THC1 25000 
310620025610458 THC1 25000 
310620025610497 THC1 25000 
310620025610538 THC1 25000 
310620025610547 THC1 25000 
310620025610583 THC1 25000 
310620025610588 THC1 25000 
310620025610598 THC1 25000 
310620025610648 THC1 25000 
310620025610662 THC1 25000 
310620060640053 THC1 25000 
310620060640071 THC1 25000 
310620060640126 THC1 25000 
310620060640147 THC1 25000 
310620060640203 THC1 25000 
310620060640213 THC1 25000 
310620060640238 THC1 25000 
310620060640262 THC1 25000 
310620060640283 THC1 25000 
310620060640294 THC1 25000 
310620060640304 THC1 25000 
310620060640324 THC1 25000 
310620060640345 THC1 25000 
310620060640346 THC1 25000 
310620060640377 THC1 25000 
310620060640407 THC1 25000 
310620060640418 THC1 25000 
310620060640420 THC1 25000 
310620060640429 THC1 25000 
310620060640440 THC1 25000 
310620060640442 THC1 25000 
310620060660005 THC1 25000 
310620060660071 THC1 25000 
310620060660100 THC1 25000 
310620060660102 THC1 25000 
310620060660113 THC1 25000 
310620060660115 THC1 25000 
310620060660162 THC1 25000 
310620060660201 THC1 25000 
310620060660251 THC1 25000 
310620060660269 THC1 25000 
310620060660360 THC1 25000 
310620060660367 THC1 25000 
310620060660389 THC1 25000 
310620060660396 THC1 25000 
310620060660423 THC1 25000 
310620060660430 THC1 25000 
310620060660432 THC1 25000 
310620060660440 THC1 25000 
310620060660442 THC1 25000 
310620060660444 THC1 25000 
310620060680027 THC1 25000 
310620060680085 THC1 25000 
310620060680088 THC1 25000 
310620060690038 THC1 25000 
310620060690058 THC1 25000 
310620060690111 THC1 25000 
310620060690168 THC1 25000 
310620060690178 THC1 25000 
310620060690226 THC1 25000 
310620060690248 THC1 25000 
310620060690259 THC1 25000 
310620060690338 THC1 25000 
310620060690369 THC1 25000 
310620060690403 THC1 25000 
310620060690456 THC1 25000 
310620060690471 THC1 25000 
310620060690489 THC1 25000 
310620060690501 THC1 25000 
310620060690540 THC1 25000 
310620060690548 THC1 25000 
;

param D2_3:=
SHC1	THC1	20000;

param CNES1(tr):	eSF	eSB	eMulti ACS:=
3106200022772 1 0 0 1 
3106200023388 3 2 0 12 
3106200024147 3 2 0 11 
3106200024120 4 3 1 15 
3106200024163 2 1 0 5 
3106200024090 2 1 0 3 
3106203002446 5 2 0 20 
3106200022853 4 2 0 16 
3106200022861 4 2 1 18 
3106200022845 3 2 1 10 
3106200022896 5 2 1 18 
3106200023191 2 1 0 7 
3106200023108 4 2 1 16 
3106200023086 4 2 0 11 
3106200023868 3 2 0 12 
3106200023906 3 2 1 11 
3106200023884 3 2 0 12 
3106202695774 6 3 1 19 
3106200023825 3 2 1 12 
3106200024015 3 2 0 11 
3106202695464 4 2 1 15 
3106200023841 4 2 0 13 
3106200555142 5 3 1 20 
3106202695499 4 2 1 13 
3106200023434 3 2 0 13 
3106200023760 3 1 0 12 
3106200023442 5 2 1 23 
3106200023736 3 2 0 11 
3106200023337 4 2 1 17 
3106200023418 5 2 0 16 
3106200023361 3 2 1 9 
3106200023930 1 0 0 4 
3106209077324 2 1 0 7 
3106202695472 3 1 1 12 
3106202695480 3 2 0 13 
3106200023426 3 1 1 10 
3106200023558 4 2 1 15 
3106200023507 2 1 0 5 
3106200024023 4 1 0 14 
3106207995369 4 2 1 14 
3106200024007 3 2 1 8 
3106200023892 4 2 0 15 
3106202708310 3 2 0 11 
3106200023477 3 1 0 10 
3106200023485 4 3 1 15 
3106200023493 2 1 0 9 
3106200022632 5 2 1 20 
3106200022624 5 3 0 20 
3106200022705 4 2 0 14 
3106200022713 6 4 1 23 
3106200022659 5 3 1 18 
3106200022640 5 2 0 16 
3106200022586 5 3 0 21 
3106203232271 4 2 1 14 
3106200022608 3 2 0 10 
3106200022748 5 3 1 18 
3106200022756 3 2 1 12 
3106203015998 4 2 1 19 
3106203008525 4 2 1 18 
3106200022543 4 2 0 16 
3106200022675 3 2 1 10 
3106200022578 5 3 0 20 
3106200022616 4 2 0 15 
3106200023043 3 1 1 10 
3106200023035 3 2 0 12 
3106200023132 3 1 0 9 
3106205432243 3 2 0 14 
3106200023140 5 2 0 20 
3106200023094 3 2 1 11 
3106202820609 3 2 0 15 
3106204908732 3 1 1 11 
3106200023159 5 2 1 19 
3106200023787 3 2 1 13 
3106200023248 3 2 0 11 
3106205219175 4 2 1 15 
3106200023795 4 2 1 13 
3106200023256 3 2 0 10 
3106200023264 3 2 1 11 
3106202695456 4 2 1 13 
3106205866383 4 2 1 14 
3106200023728 3 2 1 11 
3106200023213 4 2 0 16 
3106200023817 4 2 0 16 
3106209166718 4 2 0 5 
3106200023701 3 2 1 10 
3106200023779 4 2 0 14 
3106202695421 4 2 0 16 
3106200023221 4 2 0 15 
3106200023515 5 2 1 19 
3106200023744 6 3 1 26 
3106200023655 6 3 1 23 
3106209166793 3 2 0 11 
3106200023671 5 2 1 17 
3106203411451 5 2 1 17 
3106200023604 5 3 1 20 
3106200023639 4 3 0 16 
3106200023663 5 3 1 20 
3106200023574 5 3 0 19 
3106200023647 5 3 1 21 
3106206368379 3 2 1 13 
3106200023620 7 3 1 25 
3106200023698 6 3 1 20 
3106200023019 3 1 0 5 
3106200023612 5 3 1 19 
3106205471532 5 2 1 21 
3106200023590 5 3 0 18 
3106203426637 5 2 1 19 
;

param CNES2: SHC1:=
EQ2	10
;

param CNES3: THC1:=
EQ3	10
;

param C2:=
SHC1	400000
;

param C3:=
THC1	400000
;

param U:=
1 10 
2 1 
3 1 
;

param:	 O1_0    O1_2    O1_3:=
3106200022772 0.71 0.2 0.05 
3106200023388 0.71 0.2 0.05 
3106200024147 0.71 0.2 0.05 
3106200024120 0.71 0.2 0.05 
3106200024163 0.71 0.2 0.05 
3106200024090 0.71 0.2 0.05 
3106203002446 0.71 0.2 0.05 
3106200022853 0.71 0.2 0.05 
3106200022861 0.71 0.2 0.05 
3106200022845 0.71 0.2 0.05 
3106200022896 0.71 0.2 0.05 
3106200023191 0.71 0.2 0.05 
3106200023108 0.71 0.2 0.05 
3106200023086 0.71 0.2 0.05 
3106200023868 0.71 0.2 0.05 
3106200023906 0.71 0.2 0.05 
3106200023884 0.71 0.2 0.05 
3106202695774 0.71 0.2 0.05 
3106200023825 0.71 0.2 0.05 
3106200024015 0.71 0.2 0.05 
3106202695464 0.71 0.2 0.05 
3106200023841 0.71 0.2 0.05 
3106200555142 0.71 0.2 0.05 
3106202695499 0.71 0.2 0.05 
3106200023434 0.71 0.2 0.05 
3106200023760 0.71 0.2 0.05 
3106200023442 0.71 0.2 0.05 
3106200023736 0.71 0.2 0.05 
3106200023337 0.71 0.2 0.05 
3106200023418 0.71 0.2 0.05 
3106200023361 0.71 0.2 0.05 
3106200023930 0.71 0.2 0.05 
3106209077324 0.71 0.2 0.05 
3106202695472 0.71 0.2 0.05 
3106202695480 0.71 0.2 0.05 
3106200023426 0.71 0.2 0.05 
3106200023558 0.71 0.2 0.05 
3106200023507 0.71 0.2 0.05 
3106200024023 0.71 0.2 0.05 
3106207995369 0.71 0.2 0.05 
3106200024007 0.71 0.2 0.05 
3106200023892 0.71 0.2 0.05 
3106202708310 0.71 0.2 0.05 
3106200023477 0.71 0.2 0.05 
3106200023485 0.71 0.2 0.05 
3106200023493 0.71 0.2 0.05 
3106200022632 0.71 0.2 0.05 
3106200022624 0.71 0.2 0.05 
3106200022705 0.71 0.2 0.05 
3106200022713 0.71 0.2 0.05 
3106200022659 0.71 0.2 0.05 
3106200022640 0.71 0.2 0.05 
3106200022586 0.71 0.2 0.05 
3106203232271 0.71 0.2 0.05 
3106200022608 0.71 0.2 0.05 
3106200022748 0.71 0.2 0.05 
3106200022756 0.71 0.2 0.05 
3106203015998 0.71 0.2 0.05 
3106203008525 0.71 0.2 0.05 
3106200022543 0.71 0.2 0.05 
3106200022675 0.71 0.2 0.05 
3106200022578 0.71 0.2 0.05 
3106200022616 0.71 0.2 0.05 
3106200023043 0.71 0.2 0.05 
3106200023035 0.71 0.2 0.05 
3106200023132 0.71 0.2 0.05 
3106205432243 0.71 0.2 0.05 
3106200023140 0.71 0.2 0.05 
3106200023094 0.71 0.2 0.05 
3106202820609 0.71 0.2 0.05 
3106204908732 0.71 0.2 0.05 
3106200023159 0.71 0.2 0.05 
3106200023787 0.71 0.2 0.05 
3106200023248 0.71 0.2 0.05 
3106205219175 0.71 0.2 0.05 
3106200023795 0.71 0.2 0.05 
3106200023256 0.71 0.2 0.05 
3106200023264 0.71 0.2 0.05 
3106202695456 0.71 0.2 0.05 
3106205866383 0.71 0.2 0.05 
3106200023728 0.71 0.2 0.05 
3106200023213 0.71 0.2 0.05 
3106200023817 0.71 0.2 0.05 
3106209166718 0.71 0.2 0.05 
3106200023701 0.71 0.2 0.05 
3106200023779 0.71 0.2 0.05 
3106202695421 0.71 0.2 0.05 
3106200023221 0.71 0.2 0.05 
3106200023515 0.71 0.2 0.05 
3106200023744 0.71 0.2 0.05 
3106200023655 0.71 0.2 0.05 
3106209166793 0.71 0.2 0.05 
3106200023671 0.71 0.2 0.05 
3106203411451 0.71 0.2 0.05 
3106200023604 0.71 0.2 0.05 
3106200023639 0.71 0.2 0.05 
3106200023663 0.71 0.2 0.05 
3106200023574 0.71 0.2 0.05 
3106200023647 0.71 0.2 0.05 
3106206368379 0.71 0.2 0.05 
3106200023620 0.71 0.2 0.05 
3106200023698 0.71 0.2 0.05 
3106200023019 0.71 0.2 0.05 
3106200023612 0.71 0.2 0.05 
3106205471532 0.71 0.2 0.05 
3106200023590 0.71 0.2 0.05 
3106203426637 0.71 0.2 0.05 
310620005620022 0.71 0.2 0.05 
310620005620045 0.71 0.2 0.05 
310620005620052 0.71 0.2 0.05 
310620005620114 0.71 0.2 0.05 
310620005620119 0.71 0.2 0.05 
310620005620131 0.71 0.2 0.05 
310620005620136 0.71 0.2 0.05 
310620005620145 0.71 0.2 0.05 
310620005620216 0.71 0.2 0.05 
310620005620221 0.71 0.2 0.05 
310620005620229 0.71 0.2 0.05 
310620005620233 0.71 0.2 0.05 
310620005620238 0.71 0.2 0.05 
310620005620253 0.71 0.2 0.05 
310620005620257 0.71 0.2 0.05 
310620005620265 0.71 0.2 0.05 
310620005620267 0.71 0.2 0.05 
310620005620281 0.71 0.2 0.05 
310620005620293 0.71 0.2 0.05 
310620005620328 0.71 0.2 0.05 
310620005620337 0.71 0.2 0.05 
310620005620344 0.71 0.2 0.05 
310620005620352 0.71 0.2 0.05 
310620005620363 0.71 0.2 0.05 
310620005620387 0.71 0.2 0.05 
310620005620392 0.71 0.2 0.05 
310620005620419 0.71 0.2 0.05 
310620005620421 0.71 0.2 0.05 
310620005620424 0.71 0.2 0.05 
310620005620469 0.71 0.2 0.05 
310620005620474 0.71 0.2 0.05 
310620005620499 0.71 0.2 0.05 
310620005620514 0.71 0.2 0.05 
310620005620526 0.71 0.2 0.05 
310620005620590 0.71 0.2 0.05 
310620005620592 0.71 0.2 0.05 
310620005620600 0.71 0.2 0.05 
310620005620622 0.71 0.2 0.05 
310620005620633 0.71 0.2 0.05 
310620005620638 0.71 0.2 0.05 
310620005620654 0.71 0.2 0.05 
310620005620666 0.71 0.2 0.05 
310620005620670 0.71 0.2 0.05 
310620005620701 0.71 0.2 0.05 
310620005620708 0.71 0.2 0.05 
310620005620740 0.71 0.2 0.05 
310620005620796 0.71 0.2 0.05 
310620005620800 0.71 0.2 0.05 
310620005620816 0.71 0.2 0.05 
310620005630004 0.71 0.2 0.05 
310620005630028 0.71 0.2 0.05 
310620005630039 0.71 0.2 0.05 
310620005630060 0.71 0.2 0.05 
310620005630086 0.71 0.2 0.05 
310620005630091 0.71 0.2 0.05 
310620005630106 0.71 0.2 0.05 
310620005630125 0.71 0.2 0.05 
310620005630131 0.71 0.2 0.05 
310620005630137 0.71 0.2 0.05 
310620005630157 0.71 0.2 0.05 
310620005630175 0.71 0.2 0.05 
310620005630177 0.71 0.2 0.05 
310620005630199 0.71 0.2 0.05 
310620005630207 0.71 0.2 0.05 
310620005630239 0.71 0.2 0.05 
310620005630253 0.71 0.2 0.05 
310620005630264 0.71 0.2 0.05 
310620005630265 0.71 0.2 0.05 
310620005630281 0.71 0.2 0.05 
310620005630286 0.71 0.2 0.05 
310620005630302 0.71 0.2 0.05 
310620005630317 0.71 0.2 0.05 
310620005630325 0.71 0.2 0.05 
310620005630329 0.71 0.2 0.05 
310620005630337 0.71 0.2 0.05 
310620005630382 0.71 0.2 0.05 
310620005630461 0.71 0.2 0.05 
310620005630476 0.71 0.2 0.05 
310620005630494 0.71 0.2 0.05 
310620005630515 0.71 0.2 0.05 
310620005630532 0.71 0.2 0.05 
310620005630543 0.71 0.2 0.05 
310620005630582 0.71 0.2 0.05 
310620005630583 0.71 0.2 0.05 
310620005630586 0.71 0.2 0.05 
310620005630592 0.71 0.2 0.05 
310620005640008 0.71 0.2 0.05 
310620005640044 0.71 0.2 0.05 
310620005640052 0.71 0.2 0.05 
310620005640055 0.71 0.2 0.05 
310620005640057 0.71 0.2 0.05 
310620005640085 0.71 0.2 0.05 
310620005640100 0.71 0.2 0.05 
310620005640106 0.71 0.2 0.05 
310620005640108 0.71 0.2 0.05 
310620005640138 0.71 0.2 0.05 
310620005640161 0.71 0.2 0.05 
310620005640173 0.71 0.2 0.05 
310620005640184 0.71 0.2 0.05 
310620005640193 0.71 0.2 0.05 
310620005640215 0.71 0.2 0.05 
310620005640233 0.71 0.2 0.05 
310620005640235 0.71 0.2 0.05 
310620005640247 0.71 0.2 0.05 
310620005640251 0.71 0.2 0.05 
310620005640260 0.71 0.2 0.05 
310620005650062 0.71 0.2 0.05 
310620005650070 0.71 0.2 0.05 
310620005650098 0.71 0.2 0.05 
310620005650108 0.71 0.2 0.05 
310620005650110 0.71 0.2 0.05 
310620005650127 0.71 0.2 0.05 
310620005650139 0.71 0.2 0.05 
310620005650141 0.71 0.2 0.05 
310620005650147 0.71 0.2 0.05 
310620005650183 0.71 0.2 0.05 
310620005650217 0.71 0.2 0.05 
310620005650253 0.71 0.2 0.05 
310620005650328 0.71 0.2 0.05 
310620005650361 0.71 0.2 0.05 
310620005650397 0.71 0.2 0.05 
310620005650408 0.71 0.2 0.05 
310620005650423 0.71 0.2 0.05 
310620005650425 0.71 0.2 0.05 
310620005650490 0.71 0.2 0.05 
310620005650586 0.71 0.2 0.05 
310620005650595 0.71 0.2 0.05 
310620005650604 0.71 0.2 0.05 
310620005650608 0.71 0.2 0.05 
310620005650610 0.71 0.2 0.05 
310620005650612 0.71 0.2 0.05 
310620005650616 0.71 0.2 0.05 
310620005650637 0.71 0.2 0.05 
310620005650643 0.71 0.2 0.05 
310620005650648 0.71 0.2 0.05 
310620005650657 0.71 0.2 0.05 
310620005650666 0.71 0.2 0.05 
310620005650680 0.71 0.2 0.05 
310620005650690 0.71 0.2 0.05 
310620005650693 0.71 0.2 0.05 
310620005650697 0.71 0.2 0.05 
310620005650703 0.71 0.2 0.05 
310620005650711 0.71 0.2 0.05 
310620005650720 0.71 0.2 0.05 
310620005670010 0.71 0.2 0.05 
310620005670022 0.71 0.2 0.05 
310620005670025 0.71 0.2 0.05 
310620005670028 0.71 0.2 0.05 
310620005670031 0.71 0.2 0.05 
310620005670036 0.71 0.2 0.05 
310620005670093 0.71 0.2 0.05 
310620005670109 0.71 0.2 0.05 
310620005670117 0.71 0.2 0.05 
310620005670145 0.71 0.2 0.05 
310620005670180 0.71 0.2 0.05 
310620005670188 0.71 0.2 0.05 
310620005670200 0.71 0.2 0.05 
310620005670231 0.71 0.2 0.05 
310620005670234 0.71 0.2 0.05 
310620005670249 0.71 0.2 0.05 
310620005670269 0.71 0.2 0.05 
310620005670274 0.71 0.2 0.05 
310620005670332 0.71 0.2 0.05 
310620005670338 0.71 0.2 0.05 
310620005670352 0.71 0.2 0.05 
310620005670422 0.71 0.2 0.05 
310620005670431 0.71 0.2 0.05 
310620005670436 0.71 0.2 0.05 
310620005670437 0.71 0.2 0.05 
310620005670448 0.71 0.2 0.05 
310620005670471 0.71 0.2 0.05 
310620005670508 0.71 0.2 0.05 
310620005670565 0.71 0.2 0.05 
310620005670581 0.71 0.2 0.05 
310620005670586 0.71 0.2 0.05 
310620005670587 0.71 0.2 0.05 
310620005670610 0.71 0.2 0.05 
310620005670623 0.71 0.2 0.05 
310620005670631 0.71 0.2 0.05 
310620005670649 0.71 0.2 0.05 
310620005670677 0.71 0.2 0.05 
310620005670744 0.71 0.2 0.05 
310620005670757 0.71 0.2 0.05 
310620005670791 0.71 0.2 0.05 
310620005670796 0.71 0.2 0.05 
310620005670829 0.71 0.2 0.05 
310620005670830 0.71 0.2 0.05 
310620005670842 0.71 0.2 0.05 
310620005670848 0.71 0.2 0.05 
310620005680021 0.71 0.2 0.05 
310620005680023 0.71 0.2 0.05 
310620005680038 0.71 0.2 0.05 
310620005680055 0.71 0.2 0.05 
310620005680094 0.71 0.2 0.05 
310620005680096 0.71 0.2 0.05 
310620005680100 0.71 0.2 0.05 
310620005680104 0.71 0.2 0.05 
310620005680124 0.71 0.2 0.05 
310620005680199 0.71 0.2 0.05 
310620005680219 0.71 0.2 0.05 
310620005680226 0.71 0.2 0.05 
310620005680232 0.71 0.2 0.05 
310620005680250 0.71 0.2 0.05 
310620005680265 0.71 0.2 0.05 
310620005680271 0.71 0.2 0.05 
310620005680281 0.71 0.2 0.05 
310620005680289 0.71 0.2 0.05 
310620005680292 0.71 0.2 0.05 
310620005680300 0.71 0.2 0.05 
310620005680310 0.71 0.2 0.05 
310620005680312 0.71 0.2 0.05 
310620005680334 0.71 0.2 0.05 
310620005680358 0.71 0.2 0.05 
310620005680371 0.71 0.2 0.05 
310620005680377 0.71 0.2 0.05 
310620005680387 0.71 0.2 0.05 
310620005680390 0.71 0.2 0.05 
310620005680394 0.71 0.2 0.05 
310620005680397 0.71 0.2 0.05 
310620005680403 0.71 0.2 0.05 
310620005680412 0.71 0.2 0.05 
310620005680429 0.71 0.2 0.05 
310620005680446 0.71 0.2 0.05 
310620005680457 0.71 0.2 0.05 
310620005680474 0.71 0.2 0.05 
310620005680484 0.71 0.2 0.05 
310620005680487 0.71 0.2 0.05 
310620005680507 0.71 0.2 0.05 
310620005680512 0.71 0.2 0.05 
310620005680526 0.71 0.2 0.05 
310620005680535 0.71 0.2 0.05 
310620005680547 0.71 0.2 0.05 
310620005680554 0.71 0.2 0.05 
310620025610004 0.71 0.2 0.05 
310620025610017 0.71 0.2 0.05 
310620025610039 0.71 0.2 0.05 
310620025610052 0.71 0.2 0.05 
310620025610062 0.71 0.2 0.05 
310620025610067 0.71 0.2 0.05 
310620025610092 0.71 0.2 0.05 
310620025610095 0.71 0.2 0.05 
310620025610099 0.71 0.2 0.05 
310620025610102 0.71 0.2 0.05 
310620025610107 0.71 0.2 0.05 
310620025610137 0.71 0.2 0.05 
310620025610142 0.71 0.2 0.05 
310620025610153 0.71 0.2 0.05 
310620025610157 0.71 0.2 0.05 
310620025610161 0.71 0.2 0.05 
310620025610170 0.71 0.2 0.05 
310620025610208 0.71 0.2 0.05 
310620025610223 0.71 0.2 0.05 
310620025610228 0.71 0.2 0.05 
310620025610245 0.71 0.2 0.05 
310620025610258 0.71 0.2 0.05 
310620025610275 0.71 0.2 0.05 
310620025610280 0.71 0.2 0.05 
310620025610295 0.71 0.2 0.05 
310620025610318 0.71 0.2 0.05 
310620025610327 0.71 0.2 0.05 
310620025610443 0.71 0.2 0.05 
310620025610458 0.71 0.2 0.05 
310620025610497 0.71 0.2 0.05 
310620025610538 0.71 0.2 0.05 
310620025610547 0.71 0.2 0.05 
310620025610583 0.71 0.2 0.05 
310620025610588 0.71 0.2 0.05 
310620025610598 0.71 0.2 0.05 
310620025610648 0.71 0.2 0.05 
310620025610662 0.71 0.2 0.05 
310620060640053 0.71 0.2 0.05 
310620060640071 0.71 0.2 0.05 
310620060640126 0.71 0.2 0.05 
310620060640147 0.71 0.2 0.05 
310620060640203 0.71 0.2 0.05 
310620060640213 0.71 0.2 0.05 
310620060640238 0.71 0.2 0.05 
310620060640262 0.71 0.2 0.05 
310620060640283 0.71 0.2 0.05 
310620060640294 0.71 0.2 0.05 
310620060640304 0.71 0.2 0.05 
310620060640324 0.71 0.2 0.05 
310620060640345 0.71 0.2 0.05 
310620060640346 0.71 0.2 0.05 
310620060640377 0.71 0.2 0.05 
310620060640407 0.71 0.2 0.05 
310620060640418 0.71 0.2 0.05 
310620060640420 0.71 0.2 0.05 
310620060640429 0.71 0.2 0.05 
310620060640440 0.71 0.2 0.05 
310620060640442 0.71 0.2 0.05 
310620060660005 0.71 0.2 0.05 
310620060660071 0.71 0.2 0.05 
310620060660100 0.71 0.2 0.05 
310620060660102 0.71 0.2 0.05 
310620060660113 0.71 0.2 0.05 
310620060660115 0.71 0.2 0.05 
310620060660162 0.71 0.2 0.05 
310620060660201 0.71 0.2 0.05 
310620060660251 0.71 0.2 0.05 
310620060660269 0.71 0.2 0.05 
310620060660360 0.71 0.2 0.05 
310620060660367 0.71 0.2 0.05 
310620060660389 0.71 0.2 0.05 
310620060660396 0.71 0.2 0.05 
310620060660423 0.71 0.2 0.05 
310620060660430 0.71 0.2 0.05 
310620060660432 0.71 0.2 0.05 
310620060660440 0.71 0.2 0.05 
310620060660442 0.71 0.2 0.05 
310620060660444 0.71 0.2 0.05 
310620060680027 0.71 0.2 0.05 
310620060680085 0.71 0.2 0.05 
310620060680088 0.71 0.2 0.05 
310620060690038 0.71 0.2 0.05 
310620060690058 0.71 0.2 0.05 
310620060690111 0.71 0.2 0.05 
310620060690168 0.71 0.2 0.05 
310620060690178 0.71 0.2 0.05 
310620060690226 0.71 0.2 0.05 
310620060690248 0.71 0.2 0.05 
310620060690259 0.71 0.2 0.05 
310620060690338 0.71 0.2 0.05 
310620060690369 0.71 0.2 0.05 
310620060690403 0.71 0.2 0.05 
310620060690456 0.71 0.2 0.05 
310620060690471 0.71 0.2 0.05 
310620060690489 0.71 0.2 0.05 
310620060690501 0.71 0.2 0.05 
310620060690540 0.71 0.2 0.05 
310620060690548 0.71 0.2 0.05 
;

param:	O2_0   O2_1   O2_3 :=
SHC1 0.65 0.2 0.1 
;

param:	O3_0   O3_1   O3_2 :=
THC1 0.8 0.1 0.05 
;

param MAX_TELE_PHC := 0.05;
param MAX_TELE_SHC := 0.05;
param MAX_TELE_THC := 0.05;
param MAX_HOME_PHC := 1;
param MAX_HOME_SHC := 0.15;
param MAX_HOME_THC := 0.05;

end;
