#############################################################################
# Project CNPq: Increasing PHC with team sizing
# Author: João Flávio de Freitas Almeida <joao.flavio@dep.ufmg.br>
# LEPOINT: Laboratório de Estudos em Planejamento de Operações Integradas
# Departamento de Engenharia de Produção
# Universidade Federal de Minas Gerais - Escola de Engenharia
#############################################################################
# Health Care Facility Location Problem: Considering fixed facilities,
# choose intermediate facilities according a criteria that improve service
# quality. Consider health care teams.
#############################################################################
# glpsol -m aps.mod -d LS.dat --cuts

#############################################################################
# DADOS REFERENTES AO MUNICIPIO DE: 
# Contagem 
#############################################################################
data;
param BUDGET := 85709340.23; # Overall budget constraint ($/year)
param I_L1 := 3818078.0;
param I_L1_exp := 1200000.0;
param: K: Dmax :=
1         5000 # PHC: Primary health care (basic care)
2         30000 # SHC: Secondary health care (intermediate care)
3         35000 # THC: Tertiary health care (hospital care)
;
# Basic health care units teams (PHC)
set E[1] :=
eSF
eSB
eMulti
ACS
;

# Intermediate health care units teams (SHC)
set E[2] :=
EQ2
;

set E[3] :=
EQ3
;

set EL[1] := 
3118602190990
3118602191229
3118602190591
3118602190567
3118602190532
3118602190494
3118602190869
3118602190605
3118602190109
3118607116306
3118602190931
3118602190923
3118602190893
3118602190486
3118602190915
3118602190222
3118604696077
3118602191032
3118602191024
3118602190478
3118602190389
3118607110316
3118602220261
3118602190397
3118602190176
3118602191059
3118602191040
3118602190451
3118602190206
3118602190524
3118602190400
3118602190966
3118602190877
3118602190826
3118602190729
3118602190656
3118602190834
3118602190710
3118602190796
3118602190648
3118602190818
3118602190885
3118607053355
3118602191148
3118602190192
3118602190214
3118602190680
3118602190753
3118602190141
3118602220245
3118602190788
;

set EL[2] := SHC1;
set EL[3] := THC1;
set CL[1] :=
311860105130020
311860105140024
311860105150029
311860105150035
311860105230002
311860105230189
311860105230194
311860105260092
311860105260093
311860105270014
311860105270066
311860105270078
311860105270089
311860105280026
311860105280044
311860105280055
311860105280061
311860105280063
311860105280064
311860105280069
311860110010033
311860110020033
311860110030047
311860110030054
311860110060013
311860110060027
311860110070016
311860110080008
311860110090055
311860110110039
;

set CL[2] := ;
set CL[3] := ;
# of type p at demand point i and 
# vulnerability V (the higher vulnerability, the worse)
# id_setor	populacao	IVS
param: I:       W   IVS:=	
311860105070001 429 0.0945308441809613 
311860105070002 453 0.0964627080529496 
311860105070003 404 0.0941728543730765 
311860105070005 571 0.1034725810615148 
311860105070007 325 0.0893807442060263 
311860105070008 393 0.0933856079886457 
311860105090001 595 0.1043869162769792 
311860105090002 506 0.0987361389215664 
311860105090005 615 0.1043643395440807 
311860105090006 562 0.1013212201333139 
311860105090007 547 0.1007567523676689 
311860105090008 447 0.0959993527434486 
311860105090010 788 0.1164560584235966 
311860105090012 497 0.100501121296555 
311860105090013 556 0.1022873492784582 
311860105090014 474 0.0978573370632603 
311860105090016 350 0.0903847747532824 
311860105090019 665 0.1074396951045007 
311860105090020 574 0.1026013943303292 
311860105090021 307 0.0888146133833933 
311860105090022 666 0.1080905790641026 
311860105090023 682 0.1085898986279245 
311860105090024 526 0.1001500240965827 
311860105090025 507 0.0996827036792105 
311860105090026 524 0.1001642286794562 
311860105090027 690 0.1093656363078621 
311860105090028 479 0.0972091197220859 
311860105090029 379 0.0932918312364299 
311860105090030 526 0.1006454762850516 
311860105090031 224 0.0841216922279308 
311860105090032 298 0.0892733088010158 
311860105090033 349 0.0912588980393339 
311860105090034 420 0.094293658004232 
311860105090035 435 0.096051396664382 
311860105090036 370 0.0915890014690509 
311860105090037 525 0.1003789444476909 
311860105090038 350 0.0907382696773064 
311860105090039 316 0.0885057354568329 
311860105090040 345 0.090178600376979 
311860105090041 360 0.091983406333314 
311860105090042 366 0.0915808415137359 
311860105090043 428 0.0944367615793249 
311860105090044 388 0.0944061690312944 
311860105090045 338 0.0913468824156489 
311860105090046 278 0.0878441045832512 
311860105090047 373 0.0921368627089066 
311860105100004 117 0.0778072128427785 
311860105100005 0 0.064812255835387 
311860105120001 725 0.108914853934115 
311860105120002 163 0.0801938908750469 
311860105120003 609 0.1024567803418075 
311860105120004 355 0.0894603106159053 
311860105120005 256 0.0846954477516002 
311860105120006 792 0.1133899388706516 
311860105120007 319 0.0883775781352392 
311860105120008 380 0.0918116559872937 
311860105120012 429 0.1036293778017924 
311860105120013 697 0.1089340268615679 
311860105120014 800 0.1122998348954981 
311860105120015 572 0.1006934175457909 
311860105120016 425 0.0938345622517094 
311860105120017 570 0.1017549183491207 
311860105120021 373 0.0907605816323733 
311860105120022 746 0.1099478611012347 
311860105120023 565 0.1002779825123821 
311860105120024 607 0.1038328407499543 
311860105120025 647 0.1050490998979961 
311860105120026 444 0.0947511876763392 
311860105120027 17 0.0736607698327853 
311860105120028 0 0.064812255835387 
311860105120029 90 0.0767486264163625 
311860105120031 364 0.0905992481853694 
311860105120032 521 0.0996056056192658 
311860105120033 210 0.0856538122917992 
311860105120034 234 0.084468156671835 
311860105120035 332 0.0883799516495014 
311860105120036 527 0.0991582452928156 
311860105120037 257 0.0851666115456883 
311860105120038 393 0.091766370032755 
311860105120039 433 0.0937204417963882 
311860105120040 516 0.0973162865111272 
311860105120041 313 0.0886157748295278 
311860105120042 304 0.0872757037020134 
311860105120043 372 0.090398931687692 
311860105120044 372 0.106144015723517 
311860105130001 991 0.1214208351622187 
311860105130002 477 0.0955282907966011 
311860105130003 938 0.1187415835409493 
311860105130004 782 0.1101753163998999 
311860105130005 418 0.0919188468651306 
311860105130006 704 0.1092411855523151 
311860105130008 711 0.12294687532165 
311860105130009 531 0.0995088300351334 
311860105130010 714 0.109323681682736 
311860105130011 513 0.0975986731620988 
311860105130014 657 0.1056629309639015 
311860105130015 557 0.1010993817365042 
311860105130016 514 0.0982317653709698 
311860105130017 497 0.0975506352004528 
311860105130018 491 0.0973554390503127 
311860105130020 665 0.1062189268879063 
311860105130021 637 0.1058045191578502 
311860105130022 617 0.104552700561275 
311860105130023 436 0.094551359758338 
311860105130024 462 0.0962969346893807 
311860105130025 401 0.0931249667598056 
311860105130026 230 0.0839933649712978 
311860105130027 647 0.1058237403897769 
311860105130028 597 0.1024422585552485 
311860105130029 821 0.1156596488469503 
311860105130030 469 0.0958908104573741 
311860105130032 811 0.1149651969492381 
311860105130033 725 0.1084024159041673 
311860105130034 0 0.064812255835387 
311860105130035 618 0.1024598771374395 
311860105130036 716 0.1074867422137269 
311860105130037 657 0.1052456125052909 
311860105130038 627 0.1059011284166509 
311860105130039 314 0.0874561132539241 
311860105130040 409 0.0918506262313414 
311860105130041 457 0.0943432602022417 
311860105130042 408 0.094192864231429 
311860105130043 474 0.0971141027947263 
311860105130044 336 0.089567749561083 
311860105130045 291 0.0909668385133172 
311860105130046 366 0.0901095031194453 
311860105130047 226 0.0836701227009719 
311860105130048 815 0.1137598302552869 
311860105130049 144 0.0791030740827863 
311860105130050 258 0.085817980238819 
311860105130051 482 0.0980230065103902 
311860105140002 550 0.1060100369942145 
311860105140003 174 0.0804914761912556 
311860105140004 684 0.1072032617116408 
311860105140005 468 0.0956641154540491 
311860105140006 530 0.0998184553302659 
311860105140007 638 0.1064881886394239 
311860105140008 480 0.0973808554976127 
311860105140010 450 0.0959660035261827 
311860105140011 489 0.0976026283805846 
311860105140012 336 0.0897600123907935 
311860105140013 610 0.1045895011640418 
311860105140014 511 0.098954289920176 
311860105140015 694 0.1084255727940154 
311860105140016 609 0.1037731422555971 
311860105140017 517 0.0977552685109428 
311860105140018 847 0.1160553457778993 
311860105140020 727 0.1102331742581019 
311860105140023 717 0.1094606383258299 
311860105140024 666 0.1073451721200624 
311860105140025 459 0.1005684373235144 
311860105140027 568 0.102054010470675 
311860105140029 519 0.0987466297053845 
311860105140030 409 0.0931845009067765 
311860105140031 274 0.0857563223595429 
311860105140032 789 0.1132863766359042 
311860105140033 720 0.1081905194474028 
311860105140034 542 0.0997987049618863 
311860105140035 372 0.0911559116135204 
311860105140036 495 0.0977764447755014 
311860105140037 780 0.1134109565302461 
311860105140038 869 0.1169970033549079 
311860105140039 494 0.0979188553726612 
311860105140040 699 0.1065363933019537 
311860105140041 361 0.0919791095903301 
311860105140042 546 0.1009732382596567 
311860105140043 504 0.0989979524503549 
311860105140044 685 0.1066608905363377 
311860105140045 354 0.0905302280689184 
311860105140047 482 0.0974070017166248 
311860105140048 438 0.0943197524225434 
311860105140049 527 0.100045443299923 
311860105140050 607 0.1034279629290924 
311860105140051 621 0.103518524229102 
311860105140052 498 0.0977689285111855 
311860105140053 540 0.1007206238748135 
311860105140054 366 0.0907087057187105 
311860105140055 437 0.0953802988425635 
311860105140056 452 0.0961183273786339 
311860105140057 497 0.0974963116888857 
311860105140058 277 0.0864702507945899 
311860105140059 402 0.0926595339174661 
311860105140060 335 0.0892200440306592 
311860105140061 525 0.0997308034667837 
311860105140062 337 0.0893655213653994 
311860105140063 314 0.0880172318720979 
311860105140064 406 0.0919713845749215 
311860105150005 432 0.0956884555211616 
311860105150007 408 0.0934951559676829 
311860105150008 497 0.0985398079705678 
311860105150009 326 0.0901799069176038 
311860105150010 374 0.0921131584610013 
311860105150011 270 0.0865136595845806 
311860105150012 363 0.091116409076349 
311860105150013 687 0.1090732584091065 
311860105150014 459 0.0967721671607307 
311860105150017 498 0.0966015990464256 
311860105150018 434 0.0946037421734941 
311860105150019 580 0.100430131494271 
311860105150020 407 0.0934687344847023 
311860105150021 631 0.1053548904682044 
311860105150022 626 0.1050566024055634 
311860105150023 618 0.1050988704244687 
311860105150024 618 0.104622325035969 
311860105150026 495 0.0984031955283506 
311860105150027 577 0.102463107707878 
311860105150028 256 0.0856867289079744 
311860105150029 563 0.1016445196436499 
311860105150030 488 0.0972524238037308 
311860105150031 531 0.0995609349970863 
311860105150032 569 0.1007202325566377 
311860105150033 563 0.1000933267626453 
311860105150034 449 0.0965169774529232 
311860105150035 482 0.0969812649610317 
311860105150036 473 0.0979522041890987 
311860105150037 544 0.1007664227737521 
311860105150038 654 0.1076319025762583 
311860105150039 185 0.0808310328193189 
311860105150040 655 0.1063356141044054 
311860105150041 347 0.0898127162963225 
311860105150042 677 0.1060206597924299 
311860105150043 404 0.0935331789389721 
311860105150044 427 0.0936947739414429 
311860105150045 261 0.0851135055795254 
311860105150046 423 0.0948387978453679 
311860105150047 348 0.0903645193906064 
311860105150048 309 0.0876492677467078 
311860105150049 279 0.0861972199613132 
311860105150050 406 0.0932735807710089 
311860105150051 482 0.0973413461786955 
311860105150052 378 0.0918672294879423 
311860105150053 362 0.0907155250401234 
311860105150054 454 0.0965746655114325 
311860105150055 352 0.0909742376101666 
311860105150056 263 0.0858636803877794 
311860105150057 342 0.0879338703981003 
311860105150058 147 0.0789188645159709 
311860105150059 277 0.0865928328164618 
311860105150060 293 0.0863857979694222 
311860105150061 349 0.0898864816608046 
311860105150062 459 0.0953613350320251 
311860105150063 215 0.0829384803687643 
311860105160001 537 0.10002585456454 
311860105160002 338 0.089135332227353 
311860105160004 623 0.1042055592336551 
311860105160009 466 0.0961948407360182 
311860105160010 359 0.0896964798191659 
311860105160011 722 0.1075502691115292 
311860105160012 402 0.0924246590642271 
311860105160013 420 0.0927770089185398 
311860105160015 333 0.0900078286533203 
311860105160016 455 0.0951642866921589 
311860105160018 343 0.090104484151523 
311860105160019 371 0.0908258989847414 
311860105160020 201 0.0824444899601386 
311860105160021 162 0.0805430801915936 
311860105160022 707 0.1082511241854419 
311860105160024 417 0.0937401999820364 
311860105160025 391 0.0920317428710336 
311860105160026 279 0.0861141212574446 
311860105160027 332 0.0890984765095366 
311860105160028 512 0.0983027714465319 
311860105160029 395 0.0931125726874698 
311860105160030 462 0.0944286191072058 
311860105160031 112 0.0763892206082536 
311860105160032 273 0.0855406684276028 
311860105160033 224 0.0828674264178127 
311860105160034 23 0.0729264451179371 
311860105160036 656 0.1056810905238712 
311860105160037 330 0.0888494402933071 
311860105160038 162 0.0830939425182481 
311860105160039 482 0.0953042701201277 
311860105170003 396 0.0926294568640707 
311860105170004 468 0.0967259717110647 
311860105170005 384 0.0916483647029373 
311860105170006 485 0.09642327276936 
311860105170007 650 0.1060721576709325 
311860105170008 822 0.1296066761340724 
311860105170009 740 0.1107212876823625 
311860105170010 636 0.1163975473132739 
311860105170011 766 0.1117760576011218 
311860105170013 708 0.1072722585657342 
311860105170014 0 0.064812255835387 
311860105170015 722 0.1155816255885479 
311860105170016 258 0.0855776100754775 
311860105170017 238 0.0843185378039454 
311860105170018 518 0.0980044008383303 
311860105170019 668 0.1057586530607352 
311860105170020 352 0.090730816058475 
311860105170021 26 0.0745130833286701 
311860105170022 357 0.0901916852457355 
311860105170023 528 0.098475276814139 
311860105180003 224 0.0818731120518178 
311860105180004 41 0.0742484485590099 
311860105180006 383 0.0908674525221083 
311860105180008 445 0.0956373709188345 
311860105180009 318 0.0878447510618344 
311860105180010 289 0.0867996985356929 
311860105180011 300 0.088052745582669 
311860105180012 475 0.0954721470156916 
311860105180013 429 0.093249561925487 
311860105180014 493 0.0975883652804239 
311860105180015 476 0.0962486022504055 
311860105180017 506 0.098580633434801 
311860105180018 491 0.0981994408535244 
311860105180019 452 0.0958651741965516 
311860105180020 0 0.064812255835387 
311860105180021 562 0.1019628774177374 
311860105180022 543 0.1009390546470596 
311860105180023 439 0.0942480143768079 
311860105190001 0 0.064812255835387 
311860105190002 87 0.0803803946448367 
311860105200002 559 0.1009599998127367 
311860105200004 764 0.1120431573791665 
311860105200005 603 0.103650777847979 
311860105200006 414 0.0930584060249047 
311860105200007 806 0.1148113346095365 
311860105200009 212 0.0826316191058968 
311860105200010 248 0.0869055411360018 
311860105200011 534 0.0993618345295628 
311860105200012 697 0.1075135504432574 
311860105200014 671 0.1080493466677055 
311860105200015 472 0.0960960134473528 
311860105200016 541 0.0993485573915159 
311860105200017 496 0.0975735946989954 
311860105200019 489 0.0978962071066232 
311860105200020 393 0.0919731348595828 
311860105200023 329 0.0879894838844279 
311860105200025 761 0.10982663106434 
311860105200026 87 0.0760352799234744 
311860105200027 803 0.1128538941676423 
311860105200028 633 0.1045314206121442 
311860105200029 370 0.0901332080241425 
311860105200030 496 0.0966550201079001 
311860105200031 445 0.0945482689209895 
311860105200032 528 0.0995043510050298 
311860105200033 767 0.1106740091221575 
311860105200034 676 0.1084862115609428 
311860105200036 389 0.0916636862208104 
311860105200037 267 0.0854778574404826 
311860105200038 539 0.099146915775247 
311860105200039 927 0.1191302169582774 
311860105200040 289 0.0865078913734524 
311860105200041 379 0.0908965581770073 
311860105200042 447 0.0953351912457103 
311860105200043 522 0.0988213580250328 
311860105200044 509 0.0971403362908776 
311860105200045 467 0.0949298163232276 
311860105200046 412 0.0923196785444724 
311860105210001 342 0.0896019181327224 
311860105210002 793 0.1127922266209024 
311860105210004 833 0.1138734638041975 
311860105210006 466 0.0961775546564909 
311860105210007 631 0.1046045252975421 
311860105210008 760 0.1111573815616278 
311860105210009 771 0.1123222690584967 
311860105210010 925 0.1247764121681789 
311860105210011 1114 0.1296151592482458 
311860105210012 839 0.1185795423393087 
311860105210013 587 0.1022287754319217 
311860105210014 769 0.1122337949725437 
311860105210021 671 0.1083935551462482 
311860105210022 543 0.1007016069347934 
311860105210023 469 0.0955931081839307 
311860105210024 820 0.1150798554158971 
311860105210025 115 0.0788105882784565 
311860105210029 446 0.094884398896997 
311860105210030 721 0.1088037734018382 
311860105210031 508 0.0983733360676721 
311860105210032 661 0.106542418006133 
311860105210035 921 0.121218580042707 
311860105210036 619 0.1041770233420518 
311860105210037 600 0.1028247112079459 
311860105210039 583 0.1024031612333397 
311860105210041 580 0.1022344612326797 
311860105210042 1031 0.1245481147868157 
311860105210043 765 0.1114738581543352 
311860105210044 749 0.1099695322763358 
311860105210045 1051 0.1240956005514737 
311860105210046 999 0.12268788898041 
311860105210047 858 0.1161554359490942 
311860105210048 553 0.1012241931952854 
311860105210049 555 0.102367760208557 
311860105210050 311 0.0878411987667805 
311860105210051 532 0.1003325382005357 
311860105210052 438 0.0943450437103367 
311860105210054 980 0.1228295882745767 
311860105210055 581 0.1023682847299631 
311860105210056 638 0.1053834725414262 
311860105210060 279 0.0872016006762992 
311860105210061 368 0.0907695651418148 
311860105210062 433 0.0945877475166196 
311860105210063 258 0.0853803262736336 
311860105210064 579 0.1008278630140114 
311860105210065 618 0.1029103265524448 
311860105210066 441 0.093796302477696 
311860105210067 403 0.0921949252487284 
311860105210070 758 0.1107013430432027 
311860105210071 514 0.0975767572898533 
311860105210072 773 0.1131277728509654 
311860105210073 537 0.0996330085561537 
311860105210074 386 0.0917448174122438 
311860105210075 403 0.0923532885072207 
311860105210076 473 0.0968051043915892 
311860105210077 493 0.0968155264252155 
311860105210078 484 0.0990693342743395 
311860105210079 513 0.0984450924433055 
311860105210080 379 0.0916192557463728 
311860105210081 454 0.0957700666251968 
311860105210082 407 0.0940982997599691 
311860105210083 378 0.0911625719936441 
311860105210084 548 0.1007655023261966 
311860105210085 565 0.1019316792656591 
311860105210086 662 0.1063018729255068 
311860105210087 453 0.0952926907325561 
311860105210088 678 0.1051682629215504 
311860105210089 594 0.1014510302529239 
311860105210090 429 0.0936976431044243 
311860105210091 496 0.0971781487202997 
311860105210092 731 0.1086217498221776 
311860105210093 683 0.1062645923694494 
311860105210094 292 0.0866371532447601 
311860105210095 309 0.0878070314372115 
311860105210096 452 0.0958756342269946 
311860105210097 395 0.0913251342440938 
311860105210098 688 0.1070429340328813 
311860105210099 314 0.0883681849985317 
311860105210100 495 0.0972225022946044 
311860105210101 390 0.0910225060966131 
311860105210102 451 0.0958761956564772 
311860105210103 344 0.089813950822049 
311860105210104 367 0.0912345311912789 
311860105210105 454 0.095686713804655 
311860105210106 423 0.094657034026159 
311860105210107 451 0.0959649392933277 
311860105210108 16 0.0726165028585623 
311860105220001 571 0.1032582757144007 
311860105220002 214 0.0830036736135727 
311860105220004 488 0.0969443352265075 
311860105220005 363 0.0902340698560379 
311860105220008 224 0.0827140136253554 
311860105220009 468 0.0954159268346426 
311860105220011 330 0.0887025199506632 
311860105220012 517 0.0989073662114581 
311860105220013 450 0.0946461579106799 
311860105220015 0 0.064812255835387 
311860105220016 486 0.1021616470982011 
311860105230001 781 0.1133162418299166 
311860105230002 689 0.1079817997957894 
311860105230004 463 0.0998281155749325 
311860105230005 459 0.0982180474472205 
311860105230006 308 0.0886402412095855 
311860105230007 559 0.1026193187913632 
311860105230008 713 0.114524226404855 
311860105230009 564 0.1014998070284148 
311860105230013 664 0.1078578339670512 
311860105230014 647 0.1054978949493984 
311860105230015 794 0.1128667692673348 
311860105230016 616 0.1040486592420972 
311860105230017 340 0.0900405653979326 
311860105230018 563 0.1029298439943156 
311860105230019 1108 0.1281892741719094 
311860105230020 796 0.1148187680293499 
311860105230025 468 0.0962785388260125 
311860105230027 348 0.0897895722067296 
311860105230028 742 0.1106615688840069 
311860105230029 678 0.1067038883168429 
311860105230032 811 0.1142430976116116 
311860105230033 676 0.1074086984632411 
311860105230038 342 0.0907268095241526 
311860105230039 694 0.1080918351110902 
311860105230041 0 0.064812255835387 
311860105230042 448 0.0968480133109035 
311860105230044 327 0.0884585789640677 
311860105230045 514 0.0991709090801296 
311860105230047 554 0.1014439630002635 
311860105230048 594 0.1030651933135372 
311860105230050 515 0.0999704992620103 
311860105230052 319 0.0886815432129956 
311860105230054 462 0.0969069875628904 
311860105230055 443 0.0950127872069558 
311860105230056 220 0.0835416491180713 
311860105230057 683 0.1072670112963721 
311860105230058 682 0.1077095930416998 
311860105230059 526 0.0994456066739436 
311860105230060 633 0.1054951329605805 
311860105230061 568 0.1012663099890702 
311860105230062 1150 0.12836232534889 
311860105230063 913 0.1245746697040039 
311860105230064 793 0.1122678258770567 
311860105230065 704 0.1075065608623292 
311860105230066 495 0.0972188284493043 
311860105230067 569 0.1138892773865462 
311860105230068 780 0.1128358104975972 
311860105230069 451 0.095916906675821 
311860105230070 550 0.1015444364127293 
311860105230071 772 0.1131513848580471 
311860105230074 991 0.1253977541259793 
311860105230075 693 0.1078974931146731 
311860105230076 523 0.0991136436581607 
311860105230080 937 0.1204907093296923 
311860105230084 679 0.1076539046061215 
311860105230088 541 0.1004083199783681 
311860105230091 643 0.1047902735740364 
311860105230092 204 0.0828275798071411 
311860105230094 746 0.1104260306377896 
311860105230095 554 0.0998032207225498 
311860105230096 610 0.1034821326737419 
311860105230097 986 0.1224327076378635 
311860105230098 528 0.104085954876198 
311860105230099 482 0.098414257896189 
311860105230100 526 0.0990328419267141 
311860105230101 311 0.0882241010291095 
311860105230103 500 0.0967051214408011 
311860105230104 470 0.095975266287125 
311860105230106 667 0.1060421104301111 
311860105230107 497 0.0978842939494353 
311860105230108 413 0.0931068579002946 
311860105230109 733 0.111296453426866 
311860105230111 609 0.1031064628066054 
311860105230112 527 0.1067677725286094 
311860105230113 573 0.1024293374335589 
311860105230114 387 0.0917389962477223 
311860105230115 303 0.0880376319680582 
311860105230116 347 0.0904771737875586 
311860105230117 710 0.1089393176905886 
311860105230118 426 0.0975177150274933 
311860105230120 392 0.0926110902684853 
311860105230121 396 0.091781549038619 
311860105230122 572 0.1010658810764431 
311860105230123 515 0.0992320635918539 
311860105230124 603 0.1019095612113181 
311860105230125 685 0.1063447064357429 
311860105230126 459 0.0956921207290187 
311860105230127 265 0.0866367002967465 
311860105230128 272 0.089147116508938 
311860105230129 818 0.1131875483806041 
311860105230130 532 0.0995885495914835 
311860105230131 577 0.1016786761315418 
311860105230132 468 0.0967977893615614 
311860105230133 444 0.0948989627374557 
311860105230134 435 0.0952545694589458 
311860105230135 538 0.1007147239708059 
311860105230136 459 0.0965059913355949 
311860105230137 505 0.0993664451735507 
311860105230138 372 0.0910039294146793 
311860105230139 817 0.1122316117681768 
311860105230140 504 0.0975605472173828 
311860105230141 714 0.1078332464930287 
311860105230142 877 0.1162859891223812 
311860105230143 398 0.0925220578765749 
311860105230144 341 0.0892576025855853 
311860105230145 247 0.0856819903509096 
311860105230146 376 0.0911664449258552 
311860105230147 297 0.0877882963657752 
311860105230148 335 0.0891849826636977 
311860105230149 451 0.0952876328957735 
311860105230150 251 0.085743042768027 
311860105230151 1020 0.1265501132448239 
311860105230152 730 0.1097510015355913 
311860105230154 481 0.0972682218904995 
311860105230155 343 0.0898953915432086 
311860105230157 398 0.0936925338367974 
311860105230158 526 0.0996359247270896 
311860105230159 664 0.1078574548456958 
311860105230160 156 0.0791060389692258 
311860105230161 169 0.0799712822829517 
311860105230162 358 0.0902861015589005 
311860105230163 456 0.095104412893433 
311860105230164 570 0.1017622777007167 
311860105230165 320 0.0874119209105617 
311860105230166 679 0.1071065609851118 
311860105230167 552 0.0999234351556907 
311860105230168 587 0.1014984061167052 
311860105230169 610 0.1027597957554646 
311860105230170 501 0.097228553694914 
311860105230171 865 0.1160495815765752 
311860105230172 426 0.0938799228992536 
311860105230173 186 0.0816046941795313 
311860105230174 278 0.0852869747680937 
311860105230175 471 0.095882282915539 
311860105230176 439 0.0946989869366937 
311860105230177 583 0.1025751982034971 
311860105230178 425 0.0935526670126995 
311860105230179 450 0.0978249412226411 
311860105230180 289 0.0882559576045741 
311860105230181 286 0.0891244162572343 
311860105230182 21 0.0737523132671602 
311860105230183 597 0.1005651116319332 
311860105230184 414 0.092276641528312 
311860105230185 263 0.0848366998823224 
311860105230186 173 0.0810970713362179 
311860105230187 281 0.087273008018137 
311860105230188 533 0.0988098776354432 
311860105230189 693 0.1062012384911511 
311860105230190 664 0.1063703841397431 
311860105230191 419 0.0932820827069735 
311860105230192 445 0.0950509664849584 
311860105230193 489 0.0963590345306759 
311860105230194 420 0.0944486518734557 
311860105230195 402 0.0936956105691319 
311860105230196 462 0.0959541075009716 
311860105230197 438 0.0947826819432587 
311860105230198 526 0.0987119669752077 
311860105230199 396 0.091802634617073 
311860105230200 729 0.1086356260900269 
311860105230201 197 0.0820329907712171 
311860105230202 14 0.0720992175934101 
311860105230204 313 0.0880980977765588 
311860105240001 0 0.064812255835387 
311860105250003 374 0.0915231365650115 
311860105250004 661 0.1065352626602678 
311860105250005 562 0.1152436219419596 
311860105250006 599 0.1029035271842733 
311860105250007 632 0.1061434574585778 
311860105250009 579 0.1024468908414974 
311860105250011 328 0.0885110893803355 
311860105250012 890 0.1181004313709652 
311860105250013 614 0.1044219813941777 
311860105250014 669 0.1063034249829551 
311860105250015 679 0.1066143198527598 
311860105250017 520 0.0985038024236558 
311860105250018 498 0.0989527119404492 
311860105250019 574 0.1023679306936265 
311860105250020 501 0.0989576287462752 
311860105250022 483 0.0981634751596864 
311860105250023 619 0.1022669785290975 
311860105250024 490 0.0968015739865961 
311860105250025 123 0.0771512897482705 
311860105250026 557 0.1016448745535542 
311860105250027 330 0.0893741085910135 
311860105250028 330 0.0892253651480988 
311860105250029 268 0.085404645198281 
311860105250030 612 0.1034674835644017 
311860105250031 438 0.0949939124549384 
311860105250032 313 0.088478942409827 
311860105250033 399 0.0924985971589652 
311860105250034 543 0.1006147968913102 
311860105260001 490 0.0977527309334817 
311860105260002 520 0.0990440601292191 
311860105260003 624 0.1044184929114163 
311860105260004 545 0.1015489420193859 
311860105260005 462 0.0965391340959474 
311860105260006 715 0.1090708635377538 
311860105260007 532 0.0994467781369811 
311860105260008 408 0.0925733127269177 
311860105260009 574 0.1027707839896952 
311860105260011 774 0.1127146000450618 
311860105260012 561 0.1015042307734831 
311860105260014 213 0.0826914334036907 
311860105260015 648 0.1052392448744199 
311860105260016 407 0.0934723850968955 
311860105260017 392 0.0927587794930672 
311860105260018 501 0.0977188678019226 
311860105260019 828 0.1162336818056453 
311860105260021 464 0.0970268267685951 
311860105260022 465 0.0972281364379743 
311860105260023 464 0.0963526716346028 
311860105260024 743 0.1101031000482286 
311860105260025 598 0.102825231223149 
311860105260026 648 0.1070530263087608 
311860105260029 671 0.1056770810042207 
311860105260030 569 0.1003561847147707 
311860105260035 666 0.1065012998073649 
311860105260036 686 0.1063665184701845 
311860105260037 822 0.1130080251608517 
311860105260038 854 0.1228839294966916 
311860105260039 655 0.1058971950297497 
311860105260040 712 0.1090988545309966 
311860105260041 671 0.1071207620985503 
311860105260042 844 0.115652955021138 
311860105260043 617 0.103830842153388 
311860105260044 611 0.1052339008473219 
311860105260046 788 0.1115754445367553 
311860105260047 945 0.1216587597048428 
311860105260051 414 0.0924467402782529 
311860105260052 520 0.0992200132347736 
311860105260055 751 0.1105226817120454 
311860105260057 515 0.0974736174446491 
311860105260058 865 0.1142044262696484 
311860105260059 564 0.0997259484238326 
311860105260061 546 0.0995977782118452 
311860105260062 441 0.0952886354825722 
311860105260063 341 0.090238062689081 
311860105260064 475 0.0953870221286055 
311860105260065 673 0.1047807146250704 
311860105260066 670 0.1055581452948778 
311860105260067 487 0.0960170685554988 
311860105260068 435 0.0926128011960541 
311860105260069 983 0.1214603831075389 
311860105260070 901 0.1163725721577559 
311860105260071 854 0.113953562050627 
311860105260072 407 0.0922763042195075 
311860105260073 425 0.0932835528750008 
311860105260074 173 0.081324936728329 
311860105260075 506 0.0966714196082072 
311860105260076 548 0.0994304554838847 
311860105260077 939 0.1180455237327169 
311860105260078 593 0.0999760193259779 
311860105260079 1006 0.1220568139572021 
311860105260080 431 0.0940944951245494 
311860105260081 353 0.090887765385817 
311860105260082 391 0.0965027189832622 
311860105260083 188 0.0816068836850865 
311860105260084 544 0.1001585289460109 
311860105260085 358 0.0902669774416888 
311860105260086 574 0.1008242697303994 
311860105260087 376 0.0908666627324807 
311860105260088 436 0.0938566716945592 
311860105260089 647 0.1052709623941573 
311860105260090 305 0.0880540345452302 
311860105260091 447 0.0956641259790355 
311860105260092 399 0.0920622243823939 
311860105260093 436 0.0945415207118128 
311860105260094 342 0.0881588585224736 
311860105260095 396 0.0910508083399475 
311860105270003 846 0.1138418107800741 
311860105270004 717 0.1095013475712448 
311860105270006 728 0.1098111345996298 
311860105270007 697 0.1079903233645582 
311860105270008 627 0.1124677379043246 
311860105270010 788 0.1123274483876296 
311860105270011 450 0.0943430588548165 
311860105270012 600 0.1025682178964168 
311860105270013 536 0.1009883862963763 
311860105270014 589 0.103279666415626 
311860105270015 744 0.1093316932582813 
311860105270017 355 0.0903089755364554 
311860105270018 497 0.0997409799026369 
311860105270019 476 0.0964238977399825 
311860105270020 672 0.1054220203971766 
311860105270022 681 0.1071753671200134 
311860105270024 738 0.1099460402396556 
311860105270025 664 0.1062464641183225 
311860105270026 591 0.1028741505123501 
311860105270027 715 0.1104492684794502 
311860105270028 733 0.1101477092463643 
311860105270029 665 0.1041551755076673 
311860105270031 568 0.1000326486302287 
311860105270032 886 0.1160912403767447 
311860105270033 661 0.1050745089159435 
311860105270034 787 0.1126283882943181 
311860105270035 502 0.0995065852107929 
311860105270036 873 0.1173231088830699 
311860105270037 419 0.0936404669325164 
311860105270038 415 0.0929721912133813 
311860105270039 582 0.103083707353515 
311860105270041 780 0.1115499860185703 
311860105270042 261 0.0863290117577782 
311860105270044 647 0.1050197397856778 
311860105270045 824 0.1154173305659323 
311860105270046 694 0.1073638006532649 
311860105270047 346 0.0899803910412957 
311860105270050 466 0.0990620158303524 
311860105270051 647 0.1067551607684356 
311860105270053 465 0.0957582296396084 
311860105270054 502 0.0983116726153848 
311860105270055 672 0.1056320742947316 
311860105270056 877 0.1165137541767269 
311860105270057 757 0.1095787244744381 
311860105270058 644 0.1060264688148932 
311860105270059 526 0.0984723923105376 
311860105270060 812 0.1141766604609082 
311860105270061 662 0.106843731266751 
311860105270062 969 0.1214507397267149 
311860105270063 156 0.0794000231851001 
311860105270064 419 0.0927884179488705 
311860105270066 546 0.100577903776279 
311860105270068 1017 0.1239863142497192 
311860105270069 637 0.1054540353777367 
311860105270070 478 0.0964185635822774 
311860105270071 786 0.1141306111941406 
311860105270072 255 0.0835901724636325 
311860105270073 520 0.0986690081532681 
311860105270074 366 0.0906538980845235 
311860105270075 160 0.0790774227754704 
311860105270076 382 0.091183676733027 
311860105270077 479 0.0962185030836864 
311860105270078 526 0.0988657194623421 
311860105270079 329 0.0970894859488812 
311860105270080 146 0.0781094506369876 
311860105270081 450 0.094638175947373 
311860105270082 464 0.095504649082139 
311860105270083 0 0.064812255835387 
311860105270084 686 0.1057872640387893 
311860105270085 490 0.0966881685399707 
311860105270086 546 0.0992195978050682 
311860105270087 591 0.1016826914284221 
311860105270088 740 0.1097585525076366 
311860105270089 368 0.0905276318938322 
311860105270090 92 0.0772127338839468 
311860105270091 637 0.1030579932961457 
311860105270092 109 0.0773725555485843 
311860105270093 879 0.1171506822882844 
311860105270094 440 0.0948369601191232 
311860105270095 337 0.0890199869362619 
311860105270096 0 0.064812255835387 
311860105270097 0 0.064812255835387 
311860105270098 0 0.064812255835387 
311860105270099 0 0.064812255835387 
311860105270100 0 0.064812255835387 
311860105270101 0 0.064812255835387 
311860105270102 0 0.064812255835387 
311860105270103 306 0.0870191569633839 
311860105270104 340 0.0883445869277841 
311860105270105 528 0.0981654300483497 
311860105270106 573 0.1055220358778099 
311860105280003 447 0.0960910480249053 
311860105280006 531 0.0992052469193456 
311860105280007 712 0.1079672316036172 
311860105280008 730 0.1086805772965693 
311860105280009 193 0.0836865685865569 
311860105280010 869 0.1158102948704206 
311860105280011 0 0.064812255835387 
311860105280012 22 0.0747267176168026 
311860105280013 75 0.0767869003983237 
311860105280024 542 0.1000148848914766 
311860105280026 1037 0.1277262527822956 
311860105280027 68 0.0747880601345747 
311860105280031 53 0.0751227928144477 
311860105280033 303 0.0905552514945043 
311860105280034 884 0.1159470729117976 
311860105280035 413 0.0927197443798655 
311860105280036 391 0.0920825685650292 
311860105280039 577 0.102204007223627 
311860105280040 553 0.099667265206523 
311860105280041 345 0.0887074678055046 
311860105280042 204 0.0839781125602782 
311860105280043 155 0.0821225124168152 
311860105280044 98 0.0780986543947695 
311860105280045 84 0.0750082330731305 
311860105280046 97 0.0769979919002391 
311860105280047 117 0.0774388213925821 
311860105280048 760 0.1116652768617024 
311860105280049 293 0.0866416211828321 
311860105280051 226 0.08312605559296 
311860105280052 98 0.0783367159537927 
311860105280053 644 0.1035959644801212 
311860105280054 741 0.1138806207232743 
311860105280055 118 0.0792800570211675 
311860105280056 253 0.0835951722495141 
311860105280057 75 0.0758581377591355 
311860105280058 9 0.0716818422618486 
311860105280059 40 0.0745477881780241 
311860105280061 433 0.0954575951010651 
311860105280063 488 0.097581763745124 
311860105280064 355 0.0900529145514873 
311860105280065 64 0.0749782326071064 
311860105280066 128 0.0781557896217587 
311860105280067 117 0.0777876919747575 
311860105280068 51 0.076397166031509 
311860105280069 229 0.0819959271345456 
311860105280070 45 0.0760377417306676 
311860110010006 0 0.064812255835387 
311860110010007 228 0.0835311059470067 
311860110010008 262 0.0853614282913561 
311860110010010 493 0.0978723858126206 
311860110010011 514 0.0989114721742689 
311860110010013 43 0.0755990136014179 
311860110010014 108 0.08157011670982 
311860110010017 317 0.0903385083583744 
311860110010018 242 0.0838838937703705 
311860110010019 120 0.0758805701380228 
311860110010020 468 0.0960987146524372 
311860110010023 528 0.0989206234689202 
311860110010024 250 0.084295677709219 
311860110010025 483 0.0963397549594372 
311860110010026 67 0.0747909276876917 
311860110010031 6 0.0718626283618748 
311860110010032 1082 0.1282255425956571 
311860110010033 593 0.1020806815980686 
311860110010034 446 0.0957846214906814 
311860110010037 0 0.064812255835387 
311860110010038 520 0.0995835871209754 
311860110010039 82 0.0774452158610216 
311860110010040 340 0.0885676626421871 
311860110010041 27 0.0724536448275663 
311860110010042 50 0.074745558464666 
311860110010044 16 0.0720975305193066 
311860110010045 8 0.0713145800216592 
311860110010046 0 0.064812255835387 
311860110010047 379 0.0901066050410255 
311860110020001 637 0.1064511185572519 
311860110020002 115 0.0785062862484273 
311860110020003 479 0.098692223022795 
311860110020004 101 0.0762500172142532 
311860110020008 59 0.0758520398471736 
311860110020011 484 0.0981458607260346 
311860110020015 462 0.0971181422770928 
311860110020017 151 0.0798851579776883 
311860110020018 613 0.1045358229208941 
311860110020019 620 0.1039169692001524 
311860110020020 394 0.0934639795547366 
311860110020022 518 0.1005264638477155 
311860110020023 437 0.0952936167486019 
311860110020024 360 0.0916016349239596 
311860110020025 364 0.0908370153711929 
311860110020026 515 0.0984870105930467 
311860110020027 261 0.0861844668673112 
311860110020028 312 0.1048526876323959 
311860110020029 249 0.0861168166583004 
311860110020030 470 0.0976435142572233 
311860110020031 490 0.0977542914383899 
311860110020032 332 0.0894668492803932 
311860110020033 310 0.0899437379117795 
311860110020034 236 0.0836743269812714 
311860110020035 175 0.0807241598856921 
311860110020038 243 0.0856608651856745 
311860110020039 209 0.0834628019244438 
311860110020040 327 0.0903178354461566 
311860110020041 33 0.0752142787036655 
311860110020043 221 0.0834441727519434 
311860110030001 363 0.0914343925457167 
311860110030002 466 0.0974399330922353 
311860110030003 501 0.104750548534004 
311860110030004 647 0.1231116206831933 
311860110030005 647 0.1062968372280588 
311860110030006 546 0.1021899279572103 
311860110030007 466 0.0964446316511101 
311860110030008 684 0.107749629611354 
311860110030009 422 0.0953444810401563 
311860110030010 531 0.1011612836417473 
311860110030011 563 0.101770786699499 
311860110030013 546 0.1008797894499118 
311860110030014 524 0.1011000971902172 
311860110030015 549 0.1019614005372662 
311860110030016 342 0.0911589685384334 
311860110030017 469 0.0976819096419721 
311860110030019 416 0.0935473652053286 
311860110030020 520 0.1000114845131835 
311860110030022 371 0.0912390630433097 
311860110030023 635 0.1054060539884025 
311860110030024 357 0.093138785822541 
311860110030025 507 0.1010735054752203 
311860110030026 315 0.0876712230646066 
311860110030027 725 0.1166516577594044 
311860110030028 903 0.1445688835406673 
311860110030029 539 0.1229157200454655 
311860110030030 596 0.1035524867046531 
311860110030031 470 0.0969349733536312 
311860110030032 568 0.1025421248417238 
311860110030033 488 0.0988216489582064 
311860110030034 523 0.099676671258605 
311860110030035 604 0.1040970094518034 
311860110030036 447 0.0955486155983218 
311860110030037 519 0.0996520245906485 
311860110030038 566 0.102363503293148 
311860110030039 544 0.1023091539086105 
311860110030040 350 0.0906043861714926 
311860110030042 603 0.1041982051973428 
311860110030044 511 0.0991340154788502 
311860110030045 726 0.1104914214852856 
311860110030046 392 0.0933283684211687 
311860110030047 651 0.1072229308141557 
311860110030049 692 0.1210553240901411 
311860110030050 475 0.097627847219481 
311860110030052 563 0.1022454299867812 
311860110030053 583 0.1028217362192201 
311860110030054 517 0.0996450004129725 
311860110030056 699 0.1120386046652565 
311860110030057 293 0.0873346994040064 
311860110030058 334 0.0903881588849019 
311860110030059 155 0.0810547932002871 
311860110030060 181 0.0815903214504293 
311860110030061 323 0.0894412643292287 
311860110030062 471 0.0965741501064913 
311860110030063 446 0.0942914835822223 
311860110030064 571 0.1004135388507536 
311860110030065 340 0.0902286811703834 
311860110030066 434 0.0947414445836032 
311860110030067 480 0.0977828551855583 
311860110030068 365 0.0917544348980855 
311860110030069 415 0.0940050145160296 
311860110030070 360 0.0916822902038971 
311860110030071 529 0.0985988291462221 
311860110030072 495 0.0986420931926065 
311860110030073 470 0.0974966697386087 
311860110030074 275 0.0867050185631502 
311860110030075 232 0.084542084034429 
311860110030076 235 0.0845745194978614 
311860110030077 370 0.0921080606373445 
311860110030078 369 0.0914434859759591 
311860110030079 312 0.0884277170506711 
311860110030080 420 0.0946305655774166 
311860110040002 736 0.1117761075506366 
311860110040003 544 0.1019792718024006 
311860110040004 670 0.1066937224032968 
311860110040005 567 0.102839122959223 
311860110040007 550 0.1017010268015151 
311860110040008 237 0.0858528468506608 
311860110040010 556 0.1016543621327145 
311860110040011 336 0.0900021796461494 
311860110040012 700 0.1092597857532396 
311860110040015 557 0.1020473351135545 
311860110040017 670 0.1078402522401733 
311860110040018 450 0.0967451899943705 
311860110040019 375 0.0926965847864846 
311860110040020 719 0.1101317358937301 
311860110040021 423 0.0949553807848912 
311860110040023 124 0.0793250462882899 
311860110040024 301 0.0877000418172009 
311860110040025 502 0.0984619907410896 
311860110040026 441 0.0950404233755702 
311860110040027 464 0.0972912153675569 
311860110040028 366 0.0917659639580342 
311860110040029 249 0.0859212729711823 
311860110040030 393 0.0926923382278953 
311860110040031 500 0.0986104761200551 
311860110040032 301 0.0882683843046935 
311860110040033 206 0.0837086280881779 
311860110040034 418 0.094180883692189 
311860110040035 308 0.0887289858602524 
311860110040036 417 0.0938679481464052 
311860110040037 606 0.1045547267258106 
311860110040038 325 0.0890252199775652 
311860110050001 581 0.1032307340651694 
311860110050003 457 0.0972755015826625 
311860110050004 609 0.104889037122376 
311860110050005 529 0.1010882765325623 
311860110050006 468 0.09853956680344 
311860110050007 477 0.0977724587954465 
311860110050008 539 0.1017968305740916 
311860110050010 228 0.0850281682203641 
311860110050011 251 0.0853345296495813 
311860110050012 337 0.0904299376313489 
311860110050013 304 0.0883578877462246 
311860110060001 306 0.0881757438964105 
311860110060004 392 0.0916167915231128 
311860110060005 398 0.0930559862734485 
311860110060006 628 0.1040568034996456 
311860110060007 481 0.0975124840154842 
311860110060008 486 0.0966405531481984 
311860110060009 478 0.0974771005554827 
311860110060010 685 0.1079161147124486 
311860110060011 571 0.1033273809399118 
311860110060012 658 0.1060006554449282 
311860110060013 505 0.0985396491000124 
311860110060014 361 0.0911609769165888 
311860110060018 293 0.0869816953130641 
311860110060019 603 0.1023058819182722 
311860110060021 70 0.0763730141451214 
311860110060022 321 0.0877491768609231 
311860110060024 162 0.0815820749725506 
311860110060025 296 0.088613754685304 
311860110060026 402 0.0926288337901688 
311860110060027 440 0.094137681230684 
311860110060028 463 0.0962750535127944 
311860110060029 381 0.0917637995563402 
311860110060030 391 0.0912351653356967 
311860110060031 173 0.080443735841663 
311860110060032 454 0.0959141629357437 
311860110060033 407 0.0926197673048561 
311860110060034 414 0.0937341000843842 
311860110060035 432 0.1118393341384323 
311860110060036 84 0.0780609409515446 
311860110060037 296 0.087200981781317 
311860110060038 214 0.0831732637705697 
311860110070001 443 0.0958297228593411 
311860110070002 757 0.1124707383587407 
311860110070003 550 0.1013126769561796 
311860110070005 694 0.1079210170236709 
311860110070009 655 0.1065766287100513 
311860110070010 650 0.1067588378010966 
311860110070011 501 0.0989123884968372 
311860110070012 696 0.1093156386710833 
311860110070013 642 0.109181308246396 
311860110070014 669 0.1075445411581518 
311860110070016 503 0.0989327063616091 
311860110070017 490 0.0983410384723901 
311860110070019 376 0.0914694362373623 
311860110070020 715 0.1097557355807957 
311860110070021 357 0.0907729142779749 
311860110070023 427 0.0936048642322634 
311860110070024 435 0.0941288466275419 
311860110070025 338 0.089407523826724 
311860110070026 266 0.0861389985308589 
311860110070027 336 0.0902472496914983 
311860110070029 498 0.0994513220557702 
311860110070031 443 0.0961985829800946 
311860110070033 632 0.1051927301824791 
311860110070035 530 0.1003070298210332 
311860110070036 649 0.1059783895513243 
311860110070037 684 0.108496992844925 
311860110070038 472 0.0973560719500049 
311860110070039 724 0.110765475074057 
311860110070040 582 0.1045271484047093 
311860110070041 272 0.0857495815132253 
311860110070042 340 0.0904439460245957 
311860110070043 269 0.0864427784811108 
311860110070044 449 0.0957308611315277 
311860110070045 676 0.1081631024706559 
311860110070046 305 0.0884085247624042 
311860110070047 574 0.1023134284697153 
311860110070048 459 0.0967810532141271 
311860110070050 611 0.1048689412185288 
311860110070053 662 0.1074546301127285 
311860110070055 332 0.0896498072233756 
311860110070056 614 0.1054769380863541 
311860110070057 470 0.097476645011559 
311860110070058 30 0.0741496102766742 
311860110070059 526 0.1004902318250151 
311860110070060 359 0.0901478296493279 
311860110070061 408 0.0939167820339376 
311860110070062 427 0.0943854751848227 
311860110070063 534 0.1005342696766762 
311860110070064 275 0.0859976768169029 
311860110070065 423 0.0942973015950323 
311860110070066 418 0.094087058775577 
311860110070067 282 0.0862961838888958 
311860110070068 367 0.0915853295568504 
311860110070069 513 0.0990347096964206 
311860110070070 175 0.081132017132338 
311860110070071 610 0.1050458060101421 
311860110070072 250 0.085446830233427 
311860110070073 378 0.0915071051544598 
311860110070074 406 0.0929109209629882 
311860110070075 353 0.0906477983954239 
311860110070076 458 0.0964387329651874 
311860110070077 677 0.1074884409185078 
311860110070078 244 0.084789808334008 
311860110070079 451 0.0952412547132667 
311860110070080 358 0.0912392467633507 
311860110070081 284 0.0868044476567234 
311860110070082 447 0.0956708914791215 
311860110070083 379 0.0911847905120147 
311860110070084 382 0.0915807084900019 
311860110070085 345 0.0898566905582762 
311860110070086 399 0.0927968002599415 
311860110080001 332 0.0896594230961799 
311860110080002 780 0.1133906133864565 
311860110080003 570 0.1010954522811792 
311860110080004 0 0.064812255835387 
311860110080005 911 0.1206365052384271 
311860110080006 653 0.1068568094413351 
311860110080007 416 0.0962869989116895 
311860110080008 420 0.0946809402503926 
311860110080010 551 0.1013630118487828 
311860110080011 823 0.115143322802108 
311860110080012 686 0.1084530755755337 
311860110080015 510 0.0976920465742568 
311860110080019 564 0.100058962645264 
311860110080020 624 0.1046311301105313 
311860110080022 508 0.0983332486121066 
311860110080023 529 0.0989388064090964 
311860110080024 477 0.0969611348208909 
311860110080025 541 0.1000647228985688 
311860110080026 64 0.0757431605225052 
311860110080027 438 0.0950418058617682 
311860110080028 379 0.0913865184785051 
311860110080029 498 0.0986923398006233 
311860110080030 0 0.064812255835387 
311860110080031 327 0.088905300311056 
311860110080032 568 0.101486786621501 
311860110080033 326 0.0895164995120811 
311860110080034 339 0.089131042075384 
311860110080035 770 0.111357695915182 
311860110080036 517 0.0991211593404803 
311860110080037 130 0.0793060743209596 
311860110080038 466 0.0957208434519523 
311860110080039 276 0.0862663644159894 
311860110080040 244 0.0846064548890742 
311860110080041 407 0.091882522154852 
311860110080042 265 0.0856810234020744 
311860110080043 804 0.1128229156754679 
311860110080044 493 0.0972687985670668 
311860110080045 402 0.0928147684581575 
311860110090001 220 0.0843947005640466 
311860110090002 668 0.1088385410491313 
311860110090005 400 0.0935443401485924 
311860110090006 363 0.091846723008886 
311860110090007 755 0.1123843959618033 
311860110090009 675 0.1084527049436903 
311860110090010 566 0.103542837921558 
311860110090011 413 0.0951503716700976 
311860110090012 568 0.1034465927774809 
311860110090014 520 0.1000378225701545 
311860110090015 341 0.0889000425987489 
311860110090016 537 0.1022790536593347 
311860110090018 380 0.0938796986527234 
311860110090019 636 0.1074100144606132 
311860110090020 289 0.0878870741195514 
311860110090021 638 0.1060356907448523 
311860110090022 670 0.1069694664840706 
311860110090023 589 0.103586225798724 
311860110090024 568 0.1031831429481867 
311860110090026 520 0.1004032522773872 
311860110090028 678 0.1070916446639655 
311860110090029 474 0.0988371620073749 
311860110090030 348 0.0904664387092518 
311860110090031 630 0.1058256515244941 
311860110090032 442 0.0947559493470375 
311860110090033 556 0.1024414291971227 
311860110090034 513 0.1005359795730935 
311860110090035 633 0.1061760440075585 
311860110090036 475 0.0976649873300132 
311860110090037 339 0.0932822978285066 
311860110090038 581 0.1050895798209807 
311860110090039 383 0.0931030186537093 
311860110090040 375 0.0921620273272981 
311860110090041 395 0.0942949489033389 
311860110090042 422 0.0956465252207933 
311860110090043 389 0.0940823540045342 
311860110090045 400 0.0933626235038376 
311860110090046 363 0.0924459510271866 
311860110090047 632 0.1071799117411705 
311860110090048 509 0.1000399133227577 
311860110090049 698 0.1101837374133742 
311860110090050 506 0.0997936633687799 
311860110090051 489 0.0991401437548886 
311860110090052 700 0.1093971669717274 
311860110090053 550 0.1017572334451492 
311860110090054 447 0.096058299735948 
311860110090055 577 0.1047926660267935 
311860110090056 606 0.105304764976846 
311860110090057 583 0.1044090516971433 
311860110090058 583 0.1037343795355081 
311860110090059 610 0.1048445479657651 
311860110090060 451 0.0960261873020661 
311860110090061 378 0.0923985043058236 
311860110090063 719 0.1157155503023305 
311860110090064 405 0.0941886518605023 
311860110090065 470 0.0985298254974264 
311860110090069 464 0.0975288832334971 
311860110090070 376 0.0928892325969359 
311860110090071 628 0.1067050162640921 
311860110090073 466 0.0971388774054019 
311860110090074 693 0.1085560484370347 
311860110090076 281 0.0875069810540852 
311860110090077 256 0.085109986368831 
311860110090078 308 0.0889746708809611 
311860110090079 645 0.1073298645933344 
311860110090080 407 0.0943695121203985 
311860110090081 369 0.0919814212497767 
311860110090082 389 0.0929208677470624 
311860110090083 285 0.0882691563082246 
311860110090084 444 0.0965211822557775 
311860110090085 551 0.1015697506705741 
311860110090086 285 0.0874941547978331 
311860110090087 581 0.1030804658269546 
311860110090088 319 0.0887294372342866 
311860110090089 350 0.0925709594300366 
311860110090090 515 0.0996464916642227 
311860110090091 477 0.0965428168563426 
311860110090092 356 0.0930676756337988 
311860110090093 272 0.0855014882297112 
311860110090094 354 0.090980713262146 
311860110090095 477 0.0974934863710474 
311860110090096 497 0.1027060378694631 
311860110090097 345 0.091241555314092 
311860110090098 422 0.0959086470414834 
311860110090099 299 0.0879655561574192 
311860110090100 315 0.0883476913596754 
311860110090101 277 0.0886484852588714 
311860110090102 260 0.0867511199113659 
311860110090103 233 0.0854091629283855 
311860110090104 259 0.0871264993176218 
311860110090105 435 0.0963407361956708 
311860110090106 342 0.0901188775006187 
311860110090107 361 0.0920216673164549 
311860110090108 399 0.0943163334152151 
311860110090109 379 0.0943913246733216 
311860110090110 284 0.0875293147958727 
311860110110001 531 0.1012641714745935 
311860110110002 465 0.0966125157086909 
311860110110003 475 0.0991210761192091 
311860110110004 515 0.0994930300693042 
311860110110005 838 0.1154074399610732 
311860110110006 653 0.1066962516426644 
311860110110007 565 0.1018847376793282 
311860110110008 596 0.1033918601962868 
311860110110009 635 0.1064802097191432 
311860110110010 465 0.0967972370951909 
311860110110011 581 0.1035766652628577 
311860110110012 622 0.104055590580299 
311860110110013 528 0.0995958860157787 
311860110110015 532 0.0992839576921676 
311860110110016 614 0.1050758607268765 
311860110110017 607 0.1043636425895141 
311860110110018 619 0.1057933304300759 
311860110110019 634 0.1041907257188395 
311860110110020 544 0.1000237487118968 
311860110110021 509 0.098800504765878 
311860110110022 499 0.0973094963425692 
311860110110023 1071 0.129101141262187 
311860110110024 523 0.1003947700159972 
311860110110025 496 0.0988695017509508 
311860110110028 474 0.0979794265523813 
311860110110029 556 0.1021975116263351 
311860110110030 510 0.0989021101347815 
311860110110031 452 0.0961869342940365 
311860110110032 408 0.0934641806235646 
311860110110033 487 0.0987176120953723 
311860110110034 151 0.0796693986967831 
311860110110035 531 0.1003979191521035 
311860110110037 103 0.0796733414027524 
311860110110038 471 0.0961909480454011 
311860110110039 487 0.0972199170724884 
311860110110040 610 0.1042554677179192 
311860110110041 413 0.0935138322934491 
311860110110042 316 0.0897605826165272 
311860110110043 252 0.0859232694374816 
311860110110044 493 0.0990365432799168 
311860110110045 574 0.1035003678946966 
311860110110046 267 0.0878162830389925 
311860110110047 329 0.0896705227613488 
;

# # Variable cost of PHC j / patient
param:	        ITEM1   SIZE0	FC1		VC1:=
3118602190990 1 3 8 . 
3118602191229 2 2 8 . 
3118602190591 3 3 8 . 
3118602190567 4 1 8 . 
3118602190532 5 3 8 . 
3118602190494 6 2 8 . 
3118602190869 7 1 8 . 
3118602190605 8 1 8 . 
3118602190109 9 1 8 . 
3118607116306 10 2 8 . 
3118602190931 11 2 8 . 
3118602190923 12 4 8 . 
3118602190893 13 4 8 . 
3118602190486 14 4 8 . 
3118602190915 15 2 8 . 
3118602190222 16 3 8 . 
3118604696077 17 3 8 . 
3118602191032 18 1 8 . 
3118602191024 19 1 8 . 
3118602190478 20 1 8 . 
3118602190389 21 2 8 . 
3118607110316 22 4 8 . 
3118602220261 23 1 8 . 
3118602190397 24 1 8 . 
3118602190176 25 1 8 . 
3118602191059 26 4 8 . 
3118602191040 27 1 8 . 
3118602190451 28 2 8 . 
3118602190206 29 2 8 . 
3118602190524 30 1 8 . 
3118602190400 31 1 8 . 
3118602190966 32 1 8 . 
3118602190877 33 2 8 . 
3118602190826 34 3 8 . 
3118602190729 35 2 8 . 
3118602190656 36 2 8 . 
3118602190834 37 1 8 . 
3118602190710 38 1 8 . 
3118602190796 39 1 8 . 
3118602190648 40 1 8 . 
3118602190818 41 3 8 . 
3118602190885 42 3 8 . 
3118607053355 43 1 8 . 
3118602191148 44 1 8 . 
3118602190192 45 1 8 . 
3118602190214 46 2 8 . 
3118602190680 47 3 8 . 
3118602190753 48 1 8 . 
3118602190141 49 1 8 . 
3118602220245 50 2 8 . 
3118602190788 51 1 8 . 
311860105130020 52 . . . 
311860105140024 53 . . . 
311860105150029 54 . . . 
311860105150035 55 . . . 
311860105230002 56 . . . 
311860105230189 57 . . . 
311860105230194 58 . . . 
311860105260092 59 . . . 
311860105260093 60 . . . 
311860105270014 61 . . . 
311860105270066 62 . . . 
311860105270078 63 . . . 
311860105270089 64 . . . 
311860105280026 65 . . . 
311860105280044 66 . . . 
311860105280055 67 . . . 
311860105280061 68 . . . 
311860105280063 69 . . . 
311860105280064 70 . . . 
311860105280069 71 . . . 
311860110010033 72 . . . 
311860110020033 73 . . . 
311860110030047 74 . . . 
311860110030054 75 . . . 
311860110060013 76 . . . 
311860110060027 77 . . . 
311860110070016 78 . . . 
311860110080008 79 . . . 
311860110090055 80 . . . 
311860110110039 81 . . . 
;

param:	ITEM2   FC2		VC2:=
SHC1	1       200000		10
;

param:	ITEM3   FC3		VC3:=
THC1	1       300000		20
;

# Team cost K1 ($/year)
# 		Folha mensal	Encargos	Insumos	Transporte	Supervisão
# eSF	 R$ 1.455.500.00 	50000	45000	7500	3500	5000
# eSB	 R$ 640.420.00 	22000	19800	3300	1540	2200
# eMulti (1/9)	 R$ 611.595.56 	92000	82800	13800	6440	9200
# Fonte: Planilha APS_dados.xlsx
param CE1:=
eSF 288956 
eSB 75336 
eMulti 338277 
ACS 36466 
;

# Team cost K2 ($/year)
param CE2:=
EQ2 0 
;

# Team cost K3 ($/year)
param CE3:=
EQ3 0 
;

param D0_2:=
311860105070001 SHC1 20000 
311860105070002 SHC1 20000 
311860105070003 SHC1 20000 
311860105070005 SHC1 20000 
311860105070007 SHC1 20000 
311860105070008 SHC1 20000 
311860105090001 SHC1 20000 
311860105090002 SHC1 20000 
311860105090005 SHC1 20000 
311860105090006 SHC1 20000 
311860105090007 SHC1 20000 
311860105090008 SHC1 20000 
311860105090010 SHC1 20000 
311860105090012 SHC1 20000 
311860105090013 SHC1 20000 
311860105090014 SHC1 20000 
311860105090016 SHC1 20000 
311860105090019 SHC1 20000 
311860105090020 SHC1 20000 
311860105090021 SHC1 20000 
311860105090022 SHC1 20000 
311860105090023 SHC1 20000 
311860105090024 SHC1 20000 
311860105090025 SHC1 20000 
311860105090026 SHC1 20000 
311860105090027 SHC1 20000 
311860105090028 SHC1 20000 
311860105090029 SHC1 20000 
311860105090030 SHC1 20000 
311860105090031 SHC1 20000 
311860105090032 SHC1 20000 
311860105090033 SHC1 20000 
311860105090034 SHC1 20000 
311860105090035 SHC1 20000 
311860105090036 SHC1 20000 
311860105090037 SHC1 20000 
311860105090038 SHC1 20000 
311860105090039 SHC1 20000 
311860105090040 SHC1 20000 
311860105090041 SHC1 20000 
311860105090042 SHC1 20000 
311860105090043 SHC1 20000 
311860105090044 SHC1 20000 
311860105090045 SHC1 20000 
311860105090046 SHC1 20000 
311860105090047 SHC1 20000 
311860105100004 SHC1 20000 
311860105100005 SHC1 20000 
311860105120001 SHC1 20000 
311860105120002 SHC1 20000 
311860105120003 SHC1 20000 
311860105120004 SHC1 20000 
311860105120005 SHC1 20000 
311860105120006 SHC1 20000 
311860105120007 SHC1 20000 
311860105120008 SHC1 20000 
311860105120012 SHC1 20000 
311860105120013 SHC1 20000 
311860105120014 SHC1 20000 
311860105120015 SHC1 20000 
311860105120016 SHC1 20000 
311860105120017 SHC1 20000 
311860105120021 SHC1 20000 
311860105120022 SHC1 20000 
311860105120023 SHC1 20000 
311860105120024 SHC1 20000 
311860105120025 SHC1 20000 
311860105120026 SHC1 20000 
311860105120027 SHC1 20000 
311860105120028 SHC1 20000 
311860105120029 SHC1 20000 
311860105120031 SHC1 20000 
311860105120032 SHC1 20000 
311860105120033 SHC1 20000 
311860105120034 SHC1 20000 
311860105120035 SHC1 20000 
311860105120036 SHC1 20000 
311860105120037 SHC1 20000 
311860105120038 SHC1 20000 
311860105120039 SHC1 20000 
311860105120040 SHC1 20000 
311860105120041 SHC1 20000 
311860105120042 SHC1 20000 
311860105120043 SHC1 20000 
311860105120044 SHC1 20000 
311860105130001 SHC1 20000 
311860105130002 SHC1 20000 
311860105130003 SHC1 20000 
311860105130004 SHC1 20000 
311860105130005 SHC1 20000 
311860105130006 SHC1 20000 
311860105130008 SHC1 20000 
311860105130009 SHC1 20000 
311860105130010 SHC1 20000 
311860105130011 SHC1 20000 
311860105130014 SHC1 20000 
311860105130015 SHC1 20000 
311860105130016 SHC1 20000 
311860105130017 SHC1 20000 
311860105130018 SHC1 20000 
311860105130020 SHC1 20000 
311860105130021 SHC1 20000 
311860105130022 SHC1 20000 
311860105130023 SHC1 20000 
311860105130024 SHC1 20000 
311860105130025 SHC1 20000 
311860105130026 SHC1 20000 
311860105130027 SHC1 20000 
311860105130028 SHC1 20000 
311860105130029 SHC1 20000 
311860105130030 SHC1 20000 
311860105130032 SHC1 20000 
311860105130033 SHC1 20000 
311860105130034 SHC1 20000 
311860105130035 SHC1 20000 
311860105130036 SHC1 20000 
311860105130037 SHC1 20000 
311860105130038 SHC1 20000 
311860105130039 SHC1 20000 
311860105130040 SHC1 20000 
311860105130041 SHC1 20000 
311860105130042 SHC1 20000 
311860105130043 SHC1 20000 
311860105130044 SHC1 20000 
311860105130045 SHC1 20000 
311860105130046 SHC1 20000 
311860105130047 SHC1 20000 
311860105130048 SHC1 20000 
311860105130049 SHC1 20000 
311860105130050 SHC1 20000 
311860105130051 SHC1 20000 
311860105140002 SHC1 20000 
311860105140003 SHC1 20000 
311860105140004 SHC1 20000 
311860105140005 SHC1 20000 
311860105140006 SHC1 20000 
311860105140007 SHC1 20000 
311860105140008 SHC1 20000 
311860105140010 SHC1 20000 
311860105140011 SHC1 20000 
311860105140012 SHC1 20000 
311860105140013 SHC1 20000 
311860105140014 SHC1 20000 
311860105140015 SHC1 20000 
311860105140016 SHC1 20000 
311860105140017 SHC1 20000 
311860105140018 SHC1 20000 
311860105140020 SHC1 20000 
311860105140023 SHC1 20000 
311860105140024 SHC1 20000 
311860105140025 SHC1 20000 
311860105140027 SHC1 20000 
311860105140029 SHC1 20000 
311860105140030 SHC1 20000 
311860105140031 SHC1 20000 
311860105140032 SHC1 20000 
311860105140033 SHC1 20000 
311860105140034 SHC1 20000 
311860105140035 SHC1 20000 
311860105140036 SHC1 20000 
311860105140037 SHC1 20000 
311860105140038 SHC1 20000 
311860105140039 SHC1 20000 
311860105140040 SHC1 20000 
311860105140041 SHC1 20000 
311860105140042 SHC1 20000 
311860105140043 SHC1 20000 
311860105140044 SHC1 20000 
311860105140045 SHC1 20000 
311860105140047 SHC1 20000 
311860105140048 SHC1 20000 
311860105140049 SHC1 20000 
311860105140050 SHC1 20000 
311860105140051 SHC1 20000 
311860105140052 SHC1 20000 
311860105140053 SHC1 20000 
311860105140054 SHC1 20000 
311860105140055 SHC1 20000 
311860105140056 SHC1 20000 
311860105140057 SHC1 20000 
311860105140058 SHC1 20000 
311860105140059 SHC1 20000 
311860105140060 SHC1 20000 
311860105140061 SHC1 20000 
311860105140062 SHC1 20000 
311860105140063 SHC1 20000 
311860105140064 SHC1 20000 
311860105150005 SHC1 20000 
311860105150007 SHC1 20000 
311860105150008 SHC1 20000 
311860105150009 SHC1 20000 
311860105150010 SHC1 20000 
311860105150011 SHC1 20000 
311860105150012 SHC1 20000 
311860105150013 SHC1 20000 
311860105150014 SHC1 20000 
311860105150017 SHC1 20000 
311860105150018 SHC1 20000 
311860105150019 SHC1 20000 
311860105150020 SHC1 20000 
311860105150021 SHC1 20000 
311860105150022 SHC1 20000 
311860105150023 SHC1 20000 
311860105150024 SHC1 20000 
311860105150026 SHC1 20000 
311860105150027 SHC1 20000 
311860105150028 SHC1 20000 
311860105150029 SHC1 20000 
311860105150030 SHC1 20000 
311860105150031 SHC1 20000 
311860105150032 SHC1 20000 
311860105150033 SHC1 20000 
311860105150034 SHC1 20000 
311860105150035 SHC1 20000 
311860105150036 SHC1 20000 
311860105150037 SHC1 20000 
311860105150038 SHC1 20000 
311860105150039 SHC1 20000 
311860105150040 SHC1 20000 
311860105150041 SHC1 20000 
311860105150042 SHC1 20000 
311860105150043 SHC1 20000 
311860105150044 SHC1 20000 
311860105150045 SHC1 20000 
311860105150046 SHC1 20000 
311860105150047 SHC1 20000 
311860105150048 SHC1 20000 
311860105150049 SHC1 20000 
311860105150050 SHC1 20000 
311860105150051 SHC1 20000 
311860105150052 SHC1 20000 
311860105150053 SHC1 20000 
311860105150054 SHC1 20000 
311860105150055 SHC1 20000 
311860105150056 SHC1 20000 
311860105150057 SHC1 20000 
311860105150058 SHC1 20000 
311860105150059 SHC1 20000 
311860105150060 SHC1 20000 
311860105150061 SHC1 20000 
311860105150062 SHC1 20000 
311860105150063 SHC1 20000 
311860105160001 SHC1 20000 
311860105160002 SHC1 20000 
311860105160004 SHC1 20000 
311860105160009 SHC1 20000 
311860105160010 SHC1 20000 
311860105160011 SHC1 20000 
311860105160012 SHC1 20000 
311860105160013 SHC1 20000 
311860105160015 SHC1 20000 
311860105160016 SHC1 20000 
311860105160018 SHC1 20000 
311860105160019 SHC1 20000 
311860105160020 SHC1 20000 
311860105160021 SHC1 20000 
311860105160022 SHC1 20000 
311860105160024 SHC1 20000 
311860105160025 SHC1 20000 
311860105160026 SHC1 20000 
311860105160027 SHC1 20000 
311860105160028 SHC1 20000 
311860105160029 SHC1 20000 
311860105160030 SHC1 20000 
311860105160031 SHC1 20000 
311860105160032 SHC1 20000 
311860105160033 SHC1 20000 
311860105160034 SHC1 20000 
311860105160036 SHC1 20000 
311860105160037 SHC1 20000 
311860105160038 SHC1 20000 
311860105160039 SHC1 20000 
311860105170003 SHC1 20000 
311860105170004 SHC1 20000 
311860105170005 SHC1 20000 
311860105170006 SHC1 20000 
311860105170007 SHC1 20000 
311860105170008 SHC1 20000 
311860105170009 SHC1 20000 
311860105170010 SHC1 20000 
311860105170011 SHC1 20000 
311860105170013 SHC1 20000 
311860105170014 SHC1 20000 
311860105170015 SHC1 20000 
311860105170016 SHC1 20000 
311860105170017 SHC1 20000 
311860105170018 SHC1 20000 
311860105170019 SHC1 20000 
311860105170020 SHC1 20000 
311860105170021 SHC1 20000 
311860105170022 SHC1 20000 
311860105170023 SHC1 20000 
311860105180003 SHC1 20000 
311860105180004 SHC1 20000 
311860105180006 SHC1 20000 
311860105180008 SHC1 20000 
311860105180009 SHC1 20000 
311860105180010 SHC1 20000 
311860105180011 SHC1 20000 
311860105180012 SHC1 20000 
311860105180013 SHC1 20000 
311860105180014 SHC1 20000 
311860105180015 SHC1 20000 
311860105180017 SHC1 20000 
311860105180018 SHC1 20000 
311860105180019 SHC1 20000 
311860105180020 SHC1 20000 
311860105180021 SHC1 20000 
311860105180022 SHC1 20000 
311860105180023 SHC1 20000 
311860105190001 SHC1 20000 
311860105190002 SHC1 20000 
311860105200002 SHC1 20000 
311860105200004 SHC1 20000 
311860105200005 SHC1 20000 
311860105200006 SHC1 20000 
311860105200007 SHC1 20000 
311860105200009 SHC1 20000 
311860105200010 SHC1 20000 
311860105200011 SHC1 20000 
311860105200012 SHC1 20000 
311860105200014 SHC1 20000 
311860105200015 SHC1 20000 
311860105200016 SHC1 20000 
311860105200017 SHC1 20000 
311860105200019 SHC1 20000 
311860105200020 SHC1 20000 
311860105200023 SHC1 20000 
311860105200025 SHC1 20000 
311860105200026 SHC1 20000 
311860105200027 SHC1 20000 
311860105200028 SHC1 20000 
311860105200029 SHC1 20000 
311860105200030 SHC1 20000 
311860105200031 SHC1 20000 
311860105200032 SHC1 20000 
311860105200033 SHC1 20000 
311860105200034 SHC1 20000 
311860105200036 SHC1 20000 
311860105200037 SHC1 20000 
311860105200038 SHC1 20000 
311860105200039 SHC1 20000 
311860105200040 SHC1 20000 
311860105200041 SHC1 20000 
311860105200042 SHC1 20000 
311860105200043 SHC1 20000 
311860105200044 SHC1 20000 
311860105200045 SHC1 20000 
311860105200046 SHC1 20000 
311860105210001 SHC1 20000 
311860105210002 SHC1 20000 
311860105210004 SHC1 20000 
311860105210006 SHC1 20000 
311860105210007 SHC1 20000 
311860105210008 SHC1 20000 
311860105210009 SHC1 20000 
311860105210010 SHC1 20000 
311860105210011 SHC1 20000 
311860105210012 SHC1 20000 
311860105210013 SHC1 20000 
311860105210014 SHC1 20000 
311860105210021 SHC1 20000 
311860105210022 SHC1 20000 
311860105210023 SHC1 20000 
311860105210024 SHC1 20000 
311860105210025 SHC1 20000 
311860105210029 SHC1 20000 
311860105210030 SHC1 20000 
311860105210031 SHC1 20000 
311860105210032 SHC1 20000 
311860105210035 SHC1 20000 
311860105210036 SHC1 20000 
311860105210037 SHC1 20000 
311860105210039 SHC1 20000 
311860105210041 SHC1 20000 
311860105210042 SHC1 20000 
311860105210043 SHC1 20000 
311860105210044 SHC1 20000 
311860105210045 SHC1 20000 
311860105210046 SHC1 20000 
311860105210047 SHC1 20000 
311860105210048 SHC1 20000 
311860105210049 SHC1 20000 
311860105210050 SHC1 20000 
311860105210051 SHC1 20000 
311860105210052 SHC1 20000 
311860105210054 SHC1 20000 
311860105210055 SHC1 20000 
311860105210056 SHC1 20000 
311860105210060 SHC1 20000 
311860105210061 SHC1 20000 
311860105210062 SHC1 20000 
311860105210063 SHC1 20000 
311860105210064 SHC1 20000 
311860105210065 SHC1 20000 
311860105210066 SHC1 20000 
311860105210067 SHC1 20000 
311860105210070 SHC1 20000 
311860105210071 SHC1 20000 
311860105210072 SHC1 20000 
311860105210073 SHC1 20000 
311860105210074 SHC1 20000 
311860105210075 SHC1 20000 
311860105210076 SHC1 20000 
311860105210077 SHC1 20000 
311860105210078 SHC1 20000 
311860105210079 SHC1 20000 
311860105210080 SHC1 20000 
311860105210081 SHC1 20000 
311860105210082 SHC1 20000 
311860105210083 SHC1 20000 
311860105210084 SHC1 20000 
311860105210085 SHC1 20000 
311860105210086 SHC1 20000 
311860105210087 SHC1 20000 
311860105210088 SHC1 20000 
311860105210089 SHC1 20000 
311860105210090 SHC1 20000 
311860105210091 SHC1 20000 
311860105210092 SHC1 20000 
311860105210093 SHC1 20000 
311860105210094 SHC1 20000 
311860105210095 SHC1 20000 
311860105210096 SHC1 20000 
311860105210097 SHC1 20000 
311860105210098 SHC1 20000 
311860105210099 SHC1 20000 
311860105210100 SHC1 20000 
311860105210101 SHC1 20000 
311860105210102 SHC1 20000 
311860105210103 SHC1 20000 
311860105210104 SHC1 20000 
311860105210105 SHC1 20000 
311860105210106 SHC1 20000 
311860105210107 SHC1 20000 
311860105210108 SHC1 20000 
311860105220001 SHC1 20000 
311860105220002 SHC1 20000 
311860105220004 SHC1 20000 
311860105220005 SHC1 20000 
311860105220008 SHC1 20000 
311860105220009 SHC1 20000 
311860105220011 SHC1 20000 
311860105220012 SHC1 20000 
311860105220013 SHC1 20000 
311860105220015 SHC1 20000 
311860105220016 SHC1 20000 
311860105230001 SHC1 20000 
311860105230002 SHC1 20000 
311860105230004 SHC1 20000 
311860105230005 SHC1 20000 
311860105230006 SHC1 20000 
311860105230007 SHC1 20000 
311860105230008 SHC1 20000 
311860105230009 SHC1 20000 
311860105230013 SHC1 20000 
311860105230014 SHC1 20000 
311860105230015 SHC1 20000 
311860105230016 SHC1 20000 
311860105230017 SHC1 20000 
311860105230018 SHC1 20000 
311860105230019 SHC1 20000 
311860105230020 SHC1 20000 
311860105230025 SHC1 20000 
311860105230027 SHC1 20000 
311860105230028 SHC1 20000 
311860105230029 SHC1 20000 
311860105230032 SHC1 20000 
311860105230033 SHC1 20000 
311860105230038 SHC1 20000 
311860105230039 SHC1 20000 
311860105230041 SHC1 20000 
311860105230042 SHC1 20000 
311860105230044 SHC1 20000 
311860105230045 SHC1 20000 
311860105230047 SHC1 20000 
311860105230048 SHC1 20000 
311860105230050 SHC1 20000 
311860105230052 SHC1 20000 
311860105230054 SHC1 20000 
311860105230055 SHC1 20000 
311860105230056 SHC1 20000 
311860105230057 SHC1 20000 
311860105230058 SHC1 20000 
311860105230059 SHC1 20000 
311860105230060 SHC1 20000 
311860105230061 SHC1 20000 
311860105230062 SHC1 20000 
311860105230063 SHC1 20000 
311860105230064 SHC1 20000 
311860105230065 SHC1 20000 
311860105230066 SHC1 20000 
311860105230067 SHC1 20000 
311860105230068 SHC1 20000 
311860105230069 SHC1 20000 
311860105230070 SHC1 20000 
311860105230071 SHC1 20000 
311860105230074 SHC1 20000 
311860105230075 SHC1 20000 
311860105230076 SHC1 20000 
311860105230080 SHC1 20000 
311860105230084 SHC1 20000 
311860105230088 SHC1 20000 
311860105230091 SHC1 20000 
311860105230092 SHC1 20000 
311860105230094 SHC1 20000 
311860105230095 SHC1 20000 
311860105230096 SHC1 20000 
311860105230097 SHC1 20000 
311860105230098 SHC1 20000 
311860105230099 SHC1 20000 
311860105230100 SHC1 20000 
311860105230101 SHC1 20000 
311860105230103 SHC1 20000 
311860105230104 SHC1 20000 
311860105230106 SHC1 20000 
311860105230107 SHC1 20000 
311860105230108 SHC1 20000 
311860105230109 SHC1 20000 
311860105230111 SHC1 20000 
311860105230112 SHC1 20000 
311860105230113 SHC1 20000 
311860105230114 SHC1 20000 
311860105230115 SHC1 20000 
311860105230116 SHC1 20000 
311860105230117 SHC1 20000 
311860105230118 SHC1 20000 
311860105230120 SHC1 20000 
311860105230121 SHC1 20000 
311860105230122 SHC1 20000 
311860105230123 SHC1 20000 
311860105230124 SHC1 20000 
311860105230125 SHC1 20000 
311860105230126 SHC1 20000 
311860105230127 SHC1 20000 
311860105230128 SHC1 20000 
311860105230129 SHC1 20000 
311860105230130 SHC1 20000 
311860105230131 SHC1 20000 
311860105230132 SHC1 20000 
311860105230133 SHC1 20000 
311860105230134 SHC1 20000 
311860105230135 SHC1 20000 
311860105230136 SHC1 20000 
311860105230137 SHC1 20000 
311860105230138 SHC1 20000 
311860105230139 SHC1 20000 
311860105230140 SHC1 20000 
311860105230141 SHC1 20000 
311860105230142 SHC1 20000 
311860105230143 SHC1 20000 
311860105230144 SHC1 20000 
311860105230145 SHC1 20000 
311860105230146 SHC1 20000 
311860105230147 SHC1 20000 
311860105230148 SHC1 20000 
311860105230149 SHC1 20000 
311860105230150 SHC1 20000 
311860105230151 SHC1 20000 
311860105230152 SHC1 20000 
311860105230154 SHC1 20000 
311860105230155 SHC1 20000 
311860105230157 SHC1 20000 
311860105230158 SHC1 20000 
311860105230159 SHC1 20000 
311860105230160 SHC1 20000 
311860105230161 SHC1 20000 
311860105230162 SHC1 20000 
311860105230163 SHC1 20000 
311860105230164 SHC1 20000 
311860105230165 SHC1 20000 
311860105230166 SHC1 20000 
311860105230167 SHC1 20000 
311860105230168 SHC1 20000 
311860105230169 SHC1 20000 
311860105230170 SHC1 20000 
311860105230171 SHC1 20000 
311860105230172 SHC1 20000 
311860105230173 SHC1 20000 
311860105230174 SHC1 20000 
311860105230175 SHC1 20000 
311860105230176 SHC1 20000 
311860105230177 SHC1 20000 
311860105230178 SHC1 20000 
311860105230179 SHC1 20000 
311860105230180 SHC1 20000 
311860105230181 SHC1 20000 
311860105230182 SHC1 20000 
311860105230183 SHC1 20000 
311860105230184 SHC1 20000 
311860105230185 SHC1 20000 
311860105230186 SHC1 20000 
311860105230187 SHC1 20000 
311860105230188 SHC1 20000 
311860105230189 SHC1 20000 
311860105230190 SHC1 20000 
311860105230191 SHC1 20000 
311860105230192 SHC1 20000 
311860105230193 SHC1 20000 
311860105230194 SHC1 20000 
311860105230195 SHC1 20000 
311860105230196 SHC1 20000 
311860105230197 SHC1 20000 
311860105230198 SHC1 20000 
311860105230199 SHC1 20000 
311860105230200 SHC1 20000 
311860105230201 SHC1 20000 
311860105230202 SHC1 20000 
311860105230204 SHC1 20000 
311860105240001 SHC1 20000 
311860105250003 SHC1 20000 
311860105250004 SHC1 20000 
311860105250005 SHC1 20000 
311860105250006 SHC1 20000 
311860105250007 SHC1 20000 
311860105250009 SHC1 20000 
311860105250011 SHC1 20000 
311860105250012 SHC1 20000 
311860105250013 SHC1 20000 
311860105250014 SHC1 20000 
311860105250015 SHC1 20000 
311860105250017 SHC1 20000 
311860105250018 SHC1 20000 
311860105250019 SHC1 20000 
311860105250020 SHC1 20000 
311860105250022 SHC1 20000 
311860105250023 SHC1 20000 
311860105250024 SHC1 20000 
311860105250025 SHC1 20000 
311860105250026 SHC1 20000 
311860105250027 SHC1 20000 
311860105250028 SHC1 20000 
311860105250029 SHC1 20000 
311860105250030 SHC1 20000 
311860105250031 SHC1 20000 
311860105250032 SHC1 20000 
311860105250033 SHC1 20000 
311860105250034 SHC1 20000 
311860105260001 SHC1 20000 
311860105260002 SHC1 20000 
311860105260003 SHC1 20000 
311860105260004 SHC1 20000 
311860105260005 SHC1 20000 
311860105260006 SHC1 20000 
311860105260007 SHC1 20000 
311860105260008 SHC1 20000 
311860105260009 SHC1 20000 
311860105260011 SHC1 20000 
311860105260012 SHC1 20000 
311860105260014 SHC1 20000 
311860105260015 SHC1 20000 
311860105260016 SHC1 20000 
311860105260017 SHC1 20000 
311860105260018 SHC1 20000 
311860105260019 SHC1 20000 
311860105260021 SHC1 20000 
311860105260022 SHC1 20000 
311860105260023 SHC1 20000 
311860105260024 SHC1 20000 
311860105260025 SHC1 20000 
311860105260026 SHC1 20000 
311860105260029 SHC1 20000 
311860105260030 SHC1 20000 
311860105260035 SHC1 20000 
311860105260036 SHC1 20000 
311860105260037 SHC1 20000 
311860105260038 SHC1 20000 
311860105260039 SHC1 20000 
311860105260040 SHC1 20000 
311860105260041 SHC1 20000 
311860105260042 SHC1 20000 
311860105260043 SHC1 20000 
311860105260044 SHC1 20000 
311860105260046 SHC1 20000 
311860105260047 SHC1 20000 
311860105260051 SHC1 20000 
311860105260052 SHC1 20000 
311860105260055 SHC1 20000 
311860105260057 SHC1 20000 
311860105260058 SHC1 20000 
311860105260059 SHC1 20000 
311860105260061 SHC1 20000 
311860105260062 SHC1 20000 
311860105260063 SHC1 20000 
311860105260064 SHC1 20000 
311860105260065 SHC1 20000 
311860105260066 SHC1 20000 
311860105260067 SHC1 20000 
311860105260068 SHC1 20000 
311860105260069 SHC1 20000 
311860105260070 SHC1 20000 
311860105260071 SHC1 20000 
311860105260072 SHC1 20000 
311860105260073 SHC1 20000 
311860105260074 SHC1 20000 
311860105260075 SHC1 20000 
311860105260076 SHC1 20000 
311860105260077 SHC1 20000 
311860105260078 SHC1 20000 
311860105260079 SHC1 20000 
311860105260080 SHC1 20000 
311860105260081 SHC1 20000 
311860105260082 SHC1 20000 
311860105260083 SHC1 20000 
311860105260084 SHC1 20000 
311860105260085 SHC1 20000 
311860105260086 SHC1 20000 
311860105260087 SHC1 20000 
311860105260088 SHC1 20000 
311860105260089 SHC1 20000 
311860105260090 SHC1 20000 
311860105260091 SHC1 20000 
311860105260092 SHC1 20000 
311860105260093 SHC1 20000 
311860105260094 SHC1 20000 
311860105260095 SHC1 20000 
311860105270003 SHC1 20000 
311860105270004 SHC1 20000 
311860105270006 SHC1 20000 
311860105270007 SHC1 20000 
311860105270008 SHC1 20000 
311860105270010 SHC1 20000 
311860105270011 SHC1 20000 
311860105270012 SHC1 20000 
311860105270013 SHC1 20000 
311860105270014 SHC1 20000 
311860105270015 SHC1 20000 
311860105270017 SHC1 20000 
311860105270018 SHC1 20000 
311860105270019 SHC1 20000 
311860105270020 SHC1 20000 
311860105270022 SHC1 20000 
311860105270024 SHC1 20000 
311860105270025 SHC1 20000 
311860105270026 SHC1 20000 
311860105270027 SHC1 20000 
311860105270028 SHC1 20000 
311860105270029 SHC1 20000 
311860105270031 SHC1 20000 
311860105270032 SHC1 20000 
311860105270033 SHC1 20000 
311860105270034 SHC1 20000 
311860105270035 SHC1 20000 
311860105270036 SHC1 20000 
311860105270037 SHC1 20000 
311860105270038 SHC1 20000 
311860105270039 SHC1 20000 
311860105270041 SHC1 20000 
311860105270042 SHC1 20000 
311860105270044 SHC1 20000 
311860105270045 SHC1 20000 
311860105270046 SHC1 20000 
311860105270047 SHC1 20000 
311860105270050 SHC1 20000 
311860105270051 SHC1 20000 
311860105270053 SHC1 20000 
311860105270054 SHC1 20000 
311860105270055 SHC1 20000 
311860105270056 SHC1 20000 
311860105270057 SHC1 20000 
311860105270058 SHC1 20000 
311860105270059 SHC1 20000 
311860105270060 SHC1 20000 
311860105270061 SHC1 20000 
311860105270062 SHC1 20000 
311860105270063 SHC1 20000 
311860105270064 SHC1 20000 
311860105270066 SHC1 20000 
311860105270068 SHC1 20000 
311860105270069 SHC1 20000 
311860105270070 SHC1 20000 
311860105270071 SHC1 20000 
311860105270072 SHC1 20000 
311860105270073 SHC1 20000 
311860105270074 SHC1 20000 
311860105270075 SHC1 20000 
311860105270076 SHC1 20000 
311860105270077 SHC1 20000 
311860105270078 SHC1 20000 
311860105270079 SHC1 20000 
311860105270080 SHC1 20000 
311860105270081 SHC1 20000 
311860105270082 SHC1 20000 
311860105270083 SHC1 20000 
311860105270084 SHC1 20000 
311860105270085 SHC1 20000 
311860105270086 SHC1 20000 
311860105270087 SHC1 20000 
311860105270088 SHC1 20000 
311860105270089 SHC1 20000 
311860105270090 SHC1 20000 
311860105270091 SHC1 20000 
311860105270092 SHC1 20000 
311860105270093 SHC1 20000 
311860105270094 SHC1 20000 
311860105270095 SHC1 20000 
311860105270096 SHC1 20000 
311860105270097 SHC1 20000 
311860105270098 SHC1 20000 
311860105270099 SHC1 20000 
311860105270100 SHC1 20000 
311860105270101 SHC1 20000 
311860105270102 SHC1 20000 
311860105270103 SHC1 20000 
311860105270104 SHC1 20000 
311860105270105 SHC1 20000 
311860105270106 SHC1 20000 
311860105280003 SHC1 20000 
311860105280006 SHC1 20000 
311860105280007 SHC1 20000 
311860105280008 SHC1 20000 
311860105280009 SHC1 20000 
311860105280010 SHC1 20000 
311860105280011 SHC1 20000 
311860105280012 SHC1 20000 
311860105280013 SHC1 20000 
311860105280024 SHC1 20000 
311860105280026 SHC1 20000 
311860105280027 SHC1 20000 
311860105280031 SHC1 20000 
311860105280033 SHC1 20000 
311860105280034 SHC1 20000 
311860105280035 SHC1 20000 
311860105280036 SHC1 20000 
311860105280039 SHC1 20000 
311860105280040 SHC1 20000 
311860105280041 SHC1 20000 
311860105280042 SHC1 20000 
311860105280043 SHC1 20000 
311860105280044 SHC1 20000 
311860105280045 SHC1 20000 
311860105280046 SHC1 20000 
311860105280047 SHC1 20000 
311860105280048 SHC1 20000 
311860105280049 SHC1 20000 
311860105280051 SHC1 20000 
311860105280052 SHC1 20000 
311860105280053 SHC1 20000 
311860105280054 SHC1 20000 
311860105280055 SHC1 20000 
311860105280056 SHC1 20000 
311860105280057 SHC1 20000 
311860105280058 SHC1 20000 
311860105280059 SHC1 20000 
311860105280061 SHC1 20000 
311860105280063 SHC1 20000 
311860105280064 SHC1 20000 
311860105280065 SHC1 20000 
311860105280066 SHC1 20000 
311860105280067 SHC1 20000 
311860105280068 SHC1 20000 
311860105280069 SHC1 20000 
311860105280070 SHC1 20000 
311860110010006 SHC1 20000 
311860110010007 SHC1 20000 
311860110010008 SHC1 20000 
311860110010010 SHC1 20000 
311860110010011 SHC1 20000 
311860110010013 SHC1 20000 
311860110010014 SHC1 20000 
311860110010017 SHC1 20000 
311860110010018 SHC1 20000 
311860110010019 SHC1 20000 
311860110010020 SHC1 20000 
311860110010023 SHC1 20000 
311860110010024 SHC1 20000 
311860110010025 SHC1 20000 
311860110010026 SHC1 20000 
311860110010031 SHC1 20000 
311860110010032 SHC1 20000 
311860110010033 SHC1 20000 
311860110010034 SHC1 20000 
311860110010037 SHC1 20000 
311860110010038 SHC1 20000 
311860110010039 SHC1 20000 
311860110010040 SHC1 20000 
311860110010041 SHC1 20000 
311860110010042 SHC1 20000 
311860110010044 SHC1 20000 
311860110010045 SHC1 20000 
311860110010046 SHC1 20000 
311860110010047 SHC1 20000 
311860110020001 SHC1 20000 
311860110020002 SHC1 20000 
311860110020003 SHC1 20000 
311860110020004 SHC1 20000 
311860110020008 SHC1 20000 
311860110020011 SHC1 20000 
311860110020015 SHC1 20000 
311860110020017 SHC1 20000 
311860110020018 SHC1 20000 
311860110020019 SHC1 20000 
311860110020020 SHC1 20000 
311860110020022 SHC1 20000 
311860110020023 SHC1 20000 
311860110020024 SHC1 20000 
311860110020025 SHC1 20000 
311860110020026 SHC1 20000 
311860110020027 SHC1 20000 
311860110020028 SHC1 20000 
311860110020029 SHC1 20000 
311860110020030 SHC1 20000 
311860110020031 SHC1 20000 
311860110020032 SHC1 20000 
311860110020033 SHC1 20000 
311860110020034 SHC1 20000 
311860110020035 SHC1 20000 
311860110020038 SHC1 20000 
311860110020039 SHC1 20000 
311860110020040 SHC1 20000 
311860110020041 SHC1 20000 
311860110020043 SHC1 20000 
311860110030001 SHC1 20000 
311860110030002 SHC1 20000 
311860110030003 SHC1 20000 
311860110030004 SHC1 20000 
311860110030005 SHC1 20000 
311860110030006 SHC1 20000 
311860110030007 SHC1 20000 
311860110030008 SHC1 20000 
311860110030009 SHC1 20000 
311860110030010 SHC1 20000 
311860110030011 SHC1 20000 
311860110030013 SHC1 20000 
311860110030014 SHC1 20000 
311860110030015 SHC1 20000 
311860110030016 SHC1 20000 
311860110030017 SHC1 20000 
311860110030019 SHC1 20000 
311860110030020 SHC1 20000 
311860110030022 SHC1 20000 
311860110030023 SHC1 20000 
311860110030024 SHC1 20000 
311860110030025 SHC1 20000 
311860110030026 SHC1 20000 
311860110030027 SHC1 20000 
311860110030028 SHC1 20000 
311860110030029 SHC1 20000 
311860110030030 SHC1 20000 
311860110030031 SHC1 20000 
311860110030032 SHC1 20000 
311860110030033 SHC1 20000 
311860110030034 SHC1 20000 
311860110030035 SHC1 20000 
311860110030036 SHC1 20000 
311860110030037 SHC1 20000 
311860110030038 SHC1 20000 
311860110030039 SHC1 20000 
311860110030040 SHC1 20000 
311860110030042 SHC1 20000 
311860110030044 SHC1 20000 
311860110030045 SHC1 20000 
311860110030046 SHC1 20000 
311860110030047 SHC1 20000 
311860110030049 SHC1 20000 
311860110030050 SHC1 20000 
311860110030052 SHC1 20000 
311860110030053 SHC1 20000 
311860110030054 SHC1 20000 
311860110030056 SHC1 20000 
311860110030057 SHC1 20000 
311860110030058 SHC1 20000 
311860110030059 SHC1 20000 
311860110030060 SHC1 20000 
311860110030061 SHC1 20000 
311860110030062 SHC1 20000 
311860110030063 SHC1 20000 
311860110030064 SHC1 20000 
311860110030065 SHC1 20000 
311860110030066 SHC1 20000 
311860110030067 SHC1 20000 
311860110030068 SHC1 20000 
311860110030069 SHC1 20000 
311860110030070 SHC1 20000 
311860110030071 SHC1 20000 
311860110030072 SHC1 20000 
311860110030073 SHC1 20000 
311860110030074 SHC1 20000 
311860110030075 SHC1 20000 
311860110030076 SHC1 20000 
311860110030077 SHC1 20000 
311860110030078 SHC1 20000 
311860110030079 SHC1 20000 
311860110030080 SHC1 20000 
311860110040002 SHC1 20000 
311860110040003 SHC1 20000 
311860110040004 SHC1 20000 
311860110040005 SHC1 20000 
311860110040007 SHC1 20000 
311860110040008 SHC1 20000 
311860110040010 SHC1 20000 
311860110040011 SHC1 20000 
311860110040012 SHC1 20000 
311860110040015 SHC1 20000 
311860110040017 SHC1 20000 
311860110040018 SHC1 20000 
311860110040019 SHC1 20000 
311860110040020 SHC1 20000 
311860110040021 SHC1 20000 
311860110040023 SHC1 20000 
311860110040024 SHC1 20000 
311860110040025 SHC1 20000 
311860110040026 SHC1 20000 
311860110040027 SHC1 20000 
311860110040028 SHC1 20000 
311860110040029 SHC1 20000 
311860110040030 SHC1 20000 
311860110040031 SHC1 20000 
311860110040032 SHC1 20000 
311860110040033 SHC1 20000 
311860110040034 SHC1 20000 
311860110040035 SHC1 20000 
311860110040036 SHC1 20000 
311860110040037 SHC1 20000 
311860110040038 SHC1 20000 
311860110050001 SHC1 20000 
311860110050003 SHC1 20000 
311860110050004 SHC1 20000 
311860110050005 SHC1 20000 
311860110050006 SHC1 20000 
311860110050007 SHC1 20000 
311860110050008 SHC1 20000 
311860110050010 SHC1 20000 
311860110050011 SHC1 20000 
311860110050012 SHC1 20000 
311860110050013 SHC1 20000 
311860110060001 SHC1 20000 
311860110060004 SHC1 20000 
311860110060005 SHC1 20000 
311860110060006 SHC1 20000 
311860110060007 SHC1 20000 
311860110060008 SHC1 20000 
311860110060009 SHC1 20000 
311860110060010 SHC1 20000 
311860110060011 SHC1 20000 
311860110060012 SHC1 20000 
311860110060013 SHC1 20000 
311860110060014 SHC1 20000 
311860110060018 SHC1 20000 
311860110060019 SHC1 20000 
311860110060021 SHC1 20000 
311860110060022 SHC1 20000 
311860110060024 SHC1 20000 
311860110060025 SHC1 20000 
311860110060026 SHC1 20000 
311860110060027 SHC1 20000 
311860110060028 SHC1 20000 
311860110060029 SHC1 20000 
311860110060030 SHC1 20000 
311860110060031 SHC1 20000 
311860110060032 SHC1 20000 
311860110060033 SHC1 20000 
311860110060034 SHC1 20000 
311860110060035 SHC1 20000 
311860110060036 SHC1 20000 
311860110060037 SHC1 20000 
311860110060038 SHC1 20000 
311860110070001 SHC1 20000 
311860110070002 SHC1 20000 
311860110070003 SHC1 20000 
311860110070005 SHC1 20000 
311860110070009 SHC1 20000 
311860110070010 SHC1 20000 
311860110070011 SHC1 20000 
311860110070012 SHC1 20000 
311860110070013 SHC1 20000 
311860110070014 SHC1 20000 
311860110070016 SHC1 20000 
311860110070017 SHC1 20000 
311860110070019 SHC1 20000 
311860110070020 SHC1 20000 
311860110070021 SHC1 20000 
311860110070023 SHC1 20000 
311860110070024 SHC1 20000 
311860110070025 SHC1 20000 
311860110070026 SHC1 20000 
311860110070027 SHC1 20000 
311860110070029 SHC1 20000 
311860110070031 SHC1 20000 
311860110070033 SHC1 20000 
311860110070035 SHC1 20000 
311860110070036 SHC1 20000 
311860110070037 SHC1 20000 
311860110070038 SHC1 20000 
311860110070039 SHC1 20000 
311860110070040 SHC1 20000 
311860110070041 SHC1 20000 
311860110070042 SHC1 20000 
311860110070043 SHC1 20000 
311860110070044 SHC1 20000 
311860110070045 SHC1 20000 
311860110070046 SHC1 20000 
311860110070047 SHC1 20000 
311860110070048 SHC1 20000 
311860110070050 SHC1 20000 
311860110070053 SHC1 20000 
311860110070055 SHC1 20000 
311860110070056 SHC1 20000 
311860110070057 SHC1 20000 
311860110070058 SHC1 20000 
311860110070059 SHC1 20000 
311860110070060 SHC1 20000 
311860110070061 SHC1 20000 
311860110070062 SHC1 20000 
311860110070063 SHC1 20000 
311860110070064 SHC1 20000 
311860110070065 SHC1 20000 
311860110070066 SHC1 20000 
311860110070067 SHC1 20000 
311860110070068 SHC1 20000 
311860110070069 SHC1 20000 
311860110070070 SHC1 20000 
311860110070071 SHC1 20000 
311860110070072 SHC1 20000 
311860110070073 SHC1 20000 
311860110070074 SHC1 20000 
311860110070075 SHC1 20000 
311860110070076 SHC1 20000 
311860110070077 SHC1 20000 
311860110070078 SHC1 20000 
311860110070079 SHC1 20000 
311860110070080 SHC1 20000 
311860110070081 SHC1 20000 
311860110070082 SHC1 20000 
311860110070083 SHC1 20000 
311860110070084 SHC1 20000 
311860110070085 SHC1 20000 
311860110070086 SHC1 20000 
311860110080001 SHC1 20000 
311860110080002 SHC1 20000 
311860110080003 SHC1 20000 
311860110080004 SHC1 20000 
311860110080005 SHC1 20000 
311860110080006 SHC1 20000 
311860110080007 SHC1 20000 
311860110080008 SHC1 20000 
311860110080010 SHC1 20000 
311860110080011 SHC1 20000 
311860110080012 SHC1 20000 
311860110080015 SHC1 20000 
311860110080019 SHC1 20000 
311860110080020 SHC1 20000 
311860110080022 SHC1 20000 
311860110080023 SHC1 20000 
311860110080024 SHC1 20000 
311860110080025 SHC1 20000 
311860110080026 SHC1 20000 
311860110080027 SHC1 20000 
311860110080028 SHC1 20000 
311860110080029 SHC1 20000 
311860110080030 SHC1 20000 
311860110080031 SHC1 20000 
311860110080032 SHC1 20000 
311860110080033 SHC1 20000 
311860110080034 SHC1 20000 
311860110080035 SHC1 20000 
311860110080036 SHC1 20000 
311860110080037 SHC1 20000 
311860110080038 SHC1 20000 
311860110080039 SHC1 20000 
311860110080040 SHC1 20000 
311860110080041 SHC1 20000 
311860110080042 SHC1 20000 
311860110080043 SHC1 20000 
311860110080044 SHC1 20000 
311860110080045 SHC1 20000 
311860110090001 SHC1 20000 
311860110090002 SHC1 20000 
311860110090005 SHC1 20000 
311860110090006 SHC1 20000 
311860110090007 SHC1 20000 
311860110090009 SHC1 20000 
311860110090010 SHC1 20000 
311860110090011 SHC1 20000 
311860110090012 SHC1 20000 
311860110090014 SHC1 20000 
311860110090015 SHC1 20000 
311860110090016 SHC1 20000 
311860110090018 SHC1 20000 
311860110090019 SHC1 20000 
311860110090020 SHC1 20000 
311860110090021 SHC1 20000 
311860110090022 SHC1 20000 
311860110090023 SHC1 20000 
311860110090024 SHC1 20000 
311860110090026 SHC1 20000 
311860110090028 SHC1 20000 
311860110090029 SHC1 20000 
311860110090030 SHC1 20000 
311860110090031 SHC1 20000 
311860110090032 SHC1 20000 
311860110090033 SHC1 20000 
311860110090034 SHC1 20000 
311860110090035 SHC1 20000 
311860110090036 SHC1 20000 
311860110090037 SHC1 20000 
311860110090038 SHC1 20000 
311860110090039 SHC1 20000 
311860110090040 SHC1 20000 
311860110090041 SHC1 20000 
311860110090042 SHC1 20000 
311860110090043 SHC1 20000 
311860110090045 SHC1 20000 
311860110090046 SHC1 20000 
311860110090047 SHC1 20000 
311860110090048 SHC1 20000 
311860110090049 SHC1 20000 
311860110090050 SHC1 20000 
311860110090051 SHC1 20000 
311860110090052 SHC1 20000 
311860110090053 SHC1 20000 
311860110090054 SHC1 20000 
311860110090055 SHC1 20000 
311860110090056 SHC1 20000 
311860110090057 SHC1 20000 
311860110090058 SHC1 20000 
311860110090059 SHC1 20000 
311860110090060 SHC1 20000 
311860110090061 SHC1 20000 
311860110090063 SHC1 20000 
311860110090064 SHC1 20000 
311860110090065 SHC1 20000 
311860110090069 SHC1 20000 
311860110090070 SHC1 20000 
311860110090071 SHC1 20000 
311860110090073 SHC1 20000 
311860110090074 SHC1 20000 
311860110090076 SHC1 20000 
311860110090077 SHC1 20000 
311860110090078 SHC1 20000 
311860110090079 SHC1 20000 
311860110090080 SHC1 20000 
311860110090081 SHC1 20000 
311860110090082 SHC1 20000 
311860110090083 SHC1 20000 
311860110090084 SHC1 20000 
311860110090085 SHC1 20000 
311860110090086 SHC1 20000 
311860110090087 SHC1 20000 
311860110090088 SHC1 20000 
311860110090089 SHC1 20000 
311860110090090 SHC1 20000 
311860110090091 SHC1 20000 
311860110090092 SHC1 20000 
311860110090093 SHC1 20000 
311860110090094 SHC1 20000 
311860110090095 SHC1 20000 
311860110090096 SHC1 20000 
311860110090097 SHC1 20000 
311860110090098 SHC1 20000 
311860110090099 SHC1 20000 
311860110090100 SHC1 20000 
311860110090101 SHC1 20000 
311860110090102 SHC1 20000 
311860110090103 SHC1 20000 
311860110090104 SHC1 20000 
311860110090105 SHC1 20000 
311860110090106 SHC1 20000 
311860110090107 SHC1 20000 
311860110090108 SHC1 20000 
311860110090109 SHC1 20000 
311860110090110 SHC1 20000 
311860110110001 SHC1 20000 
311860110110002 SHC1 20000 
311860110110003 SHC1 20000 
311860110110004 SHC1 20000 
311860110110005 SHC1 20000 
311860110110006 SHC1 20000 
311860110110007 SHC1 20000 
311860110110008 SHC1 20000 
311860110110009 SHC1 20000 
311860110110010 SHC1 20000 
311860110110011 SHC1 20000 
311860110110012 SHC1 20000 
311860110110013 SHC1 20000 
311860110110015 SHC1 20000 
311860110110016 SHC1 20000 
311860110110017 SHC1 20000 
311860110110018 SHC1 20000 
311860110110019 SHC1 20000 
311860110110020 SHC1 20000 
311860110110021 SHC1 20000 
311860110110022 SHC1 20000 
311860110110023 SHC1 20000 
311860110110024 SHC1 20000 
311860110110025 SHC1 20000 
311860110110028 SHC1 20000 
311860110110029 SHC1 20000 
311860110110030 SHC1 20000 
311860110110031 SHC1 20000 
311860110110032 SHC1 20000 
311860110110033 SHC1 20000 
311860110110034 SHC1 20000 
311860110110035 SHC1 20000 
311860110110037 SHC1 20000 
311860110110038 SHC1 20000 
311860110110039 SHC1 20000 
311860110110040 SHC1 20000 
311860110110041 SHC1 20000 
311860110110042 SHC1 20000 
311860110110043 SHC1 20000 
311860110110044 SHC1 20000 
311860110110045 SHC1 20000 
311860110110046 SHC1 20000 
311860110110047 SHC1 20000 
;

param D0_3:=
311860105070001 THC1 35000 
311860105070002 THC1 35000 
311860105070003 THC1 35000 
311860105070005 THC1 35000 
311860105070007 THC1 35000 
311860105070008 THC1 35000 
311860105090001 THC1 35000 
311860105090002 THC1 35000 
311860105090005 THC1 35000 
311860105090006 THC1 35000 
311860105090007 THC1 35000 
311860105090008 THC1 35000 
311860105090010 THC1 35000 
311860105090012 THC1 35000 
311860105090013 THC1 35000 
311860105090014 THC1 35000 
311860105090016 THC1 35000 
311860105090019 THC1 35000 
311860105090020 THC1 35000 
311860105090021 THC1 35000 
311860105090022 THC1 35000 
311860105090023 THC1 35000 
311860105090024 THC1 35000 
311860105090025 THC1 35000 
311860105090026 THC1 35000 
311860105090027 THC1 35000 
311860105090028 THC1 35000 
311860105090029 THC1 35000 
311860105090030 THC1 35000 
311860105090031 THC1 35000 
311860105090032 THC1 35000 
311860105090033 THC1 35000 
311860105090034 THC1 35000 
311860105090035 THC1 35000 
311860105090036 THC1 35000 
311860105090037 THC1 35000 
311860105090038 THC1 35000 
311860105090039 THC1 35000 
311860105090040 THC1 35000 
311860105090041 THC1 35000 
311860105090042 THC1 35000 
311860105090043 THC1 35000 
311860105090044 THC1 35000 
311860105090045 THC1 35000 
311860105090046 THC1 35000 
311860105090047 THC1 35000 
311860105100004 THC1 35000 
311860105100005 THC1 35000 
311860105120001 THC1 35000 
311860105120002 THC1 35000 
311860105120003 THC1 35000 
311860105120004 THC1 35000 
311860105120005 THC1 35000 
311860105120006 THC1 35000 
311860105120007 THC1 35000 
311860105120008 THC1 35000 
311860105120012 THC1 35000 
311860105120013 THC1 35000 
311860105120014 THC1 35000 
311860105120015 THC1 35000 
311860105120016 THC1 35000 
311860105120017 THC1 35000 
311860105120021 THC1 35000 
311860105120022 THC1 35000 
311860105120023 THC1 35000 
311860105120024 THC1 35000 
311860105120025 THC1 35000 
311860105120026 THC1 35000 
311860105120027 THC1 35000 
311860105120028 THC1 35000 
311860105120029 THC1 35000 
311860105120031 THC1 35000 
311860105120032 THC1 35000 
311860105120033 THC1 35000 
311860105120034 THC1 35000 
311860105120035 THC1 35000 
311860105120036 THC1 35000 
311860105120037 THC1 35000 
311860105120038 THC1 35000 
311860105120039 THC1 35000 
311860105120040 THC1 35000 
311860105120041 THC1 35000 
311860105120042 THC1 35000 
311860105120043 THC1 35000 
311860105120044 THC1 35000 
311860105130001 THC1 35000 
311860105130002 THC1 35000 
311860105130003 THC1 35000 
311860105130004 THC1 35000 
311860105130005 THC1 35000 
311860105130006 THC1 35000 
311860105130008 THC1 35000 
311860105130009 THC1 35000 
311860105130010 THC1 35000 
311860105130011 THC1 35000 
311860105130014 THC1 35000 
311860105130015 THC1 35000 
311860105130016 THC1 35000 
311860105130017 THC1 35000 
311860105130018 THC1 35000 
311860105130020 THC1 35000 
311860105130021 THC1 35000 
311860105130022 THC1 35000 
311860105130023 THC1 35000 
311860105130024 THC1 35000 
311860105130025 THC1 35000 
311860105130026 THC1 35000 
311860105130027 THC1 35000 
311860105130028 THC1 35000 
311860105130029 THC1 35000 
311860105130030 THC1 35000 
311860105130032 THC1 35000 
311860105130033 THC1 35000 
311860105130034 THC1 35000 
311860105130035 THC1 35000 
311860105130036 THC1 35000 
311860105130037 THC1 35000 
311860105130038 THC1 35000 
311860105130039 THC1 35000 
311860105130040 THC1 35000 
311860105130041 THC1 35000 
311860105130042 THC1 35000 
311860105130043 THC1 35000 
311860105130044 THC1 35000 
311860105130045 THC1 35000 
311860105130046 THC1 35000 
311860105130047 THC1 35000 
311860105130048 THC1 35000 
311860105130049 THC1 35000 
311860105130050 THC1 35000 
311860105130051 THC1 35000 
311860105140002 THC1 35000 
311860105140003 THC1 35000 
311860105140004 THC1 35000 
311860105140005 THC1 35000 
311860105140006 THC1 35000 
311860105140007 THC1 35000 
311860105140008 THC1 35000 
311860105140010 THC1 35000 
311860105140011 THC1 35000 
311860105140012 THC1 35000 
311860105140013 THC1 35000 
311860105140014 THC1 35000 
311860105140015 THC1 35000 
311860105140016 THC1 35000 
311860105140017 THC1 35000 
311860105140018 THC1 35000 
311860105140020 THC1 35000 
311860105140023 THC1 35000 
311860105140024 THC1 35000 
311860105140025 THC1 35000 
311860105140027 THC1 35000 
311860105140029 THC1 35000 
311860105140030 THC1 35000 
311860105140031 THC1 35000 
311860105140032 THC1 35000 
311860105140033 THC1 35000 
311860105140034 THC1 35000 
311860105140035 THC1 35000 
311860105140036 THC1 35000 
311860105140037 THC1 35000 
311860105140038 THC1 35000 
311860105140039 THC1 35000 
311860105140040 THC1 35000 
311860105140041 THC1 35000 
311860105140042 THC1 35000 
311860105140043 THC1 35000 
311860105140044 THC1 35000 
311860105140045 THC1 35000 
311860105140047 THC1 35000 
311860105140048 THC1 35000 
311860105140049 THC1 35000 
311860105140050 THC1 35000 
311860105140051 THC1 35000 
311860105140052 THC1 35000 
311860105140053 THC1 35000 
311860105140054 THC1 35000 
311860105140055 THC1 35000 
311860105140056 THC1 35000 
311860105140057 THC1 35000 
311860105140058 THC1 35000 
311860105140059 THC1 35000 
311860105140060 THC1 35000 
311860105140061 THC1 35000 
311860105140062 THC1 35000 
311860105140063 THC1 35000 
311860105140064 THC1 35000 
311860105150005 THC1 35000 
311860105150007 THC1 35000 
311860105150008 THC1 35000 
311860105150009 THC1 35000 
311860105150010 THC1 35000 
311860105150011 THC1 35000 
311860105150012 THC1 35000 
311860105150013 THC1 35000 
311860105150014 THC1 35000 
311860105150017 THC1 35000 
311860105150018 THC1 35000 
311860105150019 THC1 35000 
311860105150020 THC1 35000 
311860105150021 THC1 35000 
311860105150022 THC1 35000 
311860105150023 THC1 35000 
311860105150024 THC1 35000 
311860105150026 THC1 35000 
311860105150027 THC1 35000 
311860105150028 THC1 35000 
311860105150029 THC1 35000 
311860105150030 THC1 35000 
311860105150031 THC1 35000 
311860105150032 THC1 35000 
311860105150033 THC1 35000 
311860105150034 THC1 35000 
311860105150035 THC1 35000 
311860105150036 THC1 35000 
311860105150037 THC1 35000 
311860105150038 THC1 35000 
311860105150039 THC1 35000 
311860105150040 THC1 35000 
311860105150041 THC1 35000 
311860105150042 THC1 35000 
311860105150043 THC1 35000 
311860105150044 THC1 35000 
311860105150045 THC1 35000 
311860105150046 THC1 35000 
311860105150047 THC1 35000 
311860105150048 THC1 35000 
311860105150049 THC1 35000 
311860105150050 THC1 35000 
311860105150051 THC1 35000 
311860105150052 THC1 35000 
311860105150053 THC1 35000 
311860105150054 THC1 35000 
311860105150055 THC1 35000 
311860105150056 THC1 35000 
311860105150057 THC1 35000 
311860105150058 THC1 35000 
311860105150059 THC1 35000 
311860105150060 THC1 35000 
311860105150061 THC1 35000 
311860105150062 THC1 35000 
311860105150063 THC1 35000 
311860105160001 THC1 35000 
311860105160002 THC1 35000 
311860105160004 THC1 35000 
311860105160009 THC1 35000 
311860105160010 THC1 35000 
311860105160011 THC1 35000 
311860105160012 THC1 35000 
311860105160013 THC1 35000 
311860105160015 THC1 35000 
311860105160016 THC1 35000 
311860105160018 THC1 35000 
311860105160019 THC1 35000 
311860105160020 THC1 35000 
311860105160021 THC1 35000 
311860105160022 THC1 35000 
311860105160024 THC1 35000 
311860105160025 THC1 35000 
311860105160026 THC1 35000 
311860105160027 THC1 35000 
311860105160028 THC1 35000 
311860105160029 THC1 35000 
311860105160030 THC1 35000 
311860105160031 THC1 35000 
311860105160032 THC1 35000 
311860105160033 THC1 35000 
311860105160034 THC1 35000 
311860105160036 THC1 35000 
311860105160037 THC1 35000 
311860105160038 THC1 35000 
311860105160039 THC1 35000 
311860105170003 THC1 35000 
311860105170004 THC1 35000 
311860105170005 THC1 35000 
311860105170006 THC1 35000 
311860105170007 THC1 35000 
311860105170008 THC1 35000 
311860105170009 THC1 35000 
311860105170010 THC1 35000 
311860105170011 THC1 35000 
311860105170013 THC1 35000 
311860105170014 THC1 35000 
311860105170015 THC1 35000 
311860105170016 THC1 35000 
311860105170017 THC1 35000 
311860105170018 THC1 35000 
311860105170019 THC1 35000 
311860105170020 THC1 35000 
311860105170021 THC1 35000 
311860105170022 THC1 35000 
311860105170023 THC1 35000 
311860105180003 THC1 35000 
311860105180004 THC1 35000 
311860105180006 THC1 35000 
311860105180008 THC1 35000 
311860105180009 THC1 35000 
311860105180010 THC1 35000 
311860105180011 THC1 35000 
311860105180012 THC1 35000 
311860105180013 THC1 35000 
311860105180014 THC1 35000 
311860105180015 THC1 35000 
311860105180017 THC1 35000 
311860105180018 THC1 35000 
311860105180019 THC1 35000 
311860105180020 THC1 35000 
311860105180021 THC1 35000 
311860105180022 THC1 35000 
311860105180023 THC1 35000 
311860105190001 THC1 35000 
311860105190002 THC1 35000 
311860105200002 THC1 35000 
311860105200004 THC1 35000 
311860105200005 THC1 35000 
311860105200006 THC1 35000 
311860105200007 THC1 35000 
311860105200009 THC1 35000 
311860105200010 THC1 35000 
311860105200011 THC1 35000 
311860105200012 THC1 35000 
311860105200014 THC1 35000 
311860105200015 THC1 35000 
311860105200016 THC1 35000 
311860105200017 THC1 35000 
311860105200019 THC1 35000 
311860105200020 THC1 35000 
311860105200023 THC1 35000 
311860105200025 THC1 35000 
311860105200026 THC1 35000 
311860105200027 THC1 35000 
311860105200028 THC1 35000 
311860105200029 THC1 35000 
311860105200030 THC1 35000 
311860105200031 THC1 35000 
311860105200032 THC1 35000 
311860105200033 THC1 35000 
311860105200034 THC1 35000 
311860105200036 THC1 35000 
311860105200037 THC1 35000 
311860105200038 THC1 35000 
311860105200039 THC1 35000 
311860105200040 THC1 35000 
311860105200041 THC1 35000 
311860105200042 THC1 35000 
311860105200043 THC1 35000 
311860105200044 THC1 35000 
311860105200045 THC1 35000 
311860105200046 THC1 35000 
311860105210001 THC1 35000 
311860105210002 THC1 35000 
311860105210004 THC1 35000 
311860105210006 THC1 35000 
311860105210007 THC1 35000 
311860105210008 THC1 35000 
311860105210009 THC1 35000 
311860105210010 THC1 35000 
311860105210011 THC1 35000 
311860105210012 THC1 35000 
311860105210013 THC1 35000 
311860105210014 THC1 35000 
311860105210021 THC1 35000 
311860105210022 THC1 35000 
311860105210023 THC1 35000 
311860105210024 THC1 35000 
311860105210025 THC1 35000 
311860105210029 THC1 35000 
311860105210030 THC1 35000 
311860105210031 THC1 35000 
311860105210032 THC1 35000 
311860105210035 THC1 35000 
311860105210036 THC1 35000 
311860105210037 THC1 35000 
311860105210039 THC1 35000 
311860105210041 THC1 35000 
311860105210042 THC1 35000 
311860105210043 THC1 35000 
311860105210044 THC1 35000 
311860105210045 THC1 35000 
311860105210046 THC1 35000 
311860105210047 THC1 35000 
311860105210048 THC1 35000 
311860105210049 THC1 35000 
311860105210050 THC1 35000 
311860105210051 THC1 35000 
311860105210052 THC1 35000 
311860105210054 THC1 35000 
311860105210055 THC1 35000 
311860105210056 THC1 35000 
311860105210060 THC1 35000 
311860105210061 THC1 35000 
311860105210062 THC1 35000 
311860105210063 THC1 35000 
311860105210064 THC1 35000 
311860105210065 THC1 35000 
311860105210066 THC1 35000 
311860105210067 THC1 35000 
311860105210070 THC1 35000 
311860105210071 THC1 35000 
311860105210072 THC1 35000 
311860105210073 THC1 35000 
311860105210074 THC1 35000 
311860105210075 THC1 35000 
311860105210076 THC1 35000 
311860105210077 THC1 35000 
311860105210078 THC1 35000 
311860105210079 THC1 35000 
311860105210080 THC1 35000 
311860105210081 THC1 35000 
311860105210082 THC1 35000 
311860105210083 THC1 35000 
311860105210084 THC1 35000 
311860105210085 THC1 35000 
311860105210086 THC1 35000 
311860105210087 THC1 35000 
311860105210088 THC1 35000 
311860105210089 THC1 35000 
311860105210090 THC1 35000 
311860105210091 THC1 35000 
311860105210092 THC1 35000 
311860105210093 THC1 35000 
311860105210094 THC1 35000 
311860105210095 THC1 35000 
311860105210096 THC1 35000 
311860105210097 THC1 35000 
311860105210098 THC1 35000 
311860105210099 THC1 35000 
311860105210100 THC1 35000 
311860105210101 THC1 35000 
311860105210102 THC1 35000 
311860105210103 THC1 35000 
311860105210104 THC1 35000 
311860105210105 THC1 35000 
311860105210106 THC1 35000 
311860105210107 THC1 35000 
311860105210108 THC1 35000 
311860105220001 THC1 35000 
311860105220002 THC1 35000 
311860105220004 THC1 35000 
311860105220005 THC1 35000 
311860105220008 THC1 35000 
311860105220009 THC1 35000 
311860105220011 THC1 35000 
311860105220012 THC1 35000 
311860105220013 THC1 35000 
311860105220015 THC1 35000 
311860105220016 THC1 35000 
311860105230001 THC1 35000 
311860105230002 THC1 35000 
311860105230004 THC1 35000 
311860105230005 THC1 35000 
311860105230006 THC1 35000 
311860105230007 THC1 35000 
311860105230008 THC1 35000 
311860105230009 THC1 35000 
311860105230013 THC1 35000 
311860105230014 THC1 35000 
311860105230015 THC1 35000 
311860105230016 THC1 35000 
311860105230017 THC1 35000 
311860105230018 THC1 35000 
311860105230019 THC1 35000 
311860105230020 THC1 35000 
311860105230025 THC1 35000 
311860105230027 THC1 35000 
311860105230028 THC1 35000 
311860105230029 THC1 35000 
311860105230032 THC1 35000 
311860105230033 THC1 35000 
311860105230038 THC1 35000 
311860105230039 THC1 35000 
311860105230041 THC1 35000 
311860105230042 THC1 35000 
311860105230044 THC1 35000 
311860105230045 THC1 35000 
311860105230047 THC1 35000 
311860105230048 THC1 35000 
311860105230050 THC1 35000 
311860105230052 THC1 35000 
311860105230054 THC1 35000 
311860105230055 THC1 35000 
311860105230056 THC1 35000 
311860105230057 THC1 35000 
311860105230058 THC1 35000 
311860105230059 THC1 35000 
311860105230060 THC1 35000 
311860105230061 THC1 35000 
311860105230062 THC1 35000 
311860105230063 THC1 35000 
311860105230064 THC1 35000 
311860105230065 THC1 35000 
311860105230066 THC1 35000 
311860105230067 THC1 35000 
311860105230068 THC1 35000 
311860105230069 THC1 35000 
311860105230070 THC1 35000 
311860105230071 THC1 35000 
311860105230074 THC1 35000 
311860105230075 THC1 35000 
311860105230076 THC1 35000 
311860105230080 THC1 35000 
311860105230084 THC1 35000 
311860105230088 THC1 35000 
311860105230091 THC1 35000 
311860105230092 THC1 35000 
311860105230094 THC1 35000 
311860105230095 THC1 35000 
311860105230096 THC1 35000 
311860105230097 THC1 35000 
311860105230098 THC1 35000 
311860105230099 THC1 35000 
311860105230100 THC1 35000 
311860105230101 THC1 35000 
311860105230103 THC1 35000 
311860105230104 THC1 35000 
311860105230106 THC1 35000 
311860105230107 THC1 35000 
311860105230108 THC1 35000 
311860105230109 THC1 35000 
311860105230111 THC1 35000 
311860105230112 THC1 35000 
311860105230113 THC1 35000 
311860105230114 THC1 35000 
311860105230115 THC1 35000 
311860105230116 THC1 35000 
311860105230117 THC1 35000 
311860105230118 THC1 35000 
311860105230120 THC1 35000 
311860105230121 THC1 35000 
311860105230122 THC1 35000 
311860105230123 THC1 35000 
311860105230124 THC1 35000 
311860105230125 THC1 35000 
311860105230126 THC1 35000 
311860105230127 THC1 35000 
311860105230128 THC1 35000 
311860105230129 THC1 35000 
311860105230130 THC1 35000 
311860105230131 THC1 35000 
311860105230132 THC1 35000 
311860105230133 THC1 35000 
311860105230134 THC1 35000 
311860105230135 THC1 35000 
311860105230136 THC1 35000 
311860105230137 THC1 35000 
311860105230138 THC1 35000 
311860105230139 THC1 35000 
311860105230140 THC1 35000 
311860105230141 THC1 35000 
311860105230142 THC1 35000 
311860105230143 THC1 35000 
311860105230144 THC1 35000 
311860105230145 THC1 35000 
311860105230146 THC1 35000 
311860105230147 THC1 35000 
311860105230148 THC1 35000 
311860105230149 THC1 35000 
311860105230150 THC1 35000 
311860105230151 THC1 35000 
311860105230152 THC1 35000 
311860105230154 THC1 35000 
311860105230155 THC1 35000 
311860105230157 THC1 35000 
311860105230158 THC1 35000 
311860105230159 THC1 35000 
311860105230160 THC1 35000 
311860105230161 THC1 35000 
311860105230162 THC1 35000 
311860105230163 THC1 35000 
311860105230164 THC1 35000 
311860105230165 THC1 35000 
311860105230166 THC1 35000 
311860105230167 THC1 35000 
311860105230168 THC1 35000 
311860105230169 THC1 35000 
311860105230170 THC1 35000 
311860105230171 THC1 35000 
311860105230172 THC1 35000 
311860105230173 THC1 35000 
311860105230174 THC1 35000 
311860105230175 THC1 35000 
311860105230176 THC1 35000 
311860105230177 THC1 35000 
311860105230178 THC1 35000 
311860105230179 THC1 35000 
311860105230180 THC1 35000 
311860105230181 THC1 35000 
311860105230182 THC1 35000 
311860105230183 THC1 35000 
311860105230184 THC1 35000 
311860105230185 THC1 35000 
311860105230186 THC1 35000 
311860105230187 THC1 35000 
311860105230188 THC1 35000 
311860105230189 THC1 35000 
311860105230190 THC1 35000 
311860105230191 THC1 35000 
311860105230192 THC1 35000 
311860105230193 THC1 35000 
311860105230194 THC1 35000 
311860105230195 THC1 35000 
311860105230196 THC1 35000 
311860105230197 THC1 35000 
311860105230198 THC1 35000 
311860105230199 THC1 35000 
311860105230200 THC1 35000 
311860105230201 THC1 35000 
311860105230202 THC1 35000 
311860105230204 THC1 35000 
311860105240001 THC1 35000 
311860105250003 THC1 35000 
311860105250004 THC1 35000 
311860105250005 THC1 35000 
311860105250006 THC1 35000 
311860105250007 THC1 35000 
311860105250009 THC1 35000 
311860105250011 THC1 35000 
311860105250012 THC1 35000 
311860105250013 THC1 35000 
311860105250014 THC1 35000 
311860105250015 THC1 35000 
311860105250017 THC1 35000 
311860105250018 THC1 35000 
311860105250019 THC1 35000 
311860105250020 THC1 35000 
311860105250022 THC1 35000 
311860105250023 THC1 35000 
311860105250024 THC1 35000 
311860105250025 THC1 35000 
311860105250026 THC1 35000 
311860105250027 THC1 35000 
311860105250028 THC1 35000 
311860105250029 THC1 35000 
311860105250030 THC1 35000 
311860105250031 THC1 35000 
311860105250032 THC1 35000 
311860105250033 THC1 35000 
311860105250034 THC1 35000 
311860105260001 THC1 35000 
311860105260002 THC1 35000 
311860105260003 THC1 35000 
311860105260004 THC1 35000 
311860105260005 THC1 35000 
311860105260006 THC1 35000 
311860105260007 THC1 35000 
311860105260008 THC1 35000 
311860105260009 THC1 35000 
311860105260011 THC1 35000 
311860105260012 THC1 35000 
311860105260014 THC1 35000 
311860105260015 THC1 35000 
311860105260016 THC1 35000 
311860105260017 THC1 35000 
311860105260018 THC1 35000 
311860105260019 THC1 35000 
311860105260021 THC1 35000 
311860105260022 THC1 35000 
311860105260023 THC1 35000 
311860105260024 THC1 35000 
311860105260025 THC1 35000 
311860105260026 THC1 35000 
311860105260029 THC1 35000 
311860105260030 THC1 35000 
311860105260035 THC1 35000 
311860105260036 THC1 35000 
311860105260037 THC1 35000 
311860105260038 THC1 35000 
311860105260039 THC1 35000 
311860105260040 THC1 35000 
311860105260041 THC1 35000 
311860105260042 THC1 35000 
311860105260043 THC1 35000 
311860105260044 THC1 35000 
311860105260046 THC1 35000 
311860105260047 THC1 35000 
311860105260051 THC1 35000 
311860105260052 THC1 35000 
311860105260055 THC1 35000 
311860105260057 THC1 35000 
311860105260058 THC1 35000 
311860105260059 THC1 35000 
311860105260061 THC1 35000 
311860105260062 THC1 35000 
311860105260063 THC1 35000 
311860105260064 THC1 35000 
311860105260065 THC1 35000 
311860105260066 THC1 35000 
311860105260067 THC1 35000 
311860105260068 THC1 35000 
311860105260069 THC1 35000 
311860105260070 THC1 35000 
311860105260071 THC1 35000 
311860105260072 THC1 35000 
311860105260073 THC1 35000 
311860105260074 THC1 35000 
311860105260075 THC1 35000 
311860105260076 THC1 35000 
311860105260077 THC1 35000 
311860105260078 THC1 35000 
311860105260079 THC1 35000 
311860105260080 THC1 35000 
311860105260081 THC1 35000 
311860105260082 THC1 35000 
311860105260083 THC1 35000 
311860105260084 THC1 35000 
311860105260085 THC1 35000 
311860105260086 THC1 35000 
311860105260087 THC1 35000 
311860105260088 THC1 35000 
311860105260089 THC1 35000 
311860105260090 THC1 35000 
311860105260091 THC1 35000 
311860105260092 THC1 35000 
311860105260093 THC1 35000 
311860105260094 THC1 35000 
311860105260095 THC1 35000 
311860105270003 THC1 35000 
311860105270004 THC1 35000 
311860105270006 THC1 35000 
311860105270007 THC1 35000 
311860105270008 THC1 35000 
311860105270010 THC1 35000 
311860105270011 THC1 35000 
311860105270012 THC1 35000 
311860105270013 THC1 35000 
311860105270014 THC1 35000 
311860105270015 THC1 35000 
311860105270017 THC1 35000 
311860105270018 THC1 35000 
311860105270019 THC1 35000 
311860105270020 THC1 35000 
311860105270022 THC1 35000 
311860105270024 THC1 35000 
311860105270025 THC1 35000 
311860105270026 THC1 35000 
311860105270027 THC1 35000 
311860105270028 THC1 35000 
311860105270029 THC1 35000 
311860105270031 THC1 35000 
311860105270032 THC1 35000 
311860105270033 THC1 35000 
311860105270034 THC1 35000 
311860105270035 THC1 35000 
311860105270036 THC1 35000 
311860105270037 THC1 35000 
311860105270038 THC1 35000 
311860105270039 THC1 35000 
311860105270041 THC1 35000 
311860105270042 THC1 35000 
311860105270044 THC1 35000 
311860105270045 THC1 35000 
311860105270046 THC1 35000 
311860105270047 THC1 35000 
311860105270050 THC1 35000 
311860105270051 THC1 35000 
311860105270053 THC1 35000 
311860105270054 THC1 35000 
311860105270055 THC1 35000 
311860105270056 THC1 35000 
311860105270057 THC1 35000 
311860105270058 THC1 35000 
311860105270059 THC1 35000 
311860105270060 THC1 35000 
311860105270061 THC1 35000 
311860105270062 THC1 35000 
311860105270063 THC1 35000 
311860105270064 THC1 35000 
311860105270066 THC1 35000 
311860105270068 THC1 35000 
311860105270069 THC1 35000 
311860105270070 THC1 35000 
311860105270071 THC1 35000 
311860105270072 THC1 35000 
311860105270073 THC1 35000 
311860105270074 THC1 35000 
311860105270075 THC1 35000 
311860105270076 THC1 35000 
311860105270077 THC1 35000 
311860105270078 THC1 35000 
311860105270079 THC1 35000 
311860105270080 THC1 35000 
311860105270081 THC1 35000 
311860105270082 THC1 35000 
311860105270083 THC1 35000 
311860105270084 THC1 35000 
311860105270085 THC1 35000 
311860105270086 THC1 35000 
311860105270087 THC1 35000 
311860105270088 THC1 35000 
311860105270089 THC1 35000 
311860105270090 THC1 35000 
311860105270091 THC1 35000 
311860105270092 THC1 35000 
311860105270093 THC1 35000 
311860105270094 THC1 35000 
311860105270095 THC1 35000 
311860105270096 THC1 35000 
311860105270097 THC1 35000 
311860105270098 THC1 35000 
311860105270099 THC1 35000 
311860105270100 THC1 35000 
311860105270101 THC1 35000 
311860105270102 THC1 35000 
311860105270103 THC1 35000 
311860105270104 THC1 35000 
311860105270105 THC1 35000 
311860105270106 THC1 35000 
311860105280003 THC1 35000 
311860105280006 THC1 35000 
311860105280007 THC1 35000 
311860105280008 THC1 35000 
311860105280009 THC1 35000 
311860105280010 THC1 35000 
311860105280011 THC1 35000 
311860105280012 THC1 35000 
311860105280013 THC1 35000 
311860105280024 THC1 35000 
311860105280026 THC1 35000 
311860105280027 THC1 35000 
311860105280031 THC1 35000 
311860105280033 THC1 35000 
311860105280034 THC1 35000 
311860105280035 THC1 35000 
311860105280036 THC1 35000 
311860105280039 THC1 35000 
311860105280040 THC1 35000 
311860105280041 THC1 35000 
311860105280042 THC1 35000 
311860105280043 THC1 35000 
311860105280044 THC1 35000 
311860105280045 THC1 35000 
311860105280046 THC1 35000 
311860105280047 THC1 35000 
311860105280048 THC1 35000 
311860105280049 THC1 35000 
311860105280051 THC1 35000 
311860105280052 THC1 35000 
311860105280053 THC1 35000 
311860105280054 THC1 35000 
311860105280055 THC1 35000 
311860105280056 THC1 35000 
311860105280057 THC1 35000 
311860105280058 THC1 35000 
311860105280059 THC1 35000 
311860105280061 THC1 35000 
311860105280063 THC1 35000 
311860105280064 THC1 35000 
311860105280065 THC1 35000 
311860105280066 THC1 35000 
311860105280067 THC1 35000 
311860105280068 THC1 35000 
311860105280069 THC1 35000 
311860105280070 THC1 35000 
311860110010006 THC1 35000 
311860110010007 THC1 35000 
311860110010008 THC1 35000 
311860110010010 THC1 35000 
311860110010011 THC1 35000 
311860110010013 THC1 35000 
311860110010014 THC1 35000 
311860110010017 THC1 35000 
311860110010018 THC1 35000 
311860110010019 THC1 35000 
311860110010020 THC1 35000 
311860110010023 THC1 35000 
311860110010024 THC1 35000 
311860110010025 THC1 35000 
311860110010026 THC1 35000 
311860110010031 THC1 35000 
311860110010032 THC1 35000 
311860110010033 THC1 35000 
311860110010034 THC1 35000 
311860110010037 THC1 35000 
311860110010038 THC1 35000 
311860110010039 THC1 35000 
311860110010040 THC1 35000 
311860110010041 THC1 35000 
311860110010042 THC1 35000 
311860110010044 THC1 35000 
311860110010045 THC1 35000 
311860110010046 THC1 35000 
311860110010047 THC1 35000 
311860110020001 THC1 35000 
311860110020002 THC1 35000 
311860110020003 THC1 35000 
311860110020004 THC1 35000 
311860110020008 THC1 35000 
311860110020011 THC1 35000 
311860110020015 THC1 35000 
311860110020017 THC1 35000 
311860110020018 THC1 35000 
311860110020019 THC1 35000 
311860110020020 THC1 35000 
311860110020022 THC1 35000 
311860110020023 THC1 35000 
311860110020024 THC1 35000 
311860110020025 THC1 35000 
311860110020026 THC1 35000 
311860110020027 THC1 35000 
311860110020028 THC1 35000 
311860110020029 THC1 35000 
311860110020030 THC1 35000 
311860110020031 THC1 35000 
311860110020032 THC1 35000 
311860110020033 THC1 35000 
311860110020034 THC1 35000 
311860110020035 THC1 35000 
311860110020038 THC1 35000 
311860110020039 THC1 35000 
311860110020040 THC1 35000 
311860110020041 THC1 35000 
311860110020043 THC1 35000 
311860110030001 THC1 35000 
311860110030002 THC1 35000 
311860110030003 THC1 35000 
311860110030004 THC1 35000 
311860110030005 THC1 35000 
311860110030006 THC1 35000 
311860110030007 THC1 35000 
311860110030008 THC1 35000 
311860110030009 THC1 35000 
311860110030010 THC1 35000 
311860110030011 THC1 35000 
311860110030013 THC1 35000 
311860110030014 THC1 35000 
311860110030015 THC1 35000 
311860110030016 THC1 35000 
311860110030017 THC1 35000 
311860110030019 THC1 35000 
311860110030020 THC1 35000 
311860110030022 THC1 35000 
311860110030023 THC1 35000 
311860110030024 THC1 35000 
311860110030025 THC1 35000 
311860110030026 THC1 35000 
311860110030027 THC1 35000 
311860110030028 THC1 35000 
311860110030029 THC1 35000 
311860110030030 THC1 35000 
311860110030031 THC1 35000 
311860110030032 THC1 35000 
311860110030033 THC1 35000 
311860110030034 THC1 35000 
311860110030035 THC1 35000 
311860110030036 THC1 35000 
311860110030037 THC1 35000 
311860110030038 THC1 35000 
311860110030039 THC1 35000 
311860110030040 THC1 35000 
311860110030042 THC1 35000 
311860110030044 THC1 35000 
311860110030045 THC1 35000 
311860110030046 THC1 35000 
311860110030047 THC1 35000 
311860110030049 THC1 35000 
311860110030050 THC1 35000 
311860110030052 THC1 35000 
311860110030053 THC1 35000 
311860110030054 THC1 35000 
311860110030056 THC1 35000 
311860110030057 THC1 35000 
311860110030058 THC1 35000 
311860110030059 THC1 35000 
311860110030060 THC1 35000 
311860110030061 THC1 35000 
311860110030062 THC1 35000 
311860110030063 THC1 35000 
311860110030064 THC1 35000 
311860110030065 THC1 35000 
311860110030066 THC1 35000 
311860110030067 THC1 35000 
311860110030068 THC1 35000 
311860110030069 THC1 35000 
311860110030070 THC1 35000 
311860110030071 THC1 35000 
311860110030072 THC1 35000 
311860110030073 THC1 35000 
311860110030074 THC1 35000 
311860110030075 THC1 35000 
311860110030076 THC1 35000 
311860110030077 THC1 35000 
311860110030078 THC1 35000 
311860110030079 THC1 35000 
311860110030080 THC1 35000 
311860110040002 THC1 35000 
311860110040003 THC1 35000 
311860110040004 THC1 35000 
311860110040005 THC1 35000 
311860110040007 THC1 35000 
311860110040008 THC1 35000 
311860110040010 THC1 35000 
311860110040011 THC1 35000 
311860110040012 THC1 35000 
311860110040015 THC1 35000 
311860110040017 THC1 35000 
311860110040018 THC1 35000 
311860110040019 THC1 35000 
311860110040020 THC1 35000 
311860110040021 THC1 35000 
311860110040023 THC1 35000 
311860110040024 THC1 35000 
311860110040025 THC1 35000 
311860110040026 THC1 35000 
311860110040027 THC1 35000 
311860110040028 THC1 35000 
311860110040029 THC1 35000 
311860110040030 THC1 35000 
311860110040031 THC1 35000 
311860110040032 THC1 35000 
311860110040033 THC1 35000 
311860110040034 THC1 35000 
311860110040035 THC1 35000 
311860110040036 THC1 35000 
311860110040037 THC1 35000 
311860110040038 THC1 35000 
311860110050001 THC1 35000 
311860110050003 THC1 35000 
311860110050004 THC1 35000 
311860110050005 THC1 35000 
311860110050006 THC1 35000 
311860110050007 THC1 35000 
311860110050008 THC1 35000 
311860110050010 THC1 35000 
311860110050011 THC1 35000 
311860110050012 THC1 35000 
311860110050013 THC1 35000 
311860110060001 THC1 35000 
311860110060004 THC1 35000 
311860110060005 THC1 35000 
311860110060006 THC1 35000 
311860110060007 THC1 35000 
311860110060008 THC1 35000 
311860110060009 THC1 35000 
311860110060010 THC1 35000 
311860110060011 THC1 35000 
311860110060012 THC1 35000 
311860110060013 THC1 35000 
311860110060014 THC1 35000 
311860110060018 THC1 35000 
311860110060019 THC1 35000 
311860110060021 THC1 35000 
311860110060022 THC1 35000 
311860110060024 THC1 35000 
311860110060025 THC1 35000 
311860110060026 THC1 35000 
311860110060027 THC1 35000 
311860110060028 THC1 35000 
311860110060029 THC1 35000 
311860110060030 THC1 35000 
311860110060031 THC1 35000 
311860110060032 THC1 35000 
311860110060033 THC1 35000 
311860110060034 THC1 35000 
311860110060035 THC1 35000 
311860110060036 THC1 35000 
311860110060037 THC1 35000 
311860110060038 THC1 35000 
311860110070001 THC1 35000 
311860110070002 THC1 35000 
311860110070003 THC1 35000 
311860110070005 THC1 35000 
311860110070009 THC1 35000 
311860110070010 THC1 35000 
311860110070011 THC1 35000 
311860110070012 THC1 35000 
311860110070013 THC1 35000 
311860110070014 THC1 35000 
311860110070016 THC1 35000 
311860110070017 THC1 35000 
311860110070019 THC1 35000 
311860110070020 THC1 35000 
311860110070021 THC1 35000 
311860110070023 THC1 35000 
311860110070024 THC1 35000 
311860110070025 THC1 35000 
311860110070026 THC1 35000 
311860110070027 THC1 35000 
311860110070029 THC1 35000 
311860110070031 THC1 35000 
311860110070033 THC1 35000 
311860110070035 THC1 35000 
311860110070036 THC1 35000 
311860110070037 THC1 35000 
311860110070038 THC1 35000 
311860110070039 THC1 35000 
311860110070040 THC1 35000 
311860110070041 THC1 35000 
311860110070042 THC1 35000 
311860110070043 THC1 35000 
311860110070044 THC1 35000 
311860110070045 THC1 35000 
311860110070046 THC1 35000 
311860110070047 THC1 35000 
311860110070048 THC1 35000 
311860110070050 THC1 35000 
311860110070053 THC1 35000 
311860110070055 THC1 35000 
311860110070056 THC1 35000 
311860110070057 THC1 35000 
311860110070058 THC1 35000 
311860110070059 THC1 35000 
311860110070060 THC1 35000 
311860110070061 THC1 35000 
311860110070062 THC1 35000 
311860110070063 THC1 35000 
311860110070064 THC1 35000 
311860110070065 THC1 35000 
311860110070066 THC1 35000 
311860110070067 THC1 35000 
311860110070068 THC1 35000 
311860110070069 THC1 35000 
311860110070070 THC1 35000 
311860110070071 THC1 35000 
311860110070072 THC1 35000 
311860110070073 THC1 35000 
311860110070074 THC1 35000 
311860110070075 THC1 35000 
311860110070076 THC1 35000 
311860110070077 THC1 35000 
311860110070078 THC1 35000 
311860110070079 THC1 35000 
311860110070080 THC1 35000 
311860110070081 THC1 35000 
311860110070082 THC1 35000 
311860110070083 THC1 35000 
311860110070084 THC1 35000 
311860110070085 THC1 35000 
311860110070086 THC1 35000 
311860110080001 THC1 35000 
311860110080002 THC1 35000 
311860110080003 THC1 35000 
311860110080004 THC1 35000 
311860110080005 THC1 35000 
311860110080006 THC1 35000 
311860110080007 THC1 35000 
311860110080008 THC1 35000 
311860110080010 THC1 35000 
311860110080011 THC1 35000 
311860110080012 THC1 35000 
311860110080015 THC1 35000 
311860110080019 THC1 35000 
311860110080020 THC1 35000 
311860110080022 THC1 35000 
311860110080023 THC1 35000 
311860110080024 THC1 35000 
311860110080025 THC1 35000 
311860110080026 THC1 35000 
311860110080027 THC1 35000 
311860110080028 THC1 35000 
311860110080029 THC1 35000 
311860110080030 THC1 35000 
311860110080031 THC1 35000 
311860110080032 THC1 35000 
311860110080033 THC1 35000 
311860110080034 THC1 35000 
311860110080035 THC1 35000 
311860110080036 THC1 35000 
311860110080037 THC1 35000 
311860110080038 THC1 35000 
311860110080039 THC1 35000 
311860110080040 THC1 35000 
311860110080041 THC1 35000 
311860110080042 THC1 35000 
311860110080043 THC1 35000 
311860110080044 THC1 35000 
311860110080045 THC1 35000 
311860110090001 THC1 35000 
311860110090002 THC1 35000 
311860110090005 THC1 35000 
311860110090006 THC1 35000 
311860110090007 THC1 35000 
311860110090009 THC1 35000 
311860110090010 THC1 35000 
311860110090011 THC1 35000 
311860110090012 THC1 35000 
311860110090014 THC1 35000 
311860110090015 THC1 35000 
311860110090016 THC1 35000 
311860110090018 THC1 35000 
311860110090019 THC1 35000 
311860110090020 THC1 35000 
311860110090021 THC1 35000 
311860110090022 THC1 35000 
311860110090023 THC1 35000 
311860110090024 THC1 35000 
311860110090026 THC1 35000 
311860110090028 THC1 35000 
311860110090029 THC1 35000 
311860110090030 THC1 35000 
311860110090031 THC1 35000 
311860110090032 THC1 35000 
311860110090033 THC1 35000 
311860110090034 THC1 35000 
311860110090035 THC1 35000 
311860110090036 THC1 35000 
311860110090037 THC1 35000 
311860110090038 THC1 35000 
311860110090039 THC1 35000 
311860110090040 THC1 35000 
311860110090041 THC1 35000 
311860110090042 THC1 35000 
311860110090043 THC1 35000 
311860110090045 THC1 35000 
311860110090046 THC1 35000 
311860110090047 THC1 35000 
311860110090048 THC1 35000 
311860110090049 THC1 35000 
311860110090050 THC1 35000 
311860110090051 THC1 35000 
311860110090052 THC1 35000 
311860110090053 THC1 35000 
311860110090054 THC1 35000 
311860110090055 THC1 35000 
311860110090056 THC1 35000 
311860110090057 THC1 35000 
311860110090058 THC1 35000 
311860110090059 THC1 35000 
311860110090060 THC1 35000 
311860110090061 THC1 35000 
311860110090063 THC1 35000 
311860110090064 THC1 35000 
311860110090065 THC1 35000 
311860110090069 THC1 35000 
311860110090070 THC1 35000 
311860110090071 THC1 35000 
311860110090073 THC1 35000 
311860110090074 THC1 35000 
311860110090076 THC1 35000 
311860110090077 THC1 35000 
311860110090078 THC1 35000 
311860110090079 THC1 35000 
311860110090080 THC1 35000 
311860110090081 THC1 35000 
311860110090082 THC1 35000 
311860110090083 THC1 35000 
311860110090084 THC1 35000 
311860110090085 THC1 35000 
311860110090086 THC1 35000 
311860110090087 THC1 35000 
311860110090088 THC1 35000 
311860110090089 THC1 35000 
311860110090090 THC1 35000 
311860110090091 THC1 35000 
311860110090092 THC1 35000 
311860110090093 THC1 35000 
311860110090094 THC1 35000 
311860110090095 THC1 35000 
311860110090096 THC1 35000 
311860110090097 THC1 35000 
311860110090098 THC1 35000 
311860110090099 THC1 35000 
311860110090100 THC1 35000 
311860110090101 THC1 35000 
311860110090102 THC1 35000 
311860110090103 THC1 35000 
311860110090104 THC1 35000 
311860110090105 THC1 35000 
311860110090106 THC1 35000 
311860110090107 THC1 35000 
311860110090108 THC1 35000 
311860110090109 THC1 35000 
311860110090110 THC1 35000 
311860110110001 THC1 35000 
311860110110002 THC1 35000 
311860110110003 THC1 35000 
311860110110004 THC1 35000 
311860110110005 THC1 35000 
311860110110006 THC1 35000 
311860110110007 THC1 35000 
311860110110008 THC1 35000 
311860110110009 THC1 35000 
311860110110010 THC1 35000 
311860110110011 THC1 35000 
311860110110012 THC1 35000 
311860110110013 THC1 35000 
311860110110015 THC1 35000 
311860110110016 THC1 35000 
311860110110017 THC1 35000 
311860110110018 THC1 35000 
311860110110019 THC1 35000 
311860110110020 THC1 35000 
311860110110021 THC1 35000 
311860110110022 THC1 35000 
311860110110023 THC1 35000 
311860110110024 THC1 35000 
311860110110025 THC1 35000 
311860110110028 THC1 35000 
311860110110029 THC1 35000 
311860110110030 THC1 35000 
311860110110031 THC1 35000 
311860110110032 THC1 35000 
311860110110033 THC1 35000 
311860110110034 THC1 35000 
311860110110035 THC1 35000 
311860110110037 THC1 35000 
311860110110038 THC1 35000 
311860110110039 THC1 35000 
311860110110040 THC1 35000 
311860110110041 THC1 35000 
311860110110042 THC1 35000 
311860110110043 THC1 35000 
311860110110044 THC1 35000 
311860110110045 THC1 35000 
311860110110046 THC1 35000 
311860110110047 THC1 35000 
;

param D1_2:=
3118602190990 SHC1 20000 
3118602191229 SHC1 20000 
3118602190591 SHC1 20000 
3118602190567 SHC1 20000 
3118602190532 SHC1 20000 
3118602190494 SHC1 20000 
3118602190869 SHC1 20000 
3118602190605 SHC1 20000 
3118602190109 SHC1 20000 
3118607116306 SHC1 20000 
3118602190931 SHC1 20000 
3118602190923 SHC1 20000 
3118602190893 SHC1 20000 
3118602190486 SHC1 20000 
3118602190915 SHC1 20000 
3118602190222 SHC1 20000 
3118604696077 SHC1 20000 
3118602191032 SHC1 20000 
3118602191024 SHC1 20000 
3118602190478 SHC1 20000 
3118602190389 SHC1 20000 
3118607110316 SHC1 20000 
3118602220261 SHC1 20000 
3118602190397 SHC1 20000 
3118602190176 SHC1 20000 
3118602191059 SHC1 20000 
3118602191040 SHC1 20000 
3118602190451 SHC1 20000 
3118602190206 SHC1 20000 
3118602190524 SHC1 20000 
3118602190400 SHC1 20000 
3118602190966 SHC1 20000 
3118602190877 SHC1 20000 
3118602190826 SHC1 20000 
3118602190729 SHC1 20000 
3118602190656 SHC1 20000 
3118602190834 SHC1 20000 
3118602190710 SHC1 20000 
3118602190796 SHC1 20000 
3118602190648 SHC1 20000 
3118602190818 SHC1 20000 
3118602190885 SHC1 20000 
3118607053355 SHC1 20000 
3118602191148 SHC1 20000 
3118602190192 SHC1 20000 
3118602190214 SHC1 20000 
3118602190680 SHC1 20000 
3118602190753 SHC1 20000 
3118602190141 SHC1 20000 
3118602220245 SHC1 20000 
3118602190788 SHC1 20000 
311860105130020 SHC1 20000 
311860105140024 SHC1 20000 
311860105150029 SHC1 20000 
311860105150035 SHC1 20000 
311860105230002 SHC1 20000 
311860105230189 SHC1 20000 
311860105230194 SHC1 20000 
311860105260092 SHC1 20000 
311860105260093 SHC1 20000 
311860105270014 SHC1 20000 
311860105270066 SHC1 20000 
311860105270078 SHC1 20000 
311860105270089 SHC1 20000 
311860105280026 SHC1 20000 
311860105280044 SHC1 20000 
311860105280055 SHC1 20000 
311860105280061 SHC1 20000 
311860105280063 SHC1 20000 
311860105280064 SHC1 20000 
311860105280069 SHC1 20000 
311860110010033 SHC1 20000 
311860110020033 SHC1 20000 
311860110030047 SHC1 20000 
311860110030054 SHC1 20000 
311860110060013 SHC1 20000 
311860110060027 SHC1 20000 
311860110070016 SHC1 20000 
311860110080008 SHC1 20000 
311860110090055 SHC1 20000 
311860110110039 SHC1 20000 
;

param D1_3:=
3118602190990 THC1 25000 
3118602191229 THC1 25000 
3118602190591 THC1 25000 
3118602190567 THC1 25000 
3118602190532 THC1 25000 
3118602190494 THC1 25000 
3118602190869 THC1 25000 
3118602190605 THC1 25000 
3118602190109 THC1 25000 
3118607116306 THC1 25000 
3118602190931 THC1 25000 
3118602190923 THC1 25000 
3118602190893 THC1 25000 
3118602190486 THC1 25000 
3118602190915 THC1 25000 
3118602190222 THC1 25000 
3118604696077 THC1 25000 
3118602191032 THC1 25000 
3118602191024 THC1 25000 
3118602190478 THC1 25000 
3118602190389 THC1 25000 
3118607110316 THC1 25000 
3118602220261 THC1 25000 
3118602190397 THC1 25000 
3118602190176 THC1 25000 
3118602191059 THC1 25000 
3118602191040 THC1 25000 
3118602190451 THC1 25000 
3118602190206 THC1 25000 
3118602190524 THC1 25000 
3118602190400 THC1 25000 
3118602190966 THC1 25000 
3118602190877 THC1 25000 
3118602190826 THC1 25000 
3118602190729 THC1 25000 
3118602190656 THC1 25000 
3118602190834 THC1 25000 
3118602190710 THC1 25000 
3118602190796 THC1 25000 
3118602190648 THC1 25000 
3118602190818 THC1 25000 
3118602190885 THC1 25000 
3118607053355 THC1 25000 
3118602191148 THC1 25000 
3118602190192 THC1 25000 
3118602190214 THC1 25000 
3118602190680 THC1 25000 
3118602190753 THC1 25000 
3118602190141 THC1 25000 
3118602220245 THC1 25000 
3118602190788 THC1 25000 
311860105130020 THC1 25000 
311860105140024 THC1 25000 
311860105150029 THC1 25000 
311860105150035 THC1 25000 
311860105230002 THC1 25000 
311860105230189 THC1 25000 
311860105230194 THC1 25000 
311860105260092 THC1 25000 
311860105260093 THC1 25000 
311860105270014 THC1 25000 
311860105270066 THC1 25000 
311860105270078 THC1 25000 
311860105270089 THC1 25000 
311860105280026 THC1 25000 
311860105280044 THC1 25000 
311860105280055 THC1 25000 
311860105280061 THC1 25000 
311860105280063 THC1 25000 
311860105280064 THC1 25000 
311860105280069 THC1 25000 
311860110010033 THC1 25000 
311860110020033 THC1 25000 
311860110030047 THC1 25000 
311860110030054 THC1 25000 
311860110060013 THC1 25000 
311860110060027 THC1 25000 
311860110070016 THC1 25000 
311860110080008 THC1 25000 
311860110090055 THC1 25000 
311860110110039 THC1 25000 
;

param D2_3:=
SHC1	THC1	20000;

param CNES1(tr):	eSF	eSB	eMulti ACS:=
3118602190990 3 2 0 11 
3118602191229 2 1 0 7 
3118602190591 3 1 1 13 
3118602190567 1 0 0 3 
3118602190532 3 2 0 11 
3118602190494 2 0 0 5 
3118602190869 1 0 0 0 
3118602190605 1 0 0 10 
3118602190109 1 0 0 0 
3118607116306 2 0 0 8 
3118602190931 2 1 1 10 
3118602190923 6 2 1 19 
3118602190893 5 2 0 11 
3118602190486 4 2 1 14 
3118602190915 2 0 0 6 
3118602190222 3 1 1 8 
3118604696077 3 2 0 8 
3118602191032 1 0 0 0 
3118602191024 1 0 0 3 
3118602190478 1 0 0 3 
3118602190389 2 0 0 6 
3118607110316 5 2 1 14 
3118602220261 1 0 0 3 
3118602190397 1 0 0 5 
3118602190176 1 0 0 3 
3118602191059 4 4 0 8 
3118602191040 1 0 0 3 
3118602190451 2 1 0 8 
3118602190206 2 2 0 4 
3118602190524 1 1 0 3 
3118602190400 1 0 0 5 
3118602190966 1 0 0 4 
3118602190877 2 1 0 7 
3118602190826 3 1 0 8 
3118602190729 2 0 0 8 
3118602190656 2 2 1 8 
3118602190834 1 0 0 0 
3118602190710 1 0 0 17 
3118602190796 1 0 0 0 
3118602190648 1 0 0 5 
3118602190818 3 0 0 6 
3118602190885 3 1 0 8 
3118607053355 1 0 0 4 
3118602191148 1 0 0 0 
3118602190192 1 0 0 2 
3118602190214 2 1 0 6 
3118602190680 3 2 0 8 
3118602190753 1 0 0 0 
3118602190141 1 0 0 3 
3118602220245 2 1 0 8 
3118602190788 1 1 0 5 
;

param CNES2: SHC1:=
EQ2	10
;

param CNES3: THC1:=
EQ3	10
;

param C2:=
SHC1	4000000
;

param C3:=
THC1	4000000
;

param U:=
1 10 
2 1 
3 1 
;

param:	 O1_0    O1_2    O1_3:=
3118602190990 0.71 0.2 0.05 
3118602191229 0.71 0.2 0.05 
3118602190591 0.71 0.2 0.05 
3118602190567 0.71 0.2 0.05 
3118602190532 0.71 0.2 0.05 
3118602190494 0.71 0.2 0.05 
3118602190869 0.71 0.2 0.05 
3118602190605 0.71 0.2 0.05 
3118602190109 0.71 0.2 0.05 
3118607116306 0.71 0.2 0.05 
3118602190931 0.71 0.2 0.05 
3118602190923 0.71 0.2 0.05 
3118602190893 0.71 0.2 0.05 
3118602190486 0.71 0.2 0.05 
3118602190915 0.71 0.2 0.05 
3118602190222 0.71 0.2 0.05 
3118604696077 0.71 0.2 0.05 
3118602191032 0.71 0.2 0.05 
3118602191024 0.71 0.2 0.05 
3118602190478 0.71 0.2 0.05 
3118602190389 0.71 0.2 0.05 
3118607110316 0.71 0.2 0.05 
3118602220261 0.71 0.2 0.05 
3118602190397 0.71 0.2 0.05 
3118602190176 0.71 0.2 0.05 
3118602191059 0.71 0.2 0.05 
3118602191040 0.71 0.2 0.05 
3118602190451 0.71 0.2 0.05 
3118602190206 0.71 0.2 0.05 
3118602190524 0.71 0.2 0.05 
3118602190400 0.71 0.2 0.05 
3118602190966 0.71 0.2 0.05 
3118602190877 0.71 0.2 0.05 
3118602190826 0.71 0.2 0.05 
3118602190729 0.71 0.2 0.05 
3118602190656 0.71 0.2 0.05 
3118602190834 0.71 0.2 0.05 
3118602190710 0.71 0.2 0.05 
3118602190796 0.71 0.2 0.05 
3118602190648 0.71 0.2 0.05 
3118602190818 0.71 0.2 0.05 
3118602190885 0.71 0.2 0.05 
3118607053355 0.71 0.2 0.05 
3118602191148 0.71 0.2 0.05 
3118602190192 0.71 0.2 0.05 
3118602190214 0.71 0.2 0.05 
3118602190680 0.71 0.2 0.05 
3118602190753 0.71 0.2 0.05 
3118602190141 0.71 0.2 0.05 
3118602220245 0.71 0.2 0.05 
3118602190788 0.71 0.2 0.05 
311860105130020 0.71 0.2 0.05 
311860105140024 0.71 0.2 0.05 
311860105150029 0.71 0.2 0.05 
311860105150035 0.71 0.2 0.05 
311860105230002 0.71 0.2 0.05 
311860105230189 0.71 0.2 0.05 
311860105230194 0.71 0.2 0.05 
311860105260092 0.71 0.2 0.05 
311860105260093 0.71 0.2 0.05 
311860105270014 0.71 0.2 0.05 
311860105270066 0.71 0.2 0.05 
311860105270078 0.71 0.2 0.05 
311860105270089 0.71 0.2 0.05 
311860105280026 0.71 0.2 0.05 
311860105280044 0.71 0.2 0.05 
311860105280055 0.71 0.2 0.05 
311860105280061 0.71 0.2 0.05 
311860105280063 0.71 0.2 0.05 
311860105280064 0.71 0.2 0.05 
311860105280069 0.71 0.2 0.05 
311860110010033 0.71 0.2 0.05 
311860110020033 0.71 0.2 0.05 
311860110030047 0.71 0.2 0.05 
311860110030054 0.71 0.2 0.05 
311860110060013 0.71 0.2 0.05 
311860110060027 0.71 0.2 0.05 
311860110070016 0.71 0.2 0.05 
311860110080008 0.71 0.2 0.05 
311860110090055 0.71 0.2 0.05 
311860110110039 0.71 0.2 0.05 
;

param:	O2_0   O2_1   O2_3 :=
SHC1 0.65 0.2 0.1 
;

param:	O3_0   O3_1   O3_2 :=
THC1 0.8 0.1 0.05 
;

param MAX_TELE_PHC := 0.05;
param MAX_TELE_SHC := 0.05;
param MAX_TELE_THC := 0.05;
param MAX_HOME_PHC := 1;
param MAX_HOME_SHC := 0.15;
param MAX_HOME_THC := 0.05;

end;
