#############################################################################
# Project CNPq: Increasing PHC with team sizing
# Author: João Flávio de Freitas Almeida <joao.flavio@dep.ufmg.br>
# LEPOINT: Laboratório de Estudos em Planejamento de Operações Integradas
# Departamento de Engenharia de Produção
# Universidade Federal de Minas Gerais - Escola de Engenharia
#############################################################################
# Health Care Facility Location Problem: Considering fixed facilities,
# choose intermediate facilities according a criteria that improve service
# quality. Consider health care teams.
#############################################################################
# glpsol -m aps.mod -d LS.dat --cuts

#############################################################################
# DADOS REFERENTES AO MUNICIPIO DE: 
# Lagoa Santa 
#############################################################################
data;
# Distance matrix between same-level facilities (for team transfer) 
# {EL[1], L[1]} default 0; # Distance between L1 facilities (min)  
param DL1 := 
3137605402034 3137605402034 0 
3137605402034 3137602116553 1383 
3137605402034 3137605324920 2687 
3137605402034 3137602168332 4230 
3137605402034 3137605324912 3240 
3137605402034 3137602116588 4020 
3137605402034 3137605402417 5875 
3137605402034 3137602117363 7273 
3137605402034 3137605324904 3507 
3137605402034 3137602116537 7085 
3137605402034 3137602116545 1980 
3137605402034 3137605402425 4112 
3137605402034 3137602116561 2095 
3137605402034 3137604334663 3895 
3137605402034 3137602116529 10230 
3137605402034 3137606897061 12595 
3137605402034 3137606844286 9305 
3137605402034 313760105000026 3651 
3137605402034 313760105000048 4447 
3137605402034 313760105000050 6230 
3137605402034 313760105000082 872 
3137605402034 313760105000098 1248 
3137605402034 313760105000145 2386 
3137605402034 313760105000146 5548 
3137605402034 313760105000152 9897 
3137605402034 313760105000172 7212 
3137605402034 313760105000206 4448 
3137605402034 313760105000219 5203 
3137605402034 313760105000220 5958 
3137605402034 313760105000221 5322 
3137605402034 313760105000225 5845 
3137605402034 313760105000226 6119 
3137605402034 313760105000229 6341 
3137605402034 313760105000231 6511 
3137605402034 313760105000257 1694 
3137605402034 313760105000264 6249 
3137605402034 313760105000273 5042 
3137605402034 313760105000280 8157 
3137605402034 313760114000002 4872 
3137605402034 313760114000007 4531 
3137605402034 313760114000008 4064 
3137605402034 313760114000009 3266 
3137605402034 313760114000010 6751 
3137605402034 313760115000005 10956 
3137605402034 313760115000006 13679 
3137605402034 313760115000007 12154 
3137605402034 313760115000015 8613 
3137602116553 3137605402034 1383 
3137602116553 3137602116553 0 
3137602116553 3137605324920 3618 
3137602116553 3137602168332 3429 
3137602116553 3137605324912 2564 
3137602116553 3137602116588 2819 
3137602116553 3137605402417 4586 
3137602116553 3137602117363 5920 
3137602116553 3137605324904 2297 
3137602116553 3137602116537 5728 
3137602116553 3137602116545 2866 
3137602116553 3137605402425 3460 
3137602116553 3137602116561 726 
3137602116553 3137604334663 2541 
3137602116553 3137602116529 8853 
3137602116553 3137606897061 11296 
3137602116553 3137606844286 7924 
3137602116553 313760105000026 3208 
3137602116553 313760105000048 4949 
3137602116553 313760105000050 6444 
3137602116553 313760105000082 760 
3137602116553 313760105000098 1346 
3137602116553 313760105000145 3532 
3137602116553 313760105000146 5017 
3137602116553 313760105000152 8515 
3137602116553 313760105000172 6411 
3137602116553 313760105000206 3966 
3137602116553 313760105000219 3859 
3137602116553 313760105000220 4592 
3137602116553 313760105000221 3951 
3137602116553 313760105000225 4462 
3137602116553 313760105000226 4740 
3137602116553 313760105000229 4959 
3137602116553 313760105000231 6295 
3137602116553 313760105000257 536 
3137602116553 313760105000264 5101 
3137602116553 313760105000273 5604 
3137602116553 313760105000280 6845 
3137602116553 313760114000002 6254 
3137602116553 313760114000007 5828 
3137602116553 313760114000008 5385 
3137602116553 313760114000009 4528 
3137602116553 313760114000010 7899 
3137602116553 313760115000005 9806 
3137602116553 313760115000006 12336 
3137602116553 313760115000007 10771 
3137602116553 313760115000015 7364 
3137605324920 3137605402034 2687 
3137605324920 3137602116553 3618 
3137605324920 3137605324920 0 
3137605324920 3137602168332 4410 
3137605324920 3137605324912 3543 
3137605324920 3137602116588 5129 
3137605324920 3137605402417 7006 
3137605324920 3137602117363 8624 
3137605324920 3137605324904 4748 
3137605324920 3137602116537 8467 
3137605324920 3137602116545 752 
3137605324920 3137605402425 4033 
3137605324920 3137602116561 4289 
3137605324920 3137604334663 5521 
3137605324920 3137602116529 11699 
3137605324920 3137606897061 13464 
3137605324920 3137606844286 10870 
3137605324920 313760105000026 3346 
3137605324920 313760105000048 6618 
3137605324920 313760105000050 4110 
3137605324920 313760105000082 3481 
3137605324920 313760105000098 2348 
3137605324920 313760105000145 3901 
3137605324920 313760105000146 8233 
3137605324920 313760105000152 11633 
3137605324920 313760105000172 6881 
3137605324920 313760105000206 3935 
3137605324920 313760105000219 6636 
3137605324920 313760105000220 7477 
3137605324920 313760105000221 6917 
3137605324920 313760105000225 7586 
3137605324920 313760105000226 7748 
3137605324920 313760105000229 8024 
3137605324920 313760105000231 5082 
3137605324920 313760105000257 4113 
3137605324920 313760105000264 8719 
3137605324920 313760105000273 2547 
3137605324920 313760105000280 10337 
3137605324920 313760114000002 4269 
3137605324920 313760114000007 4894 
3137605324920 313760114000008 4377 
3137605324920 313760114000009 4107 
3137605324920 313760114000010 7477 
3137605324920 313760115000005 11300 
3137605324920 313760115000006 14774 
3137605324920 313760115000007 13836 
3137605324920 313760115000015 9407 
3137602168332 3137605402034 4230 
3137602168332 3137602116553 3429 
3137602168332 3137605324920 4410 
3137602168332 3137602168332 0 
3137602168332 3137605324912 1006 
3137602168332 3137602116588 1600 
3137602168332 3137605402417 2911 
3137602168332 3137602117363 4570 
3137602168332 3137605324904 1736 
3137602168332 3137602116537 4458 
3137602168332 3137602116545 3983 
3137602168332 3137605402425 481 
3137602168332 3137602116561 3353 
3137602168332 3137604334663 2606 
3137602168332 3137602116529 7595 
3137602168332 3137606897061 9060 
3137602168332 3137606844286 6886 
3137602168332 313760105000026 1122 
3137602168332 313760105000048 8376 
3137602168332 313760105000050 4490 
3137602168332 313760105000082 4111 
3137602168332 313760105000098 3039 
3137602168332 313760105000145 6613 
3137602168332 313760105000146 7910 
3137602168332 313760105000152 7801 
3137602168332 313760105000172 3000 
3137602168332 313760105000206 1109 
3137602168332 313760105000219 2971 
3137602168332 313760105000220 3752 
3137602168332 313760105000221 3415 
3137602168332 313760105000225 4161 
3137602168332 313760105000226 4127 
3137602168332 313760105000229 4436 
3137602168332 313760105000231 3440 
3137602168332 313760105000257 3775 
3137602168332 313760105000264 6693 
3137602168332 313760105000273 4717 
3137602168332 313760105000280 7320 
3137602168332 313760114000002 8457 
3137602168332 313760114000007 8579 
3137602168332 313760114000008 8073 
3137602168332 313760114000009 7408 
3137602168332 313760114000010 10946 
3137602168332 313760115000005 6952 
3137602168332 313760115000006 10413 
3137602168332 313760115000007 9866 
3137602168332 313760115000015 5011 
3137605324912 3137605402034 3240 
3137605324912 3137602116553 2564 
3137605324912 3137605324920 3543 
3137605324912 3137602168332 1006 
3137605324912 3137605324912 0 
3137605324912 3137602116588 1747 
3137605324912 3137605402417 3504 
3137605324912 3137602117363 5156 
3137605324912 3137605324904 1566 
3137605324912 3137602116537 5015 
3137605324912 3137602116545 3045 
3137605324912 3137605402425 901 
3137605324912 3137602116561 2639 
3137605324912 3137604334663 2514 
3137605324912 3137602116529 8228 
3137605324912 3137606897061 9937 
3137605324912 3137606844286 7448 
3137605324912 313760105000026 788 
3137605324912 313760105000048 7473 
3137605324912 313760105000050 4462 
3137605324912 313760105000082 3192 
3137605324912 313760105000098 2035 
3137605324912 313760105000145 5616 
3137605324912 313760105000146 7321 
3137605324912 313760105000152 8293 
3137605324912 313760105000172 3972 
3137605324912 313760105000206 1430 
3137605324912 313760105000219 3297 
3137605324912 313760105000220 4137 
3137605324912 313760105000221 3671 
3137605324912 313760105000225 4406 
3137605324912 313760105000226 4467 
3137605324912 313760105000229 4767 
3137605324912 313760105000231 3851 
3137605324912 313760105000257 2978 
3137605324912 313760105000264 6497 
3137605324912 313760105000273 4290 
3137605324912 313760105000280 7468 
3137605324912 313760114000002 7485 
3137605324912 313760114000007 7574 
3137605324912 313760114000008 7069 
3137605324912 313760114000009 6402 
3137605324912 313760114000010 9941 
3137605324912 313760115000005 7930 
3137605324912 313760115000006 11231 
3137605324912 313760115000007 10435 
3137605324912 313760115000015 5877 
3137602116588 3137605402034 4020 
3137602116588 3137602116553 2819 
3137602116588 3137605324920 5129 
3137602116588 3137602168332 1600 
3137602116588 3137605324912 1747 
3137602116588 3137602116588 0 
3137602116588 3137605402417 1916 
3137602116588 3137602117363 3496 
3137602116588 3137605324904 522 
3137602116588 3137602116537 3338 
3137602116588 3137602116545 4524 
3137602116588 3137605402425 2010 
3137602116588 3137602116561 2421 
3137602116588 3137604334663 1037 
3137602116588 3137602116529 6570 
3137602116588 3137606897061 8600 
3137602116588 3137606844286 5750 
3137602116588 313760105000026 2411 
3137602116588 313760105000048 7598 
3137602116588 313760105000050 6037 
3137602116588 313760105000082 3579 
3137602116588 313760105000098 3114 
3137602116588 313760105000145 6332 
3137602116588 313760105000146 6564 
3137602116588 313760105000152 6562 
3137602116588 313760105000172 3986 
3137602116588 313760105000206 2689 
3137602116588 313760105000219 1552 
3137602116588 313760105000220 2396 
3137602116588 313760105000221 1928 
3137602116588 313760105000225 2669 
3137602116588 313760105000226 2719 
3137602116588 313760105000229 3019 
3137602116588 313760105000231 5032 
3137602116588 313760105000257 2953 
3137602116588 313760105000264 5105 
3137602116588 313760105000273 6030 
3137602116588 313760105000280 5779 
3137602116588 313760114000002 8741 
3137602116588 313760114000007 8551 
3137602116588 313760114000008 8079 
3137602116588 313760114000009 7282 
3137602116588 313760114000010 10710 
3137602116588 313760115000005 6986 
3137602116588 313760115000006 9767 
3137602116588 313760115000007 8729 
3137602116588 313760115000015 4594 
3137605402417 3137605402034 5875 
3137605402417 3137602116553 4586 
3137605402417 3137605324920 7006 
3137605402417 3137602168332 2911 
3137605402417 3137605324912 3504 
3137605402417 3137602116588 1916 
3137605402417 3137605402417 0 
3137605402417 3137602117363 1664 
3137605402417 3137605324904 2391 
3137605402417 3137602116537 1546 
3137605402417 3137602116545 6427 
3137605402417 3137605402425 3392 
3137605402417 3137602116561 4043 
3137605402417 3137604334663 2124 
3137605402417 3137602116529 4724 
3137605402417 3137606897061 6720 
3137605402417 3137606844286 3977 
3137605402417 313760105000026 3991 
3137605402417 313760105000048 9048 
3137605402417 313760105000050 7289 
3137605402417 313760105000082 5335 
3137605402417 313760105000098 5027 
3137605402417 313760105000145 8115 
3137605402417 313760105000146 7296 
3137605402417 313760105000152 4894 
3137605402417 313760105000172 3760 
3137605402417 313760105000206 3954 
3137605402417 313760105000219 947 
3137605402417 313760105000220 1122 
3137605402417 313760105000221 1292 
3137605402417 313760105000225 1780 
3137605402417 313760105000226 1521 
3137605402417 313760105000229 1798 
3137605402417 313760105000231 5870 
3137605402417 313760105000257 4593 
3137605402417 313760105000264 5023 
3137605402417 313760105000273 7627 
3137605402417 313760105000280 4804 
3137605402417 313760114000002 10648 
3137605402417 313760114000007 10398 
3137605402417 313760114000008 9939 
3137605402417 313760114000009 9109 
3137605402417 313760114000010 12465 
3137605402417 313760115000005 5397 
3137605402417 313760115000006 7852 
3137605402417 313760115000007 6962 
3137605402417 313760115000015 2799 
3137602117363 3137605402034 7273 
3137602117363 3137602116553 5920 
3137602117363 3137605324920 8624 
3137602117363 3137602168332 4570 
3137602117363 3137605324912 5156 
3137602117363 3137602116588 3496 
3137602117363 3137605402417 1664 
3137602117363 3137602117363 0 
3137602117363 3137605324904 3915 
3137602117363 3137602116537 204 
3137602117363 3137602116545 8017 
3137602117363 3137605402425 5051 
3137602117363 3137602116561 5286 
3137602117363 3137604334663 3379 
3137602117363 3137602116529 3076 
3137602117363 3137606897061 5496 
3137602117363 3137606844286 2315 
3137602117363 313760105000026 5656 
3137602117363 313760105000048 9945 
3137602117363 313760105000050 8885 
3137602117363 313760105000082 6634 
3137602117363 313760105000098 6551 
3137602117363 313760105000145 9387 
3137602117363 313760105000146 7613 
3137602117363 313760105000152 3265 
3137602117363 313760105000172 4864 
3137602117363 313760105000206 5592 
3137602117363 313760105000219 2072 
3137602117363 313760105000220 1357 
3137602117363 313760105000221 2000 
3137602117363 313760105000225 1794 
3137602117363 313760105000226 1378 
3137602117363 313760105000229 1367 
3137602117363 313760105000231 7354 
3137602117363 313760105000257 5818 
3137602117363 313760105000264 4822 
3137602117363 313760105000273 9288 
3137602117363 313760105000280 3784 
3137602117363 313760114000002 12119 
3137602117363 313760114000007 11739 
3137602117363 313760114000008 11304 
3137602117363 313760114000009 10428 
3137602117363 313760114000010 13657 
3137602117363 313760115000005 4909 
3137602117363 313760115000006 6418 
3137602117363 313760115000007 5298 
3137602117363 313760115000015 2192 
3137605324904 3137605402034 3507 
3137605324904 3137602116553 2297 
3137605324904 3137605324920 4748 
3137605324904 3137602168332 1736 
3137605324904 3137605324912 1566 
3137605324904 3137602116588 522 
3137605324904 3137605402417 2391 
3137605324904 3137602117363 3915 
3137605324904 3137605324904 0 
3137605324904 3137602116537 3746 
3137605324904 3137602116545 4112 
3137605324904 3137605402425 2060 
3137605324904 3137602116561 1922 
3137605324904 3137604334663 950 
3137605324904 3137602116529 6974 
3137605324904 3137606897061 9099 
3137605324904 3137606844286 6125 
3137605324904 313760105000026 2317 
3137605324904 313760105000048 7103 
3137605324904 313760105000050 5999 
3137605324904 313760105000082 3057 
3137605324904 313760105000098 2644 
3137605324904 313760105000145 5811 
3137605324904 313760105000146 6223 
3137605324904 313760105000152 6891 
3137605324904 313760105000172 4390 
3137605324904 313760105000206 2742 
3137605324904 313760105000219 1888 
3137605324904 313760105000220 2729 
3137605324904 313760105000221 2186 
3137605324904 313760105000225 2894 
3137605324904 313760105000226 3011 
3137605324904 313760105000229 3298 
3137605324904 313760105000231 5158 
3137605324904 313760105000257 2445 
3137605324904 313760105000264 5002 
3137605324904 313760105000273 5836 
3137605324904 313760105000280 5906 
3137605324904 313760114000002 8257 
3137605324904 313760114000007 8038 
3137605324904 313760114000008 7569 
3137605324904 313760114000009 6765 
3137605324904 313760114000010 10188 
3137605324904 313760115000005 7509 
3137605324904 313760115000006 10240 
3137605324904 313760115000007 9088 
3137605324904 313760115000015 5106 
3137602116537 3137605402034 7085 
3137602116537 3137602116553 5728 
3137602116537 3137605324920 8467 
3137602116537 3137602168332 4458 
3137602116537 3137605324912 5015 
3137602116537 3137602116588 3338 
3137602116537 3137605402417 1546 
3137602116537 3137602117363 204 
3137602116537 3137605324904 3746 
3137602116537 3137602116537 0 
3137602116537 3137602116545 7854 
3137602116537 3137605402425 4939 
3137602116537 3137602116561 5091 
3137602116537 3137604334663 3189 
3137602116537 3137602116529 3232 
3137602116537 3137606897061 5700 
3137602116537 3137606844286 2437 
3137602116537 313760105000026 5533 
3137602116537 313760105000048 9741 
3137602116537 313760105000050 8806 
3137602116537 313760105000082 6439 
3137602116537 313760105000098 6376 
3137602116537 313760105000145 9190 
3137602116537 313760105000146 7423 
3137602116537 313760105000152 3352 
3137602116537 313760105000172 4877 
3137602116537 313760105000206 5494 
3137602116537 313760105000219 1889 
3137602116537 313760105000220 1156 
3137602116537 313760105000221 1800 
3137602116537 313760105000225 1593 
3137602116537 313760105000226 1175 
3137602116537 313760105000229 1177 
3137602116537 313760105000231 7306 
3137602116537 313760105000257 5620 
3137602116537 313760105000264 4657 
3137602116537 313760105000273 9173 
3137602116537 313760105000280 3708 
3137602116537 313760114000002 11935 
3137602116537 313760114000007 11545 
3137602116537 313760114000008 11111 
3137602116537 313760114000009 10233 
3137602116537 313760114000010 13455 
3137602116537 313760115000005 5087 
3137602116537 313760115000006 6614 
3137602116537 313760115000007 5424 
3137602116537 313760115000015 2361 
3137602116545 3137605402034 1980 
3137602116545 3137602116553 2866 
3137602116545 3137605324920 752 
3137602116545 3137602168332 3983 
3137602116545 3137605324912 3045 
3137602116545 3137602116588 4524 
3137602116545 3137605402417 6427 
3137602116545 3137602117363 8017 
3137602116545 3137605324904 4112 
3137602116545 3137602116537 7854 
3137602116545 3137602116545 0 
3137602116545 3137605402425 3658 
3137602116545 3137602116561 3542 
3137602116545 3137604334663 4841 
3137602116545 3137602116529 11085 
3137602116545 3137606897061 12979 
3137602116545 3137606844286 10235 
3137602116545 313760105000026 2998 
3137602116545 313760105000048 6115 
3137602116545 313760105000050 4477 
3137602116545 313760105000082 2744 
3137602116545 313760105000098 1615 
3137602116545 313760105000145 3512 
3137602116545 313760105000146 7525 
3137602116545 313760105000152 10971 
3137602116545 313760105000172 6649 
3137602116545 313760105000206 3682 
3137602116545 313760105000219 5999 
3137602116545 313760105000220 6833 
3137602116545 313760105000221 6256 
3137602116545 313760105000225 6907 
3137602116545 313760105000226 7087 
3137602116545 313760105000229 7357 
3137602116545 313760105000231 5176 
3137602116545 313760105000257 3361 
3137602116545 313760105000264 7967 
3137602116545 313760105000273 3100 
3137602116545 313760105000280 9610 
3137602116545 313760114000002 4495 
3137602116545 313760114000007 4862 
3137602116545 313760114000008 4340 
3137602116545 313760114000009 3909 
3137602116545 313760114000010 7399 
3137602116545 313760115000005 10929 
3137602116545 313760115000006 14244 
3137602116545 313760115000007 13188 
3137602116545 313760115000015 8919 
3137605402425 3137605402034 4112 
3137605402425 3137602116553 3460 
3137605402425 3137605324920 4033 
3137605402425 3137602168332 481 
3137605402425 3137605324912 901 
3137605402425 3137602116588 2010 
3137605402425 3137605402417 3392 
3137605402425 3137602117363 5051 
3137605402425 3137605324904 2060 
3137605402425 3137602116537 4939 
3137605402425 3137602116545 3658 
3137605402425 3137605402425 0 
3137605402425 3137602116561 3485 
3137605402425 3137604334663 2977 
3137605402425 3137602116529 8070 
3137605402425 3137606897061 9470 
3137605402425 3137606844286 7366 
3137605402425 313760105000026 691 
3137605402425 313760105000048 8375 
3137605402425 313760105000050 4036 
3137605402425 313760105000082 4094 
3137605402425 313760105000098 2882 
3137605402425 313760105000145 6473 
3137605402425 313760105000146 8123 
3137605402425 313760105000152 8283 
3137605402425 313760105000172 3112 
3137605402425 313760105000206 684 
3137605402425 313760105000219 3435 
3137605402425 313760105000220 4225 
3137605402425 313760105000221 3872 
3137605402425 313760105000225 4619 
3137605402425 313760105000226 4597 
3137605402425 313760105000229 4905 
3137605402425 313760105000231 3106 
3137605402425 313760105000257 3857 
3137605402425 313760105000264 7058 
3137605402425 313760105000273 4237 
3137605402425 313760105000280 7769 
3137605402425 313760114000002 8151 
3137605402425 313760114000007 8353 
3137605402425 313760114000008 7841 
3137605402425 313760114000009 7217 
3137605402425 313760114000010 10765 
3137605402425 313760115000005 7278 
3137605402425 313760115000006 10846 
3137605402425 313760115000007 10345 
3137605402425 313760115000015 5434 
3137602116561 3137605402034 2095 
3137602116561 3137602116553 726 
3137602116561 3137605324920 4289 
3137602116561 3137602168332 3353 
3137602116561 3137605324912 2639 
3137602116561 3137602116588 2421 
3137602116561 3137605402417 4043 
3137602116561 3137602117363 5286 
3137602116561 3137605324904 1922 
3137602116561 3137602116537 5091 
3137602116561 3137602116545 3542 
3137602116561 3137605402425 3485 
3137602116561 3137602116561 0 
3137602116561 3137604334663 1937 
3137602116561 3137602116529 8175 
3137602116561 3137606897061 10713 
3137602116561 3137606844286 7236 
3137602116561 313760105000026 3374 
3137602116561 313760105000048 5180 
3137602116561 313760105000050 6830 
3137602116561 313760105000082 1353 
3137602116561 313760105000098 1958 
3137602116561 313760105000145 4105 
3137602116561 313760105000146 4699 
3137602116561 313760105000152 7804 
3137602116561 313760105000172 6248 
3137602116561 313760105000206 4070 
3137602116561 313760105000219 3252 
3137602116561 313760105000220 3942 
3137602116561 313760105000221 3297 
3137602116561 313760105000225 3769 
3137602116561 313760105000226 4064 
3137602116561 313760105000229 4271 
3137602116561 313760105000231 6480 
3137602116561 313760105000257 550 
3137602116561 313760105000264 4445 
3137602116561 313760105000273 6139 
3137602116561 313760105000280 6123 
3137602116561 313760114000002 6953 
3137602116561 313760114000007 6455 
3137602116561 313760114000008 6029 
3137602116561 313760114000009 5142 
3137602116561 313760114000010 8425 
3137602116561 313760115000005 9358 
3137602116561 313760115000006 11705 
3137602116561 313760115000007 10062 
3137602116561 313760115000015 6840 
3137604334663 3137605402034 3895 
3137604334663 3137602116553 2541 
3137604334663 3137605324920 5521 
3137604334663 3137602168332 2606 
3137604334663 3137605324912 2514 
3137604334663 3137602116588 1037 
3137604334663 3137605402417 2124 
3137604334663 3137602117363 3379 
3137604334663 3137605324904 950 
3137604334663 3137602116537 3189 
3137604334663 3137602116545 4841 
3137604334663 3137605402425 2977 
3137604334663 3137602116561 1937 
3137604334663 3137604334663 0 
3137604334663 3137602116529 6352 
3137604334663 3137606897061 8777 
3137604334663 3137606844286 5451 
3137604334663 313760105000026 3267 
3137604334663 313760105000048 6948 
3137604334663 313760105000050 6947 
3137604334663 313760105000082 3266 
3137604334663 313760105000098 3275 
3137604334663 313760105000145 6038 
3137604334663 313760105000146 5589 
3137604334663 313760105000152 6136 
3137604334663 313760105000172 4950 
3137604334663 313760105000206 3661 
3137604334663 313760105000219 1319 
3137604334663 313760105000220 2067 
3137604334663 313760105000221 1443 
3137604334663 313760105000225 2066 
3137604334663 313760105000226 2265 
3137604334663 313760105000229 2522 
3137604334663 313760105000231 6046 
3137604334663 313760105000257 2483 
3137604334663 313760105000264 4087 
3137604334663 313760105000273 6764 
3137604334663 313760105000280 4974 
3137604334663 313760114000002 8754 
3137604334663 313760114000007 8367 
3137604334663 313760114000008 7926 
3137604334663 313760114000009 7061 
3137604334663 313760114000010 10361 
3137604334663 313760115000005 7498 
3137604334663 313760115000006 9794 
3137604334663 313760115000007 8367 
3137604334663 313760115000015 4922 
3137602116529 3137605402034 10230 
3137602116529 3137602116553 8853 
3137602116529 3137605324920 11699 
3137602116529 3137602168332 7595 
3137602116529 3137605324912 8228 
3137602116529 3137602116588 6570 
3137602116529 3137605402417 4724 
3137602116529 3137602117363 3076 
3137602116529 3137605324904 6974 
3137602116529 3137602116537 3232 
3137602116529 3137602116545 11085 
3137602116529 3137605402425 8070 
3137602116529 3137602116561 8175 
3137602116529 3137604334663 6352 
3137602116529 3137602116529 0 
3137602116529 3137606897061 3620 
3137602116529 3137606844286 990 
3137602116529 313760105000026 8699 
3137602116529 313760105000048 12368 
3137602116529 313760105000050 11748 
3137602116529 313760105000082 9527 
3137602116529 313760105000098 9591 
3137602116529 313760105000145 12212 
3137602116529 313760105000146 9426 
3137602116529 313760105000152 1358 
3137602116529 313760105000172 7220 
3137602116529 313760105000206 8565 
3137602116529 313760105000219 5097 
3137602116529 313760105000220 4287 
3137602116529 313760105000221 4912 
3137602116529 313760105000225 4416 
3137602116529 313760105000226 4112 
3137602116529 313760105000229 3908 
3137602116529 313760105000231 10059 
3137602116529 313760105000257 8676 
3137602116529 313760105000264 6269 
3137602116529 313760105000273 12300 
3137602116529 313760105000280 4054 
3137602116529 313760114000002 15100 
3137602116529 313760114000007 14606 
3137602116529 313760114000008 14196 
3137602116529 313760114000009 13286 
3137602116529 313760114000010 16353 
3137602116529 313760115000005 4926 
3137602116529 313760115000006 3825 
3137602116529 313760115000007 2349 
3137602116529 313760115000015 3386 
3137606897061 3137605402034 12595 
3137606897061 3137602116553 11296 
3137606897061 3137605324920 13464 
3137606897061 3137602168332 9060 
3137606897061 3137605324912 9937 
3137606897061 3137602116588 8600 
3137606897061 3137605402417 6720 
3137606897061 3137602117363 5496 
3137606897061 3137605324904 9099 
3137606897061 3137602116537 5700 
3137606897061 3137602116545 12979 
3137606897061 3137605402425 9470 
3137606897061 3137602116561 10713 
3137606897061 3137604334663 8777 
3137606897061 3137602116529 3620 
3137606897061 3137606897061 0 
3137606897061 3137606844286 4455 
3137606897061 313760105000026 10160 
3137606897061 313760105000048 15428 
3137606897061 313760105000050 12384 
3137606897061 313760105000082 12037 
3137606897061 313760105000098 11702 
3137606897061 313760105000145 14814 
3137606897061 313760105000146 12817 
3137606897061 313760105000152 4942 
3137606897061 313760105000172 7414 
3137606897061 313760105000206 9754 
3137606897061 313760105000219 7462 
3137606897061 313760105000220 6847 
3137606897061 313760105000221 7481 
3137606897061 313760105000225 7252 
3137606897061 313760105000226 6854 
3137606897061 313760105000229 6769 
3137606897061 313760105000231 10455 
3137606897061 313760105000257 11257 
3137606897061 313760105000264 9731 
3137606897061 313760105000273 13402 
3137606897061 313760105000280 7658 
3137606897061 313760114000002 17332 
3137606897061 313760114000007 17118 
3137606897061 313760114000008 16659 
3137606897061 313760114000009 15824 
3137606897061 313760114000010 19128 
3137606897061 313760115000005 3079 
3137606897061 313760115000006 1722 
3137606897061 313760115000007 4490 
3137606897061 313760115000015 4060 
3137606844286 3137605402034 9305 
3137606844286 3137602116553 7924 
3137606844286 3137605324920 10870 
3137606844286 3137602168332 6886 
3137606844286 3137605324912 7448 
3137606844286 3137602116588 5750 
3137606844286 3137605402417 3977 
3137606844286 3137602117363 2315 
3137606844286 3137605324904 6125 
3137606844286 3137602116537 2437 
3137606844286 3137602116545 10235 
3137606844286 3137605402425 7366 
3137606844286 3137602116561 7236 
3137606844286 3137604334663 5451 
3137606844286 3137602116529 990 
3137606844286 3137606897061 4455 
3137606844286 3137606844286 0 
3137606844286 313760105000026 7969 
3137606844286 313760105000048 11377 
3137606844286 313760105000050 11166 
3137606844286 313760105000082 8584 
3137606844286 313760105000098 8713 
3137606844286 313760105000145 11250 
3137606844286 313760105000146 8461 
3137606844286 313760105000152 1083 
3137606844286 313760105000172 6857 
3137606844286 313760105000206 7901 
3137606844286 313760105000219 4236 
3137606844286 313760105000220 3404 
3137606844286 313760105000221 4008 
3137606844286 313760105000225 3467 
3137606844286 313760105000226 3191 
3137606844286 313760105000229 2965 
3137606844286 313760105000231 9562 
3137606844286 313760105000257 7728 
3137606844286 313760105000264 5319 
3137606844286 313760105000273 11603 
3137606844286 313760105000280 3223 
3137606844286 313760114000002 14178 
3137606844286 313760114000007 13649 
3137606844286 313760114000008 13246 
3137606844286 313760114000009 12329 
3137606844286 313760114000010 15371 
3137606844286 313760115000005 5269 
3137606844286 313760115000006 4804 
3137606844286 313760115000007 2987 
3137606844286 313760115000015 3234 
;



param D0_1 := 
313760105000002 3137605402034 3125 
313760105000002 3137602116553 1762 
313760105000002 3137605324920 4899 
313760105000002 3137602168332 2673 
313760105000002 3137605324912 2281 
313760105000002 3137602116588 1375 
313760105000002 3137605402417 2875 
313760105000002 3137602117363 4157 
313760105000002 3137605324904 969 
313760105000002 3137602116537 3966 
313760105000002 3137602116545 4192 
313760105000002 3137605402425 2945 
313760105000002 3137602116561 1168 
313760105000002 3137604334663 780 
313760105000002 3137602116529 7109 
313760105000002 3137606897061 9554 
313760105000002 3137606844286 6194 
313760105000002 313760105000026 3069 
313760105000002 313760105000048 6271 
313760105000002 313760105000050 6733 
313760105000002 313760105000082 2486 
313760105000002 313760105000098 2592 
313760105000002 313760105000145 5260 
313760105000002 313760105000146 5255 
313760105000002 313760105000152 6838 
313760105000002 313760105000172 5345 
313760105000002 313760105000206 3609 
313760105000002 313760105000219 2100 
313760105000002 313760105000220 2833 
313760105000002 313760105000221 2197 
313760105000002 313760105000225 2760 
313760105000002 313760105000226 3003 
313760105000002 313760105000229 3240 
313760105000002 313760105000231 6050 
313760105000002 313760105000257 1718 
313760105000002 313760105000264 4228 
313760105000002 313760105000273 6356 
313760105000002 313760105000280 5463 
313760105000002 313760114000002 7991 
313760105000002 313760114000007 7587 
313760105000002 313760114000008 7147 
313760105000002 313760114000009 6281 
313760105000002 313760114000010 9593 
313760105000002 313760115000005 8208 
313760105000002 313760115000006 10574 
313760105000002 313760115000007 9083 
313760105000002 313760115000015 5673 
313760105000003 3137605402034 3668 
313760105000003 3137602116553 2285 
313760105000003 3137605324920 5545 
313760105000003 3137602168332 3075 
313760105000003 3137605324912 2834 
313760105000003 3137602116588 1567 
313760105000003 3137605402417 2608 
313760105000003 3137602117363 3701 
313760105000003 3137605324904 1346 
313760105000003 3137602116537 3502 
313760105000003 3137602116545 4833 
313760105000003 3137605402425 3406 
313760105000003 3137602116561 1603 
313760105000003 3137604334663 574 
313760105000003 3137602116529 6573 
313760105000003 3137606897061 9164 
313760105000003 3137606844286 5639 
313760105000003 313760105000026 3614 
313760105000003 313760105000048 6439 
313760105000003 313760105000050 7297 
313760105000003 313760105000082 2956 
313760105000003 313760105000098 3227 
313760105000003 313760105000145 5688 
313760105000003 313760105000146 5018 
313760105000003 313760105000152 6241 
313760105000003 313760105000172 5518 
313760105000003 313760105000206 4086 
313760105000003 313760105000219 1724 
313760105000003 313760105000220 2348 
313760105000003 313760105000221 1702 
313760105000003 313760105000225 2177 
313760105000003 313760105000226 2461 
313760105000003 313760105000229 2673 
313760105000003 313760105000231 6504 
313760105000003 313760105000257 2120 
313760105000003 313760105000264 3668 
313760105000003 313760105000273 6985 
313760105000003 313760105000280 4815 
313760105000003 313760114000002 8540 
313760105000003 313760114000007 8054 
313760105000003 313760114000008 7631 
313760105000003 313760114000009 6739 
313760105000003 313760114000010 9964 
313760105000003 313760115000005 8004 
313760105000003 313760115000006 10114 
313760105000003 313760115000007 8494 
313760105000003 313760115000015 5387 
313760105000005 3137605402034 2062 
313760105000005 3137602116553 688 
313760105000005 3137605324920 4087 
313760105000005 3137602168332 3050 
313760105000005 3137605324912 2318 
313760105000005 3137602116588 2209 
313760105000005 3137605402417 3916 
313760105000005 3137602117363 5231 
313760105000005 3137605324904 1695 
313760105000005 3137602116537 5040 
313760105000005 3137602116545 3347 
313760105000005 3137605402425 3169 
313760105000005 3137602116561 323 
313760105000005 3137604334663 1853 
313760105000005 3137602116529 8169 
313760105000005 3137606897061 10617 
313760105000005 3137606844286 7244 
313760105000005 313760105000026 3051 
313760105000005 313760105000048 5424 
313760105000005 313760105000050 6518 
313760105000005 313760105000082 1420 
313760105000005 313760105000098 1740 
313760105000005 313760105000145 4200 
313760105000005 313760105000146 5022 
313760105000005 313760105000152 7851 
313760105000005 313760105000172 5968 
313760105000005 313760105000206 3749 
313760105000005 313760105000219 3172 
313760105000005 313760105000220 3903 
313760105000005 313760105000221 3264 
313760105000005 313760105000225 3787 
313760105000005 313760105000226 4057 
313760105000005 313760105000229 4280 
313760105000005 313760105000231 6157 
313760105000005 313760105000257 756 
313760105000005 313760105000264 4687 
313760105000005 313760105000273 5861 
313760105000005 313760105000280 6273 
313760105000005 313760114000002 6934 
313760105000005 313760114000007 6514 
313760105000005 313760114000008 6072 
313760105000005 313760114000009 5210 
313760105000005 313760114000010 8552 
313760105000005 313760115000005 9181 
313760105000005 313760115000006 11648 
313760105000005 313760115000007 10104 
313760105000005 313760115000015 6703 
313760105000007 3137605402034 2025 
313760105000007 3137602116553 776 
313760105000007 3137605324920 3812 
313760105000007 3137602168332 2720 
313760105000007 3137605324912 1942 
313760105000007 3137602116588 2049 
313760105000007 3137605402417 3856 
313760105000007 3137602117363 5255 
313760105000007 3137605324904 1526 
313760105000007 3137602116537 5069 
313760105000007 3137602116545 3086 
313760105000007 3137605402425 2808 
313760105000007 3137602116561 715 
313760105000007 3137604334663 1890 
313760105000007 3137602116529 8242 
313760105000007 3137606897061 10576 
313760105000007 3137606844286 7336 
313760105000007 313760105000026 2663 
313760105000007 313760105000048 5690 
313760105000007 313760105000050 6126 
313760105000007 313760105000082 1533 
313760105000007 313760105000098 1471 
313760105000007 313760105000145 4286 
313760105000007 313760105000146 5414 
313760105000007 313760105000152 7986 
313760105000007 313760105000172 5673 
313760105000007 313760105000206 3372 
313760105000007 313760105000219 3183 
313760105000007 313760105000220 3957 
313760105000007 313760105000221 3330 
313760105000007 313760105000225 3908 
313760105000007 313760105000226 4145 
313760105000007 313760105000229 4387 
313760105000007 313760105000231 5770 
313760105000007 313760105000257 1056 
313760105000007 313760105000264 5030 
313760105000007 313760105000273 5498 
313760105000007 313760105000280 6525 
313760105000007 313760114000002 6866 
313760105000007 313760114000007 6542 
313760105000007 313760114000008 6084 
313760105000007 313760114000009 5256 
313760105000007 313760114000010 8661 
313760105000007 313760115000005 9035 
313760105000007 313760115000006 11654 
313760105000007 313760115000007 10232 
313760105000007 313760115000015 6616 
313760105000008 3137605402034 1848 
313760105000008 3137602116553 503 
313760105000008 3137605324920 3857 
313760105000008 3137602168332 3045 
313760105000008 3137605324912 2255 
313760105000008 3137602116588 2325 
313760105000008 3137605402417 4083 
313760105000008 3137602117363 5430 
313760105000008 3137605324904 1804 
313760105000008 3137602116537 5240 
313760105000008 3137602116545 3115 
313760105000008 3137605402425 3128 
313760105000008 3137602116561 473 
313760105000008 3137604334663 2050 
313760105000008 3137602116529 8383 
313760105000008 3137606897061 10795 
313760105000008 3137606844286 7462 
313760105000008 313760105000026 2960 
313760105000008 313760105000048 5369 
313760105000008 313760105000050 6367 
313760105000008 313760105000082 1260 
313760105000008 313760105000098 1512 
313760105000008 313760105000145 4035 
313760105000008 313760105000146 5134 
313760105000008 313760105000152 8078 
313760105000008 313760105000172 5997 
313760105000008 313760105000206 3682 
313760105000008 313760105000219 3365 
313760105000008 313760105000220 4110 
313760105000008 313760105000221 3473 
313760105000008 313760105000225 4010 
313760105000008 313760105000226 4273 
313760105000008 313760105000229 4501 
313760105000008 313760105000231 6068 
313760105000008 313760105000257 731 
313760105000008 313760105000264 4902 
313760105000008 313760105000273 5666 
313760105000008 313760105000280 6508 
313760105000008 313760114000002 6717 
313760105000008 313760114000007 6327 
313760105000008 313760114000008 5879 
313760105000008 313760114000009 5029 
313760105000008 313760114000010 8400 
313760105000008 313760115000005 9311 
313760105000008 313760115000006 11843 
313760105000008 313760115000007 10330 
313760105000008 313760115000015 6861 
313760105000009 3137605402034 1588 
313760105000009 3137602116553 1051 
313760105000009 3137605324920 4230 
313760105000009 3137602168332 4447 
313760105000009 3137605324912 3610 
313760105000009 3137602116588 3648 
313760105000009 3137605402417 5247 
313760105000009 3137602117363 6405 
313760105000009 3137605324904 3142 
313760105000009 3137602116537 6205 
313760105000009 3137602116545 3494 
313760105000009 3137605402425 4502 
313760105000009 3137602116561 1230 
313760105000009 3137604334663 3125 
313760105000009 3137602116529 9194 
313760105000009 3137606897061 11873 
313760105000009 3137606844286 8231 
313760105000009 313760105000026 4258 
313760105000009 313760105000048 3971 
313760105000009 313760105000050 7411 
313760105000009 313760105000082 749 
313760105000009 313760105000098 2213 
313760105000009 313760105000145 3018 
313760105000009 313760105000146 4091 
313760105000009 313760105000152 8707 
313760105000009 313760105000172 7404 
313760105000009 313760105000206 5017 
313760105000009 313760105000219 4418 
313760105000009 313760105000220 5049 
313760105000009 313760105000221 4405 
313760105000009 313760105000225 4783 
313760105000009 313760105000226 5120 
313760105000009 313760105000229 5292 
313760105000009 313760105000231 7340 
313760105000009 313760105000257 698 
313760105000009 313760105000264 4697 
313760105000009 313760105000273 6440 
313760105000009 313760105000280 6735 
313760105000009 313760114000002 6118 
313760105000009 313760114000007 5421 
313760105000009 313760114000008 5035 
313760105000009 313760114000009 4101 
313760105000009 313760114000010 7255 
313760105000009 313760115000005 10585 
313760105000009 313760115000006 12806 
313760105000009 313760115000007 10963 
313760105000009 313760115000015 8046 
313760105000010 3137605402034 922 
313760105000010 3137602116553 789 
313760105000010 3137605324920 3544 
313760105000010 3137602168332 4162 
313760105000010 3137605324912 3248 
313760105000010 3137602116588 3607 
313760105000010 3137605402417 5352 
313760105000010 3137602117363 6637 
313760105000010 3137605324904 3085 
313760105000010 3137602116537 6442 
313760105000010 3137602116545 2809 
313760105000010 3137605402425 4150 
313760105000010 3137602116561 1352 
313760105000010 3137604334663 3274 
313760105000010 3137602116529 9521 
313760105000010 3137606897061 12049 
313760105000010 3137606844286 8576 
313760105000010 313760105000026 3821 
313760105000010 313760105000048 4225 
313760105000010 313760105000050 6808 
313760105000010 313760105000082 70 
313760105000010 313760105000098 1605 
313760105000010 313760105000145 2766 
313760105000010 313760105000146 4751 
313760105000010 313760105000152 9115 
313760105000010 313760105000172 7158 
313760105000010 313760105000206 4604 
313760105000010 313760105000219 4594 
313760105000010 313760105000220 5295 
313760105000010 313760105000221 4649 
313760105000010 313760105000225 5109 
313760105000010 313760105000226 5413 
313760105000010 313760105000229 5614 
313760105000010 313760105000231 6851 
313760105000010 313760105000257 851 
313760105000010 313760105000264 5329 
313760105000010 313760105000273 5778 
313760105000010 313760105000280 7276 
313760105000010 313760114000002 5644 
313760105000010 313760114000007 5103 
313760105000010 313760114000008 4677 
313760105000010 313760114000009 3791 
313760105000010 313760114000010 7119 
313760105000010 313760115000005 10594 
313760105000010 313760115000006 13056 
313760105000010 313760115000007 11374 
313760105000010 313760115000015 8138 
313760105000011 3137605402034 608 
313760105000011 3137602116553 861 
313760105000011 3137605324920 2841 
313760105000011 3137602168332 3677 
313760105000011 3137605324912 2704 
313760105000011 3137602116588 3412 
313760105000011 3137605402417 5269 
313760105000011 3137602117363 6681 
313760105000011 3137605324904 2898 
313760105000011 3137602116537 6495 
313760105000011 3137602116545 2093 
313760105000011 3137605402425 3594 
313760105000011 3137602116561 1587 
313760105000011 3137604334663 3309 
313760105000011 3137602116529 9655 
313760105000011 3137606897061 11989 
313760105000011 3137606844286 8738 
313760105000011 313760105000026 3186 
313760105000011 313760105000048 4836 
313760105000011 313760105000050 6039 
313760105000011 313760105000082 706 
313760105000011 313760105000098 851 
313760105000011 313760105000145 2969 
313760105000011 313760105000146 5521 
313760105000011 313760105000152 9354 
313760105000011 313760105000172 6672 
313760105000011 313760105000206 3982 
313760105000011 313760105000219 4609 
313760105000011 313760105000220 5375 
313760105000011 313760105000221 4743 
313760105000011 313760105000225 5288 
313760105000011 313760105000226 5548 
313760105000011 313760105000229 5778 
313760105000011 313760105000231 6149 
313760105000011 313760105000257 1289 
313760105000011 313760105000264 5911 
313760105000011 313760105000273 5008 
313760105000011 313760105000280 7705 
313760105000011 313760114000002 5446 
313760105000011 313760114000007 5139 
313760105000011 313760114000008 4672 
313760105000011 313760114000009 3873 
313760105000011 313760114000010 7344 
313760105000011 313760115000005 10353 
313760105000011 313760115000006 13081 
313760105000011 313760115000007 11607 
313760105000011 313760115000015 8005 
313760105000012 3137605402034 452 
313760105000012 3137602116553 1003 
313760105000012 3137605324920 3085 
313760105000012 3137602168332 4127 
313760105000012 3137605324912 3166 
313760105000012 3137602116588 3757 
313760105000012 3137605402417 5570 
313760105000012 3137602117363 6923 
313760105000012 3137605324904 3236 
313760105000012 3137602116537 6731 
313760105000012 3137602116545 2357 
313760105000012 3137605402425 4060 
313760105000012 3137602116561 1686 
313760105000012 3137604334663 3544 
313760105000012 3137602116529 9851 
313760105000012 3137606897061 12287 
313760105000012 3137606844286 8918 
313760105000012 313760105000026 3663 
313760105000012 313760105000048 4359 
313760105000012 313760105000050 6468 
313760105000012 313760105000082 421 
313760105000012 313760105000098 1316 
313760105000012 313760105000145 2577 
313760105000012 313760105000146 5176 
313760105000012 313760105000152 9489 
313760105000012 313760105000172 7126 
313760105000012 313760105000206 4458 
313760105000012 313760105000219 4860 
313760105000012 313760105000220 5595 
313760105000012 313760105000221 4953 
313760105000012 313760105000225 5452 
313760105000012 313760105000226 5738 
313760105000012 313760105000229 5952 
313760105000012 313760105000231 6621 
313760105000012 313760105000257 1253 
313760105000012 313760105000264 5798 
313760105000012 313760105000273 5367 
313760105000012 313760105000280 7713 
313760105000012 313760114000002 5267 
313760105000012 313760114000007 4831 
313760105000012 313760114000008 4383 
313760105000012 313760114000009 3538 
313760105000012 313760114000010 6958 
313760105000012 313760115000005 10730 
313760105000012 313760115000006 13338 
313760105000012 313760115000007 11747 
313760105000012 313760115000015 8334 
313760105000013 3137605402034 0 
313760105000013 3137602116553 1383 
313760105000013 3137605324920 2687 
313760105000013 3137602168332 4230 
313760105000013 3137605324912 3240 
313760105000013 3137602116588 4020 
313760105000013 3137605402417 5875 
313760105000013 3137602117363 7273 
313760105000013 3137605324904 3507 
313760105000013 3137602116537 7085 
313760105000013 3137602116545 1980 
313760105000013 3137605402425 4112 
313760105000013 3137602116561 2095 
313760105000013 3137604334663 3895 
313760105000013 3137602116529 10230 
313760105000013 3137606897061 12595 
313760105000013 3137606844286 9305 
313760105000013 313760105000026 3651 
313760105000013 313760105000048 4447 
313760105000013 313760105000050 6230 
313760105000013 313760105000082 872 
313760105000013 313760105000098 1248 
313760105000013 313760105000145 2386 
313760105000013 313760105000146 5548 
313760105000013 313760105000152 9897 
313760105000013 313760105000172 7212 
313760105000013 313760105000206 4448 
313760105000013 313760105000219 5203 
313760105000013 313760105000220 5958 
313760105000013 313760105000221 5322 
313760105000013 313760105000225 5845 
313760105000013 313760105000226 6119 
313760105000013 313760105000229 6341 
313760105000013 313760105000231 6511 
313760105000013 313760105000257 1694 
313760105000013 313760105000264 6249 
313760105000013 313760105000273 5042 
313760105000013 313760105000280 8157 
313760105000013 313760114000002 4872 
313760105000013 313760114000007 4531 
313760105000013 313760114000008 4064 
313760105000013 313760114000009 3266 
313760105000013 313760114000010 6751 
313760105000013 313760115000005 10956 
313760105000013 313760115000006 13679 
313760105000013 313760115000007 12154 
313760105000013 313760115000015 8613 
313760105000015 3137605402034 1827 
313760105000015 3137602116553 1206 
313760105000015 3137605324920 2999 
313760105000015 3137602168332 2416 
313760105000015 3137605324912 1453 
313760105000015 3137602116588 2334 
313760105000015 3137605402417 4247 
313760105000015 3137602117363 5775 
313760105000015 3137605324904 1864 
313760105000015 3137602116537 5602 
313760105000015 3137602116545 2306 
313760105000015 3137605402425 2351 
313760105000015 3137602116561 1560 
313760105000015 3137604334663 2535 
313760105000015 3137602116529 8822 
313760105000015 3137606897061 10927 
313760105000015 3137606844286 7952 
313760105000015 313760105000026 2019 
313760105000015 313760105000048 6029 
313760105000015 313760105000050 5285 
313760105000015 313760105000082 1751 
313760105000015 313760105000098 780 
313760105000015 313760105000145 4213 
313760105000015 313760105000146 6191 
313760105000015 313760105000152 8668 
313760105000015 313760105000172 5412 
313760105000015 313760105000206 2796 
313760105000015 313760105000219 3724 
313760105000015 313760105000220 4548 
313760105000015 313760105000221 3957 
313760105000015 313760105000225 4601 
313760105000015 313760105000226 4788 
313760105000015 313760105000229 5054 
313760105000015 313760105000231 5091 
313760105000015 313760105000257 1704 
313760105000015 313760105000264 5928 
313760105000015 313760105000273 4600 
313760105000015 313760105000280 7360 
313760105000015 313760114000002 6407 
313760105000015 313760114000007 6293 
313760105000015 313760114000008 5805 
313760105000015 313760114000009 5066 
313760105000015 313760114000010 8574 
313760105000015 313760115000005 9159 
313760105000015 313760115000006 12099 
313760105000015 313760115000007 10892 
313760105000015 313760115000015 6898 
313760105000016 3137605402034 1346 
313760105000016 3137602116553 2683 
313760105000016 3137605324920 1797 
313760105000016 3137602168332 4901 
313760105000016 3137605324912 3901 
313760105000016 3137602116588 5056 
313760105000016 3137605402417 6963 
313760105000016 3137602117363 8446 
313760105000016 3137605324904 4571 
313760105000016 3137602116537 8265 
313760105000016 3137602116545 1356 
313760105000016 3137605402425 4664 
313760105000016 3137602116561 3409 
313760105000016 3137604334663 5101 
313760105000016 3137602116529 11453 
313760105000016 3137606897061 13653 
313760105000016 3137606844286 10548 
313760105000016 313760105000026 4068 
313760105000016 313760105000048 4822 
313760105000016 313760105000050 5818 
313760105000016 313760105000082 2213 
313760105000016 313760105000098 1953 
313760105000016 313760105000145 2158 
313760105000016 313760105000146 6642 
313760105000016 313760105000152 11180 
313760105000016 313760105000172 7752 
313760105000016 313760105000206 4821 
313760105000016 313760105000219 6376 
313760105000016 313760105000220 7166 
313760105000016 313760105000221 6543 
313760105000016 313760105000225 7109 
313760105000016 313760105000226 7357 
313760105000016 313760105000229 7595 
313760105000016 313760105000231 6506 
313760105000016 313760105000257 3038 
313760105000016 313760105000264 7583 
313760105000016 313760105000273 4342 
313760105000016 313760105000280 9501 
313760105000016 313760114000002 3685 
313760105000016 313760114000007 3689 
313760105000016 313760114000008 3177 
313760105000016 313760114000009 2612 
313760105000016 313760114000010 6149 
313760105000016 313760115000005 11817 
313760105000016 313760115000006 14811 
313760105000016 313760115000007 13432 
313760105000016 313760115000015 9620 
313760105000020 3137605402034 2856 
313760105000020 3137602116553 2509 
313760105000020 3137605324920 2803 
313760105000020 3137602168332 1643 
313760105000020 3137605324912 746 
313760105000020 3137602116588 2450 
313760105000020 3137605402417 4248 
313760105000020 3137602117363 5895 
313760105000020 3137605324904 2189 
313760105000020 3137602116537 5751 
313760105000020 3137602116545 2340 
313760105000020 3137605402425 1354 
313760105000020 3137602116561 2784 
313760105000020 3137604334663 3105 
313760105000020 3137602116529 8969 
313760105000020 3137606897061 10665 
313760105000020 3137606844286 8181 
313760105000020 313760105000026 796 
313760105000020 313760105000048 7241 
313760105000020 313760105000050 4065 
313760105000020 313760105000082 3004 
313760105000020 313760105000098 1608 
313760105000020 313760105000145 5171 
313760105000020 313760105000146 7469 
313760105000020 313760105000152 9011 
313760105000020 313760105000172 4449 
313760105000020 313760105000206 1593 
313760105000020 313760105000219 4002 
313760105000020 313760105000220 4846 
313760105000020 313760105000221 4353 
313760105000020 313760105000225 5076 
313760105000020 313760105000226 5163 
313760105000020 313760105000229 5459 
313760105000020 313760105000231 3792 
313760105000020 313760105000257 2999 
313760105000020 313760105000264 6945 
313760105000020 313760105000273 3659 
313760105000020 313760105000280 8080 
313760105000020 313760114000002 6817 
313760105000020 313760114000007 7000 
313760105000020 313760114000008 6487 
313760105000020 313760114000009 5877 
313760105000020 313760114000010 9426 
313760105000020 313760115000005 8594 
313760105000020 313760115000006 11972 
313760105000020 313760115000007 11166 
313760105000020 313760115000015 6606 
313760105000021 3137605402034 3110 
313760105000021 3137602116553 2625 
313760105000021 3137605324920 3144 
313760105000021 3137602168332 1297 
313760105000021 3137605324912 436 
313760105000021 3137602116588 2181 
313760105000021 3137605402417 3935 
313760105000021 3137602117363 5589 
313760105000021 3137605324904 1972 
313760105000021 3137602116537 5450 
313760105000021 3137602116545 2687 
313760105000021 3137605402425 1031 
313760105000021 3137602116561 2813 
313760105000021 3137604334663 2911 
313760105000021 3137602116529 8659 
313760105000021 3137606897061 10321 
313760105000021 3137606844286 7884 
313760105000021 313760105000026 583 
313760105000021 313760105000048 7447 
313760105000021 313760105000050 4127 
313760105000021 313760105000082 3181 
313760105000021 313760105000098 1868 
313760105000021 313760105000145 5454 
313760105000021 313760105000146 7512 
313760105000021 313760105000152 8729 
313760105000021 313760105000172 4141 
313760105000021 313760105000206 1364 
313760105000021 313760105000219 3732 
313760105000021 313760105000220 4572 
313760105000021 313760105000221 4101 
313760105000021 313760105000225 4833 
313760105000021 313760105000226 4900 
313760105000021 313760105000229 5200 
313760105000021 313760105000231 3682 
313760105000021 313760105000257 3086 
313760105000021 313760105000264 6837 
313760105000021 313760105000273 3867 
313760105000021 313760105000280 7878 
313760105000021 313760114000002 7161 
313760105000021 313760114000007 7324 
313760105000021 313760114000008 6813 
313760105000021 313760114000009 6186 
313760105000021 313760114000010 9734 
313760105000021 313760115000005 8249 
313760105000021 313760115000006 11634 
313760105000021 313760115000007 10871 
313760105000021 313760115000015 6263 
313760105000022 3137605402034 3292 
313760105000022 3137602116553 2926 
313760105000022 3137605324920 3016 
313760105000022 3137602168332 1400 
313760105000022 3137605324912 752 
313760105000022 3137602116588 2491 
313760105000022 3137605402417 4181 
313760105000022 3137602117363 5843 
313760105000022 3137605324904 2316 
313760105000022 3137602116537 5711 
313760105000022 3137602116545 2635 
313760105000022 3137605402425 1025 
313760105000022 3137602116561 3155 
313760105000022 3137604334663 3261 
313760105000022 3137602116529 8904 
313760105000022 3137606897061 10461 
313760105000022 3137606844286 8148 
313760105000022 313760105000026 378 
313760105000022 313760105000048 7682 
313760105000022 313760105000050 3761 
313760105000022 313760105000082 3440 
313760105000022 313760105000098 2045 
313760105000022 313760105000145 5594 
313760105000022 313760105000146 7852 
313760105000022 313760105000152 9013 
313760105000022 313760105000172 4062 
313760105000022 313760105000206 1161 
313760105000022 313760105000219 4034 
313760105000022 313760105000220 4869 
313760105000022 313760105000221 4418 
313760105000022 313760105000225 5155 
313760105000022 313760105000226 5207 
313760105000022 313760105000229 5509 
313760105000022 313760105000231 3369 
313760105000022 313760105000257 3404 
313760105000022 313760105000264 7202 
313760105000022 313760105000273 3540 
313760105000022 313760105000280 8220 
313760105000022 313760114000002 7131 
313760105000022 313760114000007 7377 
313760105000022 313760114000008 6861 
313760105000022 313760114000009 6276 
313760105000022 313760114000010 9826 
313760105000022 313760115000005 8303 
313760105000022 313760115000006 11807 
313760105000022 313760115000007 11136 
313760105000022 313760115000015 6411 
313760105000024 3137605402034 5616 
313760105000024 3137602116553 5568 
313760105000024 3137605324920 4008 
313760105000024 3137602168332 3194 
313760105000024 3137605324912 3318 
313760105000024 3137602116588 4774 
313760105000024 3137605402417 5942 
313760105000024 3137602117363 7529 
313760105000024 3137605324904 4791 
313760105000024 3137602116537 7453 
313760105000024 3137602116545 4149 
313760105000024 3137605402425 2764 
313760105000024 3137602116561 5850 
313760105000024 3137604334663 5728 
313760105000024 3137602116529 10392 
313760105000024 3137606897061 11117 
313760105000024 3137606844286 9807 
313760105000024 313760105000026 2530 
313760105000024 313760105000048 10057 
313760105000024 313760105000050 1358 
313760105000024 313760105000082 5980 
313760105000024 313760105000098 4461 
313760105000024 313760105000145 7632 
313760105000024 313760105000146 10542 
313760105000024 313760105000152 10794 
313760105000024 313760105000172 3747 
313760105000024 313760105000206 2087 
313760105000024 313760105000219 6149 
313760105000024 313760105000220 6897 
313760105000024 313760105000221 6603 
313760105000024 313760105000225 7346 
313760105000024 313760105000226 7285 
313760105000024 313760105000229 7593 
313760105000024 313760105000231 1091 
313760105000024 313760105000257 6070 
313760105000024 313760105000264 9789 
313760105000024 313760105000273 2468 
313760105000024 313760105000280 10512 
313760105000024 313760114000002 8173 
313760105000024 313760114000007 8902 
313760105000024 313760114000008 8384 
313760105000024 313760114000009 8047 
313760105000024 313760114000010 11482 
313760105000024 313760115000005 8434 
313760105000024 313760115000006 12670 
313760105000024 313760115000007 12727 
313760105000024 313760115000015 7336 
313760105000026 3137605402034 3651 
313760105000026 3137602116553 3208 
313760105000026 3137605324920 3346 
313760105000026 3137602168332 1122 
313760105000026 3137605324912 788 
313760105000026 3137602116588 2411 
313760105000026 3137605402417 3991 
313760105000026 3137602117363 5656 
313760105000026 3137605324904 2317 
313760105000026 3137602116537 5533 
313760105000026 3137602116545 2998 
313760105000026 3137605402425 691 
313760105000026 3137602116561 3374 
313760105000026 3137604334663 3267 
313760105000026 3137602116529 8699 
313760105000026 3137606897061 10160 
313760105000026 3137606844286 7969 
313760105000026 313760105000026 0 
313760105000026 313760105000048 8018 
313760105000026 313760105000050 3685 
313760105000026 313760105000082 3759 
313760105000026 313760105000098 2403 
313760105000026 313760105000145 5966 
313760105000026 313760105000146 8071 
313760105000026 313760105000152 8859 
313760105000026 313760105000172 3685 
313760105000026 313760105000206 797 
313760105000026 313760105000219 3925 
313760105000026 313760105000220 4746 
313760105000026 313760105000221 4333 
313760105000026 313760105000225 5077 
313760105000026 313760105000226 5099 
313760105000026 313760105000229 5405 
313760105000026 313760105000231 3108 
313760105000026 313760105000257 3664 
313760105000026 313760105000264 7280 
313760105000026 313760105000273 3652 
313760105000026 313760105000280 8184 
313760105000026 313760114000002 7494 
313760105000026 313760114000007 7755 
313760105000026 313760114000008 7238 
313760105000026 313760114000009 6654 
313760105000026 313760114000010 10203 
313760105000026 313760115000005 7957 
313760105000026 313760115000006 11530 
313760105000026 313760115000007 10954 
313760105000026 313760115000015 6121 
313760105000027 3137605402034 4686 
313760105000027 3137602116553 3948 
313760105000027 3137605324920 4620 
313760105000027 3137602168332 539 
313760105000027 3137605324912 1447 
313760105000027 3137602116588 2055 
313760105000027 3137605402417 3094 
313760105000027 3137602117363 4719 
313760105000027 3137605324904 2250 
313760105000027 3137602116537 4626 
313760105000027 3137602116545 4264 
313760105000027 3137605402425 610 
313760105000027 3137602116561 3891 
313760105000027 3137604334663 3084 
313760105000027 3137602116529 7681 
313760105000027 3137606897061 8929 
313760105000027 3137606844286 7024 
313760105000027 313760105000026 1275 
313760105000027 313760105000048 8889 
313760105000027 313760105000050 4201 
313760105000027 313760105000082 4615 
313760105000027 313760105000098 3469 
313760105000027 313760105000145 7058 
313760105000027 313760105000146 8445 
313760105000027 313760105000152 7978 
313760105000027 313760105000172 2526 
313760105000027 313760105000206 883 
313760105000027 313760105000219 3298 
313760105000027 313760105000220 4031 
313760105000027 313760105000221 3762 
313760105000027 313760105000225 4498 
313760105000027 313760105000226 4421 
313760105000027 313760105000229 4729 
313760105000027 313760105000231 2985 
313760105000027 313760105000257 4306 
313760105000027 313760105000264 7160 
313760105000027 313760105000273 4630 
313760105000027 313760105000280 7669 
313760105000027 313760114000002 8759 
313760105000027 313760114000007 8961 
313760105000027 313760114000008 8449 
313760105000027 313760114000009 7818 
313760105000027 313760114000010 11364 
313760105000027 313760115000005 6681 
313760105000027 313760115000006 10337 
313760105000027 313760115000007 9985 
313760105000027 313760115000015 4916 
313760105000028 3137605402034 3953 
313760105000028 3137602116553 3122 
313760105000028 3137605324920 4275 
313760105000028 3137602168332 311 
313760105000028 3137605324912 774 
313760105000028 3137602116588 1399 
313760105000028 3137605402417 2890 
313760105000028 3137602117363 4554 
313760105000028 3137605324904 1468 
313760105000028 3137602116537 4430 
313760105000028 3137602116545 3808 
313760105000028 3137605402425 612 
313760105000028 3137602116561 3043 
313760105000028 3137604334663 2369 
313760105000028 3137602116529 7605 
313760105000028 3137606897061 9189 
313760105000028 3137606844286 6866 
313760105000028 313760105000026 1103 
313760105000028 313760105000048 8071 
313760105000028 313760105000050 4641 
313760105000028 313760105000082 3811 
313760105000028 313760105000098 2781 
313760105000028 313760105000145 6339 
313760105000028 313760105000146 7611 
313760105000028 313760105000152 7757 
313760105000028 313760105000172 3297 
313760105000028 313760105000206 1294 
313760105000028 313760105000219 2851 
313760105000028 313760105000220 3658 
313760105000028 313760105000221 3277 
313760105000028 313760105000225 4024 
313760105000028 313760105000226 4020 
313760105000028 313760105000229 4327 
313760105000028 313760105000231 3690 
313760105000028 313760105000257 3464 
313760105000028 313760105000264 6455 
313760105000028 313760105000273 4752 
313760105000028 313760105000280 7165 
313760105000028 313760114000002 8259 
313760105000028 313760114000007 8338 
313760105000028 313760114000008 7835 
313760105000028 313760114000009 7153 
313760105000028 313760114000010 10683 
313760105000028 313760115000005 7155 
313760105000028 313760115000006 10510 
313760105000028 313760115000007 9852 
313760105000028 313760115000015 5131 
313760105000029 3137605402034 3454 
313760105000029 3137602116553 2429 
313760105000029 3137605324920 4315 
313760105000029 3137602168332 1151 
313760105000029 3137605324912 934 
313760105000029 3137602116588 832 
313760105000029 3137605402417 2694 
313760105000029 3137602117363 4311 
313760105000029 3137605324904 660 
313760105000029 3137602116537 4158 
313760105000029 3137602116545 3734 
313760105000029 3137605402425 1419 
313760105000029 3137602116561 2241 
313760105000029 3137604334663 1608 
313760105000029 3137602116529 7387 
313760105000029 3137606897061 9297 
313760105000029 3137606844286 6578 
313760105000029 313760105000026 1660 
313760105000029 313760105000048 7359 
313760105000029 313760105000050 5339 
313760105000029 313760105000082 3163 
313760105000029 313760105000098 2416 
313760105000029 313760105000145 5824 
313760105000029 313760105000146 6758 
313760105000029 313760105000152 7395 
313760105000029 313760105000172 4013 
313760105000029 313760105000206 2094 
313760105000029 313760105000219 2383 
313760105000029 313760105000220 3228 
313760105000029 313760105000221 2742 
313760105000029 313760105000225 3474 
313760105000029 313760105000226 3546 
313760105000029 313760105000229 3844 
313760105000029 313760105000231 4525 
313760105000029 313760105000257 2703 
313760105000029 313760105000264 5658 
313760105000029 313760105000273 5223 
313760105000029 313760105000280 6538 
313760105000029 313760114000002 8038 
313760105000029 313760114000007 7952 
313760105000029 313760114000008 7465 
313760105000029 313760114000009 6715 
313760105000029 313760114000010 10202 
313760105000029 313760115000005 7504 
313760105000029 313760115000006 10517 
313760105000029 313760115000007 9559 
313760105000029 313760115000015 5253 
313760105000030 3137605402034 3366 
313760105000030 3137602116553 2045 
313760105000030 3137605324920 4939 
313760105000030 3137602168332 2326 
313760105000030 3137605324912 2049 
313760105000030 3137602116588 965 
313760105000030 3137605402417 2542 
313760105000030 3137602117363 3912 
313760105000030 3137605324904 592 
313760105000030 3137602116537 3728 
313760105000030 3137602116545 4258 
313760105000030 3137605402425 2632 
313760105000030 3137602116561 1524 
313760105000030 3137604334663 582 
313760105000030 3137602116529 6914 
313760105000030 3137606897061 9251 
313760105000030 3137606844286 6023 
313760105000030 313760105000026 2827 
313760105000030 313760105000048 6668 
313760105000030 313760105000050 6511 
313760105000030 313760105000082 2793 
313760105000030 313760105000098 2695 
313760105000030 313760105000145 5573 
313760105000030 313760105000146 5639 
313760105000030 313760105000152 6717 
313760105000030 313760105000172 4940 
313760105000030 313760105000206 3309 
313760105000030 313760105000219 1839 
313760105000030 313760105000220 2627 
313760105000030 313760105000221 2015 
313760105000030 313760105000225 2649 
313760105000030 313760105000226 2843 
313760105000030 313760105000229 3103 
313760105000030 313760105000231 5737 
313760105000030 313760105000257 2073 
313760105000030 313760105000264 4455 
313760105000030 313760105000273 6239 
313760105000030 313760105000280 5513 
313760105000030 313760114000002 8207 
313760105000030 313760114000007 7869 
313760105000030 313760114000008 7418 
313760105000030 313760114000009 6573 
313760105000030 313760114000010 9925 
313760105000030 313760115000005 7834 
313760105000030 313760115000006 10312 
313760105000030 313760115000007 8947 
313760105000030 313760115000015 5330 
313760105000036 3137605402034 4139 
313760105000036 3137602116553 2941 
313760105000036 3137605324920 5215 
313760105000036 3137602168332 1582 
313760105000036 3137605324912 1800 
313760105000036 3137602116588 122 
313760105000036 3137605402417 1814 
313760105000036 3137602117363 3409 
313760105000036 3137605324904 644 
313760105000036 3137602116537 3254 
313760105000036 3137602116545 4618 
313760105000036 3137605402425 2008 
313760105000036 3137602116561 2542 
313760105000036 3137604334663 1101 
313760105000036 3137602116529 6485 
313760105000036 3137606897061 8488 
313760105000036 3137606844286 5673 
313760105000036 313760105000026 2439 
313760105000036 313760105000048 7717 
313760105000036 313760105000050 6042 
313760105000036 313760105000082 3701 
313760105000036 313760105000098 3222 
313760105000036 313760105000145 6453 
313760105000036 313760105000146 6654 
313760105000036 313760105000152 6497 
313760105000036 313760105000172 3888 
313760105000036 313760105000206 2681 
313760105000036 313760105000219 1498 
313760105000036 313760105000220 2336 
313760105000036 313760105000221 1893 
313760105000036 313760105000225 2638 
313760105000036 313760105000226 2670 
313760105000036 313760105000229 2973 
313760105000036 313760105000231 5000 
313760105000036 313760105000257 3075 
313760105000036 313760105000264 5146 
313760105000036 313760105000273 6072 
313760105000036 313760105000280 5766 
313760105000036 313760114000002 8851 
313760105000036 313760114000007 8669 
313760105000036 313760114000008 8196 
313760105000036 313760114000009 7401 
313760105000036 313760114000010 10832 
313760105000036 313760115000005 6864 
313760105000036 313760115000006 9661 
313760105000036 313760115000007 8655 
313760105000036 313760115000015 4477 
313760105000037 3137605402034 4401 
313760105000037 3137602116553 3190 
313760105000037 3137605324920 5466 
313760105000037 3137602168332 1684 
313760105000037 3137605324912 2017 
313760105000037 3137602116588 380 
313760105000037 3137605402417 1552 
313760105000037 3137602117363 3161 
313760105000037 3137605324904 898 
313760105000037 3137602116537 3011 
313760105000037 3137602116545 4876 
313760105000037 3137605402425 2136 
313760105000037 3137602116561 2765 
313760105000037 3137604334663 1176 
313760105000037 3137602116529 6238 
313760105000037 3137606897061 8221 
313760105000037 3137606844286 5437 
313760105000037 313760105000026 2617 
313760105000037 313760105000048 7930 
313760105000037 313760105000050 6171 
313760105000037 313760105000082 3950 
313760105000037 313760105000098 3488 
313760105000037 313760105000145 6709 
313760105000037 313760105000146 6764 
313760105000037 313760105000152 6276 
313760105000037 313760105000172 3774 
313760105000037 313760105000206 2793 
313760105000037 313760105000219 1309 
313760105000037 313760105000220 2131 
313760105000037 313760105000221 1735 
313760105000037 313760105000225 2483 
313760105000037 313760105000226 2482 
313760105000037 313760105000229 2788 
313760105000037 313760105000231 5054 
313760105000037 313760105000257 3304 
313760105000037 313760105000264 5133 
313760105000037 313760105000273 6263 
313760105000037 313760105000280 5636 
313760105000037 313760114000002 9117 
313760105000037 313760114000007 8932 
313760105000037 313760114000008 8460 
313760105000037 313760114000009 7662 
313760105000037 313760114000010 11085 
313760105000037 313760115000005 6618 
313760105000037 313760115000006 9397 
313760105000037 313760115000007 8422 
313760105000037 313760115000015 4213 
313760105000039 3137605402034 6428 
313760105000039 3137602116553 5111 
313760105000039 3137605324920 7630 
313760105000039 3137602168332 3528 
313760105000039 3137605324912 4134 
313760105000039 3137602116588 2522 
313760105000039 3137605402417 629 
313760105000039 3137602117363 1042 
313760105000039 3137605324904 2978 
313760105000039 3137602116537 943 
313760105000039 3137602116545 7043 
313760105000039 3137605402425 4008 
313760105000039 3137602116561 4530 
313760105000039 3137604334663 2593 
313760105000039 3137602116529 4095 
313760105000039 3137606897061 6187 
313760105000039 3137606844286 3358 
313760105000039 313760105000026 4616 
313760105000039 313760105000048 9426 
313760105000039 313760105000050 7863 
313760105000039 313760105000082 5850 
313760105000039 313760105000098 5622 
313760105000039 313760105000145 8627 
313760105000039 313760105000146 7449 
313760105000039 313760105000152 4294 
313760105000039 313760105000172 4072 
313760105000039 313760105000206 4553 
313760105000039 313760105000219 1293 
313760105000039 313760105000220 987 
313760105000039 313760105000221 1449 
313760105000039 313760105000225 1669 
313760105000039 313760105000226 1303 
313760105000039 313760105000229 1509 
313760105000039 313760105000231 6381 
313760105000039 313760105000257 5077 
313760105000039 313760105000264 4958 
313760105000039 313760105000273 8245 
313760105000039 313760105000280 4434 
313760105000039 313760114000002 11231 
313760105000039 313760114000007 10937 
313760105000039 313760114000008 10486 
313760105000039 313760114000009 9639 
313760105000039 313760114000010 12954 
313760105000039 313760115000005 5084 
313760105000039 313760115000006 7265 
313760105000039 313760115000007 6339 
313760105000039 313760115000015 2391 
313760105000040 3137605402034 6715 
313760105000040 3137602116553 5405 
313760105000040 3137605324920 7867 
313760105000040 3137602168332 3701 
313760105000040 3137605324912 4353 
313760105000040 3137602116588 2781 
313760105000040 3137605402417 866 
313760105000040 3137602117363 919 
313760105000040 3137605324904 3250 
313760105000040 3137602116537 879 
313760105000040 3137602116545 7293 
313760105000040 3137605402425 4178 
313760105000040 3137602116561 4830 
313760105000040 3137604334663 2894 
313760105000040 3137602116529 3896 
313760105000040 3137606897061 5891 
313760105000040 3137606844286 3205 
313760105000040 313760105000026 4803 
313760105000040 313760105000048 9729 
313760105000040 313760105000050 7971 
313760105000040 313760105000082 6147 
313760105000040 313760105000098 5891 
313760105000040 313760105000145 8925 
313760105000040 313760105000146 7722 
313760105000040 313760105000152 4180 
313760105000040 313760105000172 4013 
313760105000040 313760105000206 4697 
313760105000040 313760105000219 1597 
313760105000040 313760105000220 1241 
313760105000040 313760105000221 1743 
313760105000040 313760105000225 1904 
313760105000040 313760105000226 1514 
313760105000040 313760105000229 1681 
313760105000040 313760105000231 6437 
313760105000040 313760105000257 5378 
313760105000040 313760105000264 5177 
313760105000040 313760105000273 8413 
313760105000040 313760105000280 4518 
313760105000040 313760114000002 11507 
313760105000040 313760114000007 11230 
313760105000040 313760114000008 10776 
313760105000040 313760114000009 9933 
313760105000040 313760114000010 13255 
313760105000040 313760115000005 4793 
313760105000040 313760115000006 6989 
313760105000040 313760115000007 6171 
313760105000040 313760115000015 2090 
313760105000043 3137605402034 7227 
313760105000043 3137602116553 5860 
313760105000043 3137605324920 8680 
313760105000043 3137602168332 4724 
313760105000043 3137605324912 5253 
313760105000043 3137602116588 3555 
313760105000043 3137605402417 1816 
313760105000043 3137602117363 353 
313760105000043 3137605324904 3943 
313760105000043 3137602116537 301 
313760105000043 3137602116545 8055 
313760105000043 3137605402425 5206 
313760105000043 3137602116561 5206 
313760105000043 3137604334663 3334 
313760105000043 3137602116529 3034 
313760105000043 3137606897061 5670 
313760105000043 3137606844286 2196 
313760105000043 313760105000026 5790 
313760105000043 313760105000048 9757 
313760105000043 313760105000050 9093 
313760105000043 313760105000082 6558 
313760105000043 313760105000098 6557 
313760105000043 313760105000145 9292 
313760105000043 313760105000146 7336 
313760105000043 313760105000152 3077 
313760105000043 313760105000172 5175 
313760105000043 313760105000206 5771 
313760105000043 313760105000219 2063 
313760105000043 313760105000220 1268 
313760105000043 313760105000221 1910 
313760105000043 313760105000225 1581 
313760105000043 313760105000226 1188 
313760105000043 313760105000229 1111 
313760105000043 313760105000231 7604 
313760105000043 313760105000257 5727 
313760105000043 313760105000264 4499 
313760105000043 313760105000273 9436 
313760105000043 313760105000280 3435 
313760105000043 313760114000002 12089 
313760105000043 313760114000007 11661 
313760105000043 313760114000008 11234 
313760105000043 313760114000009 10346 
313760105000043 313760114000010 13531 
313760105000043 313760115000005 5223 
313760105000043 313760115000006 6513 
313760105000043 313760115000007 5181 
313760105000043 313760115000015 2523 
313760105000045 3137605402034 6649 
313760105000045 3137602116553 5292 
313760105000045 3137605324920 8058 
313760105000045 3137602168332 4118 
313760105000045 3137605324912 4630 
313760105000045 3137602116588 2932 
313760105000045 3137605402417 1227 
313760105000045 3137602117363 631 
313760105000045 3137605324904 3326 
313760105000045 3137602116537 436 
313760105000045 3137602116545 7437 
313760105000045 3137605402425 4599 
313760105000045 3137602116561 4655 
313760105000045 3137604334663 2754 
313760105000045 3137602116529 3647 
313760105000045 3137606897061 6118 
313760105000045 3137606844286 2820 
313760105000045 313760105000026 5174 
313760105000045 313760105000048 9338 
313760105000045 313760105000050 8516 
313760105000045 313760105000082 6003 
313760105000045 313760105000098 5950 
313760105000045 313760105000145 8755 
313760105000045 313760105000146 7105 
313760105000045 313760105000152 3685 
313760105000045 313760105000172 4777 
313760105000045 313760105000206 5176 
313760105000045 313760105000219 1458 
313760105000045 313760105000220 728 
313760105000045 313760105000221 1369 
313760105000045 313760105000225 1244 
313760105000045 313760105000226 823 
313760105000045 313760105000229 916 
313760105000045 313760105000231 7075 
313760105000045 313760105000257 5186 
313760105000045 313760105000264 4437 
313760105000045 313760105000273 8823 
313760105000045 313760105000280 3734 
313760105000045 313760114000002 11501 
313760105000045 313760114000007 11109 
313760105000045 313760114000008 10675 
313760105000045 313760114000009 9798 
313760105000045 313760114000010 13027 
313760105000045 313760115000005 5380 
313760105000045 313760115000006 7049 
313760105000045 313760115000007 5805 
313760105000045 313760115000015 2642 
313760105000048 3137605402034 4447 
313760105000048 3137602116553 4949 
313760105000048 3137605324920 6618 
313760105000048 3137602168332 8376 
313760105000048 3137605324912 7473 
313760105000048 3137602116588 7598 
313760105000048 3137605402417 9048 
313760105000048 3137602117363 9945 
313760105000048 3137605324904 7103 
313760105000048 3137602116537 9741 
313760105000048 3137602116545 6115 
313760105000048 3137605402425 8375 
313760105000048 3137602116561 5180 
313760105000048 3137604334663 6948 
313760105000048 3137602116529 12368 
313760105000048 3137606897061 15428 
313760105000048 3137606844286 11377 
313760105000048 313760105000026 8018 
313760105000048 313760105000048 0 
313760105000048 313760105000050 10579 
313760105000048 313760105000082 4280 
313760105000048 313760105000098 5659 
313760105000048 313760105000145 2818 
313760105000048 313760105000146 3765 
313760105000048 313760105000152 11583 
313760105000048 313760105000172 11359 
313760105000048 313760105000206 8811 
313760105000048 313760105000219 8145 
313760105000048 313760105000220 8618 
313760105000048 313760105000221 8011 
313760105000048 313760105000225 8176 
313760105000048 313760105000226 8575 
313760105000048 313760105000229 8663 
313760105000048 313760105000231 10957 
313760105000048 313760105000257 4668 
313760105000048 313760105000264 6526 
313760105000048 313760105000273 9164 
313760105000048 313760105000280 9034 
313760105000048 313760114000002 5604 
313760105000048 313760114000007 4053 
313760105000048 313760114000008 4062 
313760105000048 313760114000009 3319 
313760105000048 313760114000010 4381 
313760105000048 313760115000005 14442 
313760105000048 313760115000006 16149 
313760105000048 313760115000007 13738 
313760105000048 313760115000015 11813 
313760105000050 3137605402034 6230 
313760105000050 3137602116553 6444 
313760105000050 3137605324920 4110 
313760105000050 3137602168332 4490 
313760105000050 3137605324912 4462 
313760105000050 3137602116588 6037 
313760105000050 3137605402417 7289 
313760105000050 3137602117363 8885 
313760105000050 3137605324904 5999 
313760105000050 3137602116537 8806 
313760105000050 3137602116545 4477 
313760105000050 3137605402425 4036 
313760105000050 3137602116561 6830 
313760105000050 3137604334663 6947 
313760105000050 3137602116529 11748 
313760105000050 3137606897061 12384 
313760105000050 3137606844286 11166 
313760105000050 313760105000026 3685 
313760105000050 313760105000048 10579 
313760105000050 313760105000050 0 
313760105000050 313760105000082 6738 
313760105000050 313760105000098 5205 
313760105000050 313760105000145 7973 
313760105000050 313760105000146 11462 
313760105000050 313760105000152 12150 
313760105000050 313760105000172 4974 
313760105000050 313760105000206 3382 
313760105000050 313760105000219 7460 
313760105000050 313760105000220 8224 
313760105000050 313760105000221 7905 
313760105000050 313760105000225 8651 
313760105000050 313760105000226 8608 
313760105000050 313760105000229 8916 
313760105000050 313760105000231 1978 
313760105000050 313760105000257 6970 
313760105000050 313760105000264 10958 
313760105000050 313760105000273 1833 
313760105000050 313760105000280 11805 
313760105000050 313760114000002 7935 
313760105000050 313760114000007 8895 
313760105000050 313760114000008 8394 
313760105000050 313760114000009 8211 
313760105000050 313760114000010 11486 
313760105000050 313760115000005 9620 
313760105000050 313760115000006 13962 
313760105000050 313760115000007 14085 
313760105000050 313760115000015 8665 
313760105000058 3137605402034 6016 
313760105000058 3137602116553 5743 
313760105000058 3137605324920 4761 
313760105000058 3137602168332 2854 
313760105000058 3137605324912 3274 
313760105000058 3137602116588 4449 
313760105000058 3137605402417 5343 
313760105000058 3137602117363 6861 
313760105000058 3137605324904 4571 
313760105000058 3137602116537 6804 
313760105000058 3137602116545 4785 
313760105000058 3137605402425 2519 
313760105000058 3137602116561 5908 
313760105000058 3137604334663 5461 
313760105000058 3137602116529 9626 
313760105000058 3137606897061 10188 
313760105000058 3137606844286 9095 
313760105000058 313760105000026 2543 
313760105000058 313760105000048 10455 
313760105000058 313760105000050 2199 
313760105000058 313760105000082 6253 
313760105000058 313760105000098 4796 
313760105000058 313760105000145 8178 
313760105000058 313760105000146 10596 
313760105000058 313760105000152 10111 
313760105000058 313760105000172 2789 
313760105000058 313760105000206 1859 
313760105000058 313760105000219 5680 
313760105000058 313760105000220 6367 
313760105000058 313760105000221 6151 
313760105000058 313760105000225 6878 
313760105000058 313760105000226 6767 
313760105000058 313760105000229 7071 
313760105000058 313760105000231 587 
313760105000058 313760105000257 6207 
313760105000058 313760105000264 9548 
313760105000058 313760105000273 3445 
313760105000058 313760105000280 10046 
313760105000058 313760114000002 8997 
313760105000058 313760114000007 9622 
313760105000058 313760114000008 9100 
313760105000058 313760114000009 8689 
313760105000058 313760114000010 12179 
313760105000058 313760115000005 7466 
313760105000058 313760115000006 11763 
313760105000058 313760115000007 11972 
313760105000058 313760115000015 6481 
313760105000064 3137605402034 7717 
313760105000064 3137602116553 6342 
313760105000064 3137605324920 9227 
313760105000064 3137602168332 5287 
313760105000064 3137605324912 5813 
313760105000064 3137602116588 4108 
313760105000064 3137605402417 2377 
313760105000064 3137602117363 779 
313760105000064 3137605324904 4483 
313760105000064 3137602116537 837 
313760105000064 3137602116545 8595 
313760105000064 3137605402425 5768 
313760105000064 3137602116561 5672 
313760105000064 3137604334663 3836 
313760105000064 3137602116529 2516 
313760105000064 3137606897061 5373 
313760105000064 3137606844286 1643 
313760105000064 313760105000026 6353 
313760105000064 313760105000048 10084 
313760105000064 313760105000050 9644 
313760105000064 313760105000082 7025 
313760105000064 313760105000098 7083 
313760105000064 313760105000145 9736 
313760105000064 313760105000146 7497 
313760105000064 313760105000152 2516 
313760105000064 313760105000172 5629 
313760105000064 313760105000206 6329 
313760105000064 313760105000219 2596 
313760105000064 313760105000220 1773 
313760105000064 313760105000221 2396 
313760105000064 313760105000225 1949 
313760105000064 313760105000226 1609 
313760105000064 313760105000229 1441 
313760105000064 313760105000231 8131 
313760105000064 313760105000257 6182 
313760105000064 313760105000264 4537 
313760105000064 313760105000273 9999 
313760105000064 313760105000280 3159 
313760105000064 313760114000002 12585 
313760105000064 313760114000007 12118 
313760105000064 313760114000008 11700 
313760105000064 313760114000009 10800 
313760105000064 313760114000010 13937 
313760105000064 313760115000005 5237 
313760105000064 313760115000006 6103 
313760105000064 313760115000007 4623 
313760105000064 313760115000015 2636 
313760105000066 3137605402034 4063 
313760105000066 3137602116553 2761 
313760105000066 3137605324920 5456 
313760105000066 3137602168332 2184 
313760105000066 3137605324912 2235 
313760105000066 3137602116588 584 
313760105000066 3137605402417 1824 
313760105000066 3137602117363 3249 
313760105000066 3137605324904 714 
313760105000066 3137602116537 3073 
313760105000066 3137602116545 4810 
313760105000066 3137605402425 2586 
313760105000066 3137602116561 2238 
313760105000066 3137604334663 492 
313760105000066 3137602116529 6289 
313760105000066 3137606897061 8539 
313760105000066 3137606844286 5426 
313760105000066 313760105000026 2946 
313760105000066 313760105000048 7346 
313760105000066 313760105000050 6599 
313760105000066 313760105000082 3511 
313760105000066 313760105000098 3304 
313760105000066 313760105000145 6291 
313760105000066 313760105000146 6080 
313760105000066 313760105000152 6179 
313760105000066 313760105000172 4458 
313760105000066 313760105000206 3267 
313760105000066 313760105000219 1192 
313760105000066 313760105000220 2023 
313760105000066 313760105000221 1472 
313760105000066 313760105000225 2184 
313760105000066 313760105000226 2297 
313760105000066 313760105000229 2583 
313760105000066 313760105000231 5616 
313760105000066 313760105000257 2788 
313760105000066 313760105000264 4522 
313760105000066 313760105000273 6523 
313760105000066 313760105000280 5239 
313760105000066 313760114000002 8878 
313760105000066 313760114000007 8578 
313760105000066 313760114000008 8123 
313760105000066 313760114000009 7286 
313760105000066 313760114000010 10645 
313760105000066 313760115000005 7126 
313760105000066 313760115000006 9623 
313760105000066 313760115000007 8381 
313760105000066 313760115000015 4611 
313760105000067 3137605402034 3814 
313760105000067 3137602116553 2535 
313760105000067 3137605324920 5174 
313760105000067 3137602168332 2023 
313760105000067 3137605324912 1985 
313760105000067 3137602116588 481 
313760105000067 3137605402417 2061 
313760105000067 3137602117363 3522 
313760105000067 3137605324904 438 
313760105000067 3137602116537 3348 
313760105000067 3137602116545 4528 
313760105000067 3137605402425 2397 
313760105000067 3137602116561 2054 
313760105000067 3137604334663 582 
313760105000067 3137602116529 6568 
313760105000067 3137606897061 8782 
313760105000067 3137606844286 5707 
313760105000067 313760105000026 2716 
313760105000067 313760105000048 7204 
313760105000067 313760105000050 6385 
313760105000067 313760105000082 3291 
313760105000067 313760105000098 3028 
313760105000067 313760105000145 6067 
313760105000067 313760105000146 6084 
313760105000067 313760105000152 6460 
313760105000067 313760105000172 4460 
313760105000067 313760105000206 3081 
313760105000067 313760105000219 1471 
313760105000067 313760105000220 2305 
313760105000067 313760105000221 1750 
313760105000067 313760105000225 2456 
313760105000067 313760105000226 2577 
313760105000067 313760105000229 2862 
313760105000067 313760105000231 5464 
313760105000067 313760105000257 2600 
313760105000067 313760105000264 4670 
313760105000067 313760105000273 6266 
313760105000067 313760105000280 5482 
313760105000067 313760114000002 8613 
313760105000067 313760114000007 8337 
313760105000067 313760114000008 7877 
313760105000067 313760114000009 7050 
313760105000067 313760114000010 10431 
313760105000067 313760115000005 7306 
313760105000067 313760115000006 9884 
313760105000067 313760115000007 8663 
313760105000067 313760115000015 4828 
313760105000068 3137605402034 3558 
313760105000068 3137602116553 2196 
313760105000068 3137605324920 5266 
313760105000068 3137602168332 2654 
313760105000068 3137605324912 2426 
313760105000068 3137602116588 1178 
313760105000068 3137605402417 2470 
313760105000068 3137602117363 3723 
313760105000068 3137605324904 924 
313760105000068 3137602116537 3531 
313760105000068 3137602116545 4572 
313760105000068 3137605402425 2984 
313760105000068 3137602116561 1585 
313760105000068 3137604334663 351 
313760105000068 3137602116529 6678 
313760105000068 3137606897061 9128 
313760105000068 3137606844286 5767 
313760105000068 313760105000026 3202 
313760105000068 313760105000048 6620 
313760105000068 313760105000050 6886 
313760105000068 313760105000082 2916 
313760105000068 313760105000098 2986 
313760105000068 313760105000145 5687 
313760105000068 313760105000146 5386 
313760105000068 313760105000152 6427 
313760105000068 313760105000172 5156 
313760105000068 313760105000206 3664 
313760105000068 313760105000219 1669 
313760105000068 313760105000220 2399 
313760105000068 313760105000221 1765 
313760105000068 313760105000225 2348 
313760105000068 313760105000226 2577 
313760105000068 313760105000229 2820 
313760105000068 313760105000231 6082 
313760105000068 313760105000257 2132 
313760105000068 313760105000264 4086 
313760105000068 313760105000273 6614 
313760105000068 313760105000280 5147 
313760105000068 313760114000002 8423 
313760105000068 313760114000007 8019 
313760105000068 313760114000008 7581 
313760105000068 313760114000009 6712 
313760105000068 313760114000010 10010 
313760105000068 313760115000005 7833 
313760105000068 313760115000006 10140 
313760105000068 313760115000007 8667 
313760105000068 313760115000015 5269 
313760105000069 3137605402034 3658 
313760105000069 3137602116553 2302 
313760105000069 3137605324920 5317 
313760105000069 3137602168332 2586 
313760105000069 3137605324912 2404 
313760105000069 3137602116588 1078 
313760105000069 3137605402417 2346 
313760105000069 3137602117363 3618 
313760105000069 3137605324904 870 
313760105000069 3137602116537 3428 
313760105000069 3137602116545 4630 
313760105000069 3137605402425 2930 
313760105000069 3137602116561 1703 
313760105000069 3137604334663 238 
313760105000069 3137602116529 6586 
313760105000069 3137606897061 9012 
313760105000069 3137606844286 5682 
313760105000069 313760105000026 3173 
313760105000069 313760105000048 6746 
313760105000069 313760105000050 6858 
313760105000069 313760105000082 3028 
313760105000069 313760105000098 3054 
313760105000069 313760105000145 5802 
313760105000069 313760105000146 5491 
313760105000069 313760105000152 6355 
313760105000069 313760105000172 5047 
313760105000069 313760105000206 3612 
313760105000069 313760105000219 1557 
313760105000069 313760105000220 2303 
313760105000069 313760105000221 1675 
313760105000069 313760105000225 2280 
313760105000069 313760105000226 2493 
313760105000069 313760105000229 2744 
313760105000069 313760105000231 6021 
313760105000069 313760105000257 2252 
313760105000069 313760105000264 4131 
313760105000069 313760105000273 6619 
313760105000069 313760105000280 5129 
313760105000069 313760114000002 8518 
313760105000069 313760114000007 8129 
313760105000069 313760114000008 7687 
313760105000069 313760114000009 6823 
313760105000069 313760114000010 10129 
313760105000069 313760115000005 7706 
313760105000069 313760115000006 10033 
313760105000069 313760115000007 8591 
313760105000069 313760115000015 5146 
313760105000071 3137605402034 2771 
313760105000071 3137602116553 1417 
313760105000071 3137605324920 4957 
313760105000071 3137602168332 3476 
313760105000071 3137605324912 2930 
313760105000071 3137602116588 2256 
313760105000071 3137605402417 3630 
313760105000071 3137602117363 4741 
313760105000071 3137605324904 1832 
313760105000071 3137602116537 4541 
313760105000071 3137602116545 4214 
313760105000071 3137605402425 3694 
313760105000071 3137602116561 691 
313760105000071 3137604334663 1514 
313760105000071 3137602116529 7561 
313760105000071 3137606897061 10212 
313760105000071 3137606844286 6610 
313760105000071 313760105000026 3707 
313760105000071 313760105000048 5435 
313760105000071 313760105000050 7285 
313760105000071 313760105000082 1985 
313760105000071 313760105000098 2613 
313760105000071 313760105000145 4662 
313760105000071 313760105000146 4435 
313760105000071 313760105000152 7145 
313760105000071 313760105000172 6221 
313760105000071 313760105000206 4330 
313760105000071 313760105000219 2768 
313760105000071 313760105000220 3385 
313760105000071 313760105000221 2740 
313760105000071 313760105000225 3145 
313760105000071 313760105000226 3467 
313760105000071 313760105000229 3653 
313760105000071 313760105000231 6772 
313760105000071 313760105000257 1120 
313760105000071 313760105000264 3818 
313760105000071 313760105000273 6712 
313760105000071 313760105000280 5432 
313760105000071 313760114000002 7609 
313760105000071 313760114000007 7045 
313760105000071 313760114000008 6635 
313760105000071 313760114000009 5726 
313760105000071 313760114000010 8918 
313760105000071 313760115000005 9012 
313760105000071 313760115000006 11145 
313760105000071 313760115000007 9405 
313760105000071 313760115000015 6421 
313760105000072 3137605402034 2376 
313760105000072 3137602116553 1022 
313760105000072 3137605324920 4258 
313760105000072 3137602168332 2805 
313760105000072 3137605324912 2152 
313760105000072 3137602116588 1871 
313760105000072 3137605402417 3570 
313760105000072 3137602117363 4902 
313760105000072 3137605324904 1362 
313760105000072 3137602116537 4712 
313760105000072 3137602116545 3531 
313760105000072 3137605402425 2964 
313760105000072 3137602116561 568 
313760105000072 3137604334663 1522 
313760105000072 3137602116529 7857 
313760105000072 3137606897061 10275 
313760105000072 3137606844286 6940 
313760105000072 313760105000026 2914 
313760105000072 313760105000048 5742 
313760105000072 313760105000050 6466 
313760105000072 313760105000082 1765 
313760105000072 313760105000098 1916 
313760105000072 313760105000145 4545 
313760105000072 313760105000146 5171 
313760105000072 313760105000152 7570 
313760105000072 313760105000172 5681 
313760105000072 313760105000206 3573 
313760105000072 313760105000219 2837 
313760105000072 313760105000220 3582 
313760105000072 313760105000221 2947 
313760105000072 313760105000225 3496 
313760105000072 313760105000226 3750 
313760105000072 313760105000229 3982 
313760105000072 313760105000231 6003 
313760105000072 313760105000257 1083 
313760105000072 313760105000264 4613 
313760105000072 313760105000273 5907 
313760105000072 313760105000280 6079 
313760105000072 313760114000002 7243 
313760105000072 313760114000007 6851 
313760105000072 313760114000008 6406 
313760105000072 313760114000009 5550 
313760105000072 313760114000010 8899 
313760105000072 313760115000005 8837 
313760105000072 313760115000006 11315 
313760105000072 313760115000007 9819 
313760105000072 313760115000015 6357 
313760105000074 3137605402034 1689 
313760105000074 3137602116553 538 
313760105000074 3137605324920 3535 
313760105000074 3137602168332 2890 
313760105000074 3137605324912 2035 
313760105000074 3137602116588 2357 
313760105000074 3137605402417 4187 
313760105000074 3137602117363 5596 
313760105000074 3137605324904 1837 
313760105000074 3137602116537 5410 
313760105000074 3137602116545 2798 
313760105000074 3137605402425 2927 
313760105000074 3137602116561 813 
313760105000074 3137604334663 2230 
313760105000074 3137602116529 8582 
313760105000074 3137606897061 10908 
313760105000074 3137606844286 7674 
313760105000074 313760105000026 2702 
313760105000074 313760105000048 5487 
313760105000074 313760105000050 6047 
313760105000074 313760105000082 1257 
313760105000074 313760105000098 1186 
313760105000074 313760105000145 3975 
313760105000074 313760105000146 5433 
313760105000074 313760105000152 8318 
313760105000074 313760105000172 5874 
313760105000074 313760105000206 3447 
313760105000074 313760105000219 3523 
313760105000074 313760105000220 4297 
313760105000074 313760105000221 3670 
313760105000074 313760105000225 4241 
313760105000074 313760105000226 4483 
313760105000074 313760105000229 4723 
313760105000074 313760105000231 5804 
313760105000074 313760105000257 963 
313760105000074 313760105000264 5241 
313760105000074 313760105000273 5326 
313760105000074 313760105000280 6814 
313760105000074 313760114000002 6526 
313760105000074 313760114000007 6212 
313760105000074 313760114000008 5751 
313760105000074 313760114000009 4931 
313760105000074 313760114000010 8355 
313760105000074 313760115000005 9335 
313760105000074 313760115000006 11993 
313760105000074 313760115000007 10565 
313760105000074 313760115000015 6938 
313760105000075 3137605402034 1509 
313760105000075 3137602116553 261 
313760105000075 3137605324920 3560 
313760105000075 3137602168332 3168 
313760105000075 3137605324912 2305 
313760105000075 3137602116588 2595 
313760105000075 3137605402417 4393 
313760105000075 3137602117363 5764 
313760105000075 3137605324904 2072 
313760105000075 3137602116537 5575 
313760105000075 3137602116545 2813 
313760105000075 3137605402425 3200 
313760105000075 3137602116561 728 
313760105000075 3137604334663 2386 
313760105000075 3137602116529 8725 
313760105000075 3137606897061 11111 
313760105000075 3137606844286 7806 
313760105000075 313760105000026 2958 
313760105000075 313760105000048 5210 
313760105000075 313760105000050 6244 
313760105000075 313760105000082 993 
313760105000075 313760105000098 1235 
313760105000075 313760105000145 3740 
313760105000075 313760105000146 5221 
313760105000075 313760105000152 8422 
313760105000075 313760105000172 6151 
313760105000075 313760105000206 3712 
313760105000075 313760105000219 3695 
313760105000075 313760105000220 4449 
313760105000075 313760105000221 3814 
313760105000075 313760105000225 4355 
313760105000075 313760105000226 4616 
313760105000075 313760105000229 4845 
313760105000075 313760105000231 6053 
313760105000075 313760105000257 730 
313760105000075 313760105000264 5169 
313760105000075 313760105000273 5458 
313760105000075 313760105000280 6832 
313760105000075 313760114000002 6375 
313760105000075 313760114000007 6007 
313760105000075 313760114000008 5554 
313760105000075 313760114000009 4715 
313760105000075 313760114000010 8115 
313760105000075 313760115000005 9580 
313760105000075 313760115000006 12173 
313760105000075 313760115000007 10675 
313760105000075 313760115000015 7160 
313760105000076 3137605402034 1383 
313760105000076 3137602116553 0 
313760105000076 3137605324920 3618 
313760105000076 3137602168332 3429 
313760105000076 3137605324912 2564 
313760105000076 3137602116588 2819 
313760105000076 3137605402417 4586 
313760105000076 3137602117363 5920 
313760105000076 3137605324904 2297 
313760105000076 3137602116537 5728 
313760105000076 3137602116545 2866 
313760105000076 3137605402425 3460 
313760105000076 3137602116561 726 
313760105000076 3137604334663 2541 
313760105000076 3137602116529 8853 
313760105000076 3137606897061 11296 
313760105000076 3137606844286 7924 
313760105000076 313760105000026 3208 
313760105000076 313760105000048 4949 
313760105000076 313760105000050 6444 
313760105000076 313760105000082 760 
313760105000076 313760105000098 1346 
313760105000076 313760105000145 3532 
313760105000076 313760105000146 5017 
313760105000076 313760105000152 8515 
313760105000076 313760105000172 6411 
313760105000076 313760105000206 3966 
313760105000076 313760105000219 3859 
313760105000076 313760105000220 4592 
313760105000076 313760105000221 3951 
313760105000076 313760105000225 4462 
313760105000076 313760105000226 4740 
313760105000076 313760105000229 4959 
313760105000076 313760105000231 6295 
313760105000076 313760105000257 536 
313760105000076 313760105000264 5101 
313760105000076 313760105000273 5604 
313760105000076 313760105000280 6845 
313760105000076 313760114000002 6254 
313760105000076 313760114000007 5828 
313760105000076 313760114000008 5385 
313760105000076 313760114000009 4528 
313760105000076 313760114000010 7899 
313760105000076 313760115000005 9806 
313760105000076 313760115000006 12336 
313760105000076 313760115000007 10771 
313760105000076 313760115000015 7364 
313760105000077 3137605402034 1647 
313760105000077 3137602116553 263 
313760105000077 3137605324920 3826 
313760105000077 3137602168332 3320 
313760105000077 3137605324912 2502 
313760105000077 3137602116588 2610 
313760105000077 3137605402417 4346 
313760105000077 3137602117363 5663 
313760105000077 3137605324904 2090 
313760105000077 3137602116537 5471 
313760105000077 3137602116545 3077 
313760105000077 3137605402425 3386 
313760105000077 3137602116561 475 
313760105000077 3137604334663 2286 
313760105000077 3137602116529 8590 
313760105000077 3137606897061 11051 
313760105000077 3137606844286 7661 
313760105000077 313760105000026 3185 
313760105000077 313760105000048 5082 
313760105000077 313760105000050 6518 
313760105000077 313760105000082 989 
313760105000077 313760105000098 1514 
313760105000077 313760105000145 3769 
313760105000077 313760105000146 4953 
313760105000077 313760105000152 8251 
313760105000077 313760105000172 6281 
313760105000077 313760105000206 3923 
313760105000077 313760105000219 3606 
313760105000077 313760105000220 4332 
313760105000077 313760105000221 3691 
313760105000077 313760105000225 4199 
313760105000077 313760105000226 4478 
313760105000077 313760105000229 4696 
313760105000077 313760105000231 6288 
313760105000077 313760105000257 479 
313760105000077 313760105000264 4895 
313760105000077 313760105000273 5743 
313760105000077 313760105000280 6598 
313760105000077 313760114000002 6517 
313760105000077 313760114000007 6080 
313760105000077 313760114000008 5640 
313760105000077 313760114000009 4776 
313760105000077 313760114000010 8126 
313760105000077 313760115000005 9594 
313760105000077 313760115000006 12080 
313760105000077 313760115000007 10507 
313760105000077 313760115000015 7131 
313760105000078 3137605402034 1514 
313760105000078 3137602116553 643 
313760105000078 3137605324920 4044 
313760105000078 3137602168332 4020 
313760105000078 3137605324912 3189 
313760105000078 3137602116588 3248 
313760105000078 3137605402417 4896 
313760105000078 3137602117363 6111 
313760105000078 3137605324904 2737 
313760105000078 3137602116537 5913 
313760105000078 3137602116545 3296 
313760105000078 3137605402425 4079 
313760105000078 3137602116561 853 
313760105000078 3137604334663 2784 
313760105000078 3137602116529 8954 
313760105000078 3137606897061 11556 
313760105000078 3137606844286 8002 
313760105000078 313760105000026 3848 
313760105000078 313760105000048 4390 
313760105000078 313760105000050 7064 
313760105000078 313760105000082 648 
313760105000078 313760105000098 1900 
313760105000078 313760105000145 3276 
313760105000078 313760105000146 4404 
313760105000078 313760105000152 8520 
313760105000078 313760105000172 6979 
313760105000078 313760105000206 4601 
313760105000078 313760105000219 4094 
313760105000078 313760105000220 4760 
313760105000078 313760105000221 4113 
313760105000078 313760105000225 4538 
313760105000078 313760105000226 4857 
313760105000078 313760105000229 5046 
313760105000078 313760105000231 6938 
313760105000078 313760105000257 302 
313760105000078 313760105000264 4743 
313760105000078 313760105000273 6160 
313760105000078 313760105000280 6662 
313760105000078 313760114000002 6248 
313760105000078 313760114000007 5652 
313760105000078 313760114000008 5243 
313760105000078 313760114000009 4334 
313760105000078 313760114000010 7576 
313760105000078 313760115000005 10207 
313760105000078 313760115000006 12525 
313760105000078 313760115000007 10780 
313760105000078 313760115000015 7694 
313760105000080 3137605402034 1345 
313760105000080 3137602116553 311 
313760105000080 3137605324920 3763 
313760105000080 3137602168332 3734 
313760105000080 3137605324912 2876 
313760105000080 3137602116588 3063 
313760105000080 3137605402417 4783 
313760105000080 3137602117363 6066 
313760105000080 3137605324904 2543 
313760105000080 3137602116537 5871 
313760105000080 3137602116545 3011 
313760105000080 3137605402425 3771 
313760105000080 3137602116561 786 
313760105000080 3137604334663 2701 
313760105000080 3137602116529 8961 
313760105000080 3137606897061 11476 
313760105000080 3137606844286 8021 
313760105000080 313760105000026 3518 
313760105000080 313760105000048 4649 
313760105000080 313760105000050 6720 
313760105000080 313760105000082 568 
313760105000080 313760105000098 1568 
313760105000080 313760105000145 3337 
313760105000080 313760105000146 4746 
313760105000080 313760105000152 8578 
313760105000080 313760105000172 6710 
313760105000080 313760105000206 4278 
313760105000080 313760105000219 4021 
313760105000080 313760105000220 4725 
313760105000080 313760105000221 4080 
313760105000080 313760105000225 4553 
313760105000080 313760105000226 4851 
313760105000080 313760105000229 5056 
313760105000080 313760105000231 6602 
313760105000080 313760105000257 359 
313760105000080 313760105000264 4979 
313760105000080 313760105000273 5832 
313760105000080 313760105000280 6815 
313760105000080 313760114000002 6176 
313760105000080 313760114000007 5673 
313760105000080 313760114000008 5243 
313760105000080 313760114000009 4362 
313760105000080 313760114000010 7684 
313760105000080 313760115000005 10045 
313760105000080 313760115000006 12485 
313760105000080 313760115000007 10837 
313760105000080 313760115000015 7572 
313760105000081 3137605402034 1094 
313760105000081 3137602116553 1294 
313760105000081 3137605324920 3780 
313760105000081 3137602168332 4689 
313760105000081 3137605324912 3774 
313760105000081 3137602116588 4094 
313760105000081 3137605402417 5793 
313760105000081 3137602117363 7021 
313760105000081 3137605324904 3574 
313760105000081 3137602116537 6823 
313760105000081 3137602116545 3074 
313760105000081 3137605402425 4676 
313760105000081 3137602116561 1753 
313760105000081 3137604334663 3690 
313760105000081 3137602116529 9850 
313760105000081 3137606897061 12465 
313760105000081 3137606844286 8893 
313760105000081 313760105000026 4336 
313760105000081 313760105000048 3698 
313760105000081 313760105000050 7232 
313760105000081 313760105000082 582 
313760105000081 313760105000098 2059 
313760105000081 313760105000145 2369 
313760105000081 313760105000146 4453 
313760105000081 313760105000152 9385 
313760105000081 313760105000172 7684 
313760105000081 313760105000206 5123 
313760105000081 313760105000219 5002 
313760105000081 313760105000220 5669 
313760105000081 313760105000221 5023 
313760105000081 313760105000225 5435 
313760105000081 313760105000226 5761 
313760105000081 313760105000229 5943 
313760105000081 313760105000231 7345 
313760105000081 313760105000257 1207 
313760105000081 313760105000264 5347 
313760105000081 313760105000273 6119 
313760105000081 313760105000280 7421 
313760105000081 313760114000002 5430 
313760105000081 313760114000007 4756 
313760105000081 313760114000008 4358 
313760105000081 313760114000009 3436 
313760105000081 313760114000010 6672 
313760105000081 313760115000005 11075 
313760105000081 313760115000006 13434 
313760105000081 313760115000007 11643 
313760105000081 313760115000015 8588 
313760105000082 3137605402034 872 
313760105000082 3137602116553 760 
313760105000082 3137605324920 3481 
313760105000082 3137602168332 4111 
313760105000082 3137605324912 3192 
313760105000082 3137602116588 3579 
313760105000082 3137605402417 5335 
313760105000082 3137602117363 6634 
313760105000082 3137605324904 3057 
313760105000082 3137602116537 6439 
313760105000082 3137602116545 2744 
313760105000082 3137605402425 4094 
313760105000082 3137602116561 1353 
313760105000082 3137604334663 3266 
313760105000082 3137602116529 9527 
313760105000082 3137606897061 12037 
313760105000082 3137606844286 8584 
313760105000082 313760105000026 3759 
313760105000082 313760105000048 4280 
313760105000082 313760105000050 6738 
313760105000082 313760105000082 0 
313760105000082 313760105000098 1535 
313760105000082 313760105000145 2780 
313760105000082 313760105000146 4820 
313760105000082 313760105000152 9130 
313760105000082 313760105000172 7108 
313760105000082 313760105000206 4544 
313760105000082 313760105000219 4586 
313760105000082 313760105000220 5293 
313760105000082 313760105000221 4648 
313760105000082 313760105000225 5116 
313760105000082 313760105000226 5417 
313760105000082 313760105000229 5620 
313760105000082 313760105000231 6785 
313760105000082 313760105000257 868 
313760105000082 313760105000264 5377 
313760105000082 313760105000273 5709 
313760105000082 313760105000280 7309 
313760105000082 313760114000002 5626 
313760105000082 313760114000007 5105 
313760105000082 313760114000008 4676 
313760105000082 313760114000009 3796 
313760105000082 313760114000010 7140 
313760105000082 313760115000005 10566 
313760105000082 313760115000006 13053 
313760105000082 313760115000007 11390 
313760105000082 313760115000015 8119 
313760105000083 3137605402034 690 
313760105000083 3137602116553 698 
313760105000083 3137605324920 3154 
313760105000083 3137602168332 3841 
313760105000083 3137605324912 2895 
313760105000083 3137602116588 3437 
313760105000083 3137605402417 5251 
313760105000083 3137602117363 6612 
313760105000083 3137605324904 2916 
313760105000083 3137602116537 6421 
313760105000083 3137602116545 2410 
313760105000083 3137605402425 3794 
313760105000083 3137602116561 1404 
313760105000083 3137604334663 3232 
313760105000083 3137602116529 9551 
313760105000083 3137606897061 11969 
313760105000083 3137606844286 8622 
313760105000083 313760105000026 3427 
313760105000083 313760105000048 4593 
313760105000083 313760105000050 6362 
313760105000083 313760105000082 376 
313760105000083 313760105000098 1161 
313760105000083 313760105000145 2896 
313760105000083 313760105000146 5187 
313760105000083 313760105000152 9207 
313760105000083 313760105000172 6842 
313760105000083 313760105000206 4218 
313760105000083 313760105000219 4547 
313760105000083 313760105000220 5288 
313760105000083 313760105000221 4648 
313760105000083 313760105000225 5159 
313760105000083 313760105000226 5439 
313760105000083 313760105000229 5657 
313760105000083 313760105000231 6430 
313760105000083 313760105000257 1025 
313760105000083 313760105000264 5630 
313760105000083 313760105000273 5342 
313760105000083 313760105000280 7482 
313760105000083 313760114000002 5556 
313760105000083 313760114000007 5149 
313760105000083 313760114000008 4698 
313760105000083 313760114000009 3858 
313760105000083 313760114000010 7276 
313760105000083 313760115000005 10412 
313760105000083 313760115000006 13025 
313760105000083 313760115000007 11464 
313760105000083 313760115000015 8014 
313760105000084 3137605402034 1019 
313760105000084 3137602116553 364 
313760105000084 3137605324920 3330 
313760105000084 3137602168332 3590 
313760105000084 3137605324912 2673 
313760105000084 3137602116588 3111 
313760105000084 3137605402417 4913 
313760105000084 3137602117363 6271 
313760105000084 3137605324904 2589 
313760105000084 3137602116537 6080 
313760105000084 3137602116545 2579 
313760105000084 3137605402425 3575 
313760105000084 3137602116561 1086 
313760105000084 3137604334663 2891 
313760105000084 3137602116529 9213 
313760105000084 3137606897061 11630 
313760105000084 3137606844286 8286 
313760105000084 313760105000026 3256 
313760105000084 313760105000048 4800 
313760105000084 313760105000050 6342 
313760105000084 313760105000082 521 
313760105000084 313760105000098 1155 
313760105000084 313760105000145 3222 
313760105000084 313760105000146 5143 
313760105000084 313760105000152 8879 
313760105000084 313760105000172 6588 
313760105000084 313760105000206 4036 
313760105000084 313760105000219 4205 
313760105000084 313760105000220 4947 
313760105000084 313760105000221 4308 
313760105000084 313760105000225 4826 
313760105000084 313760105000226 5101 
313760105000084 313760105000229 5322 
313760105000084 313760105000231 6305 
313760105000084 313760105000257 783 
313760105000084 313760105000264 5403 
313760105000084 313760105000273 5412 
313760105000084 313760105000280 7194 
313760105000084 313760114000002 5891 
313760105000084 313760114000007 5489 
313760105000084 313760114000008 5039 
313760105000084 313760114000009 4195 
313760105000084 313760114000010 7599 
313760105000084 313760115000005 10092 
313760105000084 313760115000006 12684 
313760105000084 313760115000007 11135 
313760105000084 313760115000015 7680 
313760105000085 3137605402034 1125 
313760105000085 3137602116553 352 
313760105000085 3137605324920 3266 
313760105000085 3137602168332 3378 
313760105000085 3137605324912 2459 
313760105000085 3137602116588 2937 
313760105000085 3137605402417 4762 
313760105000085 3137602117363 6148 
313760105000085 3137605324904 2417 
313760105000085 3137602116537 5959 
313760105000085 3137602116545 2514 
313760105000085 3137605402425 3360 
313760105000085 3137602116561 1059 
313760105000085 3137604334663 2770 
313760105000085 3137602116529 9111 
313760105000085 3137606897061 11482 
313760105000085 3137606844286 8192 
313760105000085 313760105000026 3045 
313760105000085 313760105000048 5014 
313760105000085 313760105000050 6168 
313760105000085 313760105000082 735 
313760105000085 313760105000098 1013 
313760105000085 313760105000145 3397 
313760105000085 313760105000146 5303 
313760105000085 313760105000152 8806 
313760105000085 313760105000172 6376 
313760105000085 313760105000206 3823 
313760105000085 313760105000219 4077 
313760105000085 313760105000220 4835 
313760105000085 313760105000221 4200 
313760105000085 313760105000225 4740 
313760105000085 313760105000226 5002 
313760105000085 313760105000229 5231 
313760105000085 313760105000231 6101 
313760105000085 313760105000257 867 
313760105000085 313760105000264 5453 
313760105000085 313760105000273 5279 
313760105000085 313760105000280 7182 
313760105000085 313760114000002 5989 
313760105000085 313760114000007 5636 
313760105000085 313760114000008 5179 
313760105000085 313760114000009 4352 
313760105000085 313760114000010 7778 
313760105000085 313760115000005 9911 
313760105000085 313760115000006 12554 
313760105000085 313760115000007 11059 
313760105000085 313760115000015 7518 
313760105000086 3137605402034 1187 
313760105000086 3137602116553 530 
313760105000086 3137605324920 3120 
313760105000086 3137602168332 3186 
313760105000086 3137605324912 2250 
313760105000086 3137602116588 2834 
313760105000086 3137605402417 4690 
313760105000086 3137602117363 6113 
313760105000086 3137605324904 2319 
313760105000086 3137602116537 5928 
313760105000086 3137602116545 2371 
313760105000086 3137605402425 3151 
313760105000086 3137602116561 1170 
313760105000086 3137604334663 2749 
313760105000086 3137602116529 9101 
313760105000086 3137606897061 11409 
313760105000086 3137606844286 8192 
313760105000086 313760105000026 2819 
313760105000086 313760105000048 5225 
313760105000086 313760105000050 5939 
313760105000086 313760105000082 945 
313760105000086 313760105000098 816 
313760105000086 313760105000145 3524 
313760105000086 313760105000146 5527 
313760105000086 313760105000152 8830 
313760105000086 313760105000172 6186 
313760105000086 313760105000206 3600 
313760105000086 313760105000219 4040 
313760105000086 313760105000220 4817 
313760105000086 313760105000221 4189 
313760105000086 313760105000225 4755 
313760105000086 313760105000226 5002 
313760105000086 313760105000229 5239 
313760105000086 313760105000231 5869 
313760105000086 313760105000257 1066 
313760105000086 313760105000264 5603 
313760105000086 313760105000273 5074 
313760105000086 313760105000280 7274 
313760105000086 313760114000002 6007 
313760105000086 313760114000007 5719 
313760105000086 313760114000008 5251 
313760105000086 313760114000009 4449 
313760105000086 313760114000010 7905 
313760105000086 313760115000005 9786 
313760105000086 313760115000006 12507 
313760105000086 313760115000007 11079 
313760105000086 313760115000015 7426 
313760105000087 3137605402034 1217 
313760105000087 3137602116553 1859 
313760105000087 3137605324920 3765 
313760105000087 3137602168332 5195 
313760105000087 3137605324912 4250 
313760105000087 3137602116588 4675 
313760105000087 3137605402417 6390 
313760105000087 3137602117363 7616 
313760105000087 3137605324904 4153 
313760105000087 3137602116537 7418 
313760105000087 3137602116545 3115 
313760105000087 3137605402425 5147 
313760105000087 3137602116561 2351 
313760105000087 3137604334663 4288 
313760105000087 3137602116529 10431 
313760105000087 3137606897061 13063 
313760105000087 3137606844286 9470 
313760105000087 313760105000026 4758 
313760105000087 313760105000048 3266 
313760105000087 313760105000050 7446 
313760105000087 313760105000082 1106 
313760105000087 313760105000098 2394 
313760105000087 313760105000145 1781 
313760105000087 313760105000146 4540 
313760105000087 313760105000152 9943 
313760105000087 313760105000172 8195 
313760105000087 313760105000206 5553 
313760105000087 313760105000219 5600 
313760105000087 313760105000220 6263 
313760105000087 313760105000221 5617 
313760105000087 313760105000225 6018 
313760105000087 313760105000226 6349 
313760105000087 313760105000229 6527 
313760105000087 313760105000231 7698 
313760105000087 313760105000257 1805 
313760105000087 313760105000264 5757 
313760105000087 313760105000273 6211 
313760105000087 313760105000280 7913 
313760105000087 313760114000002 4936 
313760105000087 313760114000007 4181 
313760105000087 313760114000008 3799 
313760105000087 313760114000009 2862 
313760105000087 313760114000010 6075 
313760105000087 313760115000005 11660 
313760105000087 313760115000006 14027 
313760105000087 313760115000007 12198 
313760105000087 313760115000015 9184 
313760105000088 3137605402034 1200 
313760105000088 3137602116553 2178 
313760105000088 3137605324920 3489 
313760105000088 3137602168332 5381 
313760105000088 3137605324912 4406 
313760105000088 3137602116588 4991 
313760105000088 3137605402417 6757 
313760105000088 3137602117363 8031 
313760105000088 3137605324904 4468 
313760105000088 3137602116537 7834 
313760105000088 3137602116545 2895 
313760105000088 3137605402425 5291 
313760105000088 3137602116561 2745 
313760105000088 3137604334663 4677 
313760105000088 3137602116529 10878 
313760105000088 3137606897061 13453 
313760105000088 3137606844286 9922 
313760105000088 313760105000026 4848 
313760105000088 313760105000048 3280 
313760105000088 313760105000050 7316 
313760105000088 313760105000082 1421 
313760105000088 313760105000098 2446 
313760105000088 313760105000145 1360 
313760105000088 313760105000146 4941 
313760105000088 313760105000152 10413 
313760105000088 313760105000172 8376 
313760105000088 313760105000206 5646 
313760105000088 313760105000219 5995 
313760105000088 313760105000220 6682 
313760105000088 313760105000221 6036 
313760105000088 313760105000225 6462 
313760105000088 313760105000226 6783 
313760105000088 313760105000229 6970 
313760105000088 313760105000231 7696 
313760105000088 313760105000257 2214 
313760105000088 313760105000264 6253 
313760105000088 313760105000273 5990 
313760105000088 313760105000280 8407 
313760105000088 313760114000002 4440 
313760105000088 313760114000007 3727 
313760105000088 313760114000008 3329 
313760105000088 313760114000009 2408 
313760105000088 313760114000010 5721 
313760105000088 313760115000005 11975 
313760105000088 313760115000006 14447 
313760105000088 313760115000007 12670 
313760105000088 313760115000015 9541 
313760105000089 3137605402034 531 
313760105000089 3137602116553 1409 
313760105000089 3137605324920 3179 
313760105000089 3137602168332 4579 
313760105000089 3137605324912 3612 
313760105000089 3137602116588 4200 
313760105000089 3137605402417 5995 
313760105000089 3137602117363 7317 
313760105000089 3137605324904 3678 
313760105000089 3137602116537 7123 
313760105000089 3137602116545 2491 
313760105000089 3137605402425 4502 
313760105000089 3137602116561 2041 
313760105000089 3137604334663 3943 
313760105000089 3137602116529 10216 
313760105000089 3137606897061 12706 
313760105000089 3137606844286 9273 
313760105000089 313760105000026 4085 
313760105000089 313760105000048 3957 
313760105000089 313760105000050 6759 
313760105000089 313760105000082 688 
313760105000089 313760105000098 1703 
313760105000089 313760105000145 2132 
313760105000089 313760105000146 5056 
313760105000089 313760105000152 9813 
313760105000089 313760105000172 7577 
313760105000089 313760105000206 4882 
313760105000089 313760105000219 5263 
313760105000089 313760105000220 5979 
313760105000089 313760105000221 5335 
313760105000089 313760105000225 5805 
313760105000089 313760105000226 6106 
313760105000089 313760105000229 6309 
313760105000089 313760105000231 7002 
313760105000089 313760105000257 1550 
313760105000089 313760105000264 5935 
313760105000089 313760105000273 5567 
313760105000089 313760105000280 7947 
313760105000089 313760114000002 4947 
313760105000089 313760114000007 4423 
313760105000089 313760114000008 3989 
313760105000089 313760114000009 3119 
313760105000089 313760114000010 6511 
313760105000089 313760115000005 11179 
313760105000089 313760115000006 13735 
313760105000089 313760115000007 12073 
313760105000089 313760115000015 8768 
313760105000090 3137605402034 541 
313760105000090 3137602116553 1784 
313760105000090 3137605324920 2892 
313760105000090 3137602168332 4771 
313760105000090 3137605324912 3781 
313760105000090 3137602116588 4518 
313760105000090 3137605402417 6347 
313760105000090 3137602117363 7704 
313760105000090 3137605324904 3999 
313760105000090 3137602116537 7513 
313760105000090 3137602116545 2251 
313760105000090 3137605402425 4652 
313760105000090 3137602116561 2452 
313760105000090 3137604334663 4325 
313760105000090 3137602116529 10626 
313760105000090 3137606897061 13066 
313760105000090 3137606844286 9688 
313760105000090 313760105000026 4183 
313760105000090 313760105000048 3975 
313760105000090 313760105000050 6633 
313760105000090 313760105000082 1111 
313760105000090 313760105000098 1780 
313760105000090 313760105000145 1850 
313760105000090 313760105000146 5388 
313760105000090 313760105000152 10242 
313760105000090 313760105000172 7753 
313760105000090 313760105000206 4980 
313760105000090 313760105000219 5642 
313760105000090 313760105000220 6375 
313760105000090 313760105000221 5733 
313760105000090 313760105000225 6221 
313760105000090 313760105000226 6513 
313760105000090 313760105000229 6723 
313760105000090 313760105000231 7002 
313760105000090 313760105000257 1980 
313760105000090 313760105000264 6372 
313760105000090 313760105000273 5350 
313760105000090 313760105000280 8391 
313760105000090 313760114000002 4514 
313760105000090 313760114000007 4052 
313760105000090 313760114000008 3601 
313760105000090 313760114000009 2765 
313760105000090 313760114000010 6223 
313760105000090 313760115000005 11473 
313760105000090 313760115000006 14120 
313760105000090 313760115000007 12501 
313760105000090 313760115000015 9104 
313760105000091 3137605402034 663 
313760105000091 3137602116553 2046 
313760105000091 3137605324920 2431 
313760105000091 3137602168332 4731 
313760105000091 3137605324912 3727 
313760105000091 3137602116588 4644 
313760105000091 3137605402417 6515 
313760105000091 3137602117363 7931 
313760105000091 3137605324904 4136 
313760105000091 3137602116537 7743 
313760105000091 3137602116545 1826 
313760105000091 3137605402425 4565 
313760105000091 3137602116561 2754 
313760105000091 3137604334663 4555 
313760105000091 3137602116529 10893 
313760105000091 3137606897061 13234 
313760105000091 3137606844286 9969 
313760105000091 313760105000026 4043 
313760105000091 313760105000048 4312 
313760105000091 313760105000050 6266 
313760105000091 313760105000082 1476 
313760105000091 313760105000098 1692 
313760105000091 313760105000145 1923 
313760105000091 313760105000146 5875 
313760105000091 313760105000152 10558 
313760105000091 313760105000172 7678 
313760105000091 313760105000206 4831 
313760105000091 313760105000219 5859 
313760105000091 313760105000220 6620 
313760105000091 313760105000221 5984 
313760105000091 313760105000225 6509 
313760105000091 313760105000226 6782 
313760105000091 313760105000229 7005 
313760105000091 313760105000231 6743 
313760105000091 313760105000257 2331 
313760105000091 313760105000264 6816 
313760105000091 313760105000273 4921 
313760105000091 313760105000280 8785 
313760105000091 313760114000002 4208 
313760105000091 313760114000007 3916 
313760105000091 313760114000008 3436 
313760105000091 313760114000009 2686 
313760105000091 313760114000010 6214 
313760105000091 313760115000005 11541 
313760105000091 313760115000006 14332 
313760105000091 313760115000007 12815 
313760105000091 313760115000015 9238 
313760105000092 3137605402034 1521 
313760105000092 3137602116553 2877 
313760105000092 3137605324920 2686 
313760105000092 3137602168332 5590 
313760105000092 3137605324912 4583 
313760105000092 3137602116588 5529 
313760105000092 3137605402417 7394 
313760105000092 3137602117363 8790 
313760105000092 3137605324904 5019 
313760105000092 3137602116537 8600 
313760105000092 3137602116545 2275 
313760105000092 3137605402425 5401 
313760105000092 3137602116561 3559 
313760105000092 3137604334663 5410 
313760105000092 3137602116529 11729 
313760105000092 3137606897061 14114 
313760105000092 3137606844286 10795 
313760105000092 313760105000026 4848 
313760105000092 313760105000048 3945 
313760105000092 313760105000050 6737 
313760105000092 313760105000082 2222 
313760105000092 313760105000098 2554 
313760105000092 313760105000145 1237 
313760105000092 313760105000146 6089 
313760105000092 313760105000152 11353 
313760105000092 313760105000172 8511 
313760105000092 313760105000206 5623 
313760105000092 313760105000219 6721 
313760105000092 313760105000220 7468 
313760105000092 313760105000221 6828 
313760105000092 313760105000225 7328 
313760105000092 313760105000226 7616 
313760105000092 313760105000229 7829 
313760105000092 313760105000231 7403 
313760105000092 313760105000257 3090 
313760105000092 313760105000264 7390 
313760105000092 313760105000273 5233 
313760105000092 313760105000280 9475 
313760105000092 313760114000002 3404 
313760105000092 313760114000007 3029 
313760105000092 313760114000008 2550 
313760105000092 313760114000009 1818 
313760105000092 313760114000010 5364 
313760105000092 313760115000005 12425 
313760105000092 313760115000006 15199 
313760105000092 313760115000007 13612 
313760105000092 313760115000015 10123 
313760105000094 3137605402034 747 
313760105000094 3137602116553 1982 
313760105000094 3137605324920 1964 
313760105000094 3137602168332 4272 
313760105000094 3137605324912 3265 
313760105000094 3137602116588 4338 
313760105000094 3137605402417 6240 
313760105000094 3137602117363 7716 
313760105000094 3137605324904 3848 
313760105000094 3137602116537 7535 
313760105000094 3137602116545 1296 
313760105000094 3137605402425 4072 
313760105000094 3137602116561 2709 
313760105000094 3137604334663 4371 
313760105000094 3137602116529 10723 
313760105000094 3137606897061 12938 
313760105000094 3137606844286 9819 
313760105000094 313760105000026 3521 
313760105000094 313760105000048 4886 
313760105000094 313760105000050 5697 
313760105000094 313760105000082 1606 
313760105000094 313760105000098 1259 
313760105000094 313760105000145 2473 
313760105000094 313760105000146 6272 
313760105000094 313760105000152 10457 
313760105000094 313760105000172 7182 
313760105000094 313760105000206 4300 
313760105000094 313760105000219 5645 
313760105000094 313760105000220 6435 
313760105000094 313760105000221 5813 
313760105000094 313760105000225 6384 
313760105000094 313760105000226 6628 
313760105000094 313760105000229 6868 
313760105000094 313760105000231 6168 
313760105000094 313760105000257 2376 
313760105000094 313760105000264 6974 
313760105000094 313760105000273 4394 
313760105000094 313760105000280 8822 
313760105000094 313760114000002 4410 
313760105000094 313760114000007 4312 
313760105000094 313760114000008 3813 
313760105000094 313760114000009 3144 
313760105000094 313760114000010 6692 
313760105000094 313760115000005 11148 
313760105000094 313760115000006 14085 
313760105000094 313760115000007 12707 
313760105000094 313760115000015 8913 
313760105000095 3137605402034 634 
313760105000095 3137602116553 1572 
313760105000095 3137605324920 2141 
313760105000095 3137602168332 3840 
313760105000095 3137605324912 2834 
313760105000095 3137602116588 3858 
313760105000095 3137605402417 5759 
313760105000095 3137602117363 7239 
313760105000095 3137605324904 3368 
313760105000095 3137602116537 7058 
313760105000095 3137602116545 1404 
313760105000095 3137605402425 3667 
313760105000095 3137602116561 2292 
313760105000095 3137604334663 3900 
313760105000095 3137602116529 10250 
313760105000095 3137606897061 12459 
313760105000095 3137606844286 9350 
313760105000095 313760105000026 3149 
313760105000095 313760105000048 5053 
313760105000095 313760105000050 5597 
313760105000095 313760105000082 1340 
313760105000095 313760105000098 803 
313760105000095 313760105000145 2816 
313760105000095 313760105000146 6132 
313760105000095 313760105000152 10000 
313760105000095 313760105000172 6780 
313760105000095 313760105000206 3940 
313760105000095 313760105000219 5168 
313760105000095 313760105000220 5962 
313760105000095 313760105000221 5343 
313760105000095 313760105000225 5923 
313760105000095 313760105000226 6161 
313760105000095 313760105000229 6404 
313760105000095 313760105000231 5919 
313760105000095 313760105000257 2015 
313760105000095 313760105000264 6636 
313760105000095 313760105000273 4423 
313760105000095 313760105000280 8416 
313760105000095 313760114000002 4890 
313760105000095 313760114000007 4765 
313760105000095 313760114000008 4271 
313760105000095 313760114000009 3569 
313760105000095 313760114000010 7107 
313760105000095 313760115000005 10687 
313760105000095 313760115000006 13605 
313760105000095 313760115000007 12247 
313760105000095 313760115000015 8437 
313760105000096 3137605402034 1487 
313760105000096 3137602116553 2047 
313760105000096 3137605324920 1611 
313760105000096 3137602168332 3333 
313760105000096 3137605324912 2344 
313760105000096 3137602116588 3690 
313760105000096 3137605402417 5603 
313760105000096 3137602117363 7170 
313760105000096 3137605324904 3256 
313760105000096 3137602116537 7003 
313760105000096 3137602116545 887 
313760105000096 3137605402425 3078 
313760105000096 3137602116561 2689 
313760105000096 3137604334663 3959 
313760105000096 3137602116529 10229 
313760105000096 3137606897061 12216 
313760105000096 3137606844286 9369 
313760105000096 313760105000026 2483 
313760105000096 313760105000048 5900 
313760105000096 313760105000050 4744 
313760105000096 313760105000082 2072 
313760105000096 313760105000098 737 
313760105000096 313760105000145 3552 
313760105000096 313760105000146 6892 
313760105000096 313760105000152 10092 
313760105000096 313760105000172 6166 
313760105000096 313760105000206 3246 
313760105000096 313760105000219 5135 
313760105000096 313760105000220 5965 
313760105000096 313760105000221 5380 
313760105000096 313760105000225 6024 
313760105000096 313760105000226 6211 
313760105000096 313760105000229 6478 
313760105000096 313760105000231 5097 
313760105000096 313760105000257 2565 
313760105000096 313760105000264 7132 
313760105000096 313760105000273 3636 
313760105000096 313760105000280 8727 
313760105000096 313760114000002 5147 
313760105000096 313760114000007 5277 
313760105000096 313760114000008 4763 
313760105000096 313760114000009 4174 
313760105000096 313760114000010 7722 
313760105000096 313760115000005 10274 
313760105000096 313760115000006 13443 
313760105000096 313760115000007 12315 
313760105000096 313760115000015 8163 
313760105000097 3137605402034 1205 
313760105000097 3137602116553 1590 
313760105000097 3137605324920 2056 
313760105000097 3137602168332 3227 
313760105000097 3137605324912 2221 
313760105000097 3137602116588 3395 
313760105000097 3137605402417 5311 
313760105000097 3137602117363 6845 
313760105000097 3137605324904 2934 
313760105000097 3137602116537 6672 
313760105000097 3137602116545 1317 
313760105000097 3137605402425 3033 
313760105000097 3137602116561 2235 
313760105000097 3137604334663 3579 
313760105000097 3137602116529 9890 
313760105000097 3137606897061 11972 
313760105000097 3137606844286 9015 
313760105000097 313760105000026 2505 
313760105000097 313760105000048 5652 
313760105000097 313760105000050 5091 
313760105000097 313760105000082 1663 
313760105000097 313760105000098 305 
313760105000097 313760105000145 3461 
313760105000097 313760105000146 6471 
313760105000097 313760105000152 9714 
313760105000097 313760105000172 6145 
313760105000097 313760105000206 3295 
313760105000097 313760105000219 4792 
313760105000097 313760105000220 5611 
313760105000097 313760105000221 5013 
313760105000097 313760105000225 5639 
313760105000097 313760105000226 5842 
313760105000097 313760105000229 6101 
313760105000097 313760105000231 5305 
313760105000097 313760105000257 2111 
313760105000097 313760105000264 6675 
313760105000097 313760105000273 4063 
313760105000097 313760105000280 8294 
313760105000097 313760114000002 5361 
313760105000097 313760114000007 5354 
313760105000097 313760114000008 4851 
313760105000097 313760114000009 4187 
313760105000097 313760114000010 7732 
313760105000097 313760115000005 10119 
313760105000097 313760115000006 13162 
313760105000097 313760115000007 11946 
313760105000097 313760115000015 7930 
313760105000098 3137605402034 1248 
313760105000098 3137602116553 1346 
313760105000098 3137605324920 2348 
313760105000098 3137602168332 3039 
313760105000098 3137605324912 2035 
313760105000098 3137602116588 3114 
313760105000098 3137605402417 5027 
313760105000098 3137602117363 6551 
313760105000098 3137605324904 2644 
313760105000098 3137602116537 6376 
313760105000098 3137602116545 1615 
313760105000098 3137605402425 2882 
313760105000098 3137602116561 1958 
313760105000098 3137604334663 3275 
313760105000098 3137602116529 9591 
313760105000098 3137606897061 11702 
313760105000098 3137606844286 8713 
313760105000098 313760105000026 2403 
313760105000098 313760105000048 5659 
313760105000098 313760105000050 5205 
313760105000098 313760105000082 1535 
313760105000098 313760105000098 0 
313760105000098 313760105000145 3590 
313760105000098 313760105000146 6298 
313760105000098 313760105000152 9410 
313760105000098 313760105000172 5993 
313760105000098 313760105000206 3200 
313760105000098 313760105000219 4494 
313760105000098 313760105000220 5310 
313760105000098 313760105000221 4710 
313760105000098 313760105000225 5333 
313760105000098 313760105000226 5538 
313760105000098 313760105000229 5797 
313760105000098 313760105000231 5306 
313760105000098 313760105000257 1877 
313760105000098 313760105000264 6403 
313760105000098 313760105000273 4265 
313760105000098 313760105000280 7995 
313760105000098 313760114000002 5630 
313760105000098 313760114000007 5567 
313760105000098 313760114000008 5070 
313760105000098 313760114000009 4371 
313760105000098 313760114000010 7906 
313760105000098 313760115000005 9889 
313760105000098 313760115000006 12879 
313760105000098 313760115000007 11642 
313760105000098 313760115000015 7667 
313760105000099 3137605402034 1747 
313760105000099 3137602116553 1531 
313760105000099 3137605324920 2510 
313760105000099 3137602168332 2532 
313760105000099 3137605324912 1527 
313760105000099 3137602116588 2721 
313760105000099 3137605402417 4636 
313760105000099 3137602117363 6199 
313760105000099 3137605324904 2285 
313760105000099 3137602116537 6031 
313760105000099 3137602116545 1835 
313760105000099 3137605402425 2372 
313760105000099 3137602116561 2003 
313760105000099 3137604334663 3012 
313760105000099 3137602116529 9258 
313760105000099 3137606897061 11274 
313760105000099 3137606844286 8402 
313760105000099 313760105000026 1910 
313760105000099 313760105000048 6121 
313760105000099 313760105000050 4913 
313760105000099 313760105000082 1910 
313760105000099 313760105000098 510 
313760105000099 313760105000145 4101 
313760105000099 313760105000146 6548 
313760105000099 313760105000152 9136 
313760105000099 313760105000172 5482 
313760105000099 313760105000206 2707 
313760105000099 313760105000219 4166 
313760105000099 313760105000220 4999 
313760105000099 313760105000221 4420 
313760105000099 313760105000225 5078 
313760105000099 313760105000226 5252 
313760105000099 313760105000229 5523 
313760105000099 313760105000231 4876 
313760105000099 313760105000257 2061 
313760105000099 313760105000264 6410 
313760105000099 313760105000273 4136 
313760105000099 313760105000280 7858 
313760105000099 313760114000002 6064 
313760105000099 313760114000007 6059 
313760105000099 313760114000008 5559 
313760105000099 313760114000009 4875 
313760105000099 313760114000010 8414 
313760105000099 313760115000005 9408 
313760105000099 313760115000006 12482 
313760105000099 313760115000007 11353 
313760105000099 313760115000015 7227 
313760105000101 3137605402034 1714 
313760105000101 3137602116553 2997 
313760105000101 3137605324920 1434 
313760105000101 3137602168332 4933 
313760105000101 3137605324912 3948 
313760105000101 3137602116588 5219 
313760105000101 3137605402417 7134 
313760105000101 3137602117363 8654 
313760105000101 3137605324904 4752 
313760105000101 3137602116537 8477 
313760105000101 3137602116545 1133 
313760105000101 3137605402425 4659 
313760105000101 3137602116561 3723 
313760105000101 3137604334663 5340 
313760105000101 3137602116529 11683 
313760105000101 3137606897061 13793 
313760105000101 3137606844286 10791 
313760105000101 313760105000026 4032 
313760105000101 313760105000048 5195 
313760105000101 313760105000050 5514 
313760105000101 313760105000082 2587 
313760105000101 313760105000098 2108 
313760105000101 313760105000145 2469 
313760105000101 313760105000146 7070 
313760105000101 313760105000152 11450 
313760105000101 313760105000172 7713 
313760105000101 313760105000206 4756 
313760105000101 313760105000219 6591 
313760105000101 313760105000220 7396 
313760105000101 313760105000221 6782 
313760105000101 313760105000225 7372 
313760105000101 313760105000226 7604 
313760105000101 313760105000229 7851 
313760105000101 313760105000231 6307 
313760105000101 313760105000257 3386 
313760105000101 313760105000264 7964 
313760105000101 313760105000273 3980 
313760105000101 313760105000280 9838 
313760105000101 313760114000002 3547 
313760105000101 313760114000007 3746 
313760105000101 313760114000008 3225 
313760105000101 313760114000009 2777 
313760105000101 313760114000010 6268 
313760105000101 313760115000005 11878 
313760105000101 313760115000006 14986 
313760105000101 313760115000007 13696 
313760105000101 313760115000015 9746 
313760105000102 3137605402034 2687 
313760105000102 3137602116553 3618 
313760105000102 3137605324920 0 
313760105000102 3137602168332 4410 
313760105000102 3137605324912 3543 
313760105000102 3137602116588 5129 
313760105000102 3137605402417 7006 
313760105000102 3137602117363 8624 
313760105000102 3137605324904 4748 
313760105000102 3137602116537 8467 
313760105000102 3137602116545 752 
313760105000102 3137605402425 4033 
313760105000102 3137602116561 4289 
313760105000102 3137604334663 5521 
313760105000102 3137602116529 11699 
313760105000102 3137606897061 13464 
313760105000102 3137606844286 10870 
313760105000102 313760105000026 3346 
313760105000102 313760105000048 6618 
313760105000102 313760105000050 4110 
313760105000102 313760105000082 3481 
313760105000102 313760105000098 2348 
313760105000102 313760105000145 3901 
313760105000102 313760105000146 8233 
313760105000102 313760105000152 11633 
313760105000102 313760105000172 6881 
313760105000102 313760105000206 3935 
313760105000102 313760105000219 6636 
313760105000102 313760105000220 7477 
313760105000102 313760105000221 6917 
313760105000102 313760105000225 7586 
313760105000102 313760105000226 7748 
313760105000102 313760105000229 8024 
313760105000102 313760105000231 5082 
313760105000102 313760105000257 4113 
313760105000102 313760105000264 8719 
313760105000102 313760105000273 2547 
313760105000102 313760105000280 10337 
313760105000102 313760114000002 4269 
313760105000102 313760114000007 4894 
313760105000102 313760114000008 4377 
313760105000102 313760114000009 4107 
313760105000102 313760114000010 7477 
313760105000102 313760115000005 11300 
313760105000102 313760115000006 14774 
313760105000102 313760115000007 13836 
313760105000102 313760115000015 9407 
313760105000103 3137605402034 2390 
313760105000103 3137602116553 3569 
313760105000103 3137605324920 868 
313760105000103 3137602168332 5006 
313760105000103 3137605324912 4069 
313760105000103 3137602116588 5513 
313760105000103 3137605402417 7424 
313760105000103 3137602117363 8996 
313760105000103 3137605324904 5081 
313760105000103 3137602116537 8828 
313760105000103 3137602116545 1024 
313760105000103 3137605402425 4672 
313760105000103 3137602116561 4285 
313760105000103 3137604334663 5759 
313760105000103 3137602116529 12054 
313760105000103 3137606897061 14000 
313760105000103 3137606844286 11188 
313760105000103 313760105000026 4004 
313760105000103 313760105000048 5904 
313760105000103 313760105000050 4960 
313760105000103 313760105000082 3254 
313760105000103 313760105000098 2484 
313760105000103 313760105000145 3128 
313760105000103 313760105000146 7823 
313760105000103 313760105000152 11895 
313760105000103 313760105000172 7625 
313760105000103 313760105000206 4659 
313760105000103 313760105000219 6958 
313760105000103 313760105000220 7784 
313760105000103 313760105000221 7191 
313760105000103 313760105000225 7818 
313760105000103 313760105000226 8021 
313760105000103 313760105000229 8281 
313760105000103 313760105000231 5941 
313760105000103 313760105000257 4005 
313760105000103 313760105000264 8618 
313760105000103 313760105000273 3329 
313760105000103 313760105000280 10407 
313760105000103 313760114000002 3499 
313760105000103 313760114000007 4029 
313760105000103 313760114000008 3511 
313760105000103 313760114000009 3250 
313760105000103 313760114000010 6610 
313760105000103 313760115000005 11948 
313760105000103 313760115000006 15254 
313760105000103 313760115000007 14125 
313760105000103 313760115000015 9940 
313760105000105 3137605402034 3128 
313760105000105 3137602116553 4225 
313760105000105 3137605324920 797 
313760105000105 3137602168332 5205 
313760105000105 3137605324912 4340 
313760105000105 3137602116588 5911 
313760105000105 3137605402417 7796 
313760105000105 3137602117363 9407 
313760105000105 3137605324904 5517 
313760105000105 3137602116537 9248 
313760105000105 3137602116545 1425 
313760105000105 3137605402425 4823 
313760105000105 3137602116561 4924 
313760105000105 3137604334663 6264 
313760105000105 3137602116529 12480 
313760105000105 3137606897061 14261 
313760105000105 3137606844286 11642 
313760105000105 313760105000026 4133 
313760105000105 313760105000048 6642 
313760105000105 313760105000050 4464 
313760105000105 313760105000082 3978 
313760105000105 313760105000098 3032 
313760105000105 313760105000145 3840 
313760105000105 313760105000146 8599 
313760105000105 313760105000152 12391 
313760105000105 313760105000172 7623 
313760105000105 313760105000206 4697 
313760105000105 313760105000219 7406 
313760105000105 313760105000220 8245 
313760105000105 313760105000221 7674 
313760105000105 313760105000225 8331 
313760105000105 313760105000226 8506 
313760105000105 313760105000229 8778 
313760105000105 313760105000231 5658 
313760105000105 313760105000257 4689 
313760105000105 313760105000264 9311 
313760105000105 313760105000273 2728 
313760105000105 313760105000280 11021 
313760105000105 313760114000002 3609 
313760105000105 313760114000007 4431 
313760105000105 313760114000008 3931 
313760105000105 313760114000009 3828 
313760105000105 313760114000010 7022 
313760105000105 313760115000005 12080 
313760105000105 313760115000006 15571 
313760105000105 313760115000007 14603 
313760105000105 313760115000015 10204 
313760105000106 3137605402034 3209 
313760105000106 3137602116553 3114 
313760105000106 3137605324920 2472 
313760105000106 3137602168332 1999 
313760105000106 3137605324912 1349 
313760105000106 3137602116588 3097 
313760105000106 3137605402417 4807 
313760105000106 3137602117363 6469 
313760105000106 3137605324904 2884 
313760105000106 3137602116537 6336 
313760105000106 3137602116545 2192 
313760105000106 3137605402425 1580 
313760105000106 3137602116561 3464 
313760105000106 3137604334663 3815 
313760105000106 3137602116529 9530 
313760105000106 3137606897061 11049 
313760105000106 3137606844286 8773 
313760105000106 313760105000026 888 
313760105000106 313760105000048 7653 
313760105000106 313760105000050 3366 
313760105000106 313760105000082 3513 
313760105000106 313760105000098 2007 
313760105000106 313760105000145 5396 
313760105000106 313760105000146 8118 
313760105000106 313760105000152 9634 
313760105000106 313760105000172 4458 
313760105000106 313760105000206 1490 
313760105000106 313760105000219 4646 
313760105000106 313760105000220 5484 
313760105000106 313760105000221 5020 
313760105000106 313760105000225 5752 
313760105000106 313760105000226 5816 
313760105000106 313760105000229 6116 
313760105000106 313760105000231 3303 
313760105000106 313760105000257 3628 
313760105000106 313760105000264 7672 
313760105000106 313760105000273 2951 
313760105000106 313760105000280 8788 
313760105000106 313760114000002 6669 
313760105000106 313760114000007 7027 
313760105000106 313760114000008 6506 
313760105000106 313760114000009 5988 
313760105000106 313760114000010 9525 
313760105000106 313760115000005 8828 
313760105000106 313760115000006 12412 
313760105000106 313760115000007 11761 
313760105000106 313760115000015 7007 
313760105000108 3137605402034 2755 
313760105000108 3137602116553 2188 
313760105000108 3137605324920 3136 
313760105000108 3137602168332 1506 
313760105000108 3137605324912 500 
313760105000108 3137602116588 2021 
313760105000108 3137605402417 3870 
313760105000108 3137602117363 5500 
313760105000108 3137605324904 1721 
313760105000108 3137602116537 5349 
313760105000108 3137602116545 2594 
313760105000108 3137605402425 1358 
313760105000108 3137602116561 2375 
313760105000108 3137604334663 2626 
313760105000108 3137602116529 8576 
313760105000108 3137606897061 10387 
313760105000108 3137606844286 7770 
313760105000108 313760105000026 1020 
313760105000108 313760105000048 7040 
313760105000108 313760105000050 4522 
313760105000108 313760105000082 2764 
313760105000108 313760105000098 1538 
313760105000108 313760105000145 5125 
313760105000108 313760105000146 7074 
313760105000108 313760105000152 8579 
313760105000108 313760105000172 4458 
313760105000108 313760105000206 1783 
313760105000108 313760105000219 3564 
313760105000108 313760105000220 4410 
313760105000108 313760105000221 3900 
313760105000108 313760105000225 4615 
313760105000108 313760105000226 4716 
313760105000108 313760105000229 5009 
313760105000108 313760105000231 4123 
313760105000108 313760105000257 2644 
313760105000108 313760105000264 6466 
313760105000108 313760105000273 4142 
313760105000108 313760105000280 7601 
313760105000108 313760114000002 7003 
313760105000108 313760114000007 7074 
313760105000108 313760114000008 6570 
313760105000108 313760114000009 5902 
313760105000108 313760114000010 9442 
313760105000108 313760115000005 8420 
313760105000108 313760115000006 11654 
313760105000108 313760115000007 10750 
313760105000108 313760115000015 6327 
313760105000109 3137605402034 3022 
313760105000109 3137602116553 2430 
313760105000109 3137605324920 3289 
313760105000109 3137602168332 1255 
313760105000109 3137605324912 262 
313760105000109 3137602116588 1944 
313760105000109 3137605402417 3741 
313760105000109 3137602117363 5386 
313760105000109 3137605324904 1708 
313760105000109 3137602116537 5242 
313760105000109 3137602116545 2784 
313760105000109 3137605402425 1091 
313760105000109 3137602116561 2574 
313760105000109 3137604334663 2643 
313760105000109 3137602116529 8461 
313760105000109 3137606897061 10197 
313760105000109 3137606844286 7671 
313760105000109 313760105000026 800 
313760105000109 313760105000048 7302 
313760105000109 313760105000050 4399 
313760105000109 313760105000082 3024 
313760105000109 313760105000098 1801 
313760105000109 313760105000145 5390 
313760105000109 313760105000146 7271 
313760105000109 313760105000152 8503 
313760105000109 313760105000172 4193 
313760105000109 313760105000206 1535 
313760105000109 313760105000219 3496 
313760105000109 313760105000220 4340 
313760105000109 313760105000221 3855 
313760105000109 313760105000225 4583 
313760105000109 313760105000226 4660 
313760105000109 313760105000229 4958 
313760105000109 313760105000231 3908 
313760105000109 313760105000257 2872 
313760105000109 313760105000264 6563 
313760105000109 313760105000273 4127 
313760105000109 313760105000280 7613 
313760105000109 313760114000002 7224 
313760105000109 313760114000007 7324 
313760105000109 313760114000008 6818 
313760105000109 313760114000009 6160 
313760105000109 313760114000010 9702 
313760105000109 313760115000005 8189 
313760105000109 313760115000006 11486 
313760105000109 313760115000007 10656 
313760105000109 313760115000015 6137 
313760105000110 3137605402034 3355 
313760105000110 3137602116553 3103 
313760105000110 3137605324920 2832 
313760105000110 3137602168332 1629 
313760105000110 3137605324912 1049 
313760105000110 3137602116588 2785 
313760105000110 3137605402417 4457 
313760105000110 3137602117363 6120 
313760105000110 3137605324904 2612 
313760105000110 3137602116537 5991 
313760105000110 3137602116545 2513 
313760105000110 3137605402425 1210 
313760105000110 3137602116561 3379 
313760105000110 3137604334663 3555 
313760105000110 3137602116529 9176 
313760105000110 3137606897061 10678 
313760105000110 3137606844286 8428 
313760105000110 313760105000026 518 
313760105000110 313760105000048 7777 
313760105000110 313760105000050 3493 
313760105000110 313760105000082 3572 
313760105000110 313760105000098 2119 
313760105000110 313760105000145 5608 
313760105000110 313760105000146 8067 
313760105000110 313760105000152 9299 
313760105000110 313760105000172 4140 
313760105000110 313760105000206 1181 
313760105000110 313760105000219 4327 
313760105000110 313760105000220 5160 
313760105000110 313760105000221 4713 
313760105000110 313760105000225 5451 
313760105000110 313760105000226 5500 
313760105000110 313760105000229 5803 
313760105000110 313760105000231 3212 
313760105000110 313760105000257 3597 
313760105000110 313760105000264 7481 
313760105000110 313760105000273 3244 
313760105000110 313760105000280 8516 
313760105000110 313760114000002 7003 
313760105000110 313760114000007 7314 
313760105000110 313760114000008 6796 
313760105000110 313760114000009 6246 
313760105000110 313760114000010 9791 
313760105000110 313760115000005 8468 
313760105000110 313760115000006 12042 
313760105000110 313760115000007 11415 
313760105000110 313760115000015 6636 
313760105000112 3137605402034 4010 
313760105000112 3137602116553 3903 
313760105000112 3137605324920 2913 
313760105000112 3137602168332 2075 
313760105000112 3137605324912 1806 
313760105000112 3137602116588 3470 
313760105000112 3137605402417 4987 
313760105000112 3137602117363 6646 
313760105000112 3137605324904 3365 
313760105000112 3137602116537 6533 
313760105000112 3137602116545 2805 
313760105000112 3137605402425 1595 
313760105000112 3137602116561 4207 
313760105000112 3137604334663 4316 
313760105000112 3137602116529 9660 
313760105000112 3137606897061 10914 
313760105000112 3137606844286 8961 
313760105000112 313760105000026 1059 
313760105000112 313760105000048 8457 
313760105000112 313760105000050 2670 
313760105000112 313760105000082 4324 
313760105000112 313760105000098 2818 
313760105000112 313760105000145 6150 
313760105000112 313760105000146 8889 
313760105000112 313760105000152 9874 
313760105000112 313760105000172 3990 
313760105000112 313760105000206 1160 
313760105000112 313760105000219 4975 
313760105000112 313760105000220 5788 
313760105000112 313760105000221 5389 
313760105000112 313760105000225 6134 
313760105000112 313760105000226 6147 
313760105000112 313760105000229 6454 
313760105000112 313760105000231 2500 
313760105000112 313760105000257 4408 
313760105000112 313760105000264 8291 
313760105000112 313760105000273 2642 
313760105000112 313760105000280 9244 
313760105000112 313760114000002 7180 
313760105000112 313760114000007 7667 
313760105000112 313760114000008 7145 
313760105000112 313760114000009 6686 
313760105000112 313760114000010 10200 
313760105000112 313760115000005 8529 
313760105000112 313760115000006 12347 
313760105000112 313760115000007 11940 
313760105000112 313760115000015 6926 
313760105000114 3137605402034 4619 
313760105000114 3137602116553 4995 
313760105000114 3137605324920 2441 
313760105000114 3137602168332 3833 
313760105000114 3137605324912 3451 
313760105000114 3137602116588 5179 
313760105000114 3137605402417 6745 
313760105000114 3137602117363 8403 
313760105000114 3137605324904 5012 
313760105000114 3137602116537 8291 
313760105000114 3137602116545 2804 
313760105000114 3137605402425 3352 
313760105000114 3137602116561 5472 
313760105000114 3137604334663 5950 
313760105000114 3137602116529 11411 
313760105000114 3137606897061 12537 
313760105000114 3137606844286 10719 
313760105000114 313760105000026 2783 
313760105000114 313760105000048 8917 
313760105000114 313760105000050 1678 
313760105000114 313760105000082 5195 
313760105000114 313760105000098 3689 
313760105000114 313760105000145 6294 
313760105000114 313760105000146 9987 
313760105000114 313760105000152 11630 
313760105000114 313760105000172 5337 
313760105000114 313760105000206 2860 
313760105000114 313760105000219 6707 
313760105000114 313760105000220 7529 
313760105000114 313760105000221 7107 
313760105000114 313760105000225 7848 
313760105000114 313760105000226 7881 
313760105000114 313760105000229 8186 
313760105000114 313760105000231 2870 
313760105000114 313760105000257 5531 
313760105000114 313760105000264 9788 
313760105000114 313760105000273 889 
313760105000114 313760105000280 10918 
313760105000114 313760114000002 6438 
313760105000114 313760114000007 7283 
313760105000114 313760114000008 6774 
313760105000114 313760114000009 6549 
313760105000114 313760114000010 9876 
313760105000114 313760115000005 10006 
313760105000114 313760115000006 14015 
313760105000114 313760115000007 13696 
313760105000114 313760115000015 8604 
313760105000118 3137605402034 4688 
313760105000118 3137602116553 4399 
313760105000118 3137605324920 3731 
313760105000118 3137602168332 1828 
313760105000118 3137605324912 1987 
313760105000118 3137602116588 3397 
313760105000118 3137605402417 4657 
313760105000118 3137602117363 6283 
313760105000118 3137605324904 3417 
313760105000118 3137602116537 6191 
313760105000118 3137602116545 3615 
313760105000118 3137605402425 1386 
313760105000118 3137602116561 4593 
313760105000118 3137604334663 4350 
313760105000118 3137602116529 9228 
313760105000118 3137606897061 10272 
313760105000118 3137606844286 8587 
313760105000118 313760105000026 1218 
313760105000118 313760105000048 9117 
313760105000118 313760105000050 2662 
313760105000118 313760105000082 4905 
313760105000118 313760105000098 3458 
313760105000118 313760105000145 6901 
313760105000118 313760105000146 9290 
313760105000118 313760105000152 9543 
313760105000118 313760105000172 3200 
313760105000118 313760105000206 720 
313760105000118 313760105000219 4797 
313760105000118 313760105000220 5565 
313760105000118 313760105000221 5244 
313760105000118 313760105000225 5989 
313760105000118 313760105000226 5946 
313760105000118 313760105000229 6255 
313760105000118 313760105000231 1897 
313760105000118 313760105000257 4870 
313760105000118 313760105000264 8418 
313760105000118 313760105000273 3144 
313760105000118 313760105000280 9148 
313760105000118 313760114000002 7999 
313760105000118 313760114000007 8477 
313760105000118 313760114000008 7955 
313760105000118 313760114000009 7476 
313760105000118 313760114000010 11000 
313760105000118 313760115000005 7797 
313760105000118 313760115000006 11749 
313760105000118 313760115000007 11541 
313760105000118 313760115000015 6341 
313760105000120 3137605402034 3688 
313760105000120 3137602116553 3389 
313760105000120 3137605324920 3094 
313760105000120 3137602168332 1485 
313760105000120 3137605324912 1134 
313760105000120 3137602116588 2801 
313760105000120 3137605402417 4375 
313760105000120 3137602117363 6039 
313760105000120 3137605324904 2689 
313760105000120 3137602116537 5919 
313760105000120 3137602116545 2819 
313760105000120 3137605402425 1023 
313760105000120 3137602116561 3623 
313760105000120 3137604334663 3640 
313760105000120 3137602116529 9077 
313760105000120 3137606897061 10477 
313760105000120 3137606844286 8353 
313760105000120 313760105000026 392 
313760105000120 313760105000048 8104 
313760105000120 313760105000050 3330 
313760105000120 313760105000082 3884 
313760105000120 313760105000098 2448 
313760105000120 313760105000145 5946 
313760105000120 313760105000146 8320 
313760105000120 313760105000152 9248 
313760105000120 313760105000172 3830 
313760105000120 313760105000206 862 
313760105000120 313760105000219 4318 
313760105000120 313760105000220 5138 
313760105000120 313760105000221 4724 
313760105000120 313760105000225 5469 
313760105000120 313760105000226 5492 
313760105000120 313760105000229 5797 
313760105000120 313760105000231 2909 
313760105000120 313760105000257 3871 
313760105000120 313760105000264 7628 
313760105000120 313760105000273 3261 
313760105000120 313760105000280 8570 
313760105000120 313760114000002 7299 
313760105000120 313760114000007 7639 
313760105000120 313760114000008 7120 
313760105000120 313760114000009 6579 
313760105000120 313760114000010 10122 
313760105000120 313760115000005 8212 
313760105000120 313760115000006 11867 
313760105000120 313760115000007 11338 
313760105000120 313760115000015 6451 
313760105000122 3137605402034 4230 
313760105000122 3137602116553 3429 
313760105000122 3137605324920 4410 
313760105000122 3137602168332 0 
313760105000122 3137605324912 1006 
313760105000122 3137602116588 1600 
313760105000122 3137605402417 2911 
313760105000122 3137602117363 4570 
313760105000122 3137605324904 1736 
313760105000122 3137602116537 4458 
313760105000122 3137602116545 3983 
313760105000122 3137605402425 481 
313760105000122 3137602116561 3353 
313760105000122 3137604334663 2606 
313760105000122 3137602116529 7595 
313760105000122 3137606897061 9060 
313760105000122 3137606844286 6886 
313760105000122 313760105000026 1122 
313760105000122 313760105000048 8376 
313760105000122 313760105000050 4490 
313760105000122 313760105000082 4111 
313760105000122 313760105000098 3039 
313760105000122 313760105000145 6613 
313760105000122 313760105000146 7910 
313760105000122 313760105000152 7801 
313760105000122 313760105000172 3000 
313760105000122 313760105000206 1109 
313760105000122 313760105000219 2971 
313760105000122 313760105000220 3752 
313760105000122 313760105000221 3415 
313760105000122 313760105000225 4161 
313760105000122 313760105000226 4127 
313760105000122 313760105000229 4436 
313760105000122 313760105000231 3440 
313760105000122 313760105000257 3775 
313760105000122 313760105000264 6693 
313760105000122 313760105000273 4717 
313760105000122 313760105000280 7320 
313760105000122 313760114000002 8457 
313760105000122 313760114000007 8579 
313760105000122 313760114000008 8073 
313760105000122 313760114000009 7408 
313760105000122 313760114000010 10946 
313760105000122 313760115000005 6952 
313760105000122 313760115000006 10413 
313760105000122 313760115000007 9866 
313760105000122 313760115000015 5011 
313760105000123 3137605402034 3490 
313760105000123 3137602116553 2591 
313760105000123 3137605324920 4097 
313760105000123 3137602168332 855 
313760105000123 3137605324912 596 
313760105000123 3137602116588 1157 
313760105000123 3137605402417 2921 
313760105000123 3137602117363 4566 
313760105000123 3137605324904 1049 
313760105000123 3137602116537 4423 
313760105000123 3137602116545 3559 
313760105000123 3137605402425 1049 
313760105000123 3137602116561 2499 
313760105000123 3137604334663 1995 
313760105000123 3137602116529 7640 
313760105000123 3137606897061 9426 
313760105000123 3137606844286 6855 
313760105000123 313760105000026 1277 
313760105000123 313760105000048 7540 
313760105000123 313760105000050 4952 
313760105000123 313760105000082 3294 
313760105000123 313760105000098 2369 
313760105000123 313760105000145 5875 
313760105000123 313760105000146 7087 
313760105000123 313760105000152 7697 
313760105000123 313760105000172 3820 
313760105000123 313760105000206 1715 
313760105000123 313760105000219 2703 
313760105000123 313760105000220 3541 
313760105000123 313760105000221 3085 
313760105000123 313760105000225 3824 
313760105000123 313760105000226 3874 
313760105000123 313760105000229 4176 
313760105000123 313760105000231 4154 
313760105000123 313760105000257 2922 
313760105000123 313760105000264 6045 
313760105000123 313760105000273 4873 
313760105000123 313760105000280 6910 
313760105000123 313760114000002 7940 
313760105000123 313760114000007 7935 
313760105000123 313760114000008 7439 
313760105000123 313760114000009 6724 
313760105000123 313760114000010 10238 
313760105000123 313760115000005 7521 
313760105000123 313760115000006 10688 
313760105000123 313760115000007 9841 
313760105000123 313760115000015 5368 
313760105000124 3137605402034 3498 
313760105000124 3137602116553 2785 
313760105000124 3137605324920 3758 
313760105000124 3137602168332 744 
313760105000124 3137605324912 262 
313760105000124 3137602116588 1660 
313760105000124 3137605402417 3338 
313760105000124 3137602117363 4997 
313760105000124 3137605324904 1559 
313760105000124 3137602116537 4863 
313760105000124 3137602116545 3282 
313760105000124 3137605402425 677 
313760105000124 3137602116561 2815 
313760105000124 3137604334663 2509 
313760105000124 3137602116529 8062 
313760105000124 3137606897061 9711 
313760105000124 3137606844286 7300 
313760105000124 313760105000026 761 
313760105000124 313760105000048 7710 
313760105000124 313760105000050 4439 
313760105000124 313760105000082 3431 
313760105000124 313760105000098 2297 
313760105000124 313760105000145 5877 
313760105000124 313760105000146 7473 
313760105000124 313760105000152 8163 
313760105000124 313760105000172 3715 
313760105000124 313760105000206 1272 
313760105000124 313760105000219 3193 
313760105000124 313760105000220 4024 
313760105000124 313760105000221 3587 
313760105000124 313760105000225 4329 
313760105000124 313760105000226 4366 
313760105000124 313760105000229 4670 
313760105000124 313760105000231 3714 
313760105000124 313760105000257 3180 
313760105000124 313760105000264 6542 
313760105000124 313760105000273 4374 
313760105000124 313760105000280 7425 
313760105000124 313760114000002 7735 
313760105000124 313760114000007 7835 
313760105000124 313760114000008 7330 
313760105000124 313760114000009 6664 
313760105000124 313760114000010 10203 
313760105000124 313760115000005 7676 
313760105000124 313760115000006 11020 
313760105000124 313760115000007 10287 
313760105000124 313760115000015 5651 
313760105000125 3137605402034 3240 
313760105000125 3137602116553 2564 
313760105000125 3137605324920 3543 
313760105000125 3137602168332 1006 
313760105000125 3137605324912 0 
313760105000125 3137602116588 1747 
313760105000125 3137605402417 3504 
313760105000125 3137602117363 5156 
313760105000125 3137605324904 1566 
313760105000125 3137602116537 5015 
313760105000125 3137602116545 3045 
313760105000125 3137605402425 901 
313760105000125 3137602116561 2639 
313760105000125 3137604334663 2514 
313760105000125 3137602116529 8228 
313760105000125 3137606897061 9937 
313760105000125 3137606844286 7448 
313760105000125 313760105000026 788 
313760105000125 313760105000048 7473 
313760105000125 313760105000050 4462 
313760105000125 313760105000082 3192 
313760105000125 313760105000098 2035 
313760105000125 313760105000145 5616 
313760105000125 313760105000146 7321 
313760105000125 313760105000152 8293 
313760105000125 313760105000172 3972 
313760105000125 313760105000206 1430 
313760105000125 313760105000219 3297 
313760105000125 313760105000220 4137 
313760105000125 313760105000221 3671 
313760105000125 313760105000225 4406 
313760105000125 313760105000226 4467 
313760105000125 313760105000229 4767 
313760105000125 313760105000231 3851 
313760105000125 313760105000257 2978 
313760105000125 313760105000264 6497 
313760105000125 313760105000273 4290 
313760105000125 313760105000280 7468 
313760105000125 313760114000002 7485 
313760105000125 313760114000007 7574 
313760105000125 313760114000008 7069 
313760105000125 313760114000009 6402 
313760105000125 313760114000010 9941 
313760105000125 313760115000005 7930 
313760105000125 313760115000006 11231 
313760105000125 313760115000007 10435 
313760105000125 313760115000015 5877 
313760105000126 3137605402034 3335 
313760105000126 3137602116553 2058 
313760105000126 3137605324920 4782 
313760105000126 3137602168332 2086 
313760105000126 3137605324912 1808 
313760105000126 3137602116588 813 
313760105000126 3137605402417 2541 
313760105000126 3137602117363 3980 
313760105000126 3137605324904 365 
313760105000126 3137602116537 3802 
313760105000126 3137602116545 4116 
313760105000126 3137605402425 2386 
313760105000126 3137602116561 1611 
313760105000126 3137604334663 756 
313760105000126 3137602116529 7009 
313760105000126 3137606897061 9261 
313760105000126 3137606844286 6133 
313760105000126 313760105000026 2583 
313760105000126 313760105000048 6785 
313760105000126 313760105000050 6268 
313760105000126 313760105000082 2816 
313760105000126 313760105000098 2582 
313760105000126 313760105000145 5590 
313760105000126 313760105000146 5858 
313760105000126 313760105000152 6855 
313760105000126 313760105000172 4749 
313760105000126 313760105000206 3061 
313760105000126 313760105000219 1914 
313760105000126 313760105000220 2729 
313760105000126 313760105000221 2140 
313760105000126 313760105000225 2805 
313760105000126 313760105000226 2971 
313760105000126 313760105000229 3242 
313760105000126 313760105000231 5491 
313760105000126 313760105000257 2149 
313760105000126 313760105000264 4702 
313760105000126 313760105000273 6019 
313760105000126 313760105000280 5724 
313760105000126 313760114000002 8144 
313760105000126 313760114000007 7857 
313760105000126 313760114000008 7398 
313760105000126 313760114000009 6570 
313760105000126 313760114000010 9957 
313760105000126 313760115000005 7766 
313760105000126 313760115000006 10356 
313760105000126 313760115000007 9074 
313760105000126 313760115000015 5306 
313760105000127 3137605402034 3277 
313760105000127 3137602116553 2101 
313760105000127 3137605324920 4500 
313760105000127 3137602168332 1704 
313760105000127 3137605324912 1395 
313760105000127 3137602116588 743 
313760105000127 3137605402417 2638 
313760105000127 3137602117363 4167 
313760105000127 3137605324904 252 
313760105000127 3137602116537 3998 
313760105000127 3137602116545 3861 
313760105000127 3137605402425 1979 
313760105000127 3137602116561 1786 
313760105000127 3137604334663 1131 
313760105000127 3137602116529 7226 
313760105000127 3137606897061 9340 
313760105000127 3137606844286 6375 
313760105000127 313760105000026 2167 
313760105000127 313760105000048 6957 
313760105000127 313760105000050 5852 
313760105000127 313760105000082 2859 
313760105000127 313760105000098 2393 
313760105000127 313760105000145 5597 
313760105000127 313760105000146 6210 
313760105000127 313760105000152 7136 
313760105000127 313760105000172 4475 
313760105000127 313760105000206 2651 
313760105000127 313760105000219 2138 
313760105000127 313760105000220 2977 
313760105000127 313760105000221 2426 
313760105000127 313760105000225 3125 
313760105000127 313760105000226 3253 
313760105000127 313760105000229 3537 
313760105000127 313760105000231 5086 
313760105000127 313760105000257 2290 
313760105000127 313760105000264 5119 
313760105000127 313760105000273 5633 
313760105000127 313760105000280 6105 
313760105000127 313760114000002 8010 
313760105000127 313760114000007 7808 
313760105000127 313760114000008 7336 
313760105000127 313760114000009 6540 
313760105000127 313760114000010 9977 
313760105000127 313760115000005 7713 
313760105000127 313760115000006 10488 
313760105000127 313760115000007 9336 
313760105000127 313760115000015 5337 
313760105000128 3137605402034 4410 
313760105000128 3137602116553 3417 
313760105000128 3137605324920 4946 
313760105000128 3137602168332 707 
313760105000128 3137605324912 1408 
313760105000128 3137602116588 1036 
313760105000128 3137605402417 2216 
313760105000128 3137602117363 3879 
313760105000128 3137605324904 1345 
313760105000128 3137602116537 3761 
313760105000128 3137602116545 4452 
313760105000128 3137605402425 1186 
313760105000128 3137602116561 3192 
313760105000128 3137604334663 2073 
313760105000128 3137602116529 6920 
313760105000128 3137606897061 8529 
313760105000128 3137606844286 6194 
313760105000128 313760105000026 1779 
313760105000128 313760105000048 8340 
313760105000128 313760105000050 5185 
313760105000128 313760105000082 4151 
313760105000128 313760105000098 3306 
313760105000128 313760105000145 6790 
313760105000128 313760105000146 7560 
313760105000128 313760105000152 7099 
313760105000128 313760105000172 3060 
313760105000128 313760105000206 1803 
313760105000128 313760105000219 2276 
313760105000128 313760105000220 3046 
313760105000128 313760105000221 2729 
313760105000128 313760105000225 3472 
313760105000128 313760105000226 3424 
313760105000128 313760105000229 3733 
313760105000128 313760105000231 4034 
313760105000128 313760105000257 3676 
313760105000128 313760105000264 6126 
313760105000128 313760105000273 5412 
313760105000128 313760105000280 6638 
313760105000128 313760114000002 8868 
313760105000128 313760114000007 8872 
313760105000128 313760114000008 8377 
313760105000128 313760114000009 7655 
313760105000128 313760114000010 11161 
313760105000128 313760115000005 6583 
313760105000128 313760115000006 9830 
313760105000128 313760115000007 9177 
313760105000128 313760115000015 4468 
313760105000129 3137605402034 5197 
313760105000129 3137602116553 4350 
313760105000129 3137605324920 5252 
313760105000129 3137602168332 968 
313760105000129 3137605324912 1973 
313760105000129 3137602116588 2074 
313760105000129 3137605402417 2689 
313760105000129 3137602117363 4255 
313760105000129 3137605324904 2399 
313760105000129 3137602116537 4181 
313760105000129 3137602116545 4882 
313760105000129 3137605402425 1225 
313760105000129 3137602116561 4201 
313760105000129 3137604334663 3103 
313760105000129 3137602116529 7154 
313760105000129 3137606897061 8303 
313760105000129 3137606844286 6538 
313760105000129 313760105000026 1905 
313760105000129 313760105000048 9298 
313760105000129 313760105000050 4630 
313760105000129 313760105000082 5052 
313760105000129 313760105000098 4007 
313760105000129 313760105000145 7581 
313760105000129 313760105000146 8617 
313760105000129 313760105000152 7520 
313760105000129 313760105000172 2061 
313760105000129 313760105000206 1464 
313760105000129 313760105000219 3056 
313760105000129 313760105000220 3711 
313760105000129 313760105000221 3534 
313760105000129 313760105000225 4244 
313760105000129 313760105000226 4113 
313760105000129 313760105000229 4415 
313760105000129 313760105000231 3199 
313760105000129 313760105000257 4659 
313760105000129 313760105000264 7102 
313760105000129 313760105000273 5202 
313760105000129 313760105000280 7403 
313760105000129 313760114000002 9374 
313760105000129 313760114000007 9538 
313760105000129 313760114000008 9030 
313760105000129 313760114000009 8375 
313760105000129 313760114000010 11914 
313760105000129 313760115000005 6053 
313760105000129 313760115000006 9726 
313760105000129 313760115000007 9476 
313760105000129 313760115000015 4304 
313760105000132 3137605402034 4020 
313760105000132 3137602116553 2819 
313760105000132 3137605324920 5129 
313760105000132 3137602168332 1600 
313760105000132 3137605324912 1747 
313760105000132 3137602116588 0 
313760105000132 3137605402417 1916 
313760105000132 3137602117363 3496 
313760105000132 3137605324904 522 
313760105000132 3137602116537 3338 
313760105000132 3137602116545 4524 
313760105000132 3137605402425 2010 
313760105000132 3137602116561 2421 
313760105000132 3137604334663 1037 
313760105000132 3137602116529 6570 
313760105000132 3137606897061 8600 
313760105000132 3137606844286 5750 
313760105000132 313760105000026 2411 
313760105000132 313760105000048 7598 
313760105000132 313760105000050 6037 
313760105000132 313760105000082 3579 
313760105000132 313760105000098 3114 
313760105000132 313760105000145 6332 
313760105000132 313760105000146 6564 
313760105000132 313760105000152 6562 
313760105000132 313760105000172 3986 
313760105000132 313760105000206 2689 
313760105000132 313760105000219 1552 
313760105000132 313760105000220 2396 
313760105000132 313760105000221 1928 
313760105000132 313760105000225 2669 
313760105000132 313760105000226 2719 
313760105000132 313760105000229 3019 
313760105000132 313760105000231 5032 
313760105000132 313760105000257 2953 
313760105000132 313760105000264 5105 
313760105000132 313760105000273 6030 
313760105000132 313760105000280 5779 
313760105000132 313760114000002 8741 
313760105000132 313760114000007 8551 
313760105000132 313760114000008 8079 
313760105000132 313760114000009 7282 
313760105000132 313760114000010 10710 
313760105000132 313760115000005 6986 
313760105000132 313760115000006 9767 
313760105000132 313760115000007 8729 
313760105000132 313760115000015 4594 
313760105000133 3137605402034 4694 
313760105000133 3137602116553 3421 
313760105000133 3137605324920 5900 
313760105000133 3137602168332 2141 
313760105000133 3137605324912 2486 
313760105000133 3137602116588 771 
313760105000133 3137605402417 1182 
313760105000133 3137602117363 2725 
313760105000133 3137605324904 1212 
313760105000133 3137602116537 2567 
313760105000133 3137602116545 5292 
313760105000133 3137605402425 2602 
313760105000133 3137602116561 2916 
313760105000133 3137604334663 1092 
313760105000133 3137602116529 5799 
313760105000133 3137606897061 7901 
313760105000133 3137606844286 4981 
313760105000133 313760105000026 3093 
313760105000133 313760105000048 8019 
313760105000133 313760105000050 6631 
313760105000133 313760105000082 4176 
313760105000133 313760105000098 3855 
313760105000133 313760105000145 6953 
313760105000133 313760105000146 6622 
313760105000133 313760105000152 5807 
313760105000133 313760105000172 3968 
313760105000133 313760105000206 3250 
313760105000133 313760105000219 834 
313760105000133 313760105000220 1655 
313760105000133 313760105000221 1274 
313760105000133 313760105000225 2019 
313760105000133 313760105000226 2005 
313760105000133 313760105000229 2312 
313760105000133 313760105000231 5463 
313760105000133 313760105000257 3466 
313760105000133 313760105000264 4801 
313760105000133 313760105000273 6740 
313760105000133 313760105000280 5183 
313760105000133 313760114000002 9469 
313760105000133 313760114000007 9221 
313760105000133 313760114000008 8759 
313760105000133 313760114000009 7935 
313760105000133 313760114000010 11315 
313760105000133 313760115000005 6446 
313760105000133 313760115000006 9027 
313760105000133 313760115000007 7963 
313760105000133 313760115000015 3943 
313760105000134 3137605402034 4841 
313760105000134 3137602116553 3710 
313760105000134 3137605324920 5619 
313760105000134 3137602168332 1431 
313760105000134 3137605324912 2079 
313760105000134 3137602116588 931 
313760105000134 3137605402417 1482 
313760105000134 3137602117363 3145 
313760105000134 3137605324904 1430 
313760105000134 3137602116537 3028 
313760105000134 3137602116545 5089 
313760105000134 3137605402425 1913 
313760105000134 3137602116561 3349 
313760105000134 3137604334663 1823 
313760105000134 3137602116529 6190 
313760105000134 3137606897061 7901 
313760105000134 3137606844286 5460 
313760105000134 313760105000026 2511 
313760105000134 313760105000048 8528 
313760105000134 313760105000050 5869 
313760105000134 313760105000082 4467 
313760105000134 313760105000098 3828 
313760105000134 313760105000145 7190 
313760105000134 313760105000146 7412 
313760105000134 313760105000152 6369 
313760105000134 313760105000172 3128 
313760105000134 313760105000206 2500 
313760105000134 313760105000219 1642 
313760105000134 313760105000220 2357 
313760105000134 313760105000221 2116 
313760105000134 313760105000225 2839 
313760105000134 313760105000226 2747 
313760105000134 313760105000229 3055 
313760105000134 313760105000231 4598 
313760105000134 313760105000257 3876 
313760105000134 313760105000264 5699 
313760105000134 313760105000273 6145 
313760105000134 313760105000280 6009 
313760105000134 313760114000002 9444 
313760105000134 313760114000007 9355 
313760105000134 313760114000008 8871 
313760105000134 313760114000009 8107 
313760105000134 313760114000010 11571 
313760105000134 313760115000005 6118 
313760105000134 313760115000006 9158 
313760105000134 313760115000007 8443 
313760105000134 313760115000015 3848 
313760105000135 3137605402034 5875 
313760105000135 3137602116553 4586 
313760105000135 3137605324920 7006 
313760105000135 3137602168332 2911 
313760105000135 3137605324912 3504 
313760105000135 3137602116588 1916 
313760105000135 3137605402417 0 
313760105000135 3137602117363 1664 
313760105000135 3137605324904 2391 
313760105000135 3137602116537 1546 
313760105000135 3137602116545 6427 
313760105000135 3137605402425 3392 
313760105000135 3137602116561 4043 
313760105000135 3137604334663 2124 
313760105000135 3137602116529 4724 
313760105000135 3137606897061 6720 
313760105000135 3137606844286 3977 
313760105000135 313760105000026 3991 
313760105000135 313760105000048 9048 
313760105000135 313760105000050 7289 
313760105000135 313760105000082 5335 
313760105000135 313760105000098 5027 
313760105000135 313760105000145 8115 
313760105000135 313760105000146 7296 
313760105000135 313760105000152 4894 
313760105000135 313760105000172 3760 
313760105000135 313760105000206 3954 
313760105000135 313760105000219 947 
313760105000135 313760105000220 1122 
313760105000135 313760105000221 1292 
313760105000135 313760105000225 1780 
313760105000135 313760105000226 1521 
313760105000135 313760105000229 1798 
313760105000135 313760105000231 5870 
313760105000135 313760105000257 4593 
313760105000135 313760105000264 5023 
313760105000135 313760105000273 7627 
313760105000135 313760105000280 4804 
313760105000135 313760114000002 10648 
313760105000135 313760114000007 10398 
313760105000135 313760114000008 9939 
313760105000135 313760114000009 9109 
313760105000135 313760114000010 12465 
313760105000135 313760115000005 5397 
313760105000135 313760115000006 7852 
313760105000135 313760115000007 6962 
313760105000135 313760115000015 2799 
313760105000136 3137605402034 6241 
313760105000136 3137602116553 4918 
313760105000136 3137605324920 7488 
313760105000136 3137602168332 3443 
313760105000136 3137605324912 4010 
313760105000136 3137602116588 2367 
313760105000136 3137605402417 533 
313760105000136 3137602117363 1146 
313760105000136 3137605324904 2809 
313760105000136 3137602116537 1016 
313760105000136 3137602116545 6891 
313760105000136 3137605402425 3924 
313760105000136 3137602116561 4331 
313760105000136 3137604334663 2394 
313760105000136 3137602116529 4220 
313760105000136 3137606897061 6383 
313760105000136 3137606844286 3452 
313760105000136 313760105000026 4517 
313760105000136 313760105000048 9216 
313760105000136 313760105000050 7820 
313760105000136 313760105000082 5655 
313760105000136 313760105000098 5454 
313760105000136 313760105000145 8431 
313760105000136 313760105000146 7252 
313760105000136 313760105000152 4360 
313760105000136 313760105000172 4149 
313760105000136 313760105000206 4488 
313760105000136 313760105000219 1087 
313760105000136 313760105000220 814 
313760105000136 313760105000221 1242 
313760105000136 313760105000225 1504 
313760105000136 313760105000226 1160 
313760105000136 313760105000229 1394 
313760105000136 313760105000231 6377 
313760105000136 313760105000257 4877 
313760105000136 313760105000264 4796 
313760105000136 313760105000273 8157 
313760105000136 313760105000280 4363 
313760105000136 313760114000002 11054 
313760105000136 313760114000007 10746 
313760105000136 313760114000008 10297 
313760105000136 313760114000009 9446 
313760105000136 313760114000010 12753 
313760105000136 313760115000005 5291 
313760105000136 313760115000006 7443 
313760105000136 313760115000007 6438 
313760105000136 313760115000015 2600 
313760105000138 3137605402034 7436 
313760105000138 3137602116553 6088 
313760105000138 3137605324920 8740 
313760105000138 3137602168332 4636 
313760105000138 3137605324912 5253 
313760105000138 3137602116588 3618 
313760105000138 3137605402417 1749 
313760105000138 3137602117363 212 
313760105000138 3137605324904 4051 
313760105000138 3137602116537 411 
313760105000138 3137602116545 8143 
313760105000138 3137605402425 5114 
313760105000138 3137602116561 5463 
313760105000138 3137604334663 3547 
313760105000138 3137602116529 2975 
313760105000138 3137606897061 5298 
313760105000138 3137606844286 2263 
313760105000138 313760105000026 5732 
313760105000138 313760105000048 10149 
313760105000138 313760105000050 8908 
313760105000138 313760105000082 6807 
313760105000138 313760105000098 6692 
313760105000138 313760105000145 9566 
313760105000138 313760105000146 7825 
313760105000138 313760105000152 3250 
313760105000138 313760105000172 4795 
313760105000138 313760105000206 5639 
313760105000138 313760105000219 2232 
313760105000138 313760105000220 1548 
313760105000138 313760105000221 2187 
313760105000138 313760105000225 2004 
313760105000138 313760105000226 1587 
313760105000138 313760105000229 1579 
313760105000138 313760105000231 7345 
313760105000138 313760105000257 5997 
313760105000138 313760105000264 5025 
313760105000138 313760105000273 9351 
313760105000138 313760105000280 3928 
313760105000138 313760114000002 12274 
313760105000138 313760114000007 11912 
313760105000138 313760114000008 11473 
313760105000138 313760114000009 10603 
313760105000138 313760114000010 13845 
313760105000138 313760115000005 4702 
313760105000138 313760115000006 6247 
313760105000138 313760115000007 5231 
313760105000138 313760115000015 1992 
313760105000139 3137605402034 7273 
313760105000139 3137602116553 5920 
313760105000139 3137605324920 8624 
313760105000139 3137602168332 4570 
313760105000139 3137605324912 5156 
313760105000139 3137602116588 3496 
313760105000139 3137605402417 1664 
313760105000139 3137602117363 0 
313760105000139 3137605324904 3915 
313760105000139 3137602116537 204 
313760105000139 3137602116545 8017 
313760105000139 3137605402425 5051 
313760105000139 3137602116561 5286 
313760105000139 3137604334663 3379 
313760105000139 3137602116529 3076 
313760105000139 3137606897061 5496 
313760105000139 3137606844286 2315 
313760105000139 313760105000026 5656 
313760105000139 313760105000048 9945 
313760105000139 313760105000050 8885 
313760105000139 313760105000082 6634 
313760105000139 313760105000098 6551 
313760105000139 313760105000145 9387 
313760105000139 313760105000146 7613 
313760105000139 313760105000152 3265 
313760105000139 313760105000172 4864 
313760105000139 313760105000206 5592 
313760105000139 313760105000219 2072 
313760105000139 313760105000220 1357 
313760105000139 313760105000221 2000 
313760105000139 313760105000225 1794 
313760105000139 313760105000226 1378 
313760105000139 313760105000229 1367 
313760105000139 313760105000231 7354 
313760105000139 313760105000257 5818 
313760105000139 313760105000264 4822 
313760105000139 313760105000273 9288 
313760105000139 313760105000280 3784 
313760105000139 313760114000002 12119 
313760105000139 313760114000007 11739 
313760105000139 313760114000008 11304 
313760105000139 313760114000009 10428 
313760105000139 313760114000010 13657 
313760105000139 313760115000005 4909 
313760105000139 313760115000006 6418 
313760105000139 313760115000007 5298 
313760105000139 313760115000015 2192 
313760105000140 3137605402034 6858 
313760105000140 3137602116553 5494 
313760105000140 3137605324920 8306 
313760105000140 3137602168332 4380 
313760105000140 3137605324912 4887 
313760105000140 3137602116588 3183 
313760105000140 3137605402417 1486 
313760105000140 3137602117363 492 
313760105000140 3137605324904 3567 
313760105000140 3137602116537 292 
313760105000140 3137602116545 7680 
313760105000140 3137605402425 4861 
313760105000140 3137602116561 4846 
313760105000140 3137604334663 2963 
313760105000140 3137602116529 3410 
313760105000140 3137606897061 5977 
313760105000140 3137606844286 2567 
313760105000140 313760105000026 5435 
313760105000140 313760105000048 9457 
313760105000140 313760105000050 8775 
313760105000140 313760105000082 6198 
313760105000140 313760105000098 6182 
313760105000140 313760105000145 8939 
313760105000140 313760105000146 7132 
313760105000140 313760105000152 3424 
313760105000140 313760105000172 4984 
313760105000140 313760105000206 5437 
313760105000140 313760105000219 1687 
313760105000140 313760105000220 904 
313760105000140 313760105000221 1549 
313760105000140 313760105000225 1301 
313760105000140 313760105000226 886 
313760105000140 313760105000229 889 
313760105000140 313760105000231 7323 
313760105000140 313760105000257 5371 
313760105000140 313760105000264 4387 
313760105000140 313760105000273 9084 
313760105000140 313760105000280 3546 
313760105000140 313760114000002 11718 
313760105000140 313760114000007 11302 
313760105000140 313760114000008 10872 
313760105000140 313760114000009 9988 
313760105000140 313760114000010 13192 
313760105000140 313760115000005 5371 
313760105000140 313760115000006 6863 
313760105000140 313760115000007 5549 
313760105000140 313760115000015 2640 
313760105000141 3137605402034 6588 
313760105000141 3137602116553 5238 
313760105000141 3137605324920 7950 
313760105000141 3137602168332 3971 
313760105000141 3137605324912 4504 
313760105000141 3137602116588 2821 
313760105000141 3137605402417 1070 
313760105000141 3137602117363 688 
313760105000141 3137605324904 3230 
313760105000141 3137602116537 517 
313760105000141 3137602116545 7337 
313760105000141 3137605402425 4453 
313760105000141 3137602116561 4614 
313760105000141 3137604334663 2697 
313760105000141 3137602116529 3749 
313760105000141 3137606897061 6129 
313760105000141 3137606844286 2944 
313760105000141 313760105000026 5035 
313760105000141 313760105000048 9353 
313760105000141 313760105000050 8358 
313760105000141 313760105000082 5957 
313760105000141 313760105000098 5863 
313760105000141 313760105000145 8718 
313760105000141 313760105000146 7181 
313760105000141 313760105000152 3830 
313760105000141 313760105000172 4607 
313760105000141 313760105000206 5023 
313760105000141 313760105000219 1385 
313760105000141 313760105000220 736 
313760105000141 313760105000221 1353 
313760105000141 313760105000225 1323 
313760105000141 313760105000226 909 
313760105000141 313760105000229 1045 
313760105000141 313760105000231 6907 
313760105000141 313760105000257 5149 
313760105000141 313760105000264 4557 
313760105000141 313760105000273 8681 
313760105000141 313760105000280 3902 
313760105000141 313760114000002 11431 
313760105000141 313760114000007 11062 
313760105000141 313760114000008 10624 
313760105000141 313760114000009 9753 
313760105000141 313760114000010 13004 
313760105000141 313760115000005 5303 
313760105000141 313760115000006 7097 
313760105000141 313760115000007 5931 
313760105000141 313760115000015 2567 
313760105000142 3137605402034 6046 
313760105000142 3137602116553 4704 
313760105000142 3137605324920 7399 
313760105000142 3137602168332 3482 
313760105000142 3137605324912 3970 
313760105000142 3137602116588 2271 
313760105000142 3137605402417 674 
313760105000142 3137602117363 1241 
313760105000142 3137605324904 2675 
313760105000142 3137602116537 1071 
313760105000142 3137602116545 6783 
313760105000142 3137605402425 3962 
313760105000142 3137602116561 4093 
313760105000142 3137604334663 2164 
313760105000142 3137602116529 4302 
313760105000142 3137606897061 6625 
313760105000142 3137606844286 3482 
313760105000142 313760105000026 4524 
313760105000142 313760105000048 8918 
313760105000142 313760105000050 7913 
313760105000142 313760105000082 5430 
313760105000142 313760105000098 5309 
313760105000142 313760105000145 8198 
313760105000142 313760105000146 6913 
313760105000142 313760105000152 4335 
313760105000142 313760105000172 4413 
313760105000142 313760105000206 4555 
313760105000142 313760105000219 845 
313760105000142 313760105000220 487 
313760105000142 313760105000221 918 
313760105000142 313760105000225 1177 
313760105000142 313760105000226 863 
313760105000142 313760105000229 1128 
313760105000142 313760105000231 6533 
313760105000142 313760105000257 4634 
313760105000142 313760105000264 4466 
313760105000142 313760105000273 8175 
313760105000142 313760105000280 4130 
313760105000142 313760114000002 10882 
313760105000142 313760114000007 10532 
313760105000142 313760114000008 10089 
313760105000142 313760114000009 9226 
313760105000142 313760114000010 12503 
313760105000142 313760115000005 5618 
313760105000142 313760115000006 7633 
313760105000142 313760115000007 6466 
313760105000142 313760115000015 2913 
313760105000144 3137605402034 2038 
313760105000144 3137602116553 2691 
313760105000144 3137605324920 4386 
313760105000144 3137602168332 6063 
313760105000144 3137605324912 5124 
313760105000144 3137602116588 5482 
313760105000144 3137605402417 7134 
313760105000144 3137602117363 8278 
313760105000144 3137605324904 4964 
313760105000144 3137602116537 8077 
313760105000144 3137602116545 3802 
313760105000144 3137605402425 6022 
313760105000144 3137602116561 3098 
313760105000144 3137604334663 5014 
313760105000144 3137602116529 11004 
313760105000144 3137606897061 13756 
313760105000144 3137606844286 10029 
313760105000144 313760105000026 5630 
313760105000144 313760105000048 2409 
313760105000144 313760105000050 8219 
313760105000144 313760105000082 1958 
313760105000144 313760105000098 3254 
313760105000144 313760105000145 1388 
313760105000144 313760105000146 4237 
313760105000144 313760105000152 10433 
313760105000144 313760105000172 9063 
313760105000144 313760105000206 6426 
313760105000144 313760105000219 6307 
313760105000144 313760105000220 6921 
313760105000144 313760105000221 6280 
313760105000144 313760105000225 6616 
313760105000144 313760105000226 6971 
313760105000144 313760105000229 7125 
313760105000144 313760105000231 8547 
313760105000144 313760105000257 2548 
313760105000144 313760105000264 5939 
313760105000144 313760105000273 6897 
313760105000144 313760105000280 8238 
313760105000144 313760114000002 4768 
313760105000144 313760114000007 3747 
313760105000144 313760114000008 3447 
313760105000144 313760114000009 2474 
313760105000144 313760114000010 5379 
313760105000144 313760115000005 12452 
313760105000144 313760115000006 14662 
313760105000144 313760115000007 12674 
313760105000144 313760115000015 9933 
313760105000145 3137605402034 2386 
313760105000145 3137602116553 3532 
313760105000145 3137605324920 3901 
313760105000145 3137602168332 6613 
313760105000145 3137605324912 5616 
313760105000145 3137602116588 6332 
313760105000145 3137605402417 8115 
313760105000145 3137602117363 9387 
313760105000145 3137605324904 5811 
313760105000145 3137602116537 9190 
313760105000145 3137602116545 3512 
313760105000145 3137605402425 6473 
313760105000145 3137602116561 4105 
313760105000145 3137604334663 6038 
313760105000145 3137602116529 12212 
313760105000145 3137606897061 14814 
313760105000145 3137606844286 11250 
313760105000145 313760105000026 5966 
313760105000145 313760105000048 2818 
313760105000145 313760105000050 7973 
313760105000145 313760105000082 2780 
313760105000145 313760105000098 3590 
313760105000145 313760105000145 0 
313760105000145 313760105000146 5518 
313760105000145 313760105000152 11709 
313760105000145 313760105000172 9583 
313760105000145 313760105000206 6755 
313760105000145 313760105000219 7356 
313760105000145 313760105000220 8036 
313760105000145 313760105000221 7390 
313760105000145 313760105000225 7799 
313760105000145 313760105000226 8129 
313760105000145 313760105000229 8308 
313760105000145 313760105000231 8620 
313760105000145 313760105000257 3569 
313760105000145 313760105000264 7324 
313760105000145 313760105000273 6441 
313760105000145 313760105000280 9595 
313760105000145 313760114000002 3387 
313760105000145 313760114000007 2412 
313760105000145 313760114000008 2070 
313760105000145 313760114000009 1103 
313760105000145 313760114000010 4381 
313760105000145 313760115000005 13308 
313760105000145 313760115000006 15802 
313760105000145 313760115000007 13961 
313760105000145 313760115000015 10896 
313760105000146 3137605402034 5548 
313760105000146 3137602116553 5017 
313760105000146 3137605324920 8233 
313760105000146 3137602168332 7910 
313760105000146 3137605324912 7321 
313760105000146 3137602116588 6564 
313760105000146 3137605402417 7296 
313760105000146 3137602117363 7613 
313760105000146 3137605324904 6223 
313760105000146 3137602116537 7423 
313760105000146 3137602116545 7525 
313760105000146 3137605402425 8123 
313760105000146 3137602116561 4699 
313760105000146 3137604334663 5589 
313760105000146 3137602116529 9426 
313760105000146 3137606897061 12817 
313760105000146 3137606844286 8461 
313760105000146 313760105000026 8071 
313760105000146 313760105000048 3765 
313760105000146 313760105000050 11462 
313760105000146 313760105000082 4820 
313760105000146 313760105000098 6298 
313760105000146 313760105000145 5518 
313760105000146 313760105000146 0 
313760105000146 313760105000152 8424 
313760105000146 313760105000172 10537 
313760105000146 313760105000206 8744 
313760105000146 313760105000219 6356 
313760105000146 313760105000220 6483 
313760105000146 313760105000221 6030 
313760105000146 313760105000225 5862 
313760105000146 313760105000226 6282 
313760105000146 313760105000229 6246 
313760105000146 313760105000231 11172 
313760105000146 313760105000257 4492 
313760105000146 313760105000264 3176 
313760105000146 313760105000273 10529 
313760105000146 313760105000280 5654 
313760105000146 313760114000002 8858 
313760105000146 313760114000007 7531 
313760105000146 313760114000008 7388 
313760105000146 313760114000009 6464 
313760105000146 313760114000010 8141 
313760105000146 313760115000005 12484 
313760105000146 313760115000006 13248 
313760105000146 313760115000007 10425 
313760105000146 313760115000015 9746 
313760105000147 3137605402034 6376 
313760105000147 3137602116553 5580 
313760105000147 3137605324920 6131 
313760105000147 3137602168332 2163 
313760105000147 3137605324912 3135 
313760105000147 3137602116588 3230 
313760105000147 3137605402417 3302 
313760105000147 3137602117363 4618 
313760105000147 3137605324904 3605 
313760105000147 3137602116537 4596 
313760105000147 3137602116545 5862 
313760105000147 3137605402425 2283 
313760105000147 3137602116561 5435 
313760105000147 3137604334663 4227 
313760105000147 3137602116529 7230 
313760105000147 3137606897061 7816 
313760105000147 3137606844286 6760 
313760105000147 313760105000026 2877 
313760105000147 313760105000048 10529 
313760105000147 313760105000050 4627 
313760105000147 313760105000082 6273 
313760105000147 313760105000098 5159 
313760105000147 313760105000145 8749 
313760105000147 313760105000146 9795 
313760105000147 313760105000152 7804 
313760105000147 313760105000172 837 
313760105000147 313760105000206 2196 
313760105000147 313760105000219 3917 
313760105000147 313760105000220 4416 
313760105000147 313760105000221 4391 
313760105000147 313760105000225 5034 
313760105000147 313760105000226 4820 
313760105000147 313760105000229 5101 
313760105000147 313760105000231 2831 
313760105000147 313760105000257 5894 
313760105000147 313760105000264 8096 
313760105000147 313760105000273 5603 
313760105000147 313760105000280 8106 
313760105000147 313760114000002 10349 
313760105000147 313760114000007 10626 
313760105000147 313760114000008 10112 
313760105000147 313760114000009 9501 
313760105000147 313760114000010 13049 
313760105000147 313760115000005 5266 
313760105000147 313760115000006 9354 
313760105000147 313760115000007 9579 
313760105000147 313760115000015 4043 
313760105000150 3137605402034 7729 
313760105000150 3137602116553 6350 
313760105000150 3137605324920 9292 
313760105000150 3137602168332 5405 
313760105000150 3137605324912 5904 
313760105000150 3137602116588 4185 
313760105000150 3137605402417 2504 
313760105000150 3137602117363 956 
313760105000150 3137605324904 4544 
313760105000150 3137602116537 986 
313760105000150 3137602116545 8651 
313760105000150 3137605402425 5886 
313760105000150 3137602116561 5671 
313760105000150 3137604334663 3864 
313760105000150 3137602116529 2504 
313760105000150 3137606897061 5478 
313760105000150 3137606844286 1588 
313760105000150 313760105000026 6461 
313760105000150 313760105000048 10009 
313760105000150 313760105000050 9785 
313760105000150 313760105000082 7023 
313760105000150 313760105000098 7125 
313760105000150 313760105000145 9718 
313760105000150 313760105000146 7366 
313760105000150 313760105000152 2398 
313760105000150 313760105000172 5818 
313760105000150 313760105000206 6458 
313760105000150 313760105000219 2655 
313760105000150 313760105000220 1818 
313760105000150 313760105000221 2421 
313760105000150 313760105000225 1918 
313760105000150 313760105000226 1610 
313760105000150 313760105000229 1409 
313760105000150 313760105000231 8293 
313760105000150 313760105000257 6174 
313760105000150 313760105000264 4377 
313760105000150 313760105000273 10110 
313760105000150 313760105000280 2954 
313760105000150 313760114000002 12600 
313760105000150 313760114000007 12106 
313760105000150 313760114000008 11693 
313760105000150 313760114000009 10787 
313760105000150 313760114000010 13896 
313760105000150 313760115000005 5422 
313760105000150 313760115000006 6155 
313760105000150 313760115000007 4545 
313760105000150 313760115000015 2837 
313760105000151 3137605402034 8102 
313760105000151 3137602116553 6726 
313760105000151 3137605324920 9622 
313760105000151 3137602168332 5664 
313760105000151 3137605324912 6204 
313760105000151 3137602116588 4502 
313760105000151 3137605402417 2752 
313760105000151 3137602117363 1112 
313760105000151 3137605324904 4879 
313760105000151 3137602116537 1206 
313760105000151 3137602116545 8990 
313760105000151 3137605402425 6145 
313760105000151 3137602116561 6051 
313760105000151 3137604334663 4227 
313760105000151 3137602116529 2127 
313760105000151 3137606897061 5103 
313760105000151 3137606844286 1248 
313760105000151 313760105000026 6736 
313760105000151 313760105000048 10400 
313760105000151 313760105000050 9998 
313760105000151 313760105000082 7404 
313760105000151 313760105000098 7477 
313760105000151 313760105000145 10105 
313760105000151 313760105000146 7726 
313760105000151 313760105000152 2152 
313760105000151 313760105000172 5891 
313760105000151 313760105000206 6698 
313760105000151 313760105000219 2992 
313760105000151 313760105000220 2167 
313760105000151 313760105000221 2785 
313760105000151 313760105000225 2307 
313760105000151 313760105000226 1987 
313760105000151 313760105000229 1798 
313760105000151 313760105000231 8457 
313760105000151 313760105000257 6557 
313760105000151 313760105000264 4704 
313760105000151 313760105000273 10378 
313760105000151 313760105000280 3117 
313760105000151 313760114000002 12972 
313760105000151 313760114000007 12492 
313760105000151 313760114000008 12077 
313760105000151 313760114000009 11173 
313760105000151 313760114000010 14288 
313760105000151 313760115000005 5175 
313760105000151 313760115000006 5762 
313760105000151 313760115000007 4231 
313760105000151 313760115000015 2681 
313760105000152 3137605402034 9897 
313760105000152 3137602116553 8515 
313760105000152 3137605324920 11633 
313760105000152 3137602168332 7801 
313760105000152 3137605324912 8293 
313760105000152 3137602116588 6562 
313760105000152 3137605402417 4894 
313760105000152 3137602117363 3265 
313760105000152 3137605324904 6891 
313760105000152 3137602116537 3352 
313760105000152 3137602116545 10971 
313760105000152 3137605402425 8283 
313760105000152 3137602116561 7804 
313760105000152 3137604334663 6136 
313760105000152 3137602116529 1358 
313760105000152 3137606897061 4942 
313760105000152 3137606844286 1083 
313760105000152 313760105000026 8859 
313760105000152 313760105000048 11583 
313760105000152 313760105000050 12150 
313760105000152 313760105000082 9130 
313760105000152 313760105000098 9410 
313760105000152 313760105000145 11709 
313760105000152 313760105000146 8424 
313760105000152 313760105000152 0 
313760105000152 313760105000172 7928 
313760105000152 313760105000206 8846 
313760105000152 313760105000219 5015 
313760105000152 313760105000220 4169 
313760105000152 313760105000221 4716 
313760105000152 313760105000225 4079 
313760105000152 313760105000226 3885 
313760105000152 313760105000229 3614 
313760105000152 313760105000231 10590 
313760105000152 313760105000257 8263 
313760105000152 313760105000264 5247 
313760105000152 313760105000273 12509 
313760105000152 313760105000280 2856 
313760105000152 313760114000002 14754 
313760105000152 313760114000007 14121 
313760105000152 313760114000008 13742 
313760105000152 313760114000009 12803 
313760105000152 313760114000010 15706 
313760105000152 313760115000005 6199 
313760105000152 313760115000006 4917 
313760105000152 313760115000007 2259 
313760105000152 313760115000015 4309 
313760105000161 3137605402034 4042 
313760105000161 3137602116553 3634 
313760105000161 3137605324920 3515 
313760105000161 3137602168332 1209 
313760105000161 3137605324912 1182 
313760105000161 3137602116588 2678 
313760105000161 3137605402417 4121 
313760105000161 3137602117363 5778 
313760105000161 3137605324904 2646 
313760105000161 3137602116537 5667 
313760105000161 3137602116545 3245 
313760105000161 3137605402425 728 
313760105000161 3137602116561 3796 
313760105000161 3137604334663 3590 
313760105000161 3137602116529 8790 
313760105000161 3137606897061 10099 
313760105000161 3137606844286 8093 
313760105000161 313760105000026 427 
313760105000161 313760105000048 8429 
313760105000161 313760105000050 3362 
313760105000161 313760105000082 4178 
313760105000161 313760105000098 2795 
313760105000161 313760105000145 6331 
313760105000161 313760105000146 8491 
313760105000161 313760105000152 9011 
313760105000161 313760105000172 3403 
313760105000161 313760105000206 438 
313760105000161 313760105000219 4146 
313760105000161 313760105000220 4946 
313760105000161 313760105000221 4573 
313760105000161 313760105000225 5321 
313760105000161 313760105000226 5313 
313760105000161 313760105000229 5621 
313760105000161 313760105000231 2684 
313760105000161 313760105000257 4091 
313760105000161 313760105000264 7638 
313760105000161 313760105000273 3512 
313760105000161 313760105000280 8456 
313760105000161 313760114000002 7726 
313760105000161 313760114000007 8058 
313760105000161 313760114000008 7539 
313760105000161 313760114000009 6986 
313760105000161 313760114000010 10532 
313760105000161 313760115000005 7798 
313760105000161 313760115000006 11508 
313760105000161 313760115000007 11070 
313760105000161 313760115000015 6087 
313760105000162 3137605402034 7495 
313760105000162 3137602116553 6128 
313760105000162 3137605324920 8937 
313760105000162 3137602168332 4947 
313760105000162 3137605324912 5498 
313760105000162 3137602116588 3809 
313760105000162 3137605402417 2035 
313760105000162 3137602117363 417 
313760105000162 3137605324904 4203 
313760105000162 3137602116537 489 
313760105000162 3137602116545 8315 
313760105000162 3137605402425 5428 
313760105000162 3137602116561 5473 
313760105000162 3137604334663 3602 
313760105000162 3137602116529 2770 
313760105000162 3137606897061 5427 
313760105000162 3137606844286 1951 
313760105000162 313760105000026 6022 
313760105000162 313760105000048 10002 
313760105000162 313760105000050 9288 
313760105000162 313760105000082 6826 
313760105000162 313760105000098 6822 
313760105000162 313760105000145 9558 
313760105000162 313760105000146 7531 
313760105000162 313760105000152 2865 
313760105000162 313760105000172 5275 
313760105000162 313760105000206 5982 
313760105000162 313760105000219 2327 
313760105000162 313760105000220 1536 
313760105000162 313760105000221 2178 
313760105000162 313760105000225 1827 
313760105000162 313760105000226 1445 
313760105000162 313760105000229 1342 
313760105000162 313760105000231 7769 
313760105000162 313760105000257 5994 
313760105000162 313760105000264 4646 
313760105000162 313760105000273 9662 
313760105000162 313760105000280 3436 
313760105000162 313760114000002 12356 
313760105000162 313760114000007 11928 
313760105000162 313760114000008 11502 
313760105000162 313760114000009 10613 
313760105000162 313760114000010 13792 
313760105000162 313760115000005 5082 
313760105000162 313760115000006 6249 
313760105000162 313760115000007 4938 
313760105000162 313760115000015 2417 
313760105000163 3137605402034 7552 
313760105000163 3137602116553 6185 
313760105000163 3137605324920 8986 
313760105000163 3137602168332 4986 
313760105000163 3137605324912 5543 
313760105000163 3137602116588 3858 
313760105000163 3137605402417 2074 
313760105000163 3137602117363 437 
313760105000163 3137605324904 4255 
313760105000163 3137602116537 530 
313760105000163 3137602116545 8367 
313760105000163 3137605402425 5467 
313760105000163 3137602116561 5531 
313760105000163 3137604334663 3658 
313760105000163 3137602116529 2718 
313760105000163 3137606897061 5368 
313760105000163 3137606844286 1907 
313760105000163 313760105000026 6063 
313760105000163 313760105000048 10061 
313760105000163 313760105000050 9319 
313760105000163 313760105000082 6884 
313760105000163 313760105000098 6875 
313760105000163 313760105000145 9617 
313760105000163 313760105000146 7585 
313760105000163 313760105000152 2832 
313760105000163 313760105000172 5282 
313760105000163 313760105000206 6017 
313760105000163 313760105000219 2381 
313760105000163 313760105000220 1593 
313760105000163 313760105000221 2235 
313760105000163 313760105000225 1887 
313760105000163 313760105000226 1504 
313760105000163 313760105000229 1401 
313760105000163 313760105000231 7792 
313760105000163 313760105000257 6052 
313760105000163 313760105000264 4692 
313760105000163 313760105000273 9702 
313760105000163 313760105000280 3456 
313760105000163 313760114000002 12412 
313760105000163 313760114000007 11986 
313760105000163 313760114000008 11560 
313760105000163 313760114000009 10671 
313760105000163 313760114000010 13851 
313760105000163 313760115000005 5038 
313760105000163 313760115000006 6190 
313760105000163 313760115000007 4894 
313760105000163 313760115000015 2382 
313760105000164 3137605402034 7532 
313760105000164 3137602116553 6160 
313760105000164 3137605324920 9023 
313760105000164 3137602168332 5078 
313760105000164 3137605324912 5605 
313760105000164 3137602116588 3902 
313760105000164 3137605402417 2169 
313760105000164 3137602117363 597 
313760105000164 3137605324904 4281 
313760105000164 3137602116537 634 
313760105000164 3137602116545 8394 
313760105000164 3137605402425 5560 
313760105000164 3137602116561 5495 
313760105000164 3137604334663 3646 
313760105000164 3137602116529 2707 
313760105000164 3137606897061 5481 
313760105000164 3137606844286 1848 
313760105000164 313760105000026 6144 
313760105000164 313760105000048 9958 
313760105000164 313760105000050 9440 
313760105000164 313760105000082 6849 
313760105000164 313760105000098 6886 
313760105000164 313760105000145 9568 
313760105000164 313760105000146 7429 
313760105000164 313760105000152 2724 
313760105000164 313760105000172 5460 
313760105000164 313760105000206 6123 
313760105000164 313760105000219 2396 
313760105000164 313760105000220 1580 
313760105000164 313760105000221 2210 
313760105000164 313760105000225 1798 
313760105000164 313760105000226 1439 
313760105000164 313760105000229 1298 
313760105000164 313760105000231 7936 
313760105000164 313760105000257 6010 
313760105000164 313760105000264 4511 
313760105000164 313760105000273 9790 
313760105000164 313760105000280 3250 
313760105000164 313760114000002 12399 
313760105000164 313760114000007 11946 
313760105000164 313760114000008 11524 
313760105000164 313760114000009 10629 
313760105000164 313760114000010 13783 
313760105000164 313760115000005 5228 
313760105000164 313760115000006 6254 
313760105000164 313760115000007 4830 
313760105000164 313760115000015 2584 
313760105000165 3137605402034 2920 
313760105000165 3137602116553 2284 
313760105000165 3137605324920 3318 
313760105000165 3137602168332 1323 
313760105000165 3137605324912 320 
313760105000165 3137602116588 1862 
313760105000165 3137605402417 3693 
313760105000165 3137602117363 5328 
313760105000165 3137605324904 1594 
313760105000165 3137602116537 5180 
313760105000165 3137602116545 2785 
313760105000165 3137605402425 1208 
313760105000165 3137602116561 2415 
313760105000165 3137604334663 2519 
313760105000165 3137602116529 8405 
313760105000165 3137606897061 10195 
313760105000165 3137606844286 7605 
313760105000165 313760105000026 959 
313760105000165 313760105000048 7171 
313760105000165 313760105000050 4551 
313760105000165 313760105000082 2890 
313760105000165 313760105000098 1716 
313760105000165 313760105000145 5296 
313760105000165 313760105000146 7112 
313760105000165 313760105000152 8424 
313760105000165 313760105000172 4291 
313760105000165 313760105000206 1684 
313760105000165 313760105000219 3412 
313760105000165 313760105000220 4257 
313760105000165 313760105000221 3758 
313760105000165 313760105000225 4481 
313760105000165 313760105000226 4570 
313760105000165 313760105000229 4865 
313760105000165 313760105000231 4065 
313760105000165 313760105000257 2719 
313760105000165 313760105000264 6416 
313760105000165 313760105000273 4245 
313760105000165 313760105000280 7493 
313760105000165 313760114000002 7197 
313760105000165 313760114000007 7262 
313760105000165 313760114000008 6758 
313760105000165 313760114000009 6085 
313760105000165 313760114000010 9622 
313760105000165 313760115000005 8228 
313760105000165 313760115000006 11466 
313760105000165 313760115000007 10587 
313760105000165 313760115000015 6135 
313760105000166 3137605402034 4184 
313760105000166 3137602116553 3946 
313760105000166 3137605324920 3280 
313760105000166 3137602168332 1748 
313760105000166 3137605324912 1649 
313760105000166 3137602116588 3220 
313760105000166 3137605402417 4654 
313760105000166 3137602117363 6307 
313760105000166 3137605324904 3167 
313760105000166 3137602116537 6200 
313760105000166 3137602116545 3124 
313760105000166 3137605402425 1268 
313760105000166 3137602116561 4183 
313760105000166 3137604334663 4115 
313760105000166 3137602116529 9305 
313760105000166 3137606897061 10518 
313760105000166 3137606844286 8621 
313760105000166 313760105000026 861 
313760105000166 313760105000048 8619 
313760105000166 313760105000050 2832 
313760105000166 313760105000082 4424 
313760105000166 313760105000098 2960 
313760105000166 313760105000145 6390 
313760105000166 313760105000146 8881 
313760105000166 313760105000152 9548 
313760105000166 313760105000172 3606 
313760105000166 313760105000206 767 
313760105000166 313760105000219 4693 
313760105000166 313760105000220 5492 
313760105000166 313760105000221 5120 
313760105000166 313760105000225 5867 
313760105000166 313760105000226 5859 
313760105000166 313760105000229 6168 
313760105000166 313760105000231 2360 
313760105000166 313760105000257 4431 
313760105000166 313760105000264 8141 
313760105000166 313760105000273 2996 
313760105000166 313760105000280 8999 
313760105000166 313760114000002 7541 
313760105000166 313760114000007 7983 
313760105000166 313760114000008 7461 
313760105000166 313760114000009 6970 
313760105000166 313760114000010 10499 
313760105000166 313760115000005 8130 
313760105000166 313760115000006 11957 
313760105000166 313760115000007 11594 
313760105000166 313760115000015 6536 
313760105000167 3137605402034 3799 
313760105000167 3137602116553 3600 
313760105000167 3137605324920 2966 
313760105000167 3137602168332 1762 
313760105000167 3137605324912 1439 
313760105000167 3137602116588 3112 
313760105000167 3137605402417 4666 
313760105000167 3137602117363 6329 
313760105000167 3137605324904 2999 
313760105000167 3137602116537 6211 
313760105000167 3137602116545 2764 
313760105000167 3137605402425 1288 
313760105000167 3137602116561 3873 
313760105000167 3137604334663 3949 
313760105000167 3137602116529 9357 
313760105000167 3137606897061 10696 
313760105000167 3137606844286 8644 
313760105000167 313760105000026 701 
313760105000167 313760105000048 8237 
313760105000167 313760105000050 3032 
313760105000167 313760105000082 4056 
313760105000167 313760105000098 2579 
313760105000167 313760105000145 6004 
313760105000167 313760105000146 8564 
313760105000167 313760105000152 9545 
313760105000167 313760105000172 3917 
313760105000167 313760105000206 978 
313760105000167 313760105000219 4626 
313760105000167 313760105000220 5443 
313760105000167 313760105000221 5034 
313760105000167 313760105000225 5779 
313760105000167 313760105000226 5799 
313760105000167 313760105000229 6105 
313760105000167 313760105000231 2731 
313760105000167 313760105000257 4095 
313760105000167 313760105000264 7926 
313760105000167 313760105000273 2963 
313760105000167 313760105000280 8881 
313760105000167 313760114000002 7209 
313760105000167 313760114000007 7616 
313760105000167 313760114000008 7095 
313760105000167 313760114000009 6592 
313760105000167 313760114000010 10124 
313760105000167 313760115000005 8377 
313760105000167 313760115000006 12105 
313760105000167 313760115000007 11626 
313760105000167 313760115000015 6685 
313760105000168 3137605402034 3507 
313760105000168 3137602116553 2297 
313760105000168 3137605324920 4748 
313760105000168 3137602168332 1736 
313760105000168 3137605324912 1566 
313760105000168 3137602116588 522 
313760105000168 3137605402417 2391 
313760105000168 3137602117363 3915 
313760105000168 3137605324904 0 
313760105000168 3137602116537 3746 
313760105000168 3137602116545 4112 
313760105000168 3137605402425 2060 
313760105000168 3137602116561 1922 
313760105000168 3137604334663 950 
313760105000168 3137602116529 6974 
313760105000168 3137606897061 9099 
313760105000168 3137606844286 6125 
313760105000168 313760105000026 2317 
313760105000168 313760105000048 7103 
313760105000168 313760105000050 5999 
313760105000168 313760105000082 3057 
313760105000168 313760105000098 2644 
313760105000168 313760105000145 5811 
313760105000168 313760105000146 6223 
313760105000168 313760105000152 6891 
313760105000168 313760105000172 4390 
313760105000168 313760105000206 2742 
313760105000168 313760105000219 1888 
313760105000168 313760105000220 2729 
313760105000168 313760105000221 2186 
313760105000168 313760105000225 2894 
313760105000168 313760105000226 3011 
313760105000168 313760105000229 3298 
313760105000168 313760105000231 5158 
313760105000168 313760105000257 2445 
313760105000168 313760105000264 5002 
313760105000168 313760105000273 5836 
313760105000168 313760105000280 5906 
313760105000168 313760114000002 8257 
313760105000168 313760114000007 8038 
313760105000168 313760114000008 7569 
313760105000168 313760114000009 6765 
313760105000168 313760114000010 10188 
313760105000168 313760115000005 7509 
313760105000168 313760115000006 10240 
313760105000168 313760115000007 9088 
313760105000168 313760115000015 5106 
313760105000169 3137605402034 3614 
313760105000169 3137602116553 2471 
313760105000169 3137605324920 4677 
313760105000169 3137602168332 1436 
313760105000169 3137605324912 1354 
313760105000169 3137602116588 454 
313760105000169 3137605402417 2367 
313760105000169 3137602117363 3950 
313760105000169 3137605324904 302 
313760105000169 3137602116537 3791 
313760105000169 3137602116545 4070 
313760105000169 3137605402425 1774 
313760105000169 3137602116561 2160 
313760105000169 3137604334663 1209 
313760105000169 3137602116529 7023 
313760105000169 3137606897061 9036 
313760105000169 3137606844286 6197 
313760105000169 313760105000026 2073 
313760105000169 313760105000048 7333 
313760105000169 313760105000050 5743 
313760105000169 313760105000082 3226 
313760105000169 313760105000098 2669 
313760105000169 313760105000145 5952 
313760105000169 313760105000146 6521 
313760105000169 313760105000152 6997 
313760105000169 313760105000172 4113 
313760105000169 313760105000206 2457 
313760105000169 313760105000219 1982 
313760105000169 313760105000220 2828 
313760105000169 313760105000221 2327 
313760105000169 313760105000225 3055 
313760105000169 313760105000226 3136 
313760105000169 313760105000229 3432 
313760105000169 313760105000231 4864 
313760105000169 313760105000257 2666 
313760105000169 313760105000264 5284 
313760105000169 313760105000273 5644 
313760105000169 313760105000280 6118 
313760105000169 313760114000002 8299 
313760105000169 313760114000007 8140 
313760105000169 313760114000008 7663 
313760105000169 313760114000009 6881 
313760105000169 313760114000010 10333 
313760105000169 313760115000005 7356 
313760105000169 313760115000006 10216 
313760105000169 313760115000007 9173 
313760105000169 313760115000015 5014 
313760105000170 3137605402034 2635 
313760105000170 3137602116553 3430 
313760105000170 3137605324920 404 
313760105000170 3137602168332 4013 
313760105000170 3137605324912 3160 
313760105000170 3137602116588 4773 
313760105000170 3137605402417 6638 
313760105000170 3137602117363 8264 
313760105000170 3137605324904 4408 
313760105000170 3137602116537 8111 
313760105000170 3137602116545 661 
313760105000170 3137605402425 3631 
313760105000170 3137602116561 4073 
313760105000170 3137604334663 5207 
313760105000170 3137602116529 11341 
313760105000170 3137606897061 13070 
313760105000170 3137606844286 10521 
313760105000170 313760105000026 2943 
313760105000170 313760105000048 6747 
313760105000170 313760105000050 3882 
313760105000170 313760105000082 3375 
313760105000170 313760105000098 2115 
313760105000170 313760105000145 4091 
313760105000170 313760105000146 8174 
313760105000170 313760105000152 11299 
313760105000170 313760105000172 6480 
313760105000170 313760105000206 3532 
313760105000170 313760105000219 6293 
313760105000170 313760105000220 7137 
313760105000170 313760105000221 6586 
313760105000170 313760105000225 7267 
313760105000170 313760105000226 7416 
313760105000170 313760105000229 7696 
313760105000170 313760105000231 4742 
313760105000170 313760105000257 3942 
313760105000170 313760105000264 8517 
313760105000170 313760105000273 2442 
313760105000170 313760105000280 10067 
313760105000170 313760114000002 4659 
313760105000170 313760114000007 5228 
313760105000170 313760114000008 4708 
313760105000170 313760114000009 4382 
313760105000170 313760114000010 7802 
313760105000170 313760115000005 10896 
313760105000170 313760115000006 14389 
313760105000170 313760115000007 13493 
313760105000170 313760115000015 9014 
313760105000171 3137605402034 2323 
313760105000171 3137602116553 3201 
313760105000171 3137605324920 423 
313760105000171 3137602168332 4095 
313760105000171 3137605324912 3194 
313760105000171 3137602116588 4741 
313760105000171 3137605402417 6629 
313760105000171 3137602117363 8237 
313760105000171 3137605324904 4348 
313760105000171 3137602116537 8078 
313760105000171 3137602116545 347 
313760105000171 3137605402425 3740 
313760105000171 3137602116561 3868 
313760105000171 3137604334663 5108 
313760105000171 3137602116529 11310 
313760105000171 3137606897061 13130 
313760105000171 3137606844286 10473 
313760105000171 313760105000026 3063 
313760105000171 313760105000048 6397 
313760105000171 313760105000050 4228 
313760105000171 313760105000082 3091 
313760105000171 313760105000098 1925 
313760105000171 313760105000145 3745 
313760105000171 313760105000146 7870 
313760105000171 313760105000152 11227 
313760105000171 313760105000172 6664 
313760105000171 313760105000206 3700 
313760105000171 313760105000219 6237 
313760105000171 313760105000220 7077 
313760105000171 313760105000221 6510 
313760105000171 313760105000225 7174 
313760105000171 313760105000226 7342 
313760105000171 313760105000229 7616 
313760105000171 313760105000231 5038 
313760105000171 313760105000257 3701 
313760105000171 313760105000264 8301 
313760105000171 313760105000273 2786 
313760105000171 313760105000280 9915 
313760105000171 313760114000002 4459 
313760105000171 313760114000007 4945 
313760105000171 313760114000008 4423 
313760105000171 313760114000009 4062 
313760105000171 313760114000010 7507 
313760105000171 313760115000005 11018 
313760105000171 313760115000006 14420 
313760105000171 313760115000007 13435 
313760105000171 313760115000015 9070 
313760105000172 3137605402034 7212 
313760105000172 3137602116553 6411 
313760105000172 3137605324920 6881 
313760105000172 3137602168332 3000 
313760105000172 3137605324912 3972 
313760105000172 3137602116588 3986 
313760105000172 3137605402417 3760 
313760105000172 3137602117363 4864 
313760105000172 3137605324904 4390 
313760105000172 3137602116537 4877 
313760105000172 3137602116545 6649 
313760105000172 3137605402425 3112 
313760105000172 3137602116561 6248 
313760105000172 3137604334663 4950 
313760105000172 3137602116529 7220 
313760105000172 3137606897061 7414 
313760105000172 3137606844286 6857 
313760105000172 313760105000026 3685 
313760105000172 313760105000048 11359 
313760105000172 313760105000050 4974 
313760105000172 313760105000082 7108 
313760105000172 313760105000098 5993 
313760105000172 313760105000145 9583 
313760105000172 313760105000146 10537 
313760105000172 313760105000152 7928 
313760105000172 313760105000172 0 
313760105000172 313760105000206 2967 
313760105000172 313760105000219 4489 
313760105000172 313760105000220 4881 
313760105000172 313760105000221 4948 
313760105000172 313760105000225 5535 
313760105000172 313760105000226 5275 
313760105000172 313760105000229 5536 
313760105000172 313760105000231 3045 
313760105000172 313760105000257 6716 
313760105000172 313760105000264 8698 
313760105000172 313760105000273 6148 
313760105000172 313760105000280 8506 
313760105000172 313760114000002 11123 
313760105000172 313760114000007 11440 
313760105000172 313760114000008 10924 
313760105000172 313760114000009 10326 
313760105000172 313760114000010 13875 
313760105000172 313760115000005 4689 
313760105000172 313760115000006 9015 
313760105000172 313760115000007 9560 
313760105000172 313760115000015 3894 
313760105000173 3137605402034 5423 
313760105000173 3137602116553 5094 
313760105000173 3137605324920 4376 
313760105000173 3137602168332 2213 
313760105000173 3137605324912 2609 
313760105000173 3137602116588 3813 
313760105000173 3137605402417 4821 
313760105000173 3137602117363 6387 
313760105000173 3137605324904 3915 
313760105000173 3137602116537 6317 
313760105000173 3137602116545 4315 
313760105000173 3137605402425 1858 
313760105000173 3137602116561 5245 
313760105000173 3137604334663 4815 
313760105000173 3137602116529 9233 
313760105000173 3137606897061 10015 
313760105000173 3137606844286 8656 
313760105000173 313760105000026 1887 
313760105000173 313760105000048 9848 
313760105000173 313760105000050 2515 
313760105000173 313760105000082 5622 
313760105000173 313760105000098 4190 
313760105000173 313760105000145 7634 
313760105000173 313760105000146 9930 
313760105000173 313760105000152 9650 
313760105000173 313760105000172 2732 
313760105000173 313760105000206 1193 
313760105000173 313760105000219 5095 
313760105000173 313760105000220 5811 
313760105000173 313760105000221 5561 
313760105000173 313760105000225 6295 
313760105000173 313760105000226 6206 
313760105000173 313760105000229 6512 
313760105000173 313760105000231 1250 
313760105000173 313760105000257 5551 
313760105000173 313760105000264 8903 
313760105000173 313760105000273 3423 
313760105000173 313760105000280 9466 
313760105000173 313760114000002 8642 
313760105000173 313760114000007 9175 
313760105000173 313760114000008 8653 
313760105000173 313760114000009 8194 
313760105000173 313760114000010 11711 
313760105000173 313760115000005 7409 
313760105000173 313760115000006 11545 
313760105000173 313760115000007 11570 
313760105000173 313760115000015 6189 
313760105000174 3137605402034 5995 
313760105000174 3137602116553 5671 
313760105000174 3137605324920 4842 
313760105000174 3137602168332 2695 
313760105000174 3137605324912 3171 
313760105000174 3137602116588 4281 
313760105000174 3137605402417 5132 
313760105000174 3137602117363 6641 
313760105000174 3137605324904 4422 
313760105000174 3137602116537 6586 
313760105000174 3137602116545 4830 
313760105000174 3137605402425 2383 
313760105000174 3137602116561 5810 
313760105000174 3137604334663 5300 
313760105000174 3137602116529 9399 
313760105000174 3137606897061 9968 
313760105000174 3137606844286 8872 
313760105000174 313760105000026 2463 
313760105000174 313760105000048 10424 
313760105000174 313760105000050 2423 
313760105000174 313760105000082 6202 
313760105000174 313760105000098 4765 
313760105000174 313760105000145 8189 
313760105000174 313760105000146 10487 
313760105000174 313760105000152 9889 
313760105000174 313760105000172 2577 
313760105000174 313760105000206 1743 
313760105000174 313760105000219 5485 
313760105000174 313760105000220 6163 
313760105000174 313760105000221 5959 
313760105000174 313760105000225 6682 
313760105000174 313760105000226 6564 
313760105000174 313760105000229 6867 
313760105000174 313760105000231 756 
313760105000174 313760105000257 6125 
313760105000174 313760105000264 9385 
313760105000174 313760105000273 3624 
313760105000174 313760105000280 9848 
313760105000174 313760114000002 9092 
313760105000174 313760114000007 9681 
313760105000174 313760114000008 9159 
313760105000174 313760114000009 8726 
313760105000174 313760114000010 12230 
313760105000174 313760115000005 7259 
313760105000174 313760115000006 11539 
313760105000174 313760115000007 11746 
313760105000174 313760115000015 6253 
313760105000175 3137605402034 3870 
313760105000175 3137602116553 2680 
313760105000175 3137605324920 4979 
313760105000175 3137602168332 1558 
313760105000175 3137605324912 1625 
313760105000175 3137602116588 156 
313760105000175 3137605402417 2072 
313760105000175 3137602117363 3647 
313760105000175 3137605324904 386 
313760105000175 3137602116537 3488 
313760105000175 3137602116545 4371 
313760105000175 3137605402425 1946 
313760105000175 3137602116561 2303 
313760105000175 3137604334663 1049 
313760105000175 3137602116529 6720 
313760105000175 3137606897061 8756 
313760105000175 3137606844286 5896 
313760105000175 313760105000026 2311 
313760105000175 313760105000048 7484 
313760105000175 313760105000050 5957 
313760105000175 313760105000082 3440 
313760105000175 313760105000098 2957 
313760105000175 313760105000145 6187 
313760105000175 313760105000146 6518 
313760105000175 313760105000152 6700 
313760105000175 313760105000172 4051 
313760105000175 313760105000206 2628 
313760105000175 313760105000219 1686 
313760105000175 313760105000220 2532 
313760105000175 313760105000221 2046 
313760105000175 313760105000225 2782 
313760105000175 313760105000226 2847 
313760105000175 313760105000229 3145 
313760105000175 313760105000231 4997 
313760105000175 313760105000257 2830 
313760105000175 313760105000264 5136 
313760105000175 313760105000273 5913 
313760105000175 313760105000280 5873 
313760105000175 313760114000002 8585 
313760105000175 313760114000007 8400 
313760105000175 313760114000008 7927 
313760105000175 313760114000009 7132 
313760105000175 313760114000010 10566 
313760105000175 313760115000005 7127 
313760105000175 313760115000006 9923 
313760105000175 313760115000007 8873 
313760105000175 313760115000015 4746 
313760105000176 3137605402034 3758 
313760105000176 3137602116553 2524 
313760105000176 3137605324920 5002 
313760105000176 3137602168332 1783 
313760105000176 3137605324912 1751 
313760105000176 3137602116588 321 
313760105000176 3137605402417 2130 
313760105000176 3137602117363 3652 
313760105000176 3137605324904 263 
313760105000176 3137602116537 3484 
313760105000176 3137602116545 4372 
313760105000176 3137605402425 2152 
313760105000176 3137602116561 2104 
313760105000176 3137604334663 825 
313760105000176 3137602116529 6713 
313760105000176 3137606897061 8843 
313760105000176 3137606844286 5868 
313760105000176 313760105000026 2473 
313760105000176 313760105000048 7279 
313760105000176 313760105000050 6140 
313760105000176 313760105000082 3285 
313760105000176 313760105000098 2908 
313760105000176 313760105000145 6048 
313760105000176 313760105000146 6271 
313760105000176 313760105000152 6643 
313760105000176 313760105000172 4293 
313760105000176 313760105000206 2836 
313760105000176 313760105000219 1634 
313760105000176 313760105000220 2477 
313760105000176 313760105000221 1950 
313760105000176 313760105000225 2669 
313760105000176 313760105000226 2769 
313760105000176 313760105000229 3059 
313760105000176 313760105000231 5223 
313760105000176 313760105000257 2640 
313760105000176 313760105000264 4913 
313760105000176 313760105000273 6038 
313760105000176 313760105000280 5718 
313760105000176 313760114000002 8519 
313760105000176 313760114000007 8289 
313760105000176 313760114000008 7822 
313760105000176 313760114000009 7011 
313760105000176 313760114000010 10422 
313760105000176 313760115000005 7285 
313760105000176 313760115000006 9977 
313760105000176 313760115000007 8834 
313760105000176 313760115000015 4858 
313760105000177 3137605402034 4970 
313760105000177 3137602116553 4048 
313760105000177 3137605324920 5233 
313760105000177 3137602168332 827 
313760105000177 3137605324912 1807 
313760105000177 3137602116588 1661 
313760105000177 3137605402417 2358 
313760105000177 3137602117363 3967 
313760105000177 3137605324904 2010 
313760105000177 3137602116537 3879 
313760105000177 3137602116545 4811 
313760105000177 3137605402425 1222 
313760105000177 3137602116561 3853 
313760105000177 3137604334663 2686 
313760105000177 3137602116529 6925 
313760105000177 3137606897061 8249 
313760105000177 3137606844286 6270 
313760105000177 313760105000026 1911 
313760105000177 313760105000048 8985 
313760105000177 313760105000050 4931 
313760105000177 313760105000082 4768 
313760105000177 313760105000098 3815 
313760105000177 313760105000145 7356 
313760105000177 313760105000146 8216 
313760105000177 313760105000152 7229 
313760105000177 313760105000172 2395 
313760105000177 313760105000206 1640 
313760105000177 313760105000219 2658 
313760105000177 313760105000220 3341 
313760105000177 313760105000221 3133 
313760105000177 313760105000225 3852 
313760105000177 313760105000226 3739 
313760105000177 313760105000229 4044 
313760105000177 313760105000231 3583 
313760105000177 313760105000257 4328 
313760105000177 313760105000264 6682 
313760105000177 313760105000273 5383 
313760105000177 313760105000280 7018 
313760105000177 313760114000002 9281 
313760105000177 313760114000007 9375 
313760105000177 313760114000008 8872 
313760105000177 313760114000009 8185 
313760105000177 313760114000010 11711 
313760105000177 313760115000005 6128 
313760105000177 313760115000006 9625 
313760105000177 313760115000007 9228 
313760105000177 313760115000015 4211 
313760105000178 3137605402034 4996 
313760105000178 3137602116553 4080 
313760105000178 3137605324920 5240 
313760105000178 3137602168332 839 
313760105000178 3137605324912 1826 
313760105000178 3137602116588 1701 
313760105000178 3137605402417 2383 
313760105000178 3137602117363 3988 
313760105000178 3137605324904 2049 
313760105000178 3137602116537 3902 
313760105000178 3137602116545 4823 
313760105000178 3137605402425 1223 
313760105000178 3137602116561 3889 
313760105000178 3137604334663 2726 
313760105000178 3137602116529 6940 
313760105000178 3137606897061 8247 
313760105000178 3137606844286 6289 
313760105000178 313760105000026 1913 
313760105000178 313760105000048 9019 
313760105000178 313760105000050 4907 
313760105000178 313760105000082 4799 
313760105000178 313760105000098 3838 
313760105000178 313760105000145 7383 
313760105000178 313760105000146 8256 
313760105000178 313760105000152 7251 
313760105000178 313760105000172 2358 
313760105000178 313760105000206 1625 
313760105000178 313760105000219 2692 
313760105000178 313760105000220 3372 
313760105000178 313760105000221 3169 
313760105000178 313760105000225 3886 
313760105000178 313760105000226 3770 
313760105000178 313760105000229 4075 
313760105000178 313760105000231 3549 
313760105000178 313760105000257 4363 
313760105000178 313760105000264 6721 
313760105000178 313760105000273 5371 
313760105000178 313760105000280 7051 
313760105000178 313760114000002 9296 
313760105000178 313760114000007 9396 
313760105000178 313760114000008 8892 
313760105000178 313760114000009 8209 
313760105000178 313760114000010 11736 
313760105000178 313760115000005 6113 
313760105000178 313760115000006 9627 
313760105000178 313760115000007 9245 
313760105000178 313760115000015 4212 
313760105000179 3137605402034 4923 
313760105000179 3137602116553 3888 
313760105000179 3137605324920 5450 
313760105000179 3137602168332 1093 
313760105000179 3137605324912 1925 
313760105000179 3137602116588 1271 
313760105000179 3137605402417 1873 
313760105000179 3137602117363 3510 
313760105000179 3137605324904 1700 
313760105000179 3137602116537 3411 
313760105000179 3137602116545 4971 
313760105000179 3137605402425 1561 
313760105000179 3137602116561 3608 
313760105000179 3137604334663 2254 
313760105000179 3137602116529 6511 
313760105000179 3137606897061 8016 
313760105000179 3137606844286 5823 
313760105000179 313760105000026 2214 
313760105000179 313760105000048 8781 
313760105000179 313760105000050 5422 
313760105000179 313760105000082 4632 
313760105000179 313760105000098 3832 
313760105000179 313760105000145 7299 
313760105000179 313760105000146 7828 
313760105000179 313760105000152 6763 
313760105000179 313760105000172 2714 
313760105000179 313760105000206 2083 
313760105000179 313760105000219 2138 
313760105000179 313760105000220 2827 
313760105000179 313760105000221 2615 
313760105000179 313760105000225 3332 
313760105000179 313760105000226 3223 
313760105000179 313760105000229 3529 
313760105000179 313760105000231 4103 
313760105000179 313760105000257 4113 
313760105000179 313760105000264 6193 
313760105000179 313760105000273 5790 
313760105000179 313760105000280 6499 
313760105000179 313760114000002 9395 
313760105000179 313760114000007 9396 
313760105000179 313760114000008 8902 
313760105000179 313760114000009 8174 
313760105000179 313760114000010 11674 
313760105000179 313760115000005 6057 
313760105000179 313760115000006 9337 
313760105000179 313760115000007 8795 
313760105000179 313760115000015 3957 
313760105000180 3137605402034 4986 
313760105000180 3137602116553 3994 
313760105000180 3137605324920 5403 
313760105000180 3137602168332 1002 
313760105000180 3137605324912 1910 
313760105000180 3137602116588 1454 
313760105000180 3137605402417 2050 
313760105000180 3137602117363 3670 
313760105000180 3137605324904 1856 
313760105000180 3137602116537 3577 
313760105000180 3137602116545 4948 
313760105000180 3137605402425 1447 
313760105000180 3137602116561 3746 
313760105000180 3137604334663 2455 
313760105000180 3137602116529 6647 
313760105000180 3137606897061 8062 
313760105000180 3137606844286 5977 
313760105000180 313760105000026 2121 
313760105000180 313760105000048 8907 
313760105000180 313760105000050 5238 
313760105000180 313760105000082 4730 
313760105000180 313760105000098 3867 
313760105000180 313760105000145 7368 
313760105000180 313760105000146 8018 
313760105000180 313760105000152 6929 
313760105000180 313760105000172 2538 
313760105000180 313760105000206 1924 
313760105000180 313760105000219 2352 
313760105000180 313760105000220 3028 
313760105000180 313760105000221 2829 
313760105000180 313760105000225 3543 
313760105000180 313760105000226 3427 
313760105000180 313760105000229 3732 
313760105000180 313760105000231 3892 
313760105000180 313760105000257 4240 
313760105000180 313760105000264 6408 
313760105000180 313760105000273 5654 
313760105000180 313760105000280 6708 
313760105000180 313760114000002 9395 
313760105000180 313760114000007 9434 
313760105000180 313760114000008 8936 
313760105000180 313760114000009 8225 
313760105000180 313760114000010 11736 
313760105000180 313760115000005 6030 
313760105000180 313760115000006 9410 
313760105000180 313760115000007 8942 
313760105000180 313760115000015 4010 
313760105000182 3137605402034 7902 
313760105000182 3137602116553 6550 
313760105000182 3137605324920 9214 
313760105000182 3137602168332 5087 
313760105000182 3137605324912 5722 
313760105000182 3137602116588 4094 
313760105000182 3137605402417 2217 
313760105000182 3137602117363 630 
313760105000182 3137605324904 4526 
313760105000182 3137602116537 827 
313760105000182 3137602116545 8618 
313760105000182 3137605402425 5563 
313760105000182 3137602116561 5917 
313760105000182 3137604334663 4009 
313760105000182 3137602116529 2511 
313760105000182 3137606897061 4888 
313760105000182 3137606844286 1852 
313760105000182 313760105000026 6188 
313760105000182 313760105000048 10541 
313760105000182 313760105000050 9316 
313760105000182 313760105000082 7264 
313760105000182 313760105000098 7167 
313760105000182 313760105000145 10017 
313760105000182 313760105000146 8112 
313760105000182 313760105000152 2882 
313760105000182 313760105000172 5073 
313760105000182 313760105000206 6074 
313760105000182 313760105000219 2700 
313760105000182 313760105000220 1983 
313760105000182 313760105000221 2628 
313760105000182 313760105000225 2368 
313760105000182 313760105000226 1966 
313760105000182 313760105000229 1901 
313760105000182 313760105000231 7713 
313760105000182 313760105000257 6448 
313760105000182 313760105000264 5221 
313760105000182 313760105000273 9798 
313760105000182 313760105000280 3892 
313760105000182 313760114000002 12745 
313760105000182 313760114000007 12370 
313760105000182 313760114000008 11934 
313760105000182 313760114000009 11059 
313760105000182 313760114000010 14281 
313760105000182 313760115000005 4516 
313760105000182 313760115000006 5788 
313760105000182 313760115000007 4791 
313760105000182 313760115000015 1896 
313760105000183 3137605402034 7897 
313760105000183 3137602116553 6543 
313760105000183 3137605324920 9219 
313760105000183 3137602168332 5100 
313760105000183 3137605324912 5730 
313760105000183 3137602116588 4097 
313760105000183 3137605402417 2225 
313760105000183 3137602117363 623 
313760105000183 3137605324904 4527 
313760105000183 3137602116537 817 
313760105000183 3137602116545 8622 
313760105000183 3137605402425 5578 
313760105000183 3137602116561 5908 
313760105000183 3137604334663 4003 
313760105000183 3137602116529 2500 
313760105000183 3137606897061 4907 
313760105000183 3137606844286 1830 
313760105000183 313760105000026 6201 
313760105000183 313760105000048 10522 
313760105000183 313760105000050 9337 
313760105000183 313760105000082 7256 
313760105000183 313760105000098 7166 
313760105000183 313760105000145 10007 
313760105000183 313760105000146 8083 
313760105000183 313760105000152 2855 
313760105000183 313760105000172 5104 
313760105000183 313760105000206 6091 
313760105000183 313760105000219 2695 
313760105000183 313760105000220 1971 
313760105000183 313760105000221 2617 
313760105000183 313760105000225 2347 
313760105000183 313760105000226 1947 
313760105000183 313760105000229 1877 
313760105000183 313760105000231 7739 
313760105000183 313760105000257 6438 
313760105000183 313760105000264 5188 
313760105000183 313760105000273 9813 
313760105000183 313760105000280 3854 
313760105000183 313760114000002 12741 
313760105000183 313760114000007 12362 
313760105000183 313760114000008 11927 
313760105000183 313760114000009 11050 
313760105000183 313760114000010 14268 
313760105000183 313760115000005 4551 
313760105000183 313760115000006 5797 
313760105000183 313760115000007 4774 
313760105000183 313760115000015 1934 
313760105000184 3137605402034 7816 
313760105000184 3137602116553 6445 
313760105000184 3137605324920 9286 
313760105000184 3137602168332 5300 
313760105000184 3137605324912 5852 
313760105000184 3137602116588 4161 
313760105000184 3137605402417 2389 
313760105000184 3137602117363 744 
313760105000184 3137605324904 4549 
313760105000184 3137602116537 843 
313760105000184 3137602116545 8662 
313760105000184 3137605402425 5781 
313760105000184 3137602116561 5781 
313760105000184 3137604334663 3928 
313760105000184 3137602116529 2429 
313760105000184 3137606897061 5216 
313760105000184 3137606844286 1596 
313760105000184 313760105000026 6376 
313760105000184 313760105000048 10232 
313760105000184 313760105000050 9630 
313760105000184 313760105000082 7134 
313760105000184 313760105000098 7161 
313760105000184 313760105000145 9855 
313760105000184 313760105000146 7664 
313760105000184 313760105000152 2520 
313760105000184 313760105000172 5551 
313760105000184 313760105000206 6331 
313760105000184 313760105000219 2668 
313760105000184 313760105000220 1861 
313760105000184 313760105000221 2494 
313760105000184 313760105000225 2081 
313760105000184 313760105000226 1726 
313760105000184 313760105000229 1578 
313760105000184 313760105000231 8093 
313760105000184 313760105000257 6296 
313760105000184 313760105000264 4708 
313760105000184 313760105000273 10016 
313760105000184 313760105000280 3306 
313760105000184 313760114000002 12682 
313760105000184 313760114000007 12232 
313760105000184 313760114000008 11810 
313760105000184 313760114000009 10915 
313760105000184 313760114000010 14067 
313760105000184 313760115000005 5069 
313760105000184 313760115000006 5970 
313760105000184 313760115000007 4583 
313760105000184 313760115000015 2481 
313760105000185 3137605402034 7892 
313760105000185 3137602116553 6517 
313760105000185 3137605324920 9400 
313760105000185 3137602168332 5445 
313760105000185 3137605324912 5981 
313760105000185 3137602116588 4279 
313760105000185 3137605402417 2533 
313760105000185 3137602117363 906 
313760105000185 3137605324904 4658 
313760105000185 3137602116537 988 
313760105000185 3137602116545 8770 
313760105000185 3137605402425 5926 
313760105000185 3137602116561 5846 
313760105000185 3137604334663 4012 
313760105000185 3137602116529 2339 
313760105000185 3137606897061 5233 
313760105000185 3137606844286 1470 
313760105000185 313760105000026 6515 
313760105000185 313760105000048 10239 
313760105000185 313760105000050 9788 
313760105000185 313760105000082 7200 
313760105000185 313760105000098 7259 
313760105000185 313760105000145 9908 
313760105000185 313760105000146 7618 
313760105000185 313760105000152 2365 
313760105000185 313760105000172 5723 
313760105000185 313760105000206 6482 
313760105000185 313760105000219 2771 
313760105000185 313760105000220 1950 
313760105000185 313760105000221 2572 
313760105000185 313760105000225 2117 
313760105000185 313760105000226 1782 
313760105000185 313760105000229 1608 
313760105000185 313760105000231 8260 
313760105000185 313760105000257 6356 
313760105000185 313760105000264 4631 
313760105000185 313760105000273 10159 
313760105000185 313760105000280 3160 
313760105000185 313760114000002 12762 
313760105000185 313760114000007 12291 
313760105000185 313760114000008 11874 
313760105000185 313760114000009 10973 
313760105000185 313760114000010 14104 
313760105000185 313760115000005 5180 
313760105000185 313760115000006 5938 
313760105000185 313760115000007 4453 
313760105000185 313760115000015 2623 
313760105000186 3137605402034 7085 
313760105000186 3137602116553 5728 
313760105000186 3137605324920 8467 
313760105000186 3137602168332 4458 
313760105000186 3137605324912 5015 
313760105000186 3137602116588 3338 
313760105000186 3137605402417 1546 
313760105000186 3137602117363 204 
313760105000186 3137605324904 3746 
313760105000186 3137602116537 0 
313760105000186 3137602116545 7854 
313760105000186 3137605402425 4939 
313760105000186 3137602116561 5091 
313760105000186 3137604334663 3189 
313760105000186 3137602116529 3232 
313760105000186 3137606897061 5700 
313760105000186 3137606844286 2437 
313760105000186 313760105000026 5533 
313760105000186 313760105000048 9741 
313760105000186 313760105000050 8806 
313760105000186 313760105000082 6439 
313760105000186 313760105000098 6376 
313760105000186 313760105000145 9190 
313760105000186 313760105000146 7423 
313760105000186 313760105000152 3352 
313760105000186 313760105000172 4877 
313760105000186 313760105000206 5494 
313760105000186 313760105000219 1889 
313760105000186 313760105000220 1156 
313760105000186 313760105000221 1800 
313760105000186 313760105000225 1593 
313760105000186 313760105000226 1175 
313760105000186 313760105000229 1177 
313760105000186 313760105000231 7306 
313760105000186 313760105000257 5620 
313760105000186 313760105000264 4657 
313760105000186 313760105000273 9173 
313760105000186 313760105000280 3708 
313760105000186 313760114000002 11935 
313760105000186 313760114000007 11545 
313760105000186 313760114000008 11111 
313760105000186 313760114000009 10233 
313760105000186 313760114000010 13455 
313760105000186 313760115000005 5087 
313760105000186 313760115000006 6614 
313760105000186 313760115000007 5424 
313760105000186 313760115000015 2361 
313760105000187 3137605402034 6873 
313760105000187 3137602116553 5517 
313760105000187 3137605324920 8257 
313760105000187 3137602168332 4269 
313760105000187 3137605324912 4811 
313760105000187 3137602116588 3128 
313760105000187 3137605402417 1360 
313760105000187 3137602117363 403 
313760105000187 3137605324904 3533 
313760105000187 3137602116537 213 
313760105000187 3137602116545 7642 
313760105000187 3137605402425 4750 
313760105000187 3137602116561 4882 
313760105000187 3137604334663 2978 
313760105000187 3137602116529 3443 
313760105000187 3137606897061 5891 
313760105000187 3137606844286 2637 
313760105000187 313760105000026 5338 
313760105000187 313760105000048 9560 
313760105000187 313760105000050 8638 
313760105000187 313760105000082 6230 
313760105000187 313760105000098 6163 
313760105000187 313760105000145 8983 
313760105000187 313760105000146 7292 
313760105000187 313760105000152 3534 
313760105000187 313760105000172 4789 
313760105000187 313760105000206 5314 
313760105000187 313760105000219 1676 
313760105000187 313760105000220 956 
313760105000187 313760105000221 1597 
313760105000187 313760105000225 1440 
313760105000187 313760105000226 1018 
313760105000187 313760105000229 1065 
313760105000187 313760105000231 7162 
313760105000187 313760105000257 5414 
313760105000187 313760105000264 4578 
313760105000187 313760105000273 8981 
313760105000187 313760105000280 3750 
313760105000187 313760114000002 11722 
313760105000187 313760114000007 11336 
313760105000187 313760114000008 10901 
313760105000187 313760114000009 10025 
313760105000187 313760114000010 13255 
313760105000187 313760115000005 5199 
313760105000187 313760115000006 6822 
313760105000187 313760115000007 5625 
313760105000187 313760115000015 2463 
313760105000188 3137605402034 4415 
313760105000188 3137602116553 3094 
313760105000188 3137605324920 5829 
313760105000188 3137602168332 2406 
313760105000188 3137605324912 2563 
313760105000188 3137602116588 836 
313760105000188 3137605402417 1509 
313760105000188 3137602117363 2879 
313760105000188 3137605324904 1082 
313760105000188 3137602116537 2701 
313760105000188 3137602116545 5185 
313760105000188 3137605402425 2836 
313760105000188 3137602116561 2533 
313760105000188 3137604334663 629 
313760105000188 3137602116529 5914 
313760105000188 3137606897061 8202 
313760105000188 3137606844286 5050 
313760105000188 313760105000026 3247 
313760105000188 313760105000048 7577 
313760105000188 313760105000050 6868 
313760105000188 313760105000082 3837 
313760105000188 313760105000098 3678 
313760105000188 313760105000145 6616 
313760105000188 313760105000146 6131 
313760105000188 313760105000152 5809 
313760105000188 313760105000172 4445 
313760105000188 313760105000206 3508 
313760105000188 313760105000219 816 
313760105000188 313760105000220 1649 
313760105000188 313760105000221 1113 
313760105000188 313760105000225 1842 
313760105000188 313760105000226 1931 
313760105000188 313760105000229 2222 
313760105000188 313760105000231 5804 
313760105000188 313760105000257 3084 
313760105000188 313760105000264 4380 
313760105000188 313760105000273 6853 
313760105000188 313760105000280 4943 
313760105000188 313760114000002 9243 
313760105000188 313760114000007 8920 
313760105000188 313760114000008 8469 
313760105000188 313760114000009 7622 
313760105000188 313760114000010 10957 
313760105000188 313760115000005 6869 
313760105000188 313760115000006 9264 
313760105000188 313760115000007 8008 
313760105000188 313760115000015 4308 
313760105000189 3137605402034 4858 
313760105000189 3137602116553 3536 
313760105000189 3137605324920 6221 
313760105000189 3137602168332 2575 
313760105000189 3137605324912 2872 
313760105000189 3137602116588 1127 
313760105000189 3137605402417 1086 
313760105000189 3137602117363 2447 
313760105000189 3137605324904 1478 
313760105000189 3137602116537 2273 
313760105000189 3137602116545 5590 
313760105000189 3137605402425 3033 
313760105000189 3137602116561 2967 
313760105000189 3137604334663 1038 
313760105000189 3137602116529 5496 
313760105000189 3137606897061 7760 
313760105000189 3137606844286 4648 
313760105000189 313760105000026 3508 
313760105000189 313760105000048 7968 
313760105000189 313760105000050 7065 
313760105000189 313760105000082 4277 
313760105000189 313760105000098 4104 
313760105000189 313760105000145 7056 
313760105000189 313760105000146 6376 
313760105000189 313760105000152 5438 
313760105000189 313760105000172 4302 
313760105000189 313760105000206 3684 
313760105000189 313760105000219 425 
313760105000189 313760105000220 1269 
313760105000189 313760105000221 839 
313760105000189 313760105000225 1586 
313760105000189 313760105000226 1595 
313760105000189 313760105000229 1899 
313760105000189 313760105000231 5894 
313760105000189 313760105000257 3516 
313760105000189 313760105000264 4418 
313760105000189 313760105000273 7146 
313760105000189 313760105000280 4747 
313760105000189 313760114000002 9681 
313760105000189 313760114000007 9363 
313760105000189 313760114000008 8913 
313760105000189 313760114000009 8065 
313760105000189 313760114000010 11392 
313760105000189 313760115000005 6473 
313760105000189 313760115000006 8823 
313760105000189 313760115000007 7618 
313760105000189 313760115000015 3883 
313760105000190 3137605402034 7967 
313760105000190 3137602116553 6584 
313760105000190 3137605324920 9608 
313760105000190 3137602168332 5788 
313760105000190 3137605324912 6257 
313760105000190 3137602116588 4525 
313760105000190 3137605402417 2899 
313760105000190 3137602117363 1376 
313760105000190 3137605324904 4862 
313760105000190 3137602116537 1401 
313760105000190 3137602116545 8956 
313760105000190 3137605402425 6269 
313760105000190 3137602116561 5891 
313760105000190 3137604334663 4138 
313760105000190 3137602116529 2322 
313760105000190 3137606897061 5511 
313760105000190 3137606844286 1351 
313760105000190 313760105000026 6832 
313760105000190 313760105000048 10077 
313760105000190 313760105000050 10187 
313760105000190 313760105000082 7237 
313760105000190 313760105000098 7411 
313760105000190 313760105000145 9899 
313760105000190 313760105000146 7306 
313760105000190 313760105000152 2036 
313760105000190 313760105000172 6236 
313760105000190 313760105000206 6850 
313760105000190 313760105000219 2980 
313760105000190 313760105000220 2134 
313760105000190 313760105000221 2702 
313760105000190 313760105000225 2122 
313760105000190 313760105000226 1872 
313760105000190 313760105000229 1626 
313760105000190 313760105000231 8708 
313760105000190 313760105000257 6380 
313760105000190 313760105000264 4247 
313760105000190 313760105000273 10484 
313760105000190 313760105000280 2624 
313760105000190 313760114000002 12838 
313760105000190 313760114000007 12298 
313760105000190 313760114000008 11895 
313760105000190 313760114000009 10978 
313760105000190 313760114000010 14031 
313760105000190 313760115000005 5674 
313760105000190 313760115000006 6072 
313760105000190 313760115000007 4233 
313760105000190 313760115000015 3163 
313760105000191 3137605402034 7948 
313760105000191 3137602116553 6565 
313760105000191 3137605324920 9577 
313760105000191 3137602168332 5745 
313760105000191 3137605324912 6219 
313760105000191 3137602116588 4489 
313760105000191 3137605402417 2853 
313760105000191 3137602117363 1322 
313760105000191 3137605324904 4830 
313760105000191 3137602116537 1350 
313760105000191 3137602116545 8926 
313760105000191 3137605402425 6226 
313760105000191 3137602116561 5874 
313760105000191 3137604334663 4112 
313760105000191 3137602116529 2328 
313760105000191 3137606897061 5490 
313760105000191 3137606844286 1363 
313760105000191 313760105000026 6791 
313760105000191 313760105000048 10082 
313760105000191 313760105000050 10140 
313760105000191 313760105000082 7221 
313760105000191 313760105000098 7384 
313760105000191 313760105000145 9889 
313760105000191 313760105000146 7327 
313760105000191 313760105000152 2073 
313760105000191 313760105000172 6181 
313760105000191 313760105000206 6805 
313760105000191 313760105000219 2946 
313760105000191 313760105000220 2101 
313760105000191 313760105000221 2675 
313760105000191 313760105000225 2105 
313760105000191 313760105000226 1846 
313760105000191 313760105000229 1606 
313760105000191 313760105000231 8657 
313760105000191 313760105000257 6365 
313760105000191 313760105000264 4276 
313760105000191 313760105000273 10443 
313760105000191 313760105000280 2674 
313760105000191 313760114000002 12820 
313760105000191 313760114000007 12286 
313760105000191 313760114000008 11882 
313760105000191 313760114000009 10966 
313760105000191 313760114000010 14027 
313760105000191 313760115000005 5628 
313760105000191 313760115000006 6066 
313760105000191 313760115000007 4262 
313760105000191 313760115000015 3111 
313760105000192 3137605402034 8265 
313760105000192 3137602116553 6882 
313760105000192 3137605324920 10008 
313760105000192 3137602168332 6284 
313760105000192 3137605324912 6711 
313760105000192 3137602116588 4969 
313760105000192 3137605402417 3418 
313760105000192 3137602117363 1932 
313760105000192 3137605324904 5275 
313760105000192 3137602116537 1949 
313760105000192 3137602116545 9340 
313760105000192 3137605402425 6763 
313760105000192 3137602116561 6175 
313760105000192 3137604334663 4501 
313760105000192 3137602116529 2233 
313760105000192 3137606897061 5650 
313760105000192 3137606844286 1250 
313760105000192 313760105000026 7310 
313760105000192 313760105000048 10146 
313760105000192 313760105000050 10707 
313760105000192 313760105000082 7508 
313760105000192 313760105000098 7774 
313760105000192 313760105000145 10118 
313760105000192 313760105000146 7215 
313760105000192 313760105000152 1637 
313760105000192 313760105000172 6792 
313760105000192 313760105000206 7357 
313760105000192 313760105000219 3416 
313760105000192 313760105000220 2574 
313760105000192 313760105000221 3092 
313760105000192 313760105000225 2442 
313760105000192 313760105000226 2264 
313760105000192 313760105000229 1984 
313760105000192 313760105000231 9250 
313760105000192 313760105000257 6642 
313760105000192 313760105000264 4087 
313760105000192 313760105000273 10962 
313760105000192 313760105000280 2198 
313760105000192 313760114000002 13128 
313760105000192 313760114000007 12527 
313760105000192 313760114000008 12138 
313760105000192 313760114000009 11207 
313760105000192 313760114000010 14182 
313760105000192 313760115000005 6071 
313760105000192 313760115000006 6054 
313760105000192 313760115000007 3888 
313760105000192 313760115000015 3649 
313760105000193 3137605402034 7879 
313760105000193 3137602116553 6499 
313760105000193 3137605324920 9455 
313760105000193 3137602168332 5570 
313760105000193 3137605324912 6070 
313760105000193 3137602116588 4350 
313760105000193 3137605402417 2667 
313760105000193 3137602117363 1099 
313760105000193 3137605324904 4707 
313760105000193 3137602116537 1143 
313760105000193 3137602116545 8813 
313760105000193 3137605402425 6051 
313760105000193 3137602116561 5817 
313760105000193 3137604334663 4020 
313760105000193 3137602116529 2359 
313760105000193 3137606897061 5399 
313760105000193 3137606844286 1431 
313760105000193 313760105000026 6626 
313760105000193 313760105000048 10116 
313760105000193 313760105000050 9946 
313760105000193 313760105000082 7168 
313760105000193 313760105000098 7284 
313760105000193 313760105000145 9856 
313760105000193 313760105000146 7429 
313760105000193 313760105000152 2232 
313760105000193 313760105000172 5951 
313760105000193 313760105000206 6622 
313760105000193 313760105000219 2819 
313760105000193 313760105000220 1979 
313760105000193 313760105000221 2577 
313760105000193 313760105000225 2057 
313760105000193 313760105000226 1761 
313760105000193 313760105000229 1549 
313760105000193 313760105000231 8446 
313760105000193 313760105000257 6317 
313760105000193 313760105000264 4411 
313760105000193 313760105000273 10276 
313760105000193 313760105000280 2893 
313760105000193 313760114000002 12751 
313760105000193 313760114000007 12247 
313760105000193 313760114000008 11836 
313760105000193 313760114000009 10928 
313760105000193 313760114000010 14022 
313760105000193 313760115000005 5435 
313760105000193 313760115000006 6039 
313760105000193 313760115000007 4381 
313760105000193 313760115000015 2890 
313760105000194 3137605402034 7707 
313760105000194 3137602116553 6326 
313760105000194 3137605324920 9309 
313760105000194 3137602168332 5466 
313760105000194 3137605324912 5942 
313760105000194 3137602116588 4215 
313760105000194 3137605402417 2575 
313760105000194 3137602117363 1076 
313760105000194 3137605324904 4561 
313760105000194 3137602116537 1086 
313760105000194 3137602116545 8661 
313760105000194 3137605402425 5947 
313760105000194 3137602116561 5640 
313760105000194 3137604334663 3857 
313760105000194 3137602116529 2540 
313760105000194 3137606897061 5585 
313760105000194 3137606844286 1598 
313760105000194 313760105000026 6512 
313760105000194 313760105000048 9925 
313760105000194 313760105000050 9863 
313760105000194 313760105000082 6990 
313760105000194 313760105000098 7125 
313760105000194 313760105000145 9673 
313760105000194 313760105000146 7247 
313760105000194 313760105000152 2350 
313760105000194 313760105000172 5941 
313760105000194 313760105000206 6527 
313760105000194 313760105000219 2675 
313760105000194 313760105000220 1831 
313760105000194 313760105000221 2416 
313760105000194 313760105000225 1876 
313760105000194 313760105000226 1593 
313760105000194 313760105000229 1370 
313760105000194 313760105000231 8389 
313760105000194 313760105000257 6137 
313760105000194 313760105000264 4242 
313760105000194 313760105000273 10164 
313760105000194 313760105000280 2803 
313760105000194 313760114000002 12579 
313760105000194 313760114000007 12066 
313760105000194 313760114000008 11657 
313760105000194 313760114000009 10746 
313760105000194 313760114000010 13834 
313760105000194 313760115000005 5570 
313760105000194 313760115000006 6230 
313760105000194 313760115000007 4527 
313760105000194 313760115000015 2989 
313760105000195 3137605402034 5441 
313760105000195 3137602116553 4063 
313760105000195 3137605324920 7359 
313760105000195 3137602168332 4288 
313760105000195 3137605324912 4380 
313760105000195 3137602116588 2711 
313760105000195 3137605402417 2285 
313760105000195 3137602117363 2458 
313760105000195 3137605324904 2817 
313760105000195 3137602116537 2258 
313760105000195 3137602116545 6655 
313760105000195 3137605402425 4719 
313760105000195 3137602116561 3346 
313760105000195 3137604334663 1893 
313760105000195 3137602116529 4940 
313760105000195 3137606897061 7890 
313760105000195 3137606844286 3967 
313760105000195 313760105000026 5103 
313760105000195 313760105000048 7544 
313760105000195 313760105000050 8748 
313760105000195 313760105000082 4669 
313760105000195 313760105000098 5052 
313760105000195 313760105000145 7287 
313760105000195 313760105000146 5198 
313760105000195 313760105000152 4461 
313760105000195 313760105000172 5977 
313760105000195 313760105000206 5392 
313760105000195 313760105000219 1496 
313760105000195 313760105000220 1301 
313760105000195 313760105000221 1028 
313760105000195 313760105000225 668 
313760105000195 313760105000226 1090 
313760105000195 313760105000229 1121 
313760105000195 313760105000231 7661 
313760105000195 313760105000257 3802 
313760105000195 313760105000264 2740 
313760105000195 313760105000273 8652 
313760105000195 313760105000280 3088 
313760105000195 313760114000002 10293 
313760105000195 313760114000007 9692 
313760105000195 313760114000008 9298 
313760105000195 313760114000009 8372 
313760105000195 313760114000010 11419 
313760105000195 313760115000005 7286 
313760105000195 313760115000006 8638 
313760105000195 313760115000007 6721 
313760105000195 313760115000015 4549 
313760105000196 3137605402034 4835 
313760105000196 3137602116553 3452 
313760105000196 3137605324920 6672 
313760105000196 3137602168332 3643 
313760105000196 3137605324912 3686 
313760105000196 3137602116588 2049 
313760105000196 3137605402417 2037 
313760105000196 3137602117363 2690 
313760105000196 3137605324904 2120 
313760105000196 3137602116537 2485 
313760105000196 3137602116545 5975 
313760105000196 3137605402425 4059 
313760105000196 3137602116561 2752 
313760105000196 3137604334663 1191 
313760105000196 3137602116529 5434 
313760105000196 3137606897061 8185 
313760105000196 3137606844286 4486 
313760105000196 313760105000026 4418 
313760105000196 313760105000048 7265 
313760105000196 313760105000050 8078 
313760105000196 313760105000082 4098 
313760105000196 313760105000098 4379 
313760105000196 313760105000145 6784 
313760105000196 313760105000146 5260 
313760105000196 313760105000152 5068 
313760105000196 313760105000172 5549 
313760105000196 313760105000206 4738 
313760105000196 313760105000219 1110 
313760105000196 313760105000220 1353 
313760105000196 313760105000221 782 
313760105000196 313760105000225 1019 
313760105000196 313760105000226 1353 
313760105000196 313760105000229 1525 
313760105000196 313760105000231 7050 
313760105000196 313760105000257 3243 
313760105000196 313760105000264 3170 
313760105000196 313760105000273 7952 
313760105000196 313760105000280 3786 
313760105000196 313760114000002 9704 
313760105000196 313760114000007 9172 
313760105000196 313760114000008 8762 
313760105000196 313760114000009 7853 
313760105000196 313760114000010 10995 
313760105000196 313760115000005 7315 
313760105000196 313760115000006 9044 
313760105000196 313760115000007 7321 
313760105000196 313760115000015 4608 
313760105000198 3137605402034 1979 
313760105000198 3137602116553 2788 
313760105000198 3137605324920 841 
313760105000198 3137602168332 3812 
313760105000198 3137605324912 2877 
313760105000198 3137602116588 4369 
313760105000198 3137605402417 6269 
313760105000198 3137602117363 7864 
313760105000198 3137605324904 3963 
313760105000198 3137602116537 7702 
313760105000198 3137602116545 171 
313760105000198 3137605402425 3487 
313760105000198 3137602116561 3450 
313760105000198 3137604334663 4705 
313760105000198 3137602116529 10933 
313760105000198 3137606897061 12812 
313760105000198 3137606844286 10087 
313760105000198 313760105000026 2828 
313760105000198 313760105000048 6188 
313760105000198 313760105000050 4393 
313760105000198 313760105000082 2710 
313760105000198 313760105000098 1506 
313760105000198 313760105000145 3619 
313760105000198 313760105000146 7511 
313760105000198 313760105000152 10830 
313760105000198 313760105000172 6481 
313760105000198 313760105000206 3514 
313760105000198 313760105000219 5851 
313760105000198 313760105000220 6687 
313760105000198 313760105000221 6114 
313760105000198 313760105000225 6771 
313760105000198 313760105000226 6946 
313760105000198 313760105000229 7217 
313760105000198 313760105000231 5041 
313760105000198 313760105000257 3293 
313760105000198 313760105000264 7886 
313760105000198 313760105000273 3070 
313760105000198 313760105000280 9497 
313760105000198 313760114000002 4666 
313760105000198 313760114000007 5018 
313760105000198 313760114000008 4496 
313760105000198 313760114000009 4048 
313760105000198 313760114000010 7548 
313760105000198 313760115000005 10758 
313760105000198 313760115000006 14081 
313760105000198 313760115000007 13044 
313760105000198 313760115000015 8752 
313760105000199 3137605402034 1716 
313760105000199 3137602116553 2672 
313760105000199 3137605324920 979 
313760105000199 3137602168332 4049 
313760105000199 3137605324912 3085 
313760105000199 3137602116588 4490 
313760105000199 3137605402417 6401 
313760105000199 3137602117363 7972 
313760105000199 3137605324904 4057 
313760105000199 3137602116537 7804 
313760105000199 3137602116545 281 
313760105000199 3137605402425 3749 
313760105000199 3137602116561 3364 
313760105000199 3137604334663 4747 
313760105000199 3137602116529 11030 
313760105000199 3137606897061 12997 
313760105000199 3137606844286 10168 
313760105000199 313760105000026 3108 
313760105000199 313760105000048 5838 
313760105000199 313760105000050 4749 
313760105000199 313760105000082 2502 
313760105000199 313760105000098 1482 
313760105000199 313760105000145 3254 
313760105000199 313760105000146 7264 
313760105000199 313760105000152 10883 
313760105000199 313760105000172 6781 
313760105000199 313760105000206 3820 
313760105000199 313760105000219 5936 
313760105000199 313760105000220 6764 
313760105000199 313760105000221 6174 
313760105000199 313760105000225 6811 
313760105000199 313760105000226 7005 
313760105000199 313760105000229 7269 
313760105000199 313760105000231 5403 
313760105000199 313760105000257 3152 
313760105000199 313760105000264 7769 
313760105000199 313760105000273 3380 
313760105000199 313760105000280 9460 
313760105000199 313760114000002 4408 
313760105000199 313760114000007 4687 
313760105000199 313760114000008 4166 
313760105000199 313760114000009 3692 
313760105000199 313760114000010 7203 
313760105000199 313760115000005 11001 
313760105000199 313760115000006 14237 
313760105000199 313760115000007 13110 
313760105000199 313760115000015 8939 
313760105000200 3137605402034 1647 
313760105000200 3137602116553 2468 
313760105000200 3137605324920 1150 
313760105000200 3137602168332 3755 
313760105000200 3137605324912 2787 
313760105000200 3137602116588 4193 
313760105000200 3137605402417 6103 
313760105000200 3137602117363 7677 
313760105000200 3137605324904 3765 
313760105000200 3137602116537 7511 
313760105000200 3137602116545 399 
313760105000200 3137605402425 3464 
313760105000200 3137602116561 3142 
313760105000200 3137604334663 4468 
313760105000200 3137602116529 10739 
313760105000200 3137606897061 12696 
313760105000200 3137606844286 9880 
313760105000200 313760105000026 2831 
313760105000200 313760105000048 5909 
313760105000200 313760105000050 4670 
313760105000200 313760105000082 2372 
313760105000200 313760105000098 1221 
313760105000200 313760105000145 3402 
313760105000200 313760105000146 7173 
313760105000200 313760105000152 10603 
313760105000200 313760105000172 6512 
313760105000200 313760105000206 3558 
313760105000200 313760105000219 5646 
313760105000200 313760105000220 6476 
313760105000200 313760105000221 5891 
313760105000200 313760105000225 6534 
313760105000200 313760105000226 6722 
313760105000200 313760105000229 6988 
313760105000200 313760105000231 5222 
313760105000200 313760105000257 2966 
313760105000200 313760105000264 7569 
313760105000200 313760105000273 3396 
313760105000200 313760105000280 9215 
313760105000200 313760114000002 4702 
313760105000200 313760114000007 4939 
313760105000200 313760114000008 4419 
313760105000200 313760114000009 3906 
313760105000200 313760114000010 7435 
313760105000200 313760115000005 10707 
313760105000200 313760115000006 13937 
313760105000200 313760115000007 12826 
313760105000200 313760115000015 8639 
313760105000201 3137605402034 1980 
313760105000201 3137602116553 2866 
313760105000201 3137605324920 752 
313760105000201 3137602168332 3983 
313760105000201 3137605324912 3045 
313760105000201 3137602116588 4524 
313760105000201 3137605402417 6427 
313760105000201 3137602117363 8017 
313760105000201 3137605324904 4112 
313760105000201 3137602116537 7854 
313760105000201 3137602116545 0 
313760105000201 3137605402425 3658 
313760105000201 3137602116561 3542 
313760105000201 3137604334663 4841 
313760105000201 3137602116529 11085 
313760105000201 3137606897061 12979 
313760105000201 3137606844286 10235 
313760105000201 313760105000026 2998 
313760105000201 313760105000048 6115 
313760105000201 313760105000050 4477 
313760105000201 313760105000082 2744 
313760105000201 313760105000098 1615 
313760105000201 313760105000145 3512 
313760105000201 313760105000146 7525 
313760105000201 313760105000152 10971 
313760105000201 313760105000172 6649 
313760105000201 313760105000206 3682 
313760105000201 313760105000219 5999 
313760105000201 313760105000220 6833 
313760105000201 313760105000221 6256 
313760105000201 313760105000225 6907 
313760105000201 313760105000226 7087 
313760105000201 313760105000229 7357 
313760105000201 313760105000231 5176 
313760105000201 313760105000257 3361 
313760105000201 313760105000264 7967 
313760105000201 313760105000273 3100 
313760105000201 313760105000280 9610 
313760105000201 313760114000002 4495 
313760105000201 313760114000007 4862 
313760105000201 313760114000008 4340 
313760105000201 313760114000009 3909 
313760105000201 313760114000010 7399 
313760105000201 313760115000005 10929 
313760105000201 313760115000006 14244 
313760105000201 313760115000007 13188 
313760105000201 313760115000015 8919 
313760105000202 3137605402034 2183 
313760105000202 3137602116553 3117 
313760105000202 3137605324920 510 
313760105000202 3137602168332 4176 
313760105000202 3137605324912 3256 
313760105000202 3137602116588 4764 
313760105000202 3137605402417 6662 
313760105000202 3137602117363 8259 
313760105000202 3137605324904 4358 
313760105000202 3137602116537 8097 
313760105000202 3137602116545 258 
313760105000202 3137605402425 3835 
313760105000202 3137602116561 3797 
313760105000202 3137604334663 5095 
313760105000202 3137602116529 11328 
313760105000202 3137606897061 13193 
313760105000202 3137606844286 10483 
313760105000202 313760105000026 3164 
313760105000202 313760105000048 6219 
313760105000202 313760105000050 4409 
313760105000202 313760105000082 2971 
313760105000202 313760105000098 1873 
313760105000202 313760105000145 3563 
313760105000202 313760105000146 7732 
313760105000202 313760105000152 11223 
313760105000202 313760105000172 6788 
313760105000202 313760105000206 3821 
313760105000202 313760105000219 6246 
313760105000202 313760105000220 7082 
313760105000202 313760105000221 6507 
313760105000202 313760105000225 7162 
313760105000202 313760105000226 7339 
313760105000202 313760105000229 7610 
313760105000202 313760105000231 5207 
313760105000202 313760105000257 3607 
313760105000202 313760105000264 8218 
313760105000202 313760105000273 2958 
313760105000202 313760105000280 9868 
313760105000202 313760114000002 4338 
313760105000202 313760114000007 4785 
313760105000202 313760114000008 4263 
313760105000202 313760114000009 3887 
313760105000202 313760114000010 7342 
313760105000202 313760115000005 11112 
313760105000202 313760115000006 14469 
313760105000202 313760115000007 13439 
313760105000202 313760115000015 9133 
313760105000203 3137605402034 3090 
313760105000203 3137602116553 2676 
313760105000203 3137605324920 3012 
313760105000203 3137602168332 1409 
313760105000203 3137605324912 590 
313760105000203 3137602116588 2335 
313760105000203 3137605402417 4085 
313760105000203 3137602117363 5740 
313760105000203 3137605324904 2122 
313760105000203 3137602116537 5602 
313760105000203 3137602116545 2575 
313760105000203 3137605402425 1104 
313760105000203 3137602116561 2899 
313760105000203 3137604334663 3058 
313760105000203 3137602116529 8810 
313760105000203 3137606897061 10452 
313760105000203 3137606844286 8037 
313760105000203 313760105000026 562 
313760105000203 313760105000048 7457 
313760105000203 313760105000050 4004 
313760105000203 313760105000082 3204 
313760105000203 313760105000098 1843 
313760105000203 313760105000145 5416 
313760105000203 313760105000146 7596 
313760105000203 313760105000152 8884 
313760105000203 313760105000172 4198 
313760105000203 313760105000206 1360 
313760105000203 313760105000219 3886 
313760105000203 313760105000220 4727 
313760105000203 313760105000221 4255 
313760105000203 313760105000225 4987 
313760105000203 313760105000226 5055 
313760105000203 313760105000229 5354 
313760105000203 313760105000231 3620 
313760105000203 313760105000257 3150 
313760105000203 313760105000264 6968 
313760105000203 313760105000273 3715 
313760105000203 313760105000280 8027 
313760105000203 313760114000002 7059 
313760105000203 313760114000007 7251 
313760105000203 313760114000008 6738 
313760105000203 313760114000009 6127 
313760105000203 313760114000010 9677 
313760105000203 313760115000005 8355 
313760105000203 313760115000006 11772 
313760105000203 313760115000007 11023 
313760105000203 313760115000015 6395 
313760105000204 3137605402034 3158 
313760105000204 3137602116553 2823 
313760105000204 3137605324920 2897 
313760105000204 3137602168332 1513 
313760105000204 3137605324912 783 
313760105000204 3137602116588 2530 
313760105000204 3137605402417 4256 
313760105000204 3137602117363 5914 
313760105000204 3137605324904 2328 
313760105000204 3137602116537 5779 
313760105000204 3137602116545 2502 
313760105000204 3137605402425 1156 
313760105000204 3137602116561 3077 
313760105000204 3137604334663 3266 
313760105000204 3137602116529 8980 
313760105000204 3137606897061 10572 
313760105000204 3137606844286 8215 
313760105000204 313760105000026 519 
313760105000204 313760105000048 7554 
313760105000204 313760105000050 3803 
313760105000204 313760105000082 3322 
313760105000204 313760105000098 1911 
313760105000204 313760105000145 5455 
313760105000204 313760105000146 7770 
313760105000204 313760105000152 9070 
313760105000204 313760105000172 4203 
313760105000204 313760105000206 1300 
313760105000204 313760105000219 4080 
313760105000204 313760105000220 4918 
313760105000204 313760105000221 4454 
313760105000204 313760105000225 5187 
313760105000204 313760105000226 5250 
313760105000204 313760105000229 5550 
313760105000204 313760105000231 3475 
313760105000204 313760105000257 3309 
313760105000204 313760105000264 7174 
313760105000204 313760105000273 3511 
313760105000204 313760105000280 8234 
313760105000204 313760114000002 6996 
313760105000204 313760114000007 7236 
313760105000204 313760114000008 6720 
313760105000204 313760114000009 6135 
313760105000204 313760114000010 9684 
313760105000204 313760115000005 8432 
313760105000204 313760115000006 11909 
313760105000204 313760115000007 11202 
313760105000204 313760115000015 6520 
313760105000205 3137605402034 4353 
313760105000205 3137602116553 3981 
313760105000205 3137605324920 3653 
313760105000205 3137602168332 1409 
313760105000205 3137605324912 1527 
313760105000205 3137602116588 2950 
313760105000205 3137605402417 4289 
313760105000205 3137602117363 5932 
313760105000205 3137605324904 2954 
313760105000205 3137602116537 5831 
313760105000205 3137602116545 3446 
313760105000205 3137605402425 945 
313760105000205 3137602116561 4147 
313760105000205 3137604334663 3891 
313760105000205 3137602116529 8914 
313760105000205 3137606897061 10099 
313760105000205 3137606844286 8244 
313760105000205 313760105000026 776 
313760105000205 313760105000048 8757 
313760105000205 313760105000050 3090 
313760105000205 313760105000082 4515 
313760105000205 313760105000098 3109 
313760105000205 313760105000145 6617 
313760105000205 313760105000146 8841 
313760105000205 313760105000152 9182 
313760105000205 313760105000172 3228 
313760105000205 313760105000206 352 
313760105000205 313760105000219 4378 
313760105000205 313760105000220 5160 
313760105000205 313760105000221 4817 
313760105000205 313760105000225 5564 
313760105000205 313760105000226 5536 
313760105000205 313760105000229 5845 
313760105000205 313760105000231 2333 
313760105000205 313760105000257 4441 
313760105000205 313760105000264 7954 
313760105000205 313760105000273 3396 
313760105000205 313760105000280 8715 
313760105000205 313760114000002 7898 
313760105000205 313760114000007 8288 
313760105000205 313760114000008 7768 
313760105000205 313760114000009 7243 
313760105000205 313760114000010 10783 
313760105000205 313760115000005 7720 
313760105000205 313760115000006 11539 
313760105000205 313760115000007 11211 
313760105000205 313760115000015 6119 
313760105000206 3137605402034 4448 
313760105000206 3137602116553 3966 
313760105000206 3137605324920 3935 
313760105000206 3137602168332 1109 
313760105000206 3137605324912 1430 
313760105000206 3137602116588 2689 
313760105000206 3137605402417 3954 
313760105000206 3137602117363 5592 
313760105000206 3137605324904 2742 
313760105000206 3137602116537 5494 
313760105000206 3137602116545 3682 
313760105000206 3137605402425 684 
313760105000206 3137602116561 4070 
313760105000206 3137604334663 3661 
313760105000206 3137602116529 8565 
313760105000206 3137606897061 9754 
313760105000206 3137606844286 7901 
313760105000206 313760105000026 797 
313760105000206 313760105000048 8811 
313760105000206 313760105000050 3382 
313760105000206 313760105000082 4544 
313760105000206 313760105000098 3200 
313760105000206 313760105000145 6755 
313760105000206 313760105000146 8744 
313760105000206 313760105000152 8846 
313760105000206 313760105000172 2967 
313760105000206 313760105000206 0 
313760105000206 313760105000219 4077 
313760105000206 313760105000220 4847 
313760105000206 313760105000221 4524 
313760105000206 313760105000225 5270 
313760105000206 313760105000226 5227 
313760105000206 313760105000229 5536 
313760105000206 313760105000231 2444 
313760105000206 313760105000257 4401 
313760105000206 313760105000264 7742 
313760105000206 313760105000273 3748 
313760105000206 313760105000280 8429 
313760105000206 313760114000002 8158 
313760105000206 313760114000007 8496 
313760105000206 313760114000008 7977 
313760105000206 313760114000009 7421 
313760105000206 313760114000010 10968 
313760105000206 313760115000005 7400 
313760105000206 313760115000006 11189 
313760105000206 313760115000007 10866 
313760105000206 313760115000015 5769 
313760105000207 3137605402034 4683 
313760105000207 3137602116553 3896 
313760105000207 3137605324920 4719 
313760105000207 3137602168332 466 
313760105000207 3137605324912 1446 
313760105000207 3137602116588 1896 
313760105000207 3137605402417 2911 
313760105000207 3137602117363 4539 
313760105000207 3137605324904 2117 
313760105000207 3137602116537 4445 
313760105000207 3137602116545 4339 
313760105000207 3137605402425 686 
313760105000207 3137602116561 3807 
313760105000207 3137604334663 2929 
313760105000207 3137602116529 7510 
313760105000207 3137606897061 8799 
313760105000207 3137606844286 6846 
313760105000207 313760105000026 1374 
313760105000207 313760105000048 8843 
313760105000207 313760105000050 4385 
313760105000207 313760105000082 4578 
313760105000207 313760105000098 3480 
313760105000207 313760105000145 7062 
313760105000207 313760105000146 8327 
313760105000207 313760105000152 7797 
313760105000207 313760105000172 2537 
313760105000207 313760105000206 1056 
313760105000207 313760105000219 3116 
313760105000207 313760105000220 3847 
313760105000207 313760105000221 3580 
313760105000207 313760105000225 4316 
313760105000207 313760105000226 4237 
313760105000207 313760105000229 4545 
313760105000207 313760105000231 3157 
313760105000207 313760105000257 4237 
313760105000207 313760105000264 6999 
313760105000207 313760105000273 4796 
313760105000207 313760105000280 7487 
313760105000207 313760114000002 8830 
313760105000207 313760114000007 8999 
313760105000207 313760114000008 8490 
313760105000207 313760114000009 7842 
313760105000207 313760114000010 11384 
313760105000207 313760115000005 6592 
313760105000207 313760115000006 10195 
313760105000207 313760115000007 9810 
313760105000207 313760115000015 4775 
313760105000208 3137605402034 4481 
313760105000208 3137602116553 3683 
313760105000208 3137605324920 4589 
313760105000208 3137602168332 255 
313760105000208 3137605324912 1250 
313760105000208 3137602116588 1739 
313760105000208 3137605402417 2884 
313760105000208 3137602117363 4529 
313760105000208 3137605324904 1929 
313760105000208 3137602116537 4426 
313760105000208 3137602116545 4187 
313760105000208 3137605402425 571 
313760105000208 3137602116561 3597 
313760105000208 3137604334663 2765 
313760105000208 3137602116529 7527 
313760105000208 3137606897061 8900 
313760105000208 3137606844286 6842 
313760105000208 313760105000026 1259 
313760105000208 313760105000048 8631 
313760105000208 313760105000050 4444 
313760105000208 313760105000082 4367 
313760105000208 313760105000098 3285 
313760105000208 313760105000145 6863 
313760105000208 313760105000146 8129 
313760105000208 313760105000152 7777 
313760105000208 313760105000172 2744 
313760105000208 313760105000206 1073 
313760105000208 313760105000219 3025 
313760105000208 313760105000220 3779 
313760105000208 313760105000221 3482 
313760105000208 313760105000225 4223 
313760105000208 313760105000226 4163 
313760105000208 313760105000229 4472 
313760105000208 313760105000231 3294 
313760105000208 313760105000257 4025 
313760105000208 313760105000264 6844 
313760105000208 313760105000273 4772 
313760105000208 313760105000280 7391 
313760105000208 313760114000002 8671 
313760105000208 313760114000007 8816 
313760105000208 313760114000008 8308 
313760105000208 313760114000009 7652 
313760105000208 313760114000010 11191 
313760105000208 313760115000005 6742 
313760105000208 313760115000006 10275 
313760105000208 313760115000007 9814 
313760105000208 313760115000015 4863 
313760105000209 3137605402034 7706 
313760105000209 3137602116553 6340 
313760105000209 3137605324920 9129 
313760105000209 3137602168332 5107 
313760105000209 3137605324912 5678 
313760105000209 3137602116588 4000 
313760105000209 3137605402417 2198 
313760105000209 3137602117363 538 
313760105000209 3137605324904 4402 
313760105000209 3137602116537 663 
313760105000209 3137602116545 8512 
313760105000209 3137605402425 5588 
313760105000209 3137602116561 5687 
313760105000209 3137604334663 3812 
313760105000209 3137602116529 2572 
313760105000209 3137606897061 5221 
313760105000209 3137606844286 1779 
313760105000209 313760105000026 6189 
313760105000209 313760105000048 10210 
313760105000209 313760105000050 9421 
313760105000209 313760105000082 7039 
313760105000209 313760105000098 7025 
313760105000209 313760105000145 9772 
313760105000209 313760105000146 7712 
313760105000209 313760105000152 2729 
313760105000209 313760105000172 5329 
313760105000209 313760105000206 6131 
313760105000209 313760105000219 2531 
313760105000209 313760105000220 1748 
313760105000209 313760105000221 2391 
313760105000209 313760105000225 2038 
313760105000209 313760105000226 1658 
313760105000209 313760105000229 1548 
313760105000209 313760105000231 7876 
313760105000209 313760105000257 6208 
313760105000209 313760105000264 4798 
313760105000209 313760105000273 9824 
313760105000209 313760105000280 3487 
313760105000209 313760114000002 12566 
313760105000209 313760114000007 12142 
313760105000209 313760114000008 11715 
313760105000209 313760114000009 10827 
313760105000209 313760114000010 14006 
313760105000209 313760115000005 4945 
313760105000209 313760115000006 6035 
313760105000209 313760115000007 4765 
313760105000209 313760115000015 2317 
313760105000210 3137605402034 8064 
313760105000210 3137602116553 6698 
313760105000210 3137605324920 9473 
313760105000210 3137602168332 5415 
313760105000210 3137605324912 6010 
313760105000210 3137602116588 4344 
313760105000210 3137605402417 2515 
313760105000210 3137602117363 854 
313760105000210 3137605324904 4752 
313760105000210 3137602116537 1006 
313760105000210 3137602116545 8861 
313760105000210 3137605402425 5894 
313760105000210 3137602116561 6043 
313760105000210 3137604334663 4169 
313760105000210 3137602116529 2226 
313760105000210 3137606897061 4901 
313760105000210 3137606844286 1478 
313760105000210 313760105000026 6506 
313760105000210 313760105000048 10540 
313760105000210 313760105000050 9690 
313760105000210 313760105000082 7396 
313760105000210 313760105000098 7379 
313760105000210 313760105000145 10128 
313760105000210 313760105000146 7983 
313760105000210 313760105000152 2480 
313760105000210 313760105000172 5490 
313760105000210 313760105000206 6424 
313760105000210 313760105000219 2886 
313760105000210 313760105000220 2106 
313760105000210 313760105000221 2748 
313760105000210 313760105000225 2377 
313760105000210 313760105000226 2007 
313760105000210 313760105000229 1879 
313760105000210 313760105000231 8110 
313760105000210 313760105000257 6564 
313760105000210 313760105000264 5019 
313760105000210 313760105000273 10132 
313760105000210 313760105000280 3542 
313760105000210 313760114000002 12923 
313760105000210 313760114000007 12498 
313760105000210 313760114000008 12072 
313760105000210 313760114000009 11183 
313760105000210 313760114000010 14355 
313760105000210 313760115000005 4782 
313760105000210 313760115000006 5683 
313760105000210 313760115000007 4450 
313760105000210 313760115000015 2245 
313760105000211 3137605402034 2226 
313760105000211 3137602116553 987 
313760105000211 3137605324920 3916 
313760105000211 3137602168332 2548 
313760105000211 3137605324912 1814 
313760105000211 3137602116588 1836 
313760105000211 3137605402417 3650 
313760105000211 3137602117363 5064 
313760105000211 3137605324904 1314 
313760105000211 3137602116537 4880 
313760105000211 3137602116545 3201 
313760105000211 3137605402425 2660 
313760105000211 3137602116561 826 
313760105000211 3137604334663 1711 
313760105000211 3137602116529 8062 
313760105000211 3137606897061 10370 
313760105000211 3137606844286 7163 
313760105000211 313760105000026 2559 
313760105000211 313760105000048 5885 
313760105000211 313760105000050 6081 
313760105000211 313760105000082 1745 
313760105000211 313760105000098 1595 
313760105000211 313760105000145 4498 
313760105000211 313760105000146 5513 
313760105000211 313760105000152 7829 
313760105000211 313760105000172 5485 
313760105000211 313760105000206 3244 
313760105000211 313760105000219 2991 
313760105000211 313760105000220 3775 
313760105000211 313760105000221 3154 
313760105000211 313760105000225 3749 
313760105000211 313760105000226 3975 
313760105000211 313760105000229 4223 
313760105000211 313760105000231 5660 
313760105000211 313760105000257 1232 
313760105000211 313760105000264 5003 
313760105000211 313760105000273 5516 
313760105000211 313760105000280 6425 
313760105000211 313760114000002 7055 
313760105000211 313760114000007 6749 
313760105000211 313760114000008 6289 
313760105000211 313760114000009 5464 
313760105000211 313760114000010 8874 
313760105000211 313760115000005 8822 
313760105000211 313760115000006 11458 
313760105000211 313760115000007 10069 
313760105000211 313760115000015 6406 
313760105000212 3137605402034 1938 
313760105000212 3137602116553 822 
313760105000212 3137605324920 3595 
313760105000212 3137602168332 2610 
313760105000212 3137605324912 1780 
313760105000212 3137602116588 2088 
313760105000212 3137605402417 3940 
313760105000212 3137602117363 5380 
313760105000212 3137605324904 1570 
313760105000212 3137602116537 5198 
313760105000212 3137602116545 2875 
313760105000212 3137605402425 2663 
313760105000212 3137602116561 929 
313760105000212 3137604334663 2039 
313760105000212 3137602116529 8387 
313760105000212 3137606897061 10659 
313760105000212 3137606844286 7491 
313760105000212 313760105000026 2475 
313760105000212 313760105000048 5771 
313760105000212 313760105000050 5901 
313760105000212 313760105000082 1547 
313760105000212 313760105000098 1265 
313760105000212 313760105000145 4252 
313760105000212 313760105000146 5617 
313760105000212 313760105000152 8160 
313760105000212 313760105000172 5589 
313760105000212 313760105000206 3203 
313760105000212 313760105000219 3308 
313760105000212 313760105000220 4099 
313760105000212 313760105000221 3482 
313760105000212 313760105000225 4081 
313760105000212 313760105000226 4304 
313760105000212 313760105000229 4553 
313760105000212 313760105000231 5583 
313760105000212 313760105000257 1198 
313760105000212 313760105000264 5267 
313760105000212 313760105000273 5261 
313760105000212 313760105000280 6743 
313760105000212 313760114000002 6739 
313760105000212 313760114000007 6468 
313760105000212 313760114000008 6002 
313760105000212 313760114000009 5194 
313760105000212 313760114000010 8633 
313760105000212 313760115000005 9056 
313760105000212 313760115000006 11764 
313760105000212 313760115000007 10400 
313760105000212 313760115000015 6677 
313760105000213 3137605402034 1699 
313760105000213 3137602116553 2759 
313760105000213 3137605324920 1002 
313760105000213 3137602168332 4282 
313760105000213 3137605324912 3313 
313760105000213 3137602116588 4689 
313760105000213 3137605402417 6603 
313760105000213 3137602117363 8163 
313760105000213 3137605324904 4248 
313760105000213 3137602116537 7993 
313760105000213 3137602116545 450 
313760105000213 3137605402425 3987 
313760105000213 3137602116561 3466 
313760105000213 3137604334663 4914 
313760105000213 3137602116529 11216 
313760105000213 3137606897061 13214 
313760105000213 3137606844286 10346 
313760105000213 313760105000026 3347 
313760105000213 313760105000048 5691 
313760105000213 313760105000050 4917 
313760105000213 313760105000082 2523 
313760105000213 313760105000098 1639 
313760105000213 313760105000145 3064 
313760105000213 313760105000146 7236 
313760105000213 313760105000152 11049 
313760105000213 313760105000172 7021 
313760105000213 313760105000206 4060 
313760105000213 313760105000219 6119 
313760105000213 313760105000220 6942 
313760105000213 313760105000221 6347 
313760105000213 313760105000225 6972 
313760105000213 313760105000226 7176 
313760105000213 313760105000229 7436 
313760105000213 313760105000231 5621 
313760105000213 313760105000257 3220 
313760105000213 313760105000264 7841 
313760105000213 313760105000273 3491 
313760105000213 313760105000280 9579 
313760105000213 313760114000002 4175 
313760105000213 313760114000007 4449 
313760105000213 313760114000008 3928 
313760105000213 313760114000009 3467 
313760105000213 313760114000010 6970 
313760105000213 313760115000005 11234 
313760105000213 313760115000006 14445 
313760105000213 313760115000007 13281 
313760105000213 313760115000015 9159 
313760105000214 3137605402034 1405 
313760105000214 3137602116553 2384 
313760105000214 3137605324920 1291 
313760105000214 3137602168332 3999 
313760105000214 3137605324912 3014 
313760105000214 3137602116588 4332 
313760105000214 3137605402417 6248 
313760105000214 3137602117363 7796 
313760105000214 3137605324904 3882 
313760105000214 3137602116537 7625 
313760105000214 3137602116545 577 
313760105000214 3137605402425 3731 
313760105000214 3137602116561 3086 
313760105000214 3137604334663 4534 
313760105000214 3137602116529 10845 
313760105000214 3137606897061 12880 
313760105000214 3137606844286 9971 
313760105000214 313760105000026 3115 
313760105000214 313760105000048 5588 
313760105000214 313760105000050 4990 
313760105000214 313760105000082 2191 
313760105000214 313760105000098 1259 
313760105000214 313760105000145 3066 
313760105000214 313760105000146 6953 
313760105000214 313760105000152 10668 
313760105000214 313760105000172 6800 
313760105000214 313760105000206 3857 
313760105000214 313760105000219 5747 
313760105000214 313760105000220 6567 
313760105000214 313760105000221 5969 
313760105000214 313760105000225 6590 
313760105000214 313760105000226 6797 
313760105000214 313760105000229 7056 
313760105000214 313760105000231 5558 
313760105000214 313760105000257 2855 
313760105000214 313760105000264 7475 
313760105000214 313760105000273 3670 
313760105000214 313760105000280 9196 
313760105000214 313760114000002 4476 
313760105000214 313760114000007 4640 
313760105000214 313760114000008 4123 
313760105000214 313760114000009 3584 
313760105000214 313760114000010 7120 
313760105000214 313760115000005 10944 
313760105000214 313760115000006 14095 
313760105000214 313760115000007 12901 
313760105000214 313760115000015 8828 
313760105000215 3137605402034 5184 
313760105000215 3137602116553 5207 
313760105000215 3137605324920 3521 
313760105000215 3137602168332 3102 
313760105000215 3137605324912 3081 
313760105000215 3137602116588 4639 
313760105000215 3137605402417 5940 
313760105000215 3137602117363 7560 
313760105000215 3137605324904 4605 
313760105000215 3137602116537 7471 
313760105000215 3137602116545 3670 
313760105000215 3137605402425 2642 
313760105000215 3137602116561 5531 
313760105000215 3137604334663 5552 
313760105000215 3137602116529 10480 
313760105000215 3137606897061 11355 
313760105000215 3137606844286 9858 
313760105000215 313760105000026 2297 
313760105000215 313760105000048 9616 
313760105000215 313760105000050 1397 
313760105000215 313760105000082 5584 
313760105000215 313760105000098 4054 
313760105000215 313760105000145 7162 
313760105000215 313760105000146 10207 
313760105000215 313760105000152 10822 
313760105000215 313760105000172 4048 
313760105000215 313760105000206 2000 
313760105000215 313760105000219 6073 
313760105000215 313760105000220 6847 
313760105000215 313760105000221 6514 
313760105000215 313760105000225 7261 
313760105000215 313760105000226 7227 
313760105000215 313760105000229 7536 
313760105000215 313760105000231 1572 
313760105000215 313760105000257 5720 
313760105000215 313760105000264 9578 
313760105000215 313760105000273 2101 
313760105000215 313760105000280 10410 
313760105000215 313760114000002 7692 
313760105000215 313760114000007 8414 
313760105000215 313760114000008 7896 
313760105000215 313760114000009 7564 
313760105000215 313760114000010 10994 
313760105000215 313760115000005 8736 
313760105000215 313760115000006 12879 
313760105000215 313760115000007 12802 
313760105000215 313760115000015 7507 
313760105000216 3137605402034 4579 
313760105000216 3137602116553 4412 
313760105000216 3137605324920 3413 
313760105000216 3137602168332 2143 
313760105000216 3137605324912 2137 
313760105000216 3137602116588 3669 
313760105000216 3137605402417 5016 
313760105000216 3137602117363 6653 
313760105000216 3137605324904 3640 
313760105000216 3137602116537 6556 
313760105000216 3137602116545 3359 
313760105000216 3137605402425 1677 
313760105000216 3137602116561 4668 
313760105000216 3137604334663 4586 
313760105000216 3137602116529 9615 
313760105000216 3137606897061 10682 
313760105000216 3137606844286 8961 
313760105000216 313760105000026 1349 
313760105000216 313760105000048 9024 
313760105000216 313760105000050 2368 
313760105000216 313760105000082 4866 
313760105000216 313760105000098 3375 
313760105000216 313760105000145 6725 
313760105000216 313760105000146 9365 
313760105000216 313760105000152 9908 
313760105000216 313760105000172 3580 
313760105000216 313760105000206 1061 
313760105000216 313760105000219 5111 
313760105000216 313760105000220 5895 
313760105000216 313760105000221 5548 
313760105000216 313760105000225 6296 
313760105000216 313760105000226 6270 
313760105000216 313760105000229 6579 
313760105000216 313760105000231 1932 
313760105000216 313760105000257 4904 
313760105000216 313760105000264 8624 
313760105000216 313760105000273 2736 
313760105000216 313760105000280 9442 
313760105000216 313760114000002 7681 
313760105000216 313760114000007 8216 
313760105000216 313760114000008 7694 
313760105000216 313760114000009 7252 
313760105000216 313760114000010 10758 
313760105000216 313760115000005 8197 
313760105000216 313760115000006 12157 
313760105000216 313760115000007 11922 
313760105000216 313760115000015 6748 
313760105000217 3137605402034 4874 
313760105000217 3137602116553 4021 
313760105000217 3137605324920 5006 
313760105000217 3137602168332 653 
313760105000217 3137605324912 1659 
313760105000217 3137602116588 1813 
313760105000217 3137605402417 2650 
313760105000217 3137602117363 4264 
313760105000217 3137605324904 2102 
313760105000217 3137602116537 4175 
313760105000217 3137602116545 4610 
313760105000217 3137605402425 974 
313760105000217 3137602116561 3879 
313760105000217 3137604334663 2849 
313760105000217 3137602116529 7219 
313760105000217 3137606897061 8500 
313760105000217 3137606844286 6566 
313760105000217 313760105000026 1666 
313760105000217 313760105000048 8969 
313760105000217 313760105000050 4638 
313760105000217 313760105000082 4723 
313760105000217 313760105000098 3691 
313760105000217 313760105000145 7259 
313760105000217 313760105000146 8325 
313760105000217 313760105000152 7526 
313760105000217 313760105000172 2390 
313760105000217 313760105000206 1346 
313760105000217 313760105000219 2917 
313760105000217 313760105000220 3619 
313760105000217 313760105000221 3389 
313760105000217 313760105000225 4115 
313760105000217 313760105000226 4014 
313760105000217 313760105000229 4321 
313760105000217 313760105000231 3325 
313760105000217 313760105000257 4333 
313760105000217 313760105000264 6885 
313760105000217 313760105000273 5092 
313760105000217 313760105000280 7284 
313760105000217 313760114000002 9095 
313760105000217 313760114000007 9232 
313760105000217 313760114000008 8726 
313760105000217 313760114000009 8061 
313760105000217 313760114000010 11597 
313760105000217 313760115000005 6318 
313760105000217 313760115000006 9892 
313760105000217 313760115000007 9524 
313760105000217 313760115000015 4473 
313760105000218 3137605402034 4548 
313760105000218 3137602116553 3670 
313760105000218 3137605324920 4808 
313760105000218 3137602168332 398 
313760105000218 3137605324912 1367 
313760105000218 3137602116588 1511 
313760105000218 3137605402417 2584 
313760105000218 3137602117363 4231 
313760105000218 3137605324904 1764 
313760105000218 3137602116537 4127 
313760105000218 3137602116545 4375 
313760105000218 3137605402425 840 
313760105000218 3137602116561 3524 
313760105000218 3137604334663 2547 
313760105000218 3137602116529 7235 
313760105000218 3137606897061 8662 
313760105000218 3137606844286 6545 
313760105000218 313760105000026 1511 
313760105000218 313760105000048 8617 
313760105000218 313760105000050 4741 
313760105000218 313760105000082 4376 
313760105000218 313760105000098 3382 
313760105000218 313760105000145 6935 
313760105000218 313760105000146 7986 
313760105000218 313760105000152 7477 
313760105000218 313760105000172 2742 
313760105000218 313760105000206 1373 
313760105000218 313760105000219 2736 
313760105000218 313760105000220 3483 
313760105000218 313760105000221 3198 
313760105000218 313760105000225 3936 
313760105000218 313760105000226 3869 
313760105000218 313760105000229 4177 
313760105000218 313760105000231 3548 
313760105000218 313760105000257 3978 
313760105000218 313760105000264 6610 
313760105000218 313760105000273 5066 
313760105000218 313760105000280 7106 
313760105000218 313760114000002 8842 
313760105000218 313760114000007 8938 
313760105000218 313760114000008 8435 
313760105000218 313760114000009 7753 
313760105000218 313760114000010 11283 
313760105000218 313760115000005 6567 
313760105000218 313760115000006 10019 
313760105000218 313760115000007 9518 
313760105000218 313760115000015 4614 
313760105000219 3137605402034 5203 
313760105000219 3137602116553 3859 
313760105000219 3137605324920 6636 
313760105000219 3137602168332 2971 
313760105000219 3137605324912 3297 
313760105000219 3137602116588 1552 
313760105000219 3137605402417 947 
313760105000219 3137602117363 2072 
313760105000219 3137605324904 1888 
313760105000219 3137602116537 1889 
313760105000219 3137602116545 5999 
313760105000219 3137605402425 3435 
313760105000219 3137602116561 3252 
313760105000219 3137604334663 1319 
313760105000219 3137602116529 5097 
313760105000219 3137606897061 7462 
313760105000219 3137606844286 4236 
313760105000219 313760105000026 3925 
313760105000219 313760105000048 8145 
313760105000219 313760105000050 7460 
313760105000219 313760105000082 4586 
313760105000219 313760105000098 4494 
313760105000219 313760105000145 7356 
313760105000219 313760105000146 6356 
313760105000219 313760105000152 5015 
313760105000219 313760105000172 4489 
313760105000219 313760105000206 4077 
313760105000219 313760105000219 0 
313760105000219 313760105000220 846 
313760105000219 313760105000221 479 
313760105000219 313760105000225 1200 
313760105000219 313760105000226 1173 
313760105000219 313760105000229 1479 
313760105000219 313760105000231 6240 
313760105000219 313760105000257 3795 
313760105000219 313760105000264 4210 
313760105000219 313760105000273 7568 
313760105000219 313760105000280 4371 
313760105000219 313760114000002 10046 
313760105000219 313760114000007 9686 
313760105000219 313760114000008 9244 
313760105000219 313760114000009 8381 
313760105000219 313760114000010 11668 
313760105000219 313760115000005 6320 
313760105000219 313760115000006 8478 
313760105000219 313760115000007 7200 
313760105000219 313760115000015 3669 
313760105000220 3137605402034 5958 
313760105000220 3137602116553 4592 
313760105000220 3137605324920 7477 
313760105000220 3137602168332 3752 
313760105000220 3137605324912 4137 
313760105000220 3137602116588 2396 
313760105000220 3137605402417 1122 
313760105000220 3137602117363 1357 
313760105000220 3137605324904 2729 
313760105000220 3137602116537 1156 
313760105000220 3137602116545 6833 
313760105000220 3137605402425 4225 
313760105000220 3137602116561 3942 
313760105000220 3137604334663 2067 
313760105000220 3137602116529 4287 
313760105000220 3137606897061 6847 
313760105000220 3137606844286 3404 
313760105000220 313760105000026 4746 
313760105000220 313760105000048 8618 
313760105000220 313760105000050 8224 
313760105000220 313760105000082 5293 
313760105000220 313760105000098 5310 
313760105000220 313760105000145 8036 
313760105000220 313760105000146 6483 
313760105000220 313760105000152 4169 
313760105000220 313760105000172 4881 
313760105000220 313760105000206 4847 
313760105000220 313760105000219 846 
313760105000220 313760105000220 0 
313760105000220 313760105000221 646 
313760105000220 313760105000225 691 
313760105000220 313760105000226 405 
313760105000220 313760105000229 704 
313760105000220 313760105000231 6911 
313760105000220 313760105000257 4468 
313760105000220 313760105000264 3982 
313760105000220 313760105000273 8395 
313760105000220 313760105000280 3706 
313760105000220 313760114000002 10821 
313760105000220 313760114000007 10398 
313760105000220 313760114000008 9968 
313760105000220 313760114000009 9084 
313760105000220 313760114000010 12299 
313760105000220 313760115000005 6013 
313760105000220 313760115000006 7765 
313760105000220 313760115000007 6358 
313760105000220 313760115000015 3285 
313760105000221 3137605402034 5322 
313760105000221 3137602116553 3951 
313760105000221 3137605324920 6917 
313760105000221 3137602168332 3415 
313760105000221 3137605324912 3671 
313760105000221 3137602116588 1928 
313760105000221 3137605402417 1292 
313760105000221 3137602117363 2000 
313760105000221 3137605324904 2186 
313760105000221 3137602116537 1800 
313760105000221 3137602116545 6256 
313760105000221 3137605402425 3872 
313760105000221 3137602116561 3297 
313760105000221 3137604334663 1443 
313760105000221 3137602116529 4912 
313760105000221 3137606897061 7481 
313760105000221 3137606844286 4008 
313760105000221 313760105000026 4333 
313760105000221 313760105000048 8011 
313760105000221 313760105000050 7905 
313760105000221 313760105000082 4648 
313760105000221 313760105000098 4710 
313760105000221 313760105000145 7390 
313760105000221 313760105000146 6030 
313760105000221 313760105000152 4716 
313760105000221 313760105000172 4948 
313760105000221 313760105000206 4524 
313760105000221 313760105000219 479 
313760105000221 313760105000220 646 
313760105000221 313760105000221 0 
313760105000221 313760105000225 747 
313760105000221 313760105000226 831 
313760105000221 313760105000229 1111 
313760105000221 313760105000231 6714 
313760105000221 313760105000257 3822 
313760105000221 313760105000264 3760 
313760105000221 313760105000273 7958 
313760105000221 313760105000280 3909 
313760105000221 313760114000002 10189 
313760105000221 313760114000007 9752 
313760105000221 313760114000008 9324 
313760105000221 313760114000009 8438 
313760105000221 313760114000010 11657 
313760105000221 313760115000005 6534 
313760105000221 313760115000006 8411 
313760105000221 313760115000007 6935 
313760105000221 313760115000015 3832 
313760105000222 3137605402034 7147 
313760105000222 3137602116553 5764 
313760105000222 3137605324920 8846 
313760105000222 3137602168332 5173 
313760105000222 3137605324912 5561 
313760105000222 3137602116588 3815 
313760105000222 3137605402417 2377 
313760105000222 3137602117363 1252 
313760105000222 3137605324904 4114 
313760105000222 3137602116537 1152 
313760105000222 3137602116545 8181 
313760105000222 3137605402425 5649 
313760105000222 3137602116561 5067 
313760105000222 3137604334663 3346 
313760105000222 3137602116529 3147 
313760105000222 3137606897061 6214 
313760105000222 3137606844286 2180 
313760105000222 313760105000026 6175 
313760105000222 313760105000048 9287 
313760105000222 313760105000050 9629 
313760105000222 313760105000082 6411 
313760105000222 313760105000098 6621 
313760105000222 313760105000145 9070 
313760105000222 313760105000146 6635 
313760105000222 313760105000152 2790 
313760105000222 313760105000172 5972 
313760105000222 313760105000206 6260 
313760105000222 313760105000219 2263 
313760105000222 313760105000220 1429 
313760105000222 313760105000221 1930 
313760105000222 313760105000225 1302 
313760105000222 313760105000226 1102 
313760105000222 313760105000229 824 
313760105000222 313760105000231 8247 
313760105000222 313760105000257 5552 
313760105000222 313760105000264 3683 
313760105000222 313760105000273 9825 
313760105000222 313760105000280 2560 
313760105000222 313760114000002 12017 
313760105000222 313760114000007 11469 
313760105000222 313760114000008 11067 
313760105000222 313760114000009 10149 
313760105000222 313760114000010 13210 
313760105000222 313760115000005 6057 
313760105000222 313760115000006 6865 
313760105000222 313760115000007 5025 
313760105000222 313760115000015 3394 
313760105000223 3137605402034 7068 
313760105000223 3137602116553 5689 
313760105000223 3137605324920 8671 
313760105000223 3137602168332 4889 
313760105000223 3137605324912 5326 
313760105000223 3137602116588 3590 
313760105000223 3137605402417 2045 
313760105000223 3137602117363 886 
313760105000223 3137605324904 3924 
313760105000223 3137602116537 772 
313760105000223 3137602116545 8020 
313760105000223 3137605402425 5368 
313760105000223 3137602116561 5008 
313760105000223 3137604334663 3213 
313760105000223 3137602116529 3167 
313760105000223 3137606897061 6058 
313760105000223 3137606844286 2240 
313760105000223 313760105000026 5915 
313760105000223 313760105000048 9389 
313760105000223 313760105000050 9323 
313760105000223 313760105000082 6360 
313760105000223 313760105000098 6482 
313760105000223 313760105000145 9056 
313760105000223 313760105000146 6856 
313760105000223 313760105000152 2972 
313760105000223 313760105000172 5597 
313760105000223 313760105000206 5966 
313760105000223 313760105000219 2043 
313760105000223 313760105000220 1197 
313760105000223 313760105000221 1772 
313760105000223 313760105000225 1258 
313760105000223 313760105000226 950 
313760105000223 313760105000229 749 
313760105000223 313760105000231 7909 
313760105000223 313760105000257 5511 
313760105000223 313760105000264 3973 
313760105000223 313760105000273 9568 
313760105000223 313760105000280 2943 
313760105000223 313760114000002 11940 
313760105000223 313760114000007 11443 
313760105000223 313760114000008 11030 
313760105000223 313760114000009 10124 
313760105000223 313760114000010 13244 
313760105000223 313760115000005 5749 
313760105000223 313760115000006 6798 
313760105000223 313760115000007 5168 
313760105000223 313760115000015 3059 
313760105000224 3137605402034 6592 
313760105000224 3137602116553 5209 
313760105000224 3137605324920 8337 
313760105000224 3137602168332 4793 
313760105000224 3137605324912 5111 
313760105000224 3137602116588 3365 
313760105000224 3137605402417 2138 
313760105000224 3137602117363 1460 
313760105000224 3137605324904 3627 
313760105000224 3137602116537 1296 
313760105000224 3137602116545 7662 
313760105000224 3137605402425 5262 
313760105000224 3137602116561 4509 
313760105000224 3137604334663 2821 
313760105000224 3137602116529 3709 
313760105000224 3137606897061 6709 
313760105000224 3137606844286 2743 
313760105000224 313760105000026 5756 
313760105000224 313760105000048 8755 
313760105000224 313760105000050 9275 
313760105000224 313760105000082 5851 
313760105000224 313760105000098 6091 
313760105000224 313760105000145 8507 
313760105000224 313760105000146 6201 
313760105000224 313760105000152 3322 
313760105000224 313760105000172 5856 
313760105000224 313760105000206 5894 
313760105000224 313760105000219 1832 
313760105000224 313760105000220 1060 
313760105000224 313760105000221 1443 
313760105000224 313760105000225 757 
313760105000224 313760105000226 667 
313760105000224 313760105000229 358 
313760105000224 313760105000231 7970 
313760105000224 313760105000257 4991 
313760105000224 313760105000264 3362 
313760105000224 313760105000273 9393 
313760105000224 313760105000280 2666 
313760105000224 313760114000002 11461 
313760105000224 313760114000007 10906 
313760105000224 313760114000008 10505 
313760105000224 313760114000009 9586 
313760105000224 313760114000010 12653 
313760105000224 313760115000005 6367 
313760105000224 313760115000006 7409 
313760105000224 313760115000007 5568 
313760105000224 313760115000015 3653 
313760105000225 3137605402034 5845 
313760105000225 3137602116553 4462 
313760105000225 3137605324920 7586 
313760105000225 3137602168332 4161 
313760105000225 3137605324912 4406 
313760105000225 3137602116588 2669 
313760105000225 3137605402417 1780 
313760105000225 3137602117363 1794 
313760105000225 3137605324904 2894 
313760105000225 3137602116537 1593 
313760105000225 3137602116545 6907 
313760105000225 3137605402425 4619 
313760105000225 3137602116561 3769 
313760105000225 3137604334663 2066 
313760105000225 3137602116529 4416 
313760105000225 3137606897061 7252 
313760105000225 3137606844286 3467 
313760105000225 313760105000026 5077 
313760105000225 313760105000048 8176 
313760105000225 313760105000050 8651 
313760105000225 313760105000082 5116 
313760105000225 313760105000098 5333 
313760105000225 313760105000145 7799 
313760105000225 313760105000146 5862 
313760105000225 313760105000152 4079 
313760105000225 313760105000172 5535 
313760105000225 313760105000206 5270 
313760105000225 313760105000219 1200 
313760105000225 313760105000220 691 
313760105000225 313760105000221 747 
313760105000225 313760105000225 0 
313760105000225 313760105000226 422 
313760105000225 313760105000229 509 
313760105000225 313760105000231 7435 
313760105000225 313760105000257 4262 
313760105000225 313760105000264 3291 
313760105000225 313760105000273 8695 
313760105000225 313760105000280 3171 
313760105000225 313760114000002 10716 
313760105000225 313760114000007 10190 
313760105000225 313760114000008 9781 
313760105000225 313760114000009 8870 
313760105000225 313760114000010 11988 
313760105000225 313760115000005 6622 
313760105000225 313760115000006 8050 
313760105000225 313760115000007 6324 
313760105000225 313760115000015 3884 
313760105000226 3137605402034 6119 
313760105000226 3137602116553 4740 
313760105000226 3137605324920 7748 
313760105000226 3137602168332 4127 
313760105000226 3137605324912 4467 
313760105000226 3137602116588 2719 
313760105000226 3137605402417 1521 
313760105000226 3137602117363 1378 
313760105000226 3137605324904 3011 
313760105000226 3137602116537 1175 
313760105000226 3137602116545 7087 
313760105000226 3137605402425 4597 
313760105000226 3137602116561 4064 
313760105000226 3137604334663 2265 
313760105000226 3137602116529 4112 
313760105000226 3137606897061 6854 
313760105000226 3137606844286 3191 
313760105000226 313760105000026 5099 
313760105000226 313760105000048 8575 
313760105000226 313760105000050 8608 
313760105000226 313760105000082 5417 
313760105000226 313760105000098 5538 
313760105000226 313760105000145 8129 
313760105000226 313760105000146 6282 
313760105000226 313760105000152 3885 
313760105000226 313760105000172 5275 
313760105000226 313760105000206 5227 
313760105000226 313760105000219 1173 
313760105000226 313760105000220 405 
313760105000226 313760105000221 831 
313760105000226 313760105000225 422 
313760105000226 313760105000226 0 
313760105000226 313760105000229 308 
313760105000226 313760105000231 7313 
313760105000226 313760105000257 4573 
313760105000226 313760105000264 3663 
313760105000226 313760105000273 8741 
313760105000226 313760105000280 3300 
313760105000226 313760114000002 10990 
313760105000226 313760114000007 10509 
313760105000226 313760114000008 10091 
313760105000226 313760114000009 9191 
313760105000226 313760114000010 12348 
313760105000226 313760115000005 6202 
313760105000226 313760115000006 7690 
313760105000226 313760115000007 6104 
313760105000226 313760115000015 3464 
313760105000227 3137605402034 6459 
313760105000227 3137602116553 5088 
313760105000227 3137605324920 7988 
313760105000227 3137602168332 4196 
313760105000227 3137605324912 4626 
313760105000227 3137602116588 2893 
313760105000227 3137605402417 1401 
313760105000227 3137602117363 941 
313760105000227 3137605324904 3239 
313760105000227 3137602116537 737 
313760105000227 3137602116545 7345 
313760105000227 3137605402425 4674 
313760105000227 3137602116561 4428 
313760105000227 3137604334663 2574 
313760105000227 3137602116529 3778 
313760105000227 3137606897061 6427 
313760105000227 3137606844286 2891 
313760105000227 313760105000026 5215 
313760105000227 313760105000048 9007 
313760105000227 313760105000050 8644 
313760105000227 313760105000082 5781 
313760105000227 313760105000098 5823 
313760105000227 313760105000145 8512 
313760105000227 313760105000146 6711 
313760105000227 313760105000152 3668 
313760105000227 313760105000172 5080 
313760105000227 313760105000206 5278 
313760105000227 313760105000219 1352 
313760105000227 313760105000220 512 
313760105000227 313760105000221 1137 
313760105000227 313760105000225 859 
313760105000227 313760105000226 438 
313760105000227 313760105000229 515 
313760105000227 313760105000231 7268 
313760105000227 313760105000257 4948 
313760105000227 313760105000264 4033 
313760105000227 313760105000273 8868 
313760105000227 313760105000280 3429 
313760105000227 313760114000002 11326 
313760105000227 313760114000007 10882 
313760105000227 313760114000008 10458 
313760105000227 313760114000009 9567 
313760105000227 313760114000010 12753 
313760105000227 313760115000005 5778 
313760105000227 313760115000006 7293 
313760105000227 313760115000007 5848 
313760105000227 313760115000015 3040 
313760105000228 3137605402034 6631 
313760105000228 3137602116553 5255 
313760105000228 3137605324920 8208 
313760105000228 3137602168332 4449 
313760105000228 3137605324912 4867 
313760105000228 3137602116588 3129 
313760105000228 3137605402417 1654 
313760105000228 3137602117363 935 
313760105000228 3137605324904 3461 
313760105000228 3137602116537 748 
313760105000228 3137602116545 7559 
313760105000228 3137605402425 4927 
313760105000228 3137602116561 4583 
313760105000228 3137604334663 2761 
313760105000228 3137602116529 3598 
313760105000228 3137606897061 6357 
313760105000228 3137606844286 2689 
313760105000228 313760105000026 5464 
313760105000228 313760105000048 9071 
313760105000228 313760105000050 8900 
313760105000228 313760105000082 5936 
313760105000228 313760105000098 6025 
313760105000228 313760105000145 8650 
313760105000228 313760105000146 6678 
313760105000228 313760105000152 3434 
313760105000228 313760105000172 5309 
313760105000228 313760105000206 5533 
313760105000228 313760105000219 1580 
313760105000228 313760105000220 734 
313760105000228 313760105000221 1318 
313760105000228 313760105000225 894 
313760105000228 313760105000226 521 
313760105000228 313760105000229 431 
313760105000228 313760105000231 7523 
313760105000228 313760105000257 5094 
313760105000228 313760105000264 3922 
313760105000228 313760105000273 9116 
313760105000228 313760105000280 3197 
313760105000228 313760114000002 11502 
313760105000228 313760114000007 11030 
313760105000228 313760114000008 10611 
313760105000228 313760114000009 9712 
313760105000228 313760114000010 12866 
313760105000228 313760115000005 5835 
313760105000228 313760115000006 7171 
313760105000228 313760115000007 5629 
313760105000228 313760115000015 3106 
313760105000229 3137605402034 6341 
313760105000229 3137602116553 4959 
313760105000229 3137605324920 8024 
313760105000229 3137602168332 4436 
313760105000229 3137605324912 4767 
313760105000229 3137602116588 3019 
313760105000229 3137605402417 1798 
313760105000229 3137602117363 1367 
313760105000229 3137605324904 3298 
313760105000229 3137602116537 1177 
313760105000229 3137602116545 7357 
313760105000229 3137605402425 4905 
313760105000229 3137602116561 4271 
313760105000229 3137604334663 2522 
313760105000229 3137602116529 3908 
313760105000229 3137606897061 6769 
313760105000229 3137606844286 2965 
313760105000229 313760105000026 5405 
313760105000229 313760105000048 8663 
313760105000229 313760105000050 8916 
313760105000229 313760105000082 5620 
313760105000229 313760105000098 5797 
313760105000229 313760105000145 8308 
313760105000229 313760105000146 6246 
313760105000229 313760105000152 3614 
313760105000229 313760105000172 5536 
313760105000229 313760105000206 5536 
313760105000229 313760105000219 1479 
313760105000229 313760105000220 704 
313760105000229 313760105000221 1111 
313760105000229 313760105000225 509 
313760105000229 313760105000226 308 
313760105000229 313760105000229 0 
313760105000229 313760105000231 7615 
313760105000229 313760105000257 4768 
313760105000229 313760105000264 3521 
313760105000229 313760105000273 9045 
313760105000229 313760105000280 3008 
313760105000229 313760114000002 11213 
313760105000229 313760114000007 10698 
313760105000229 313760114000008 10287 
313760105000229 313760114000009 9379 
313760105000229 313760114000010 12495 
313760105000229 313760115000005 6260 
313760105000229 313760115000006 7544 
313760105000229 313760115000007 5847 
313760105000229 313760115000015 3527 
313760105000230 3137605402034 6171 
313760105000230 3137602116553 6008 
313760105000230 3137605324920 4691 
313760105000230 3137602168332 3296 
313760105000230 3137605324912 3616 
313760105000230 3137602116588 4896 
313760105000230 3137605402417 5855 
313760105000230 3137602117363 7383 
313760105000230 3137605324904 4986 
313760105000230 3137602116537 7324 
313760105000230 3137602116545 4796 
313760105000230 3137605402425 2925 
313760105000230 3137602116561 6224 
313760105000230 3137604334663 5894 
313760105000230 3137602116529 10151 
313760105000230 3137606897061 10672 
313760105000230 3137606844286 9620 
313760105000230 313760105000026 2851 
313760105000230 313760105000048 10619 
313760105000230 313760105000050 1714 
313760105000230 313760105000082 6474 
313760105000230 313760105000098 4980 
313760105000230 313760105000145 8254 
313760105000230 313760105000146 10923 
313760105000230 313760105000152 10634 
313760105000230 313760105000172 3260 
313760105000230 313760105000206 2246 
313760105000230 313760105000219 6168 
313760105000230 313760105000220 6869 
313760105000230 313760105000221 6637 
313760105000230 313760105000225 7368 
313760105000230 313760105000226 7267 
313760105000230 313760105000229 7572 
313760105000230 313760105000231 393 
313760105000230 313760105000257 6490 
313760105000230 313760105000264 9981 
313760105000230 313760105000273 3117 
313760105000230 313760105000280 10539 
313760105000230 313760114000002 8870 
313760105000230 313760114000007 9581 
313760105000230 313760114000008 9062 
313760105000230 313760114000009 8704 
313760105000230 313760114000010 12156 
313760105000230 313760115000005 7912 
313760105000230 313760115000006 12258 
313760105000230 313760115000007 12497 
313760105000230 313760115000015 6996 
313760105000231 3137605402034 6511 
313760105000231 3137602116553 6295 
313760105000231 3137605324920 5082 
313760105000231 3137602168332 3440 
313760105000231 3137605324912 3851 
313760105000231 3137602116588 5032 
313760105000231 3137605402417 5870 
313760105000231 3137602117363 7354 
313760105000231 3137605324904 5158 
313760105000231 3137602116537 7306 
313760105000231 3137602116545 5176 
313760105000231 3137605402425 3106 
313760105000231 3137602116561 6480 
313760105000231 3137604334663 6046 
313760105000231 3137602116529 10059 
313760105000231 3137606897061 10455 
313760105000231 3137606844286 9562 
313760105000231 313760105000026 3108 
313760105000231 313760105000048 10957 
313760105000231 313760105000050 1978 
313760105000231 313760105000082 6785 
313760105000231 313760105000098 5306 
313760105000231 313760105000145 8620 
313760105000231 313760105000146 11172 
313760105000231 313760105000152 10590 
313760105000231 313760105000172 3045 
313760105000231 313760105000206 2444 
313760105000231 313760105000219 6240 
313760105000231 313760105000220 6911 
313760105000231 313760105000221 6714 
313760105000231 313760105000225 7435 
313760105000231 313760105000226 7313 
313760105000231 313760105000229 7615 
313760105000231 313760105000231 0 
313760105000231 313760105000257 6767 
313760105000231 313760105000264 10133 
313760105000231 313760105000273 3483 
313760105000231 313760105000280 10600 
313760105000231 313760114000002 9264 
313760105000231 313760114000007 9970 
313760105000231 313760114000008 9451 
313760105000231 313760114000009 9084 
313760105000231 313760114000010 12543 
313760105000231 313760115000005 7649 
313760105000231 313760115000006 12060 
313760105000231 313760115000007 12409 
313760105000231 313760115000015 6852 
313760105000232 3137605402034 6080 
313760105000232 3137602116553 4980 
313760105000232 3137605324920 6603 
313760105000232 3137602168332 2195 
313760105000232 3137605324912 3104 
313760105000232 3137602116588 2194 
313760105000232 3137605402417 1522 
313760105000232 3137602117363 2847 
313760105000232 3137605324904 2702 
313760105000232 3137602116537 2809 
313760105000232 3137602116545 6147 
313760105000232 3137605402425 2613 
313760105000232 3137602116561 4616 
313760105000232 3137604334663 2963 
313760105000232 3137602116529 5643 
313760105000232 3137606897061 6864 
313760105000232 3137606844286 5070 
313760105000232 313760105000026 3301 
313760105000232 313760105000048 9791 
313760105000232 313760105000050 6109 
313760105000232 313760105000082 5736 
313760105000232 313760105000098 5014 
313760105000232 313760105000145 8444 
313760105000232 313760105000146 8501 
313760105000232 313760105000152 6084 
313760105000232 313760105000172 2244 
313760105000232 313760105000206 2983 
313760105000232 313760105000219 2267 
313760105000232 313760105000220 2644 
313760105000232 313760105000221 2714 
313760105000232 313760105000225 3292 
313760105000232 313760105000226 3043 
313760105000232 313760105000229 3314 
313760105000232 313760105000231 4509 
313760105000232 313760105000257 5146 
313760105000232 313760105000264 6474 
313760105000232 313760105000273 6729 
313760105000232 313760105000280 6310 
313760105000232 313760114000002 10581 
313760105000232 313760114000007 10572 
313760105000232 313760114000008 10081 
313760105000232 313760114000009 9341 
313760105000232 313760114000010 12824 
313760105000232 313760115000005 4879 
313760105000232 313760115000006 8234 
313760105000232 313760115000007 7976 
313760105000232 313760115000015 2820 
313760105000233 3137605402034 7046 
313760105000233 3137602116553 5815 
313760105000233 3137605324920 7870 
313760105000233 3137602168332 3509 
313760105000233 3137605324912 4330 
313760105000233 3137602116588 3025 
313760105000233 3137605402417 1338 
313760105000233 3137602117363 1721 
313760105000233 3137605324904 3541 
313760105000233 3137602116537 1763 
313760105000233 3137602116545 7363 
313760105000233 3137605402425 3955 
313760105000233 3137602116561 5321 
313760105000233 3137604334663 3435 
313760105000233 3137602116529 4274 
313760105000233 3137606897061 5621 
313760105000233 3137606844286 3763 
313760105000233 313760105000026 4630 
313760105000233 313760105000048 10377 
313760105000233 313760105000050 7475 
313760105000233 313760105000082 6574 
313760105000233 313760105000098 6093 
313760105000233 313760105000145 9345 
313760105000233 313760105000146 8589 
313760105000233 313760105000152 4812 
313760105000233 313760105000172 3157 
313760105000233 313760105000206 4365 
313760105000233 313760105000219 2278 
313760105000233 313760105000220 2166 
313760105000233 313760105000221 2559 
313760105000233 313760105000225 2851 
313760105000233 313760105000226 2479 
313760105000233 313760105000229 2661 
313760105000233 313760105000231 5806 
313760105000233 313760105000257 5871 
313760105000233 313760105000264 6139 
313760105000233 313760105000273 8113 
313760105000233 313760105000280 5465 
313760105000233 313760114000002 11719 
313760105000233 313760114000007 11577 
313760105000233 313760114000008 11103 
313760105000233 313760114000009 10307 
313760105000233 313760114000010 13714 
313760105000233 313760115000005 4064 
313760105000233 313760115000006 6909 
313760105000233 313760115000007 6617 
313760105000233 313760115000015 1574 
313760105000234 3137605402034 3772 
313760105000234 3137602116553 3113 
313760105000234 3137605324920 3825 
313760105000234 3137602168332 585 
313760105000234 3137605324912 552 
313760105000234 3137602116588 1863 
313760105000234 3137605402417 3409 
313760105000234 3137602117363 5074 
313760105000234 3137605324904 1833 
313760105000234 3137602116537 4950 
313760105000234 3137602116545 3405 
313760105000234 3137605402425 349 
313760105000234 3137602116561 3154 
313760105000234 3137604334663 2773 
313760105000234 3137602116529 8121 
313760105000234 3137606897061 9644 
313760105000234 3137606844286 7386 
313760105000234 313760105000026 583 
313760105000234 313760105000048 8025 
313760105000234 313760105000050 4182 
313760105000234 313760105000082 3744 
313760105000234 313760105000098 2549 
313760105000234 313760105000145 6139 
313760105000234 313760105000146 7810 
313760105000234 313760105000152 8276 
313760105000234 313760105000172 3443 
313760105000234 313760105000206 941 
313760105000234 313760105000219 3355 
313760105000234 313760105000220 4169 
313760105000234 313760105000221 3771 
313760105000234 313760105000225 4517 
313760105000234 313760105000226 4526 
313760105000234 313760105000229 4833 
313760105000234 313760105000231 3385 
313760105000234 313760105000257 3515 
313760105000234 313760105000264 6833 
313760105000234 313760105000273 4234 
313760105000234 313760105000280 7642 
313760105000234 313760114000002 7887 
313760105000234 313760114000007 8048 
313760105000234 313760114000008 7538 
313760105000234 313760114000009 6898 
313760105000234 313760114000010 10444 
313760105000234 313760115000005 7525 
313760105000234 313760115000006 10989 
313760105000234 313760115000007 10372 
313760105000234 313760115000015 5593 
313760105000235 3137605402034 4112 
313760105000235 3137602116553 3460 
313760105000235 3137605324920 4033 
313760105000235 3137602168332 481 
313760105000235 3137605324912 901 
313760105000235 3137602116588 2010 
313760105000235 3137605402417 3392 
313760105000235 3137602117363 5051 
313760105000235 3137605324904 2060 
313760105000235 3137602116537 4939 
313760105000235 3137602116545 3658 
313760105000235 3137605402425 0 
313760105000235 3137602116561 3485 
313760105000235 3137604334663 2977 
313760105000235 3137602116529 8070 
313760105000235 3137606897061 9470 
313760105000235 3137606844286 7366 
313760105000235 313760105000026 691 
313760105000235 313760105000048 8375 
313760105000235 313760105000050 4036 
313760105000235 313760105000082 4094 
313760105000235 313760105000098 2882 
313760105000235 313760105000145 6473 
313760105000235 313760105000146 8123 
313760105000235 313760105000152 8283 
313760105000235 313760105000172 3112 
313760105000235 313760105000206 684 
313760105000235 313760105000219 3435 
313760105000235 313760105000220 4225 
313760105000235 313760105000221 3872 
313760105000235 313760105000225 4619 
313760105000235 313760105000226 4597 
313760105000235 313760105000229 4905 
313760105000235 313760105000231 3106 
313760105000235 313760105000257 3857 
313760105000235 313760105000264 7058 
313760105000235 313760105000273 4237 
313760105000235 313760105000280 7769 
313760105000235 313760114000002 8151 
313760105000235 313760114000007 8353 
313760105000235 313760114000008 7841 
313760105000235 313760114000009 7217 
313760105000235 313760114000010 10765 
313760105000235 313760115000005 7278 
313760105000235 313760115000006 10846 
313760105000235 313760115000007 10345 
313760105000235 313760115000015 5434 
313760105000236 3137605402034 3812 
313760105000236 3137602116553 2744 
313760105000236 3137605324920 4656 
313760105000236 3137602168332 1079 
313760105000236 3137605324912 1189 
313760105000236 3137602116588 581 
313760105000236 3137605402417 2350 
313760105000236 3137602117363 3983 
313760105000236 3137605324904 673 
313760105000236 3137602116537 3837 
313760105000236 3137602116545 4089 
313760105000236 3137605402425 1450 
313760105000236 3137602116561 2491 
313760105000236 3137604334663 1532 
313760105000236 3137602116529 7059 
313760105000236 3137606897061 8930 
313760105000236 3137606844286 6266 
313760105000236 313760105000026 1830 
313760105000236 313760105000048 7648 
313760105000236 313760105000050 5462 
313760105000236 313760105000082 3489 
313760105000236 313760105000098 2785 
313760105000236 313760105000145 6175 
313760105000236 313760105000146 6893 
313760105000236 313760105000152 7104 
313760105000236 313760105000172 3762 
313760105000236 313760105000206 2133 
313760105000236 313760105000219 2113 
313760105000236 313760105000220 2949 
313760105000236 313760105000221 2505 
313760105000236 313760105000225 3248 
313760105000236 313760105000226 3286 
313760105000236 313760105000229 3589 
313760105000236 313760105000231 4517 
313760105000236 313760105000257 2981 
313760105000236 313760105000264 5619 
313760105000236 313760105000273 5456 
313760105000236 313760105000280 6360 
313760105000236 313760114000002 8406 
313760105000236 313760114000007 8316 
313760105000236 313760114000008 7831 
313760105000236 313760114000009 7075 
313760105000236 313760114000010 10555 
313760105000236 313760115000005 7144 
313760105000236 313760115000006 10157 
313760105000236 313760115000007 9251 
313760105000236 313760115000015 4885 
313760105000237 3137605402034 4046 
313760105000237 3137602116553 3007 
313760105000237 3137605324920 4771 
313760105000237 3137602168332 900 
313760105000237 3137605324912 1245 
313760105000237 3137602116588 699 
313760105000237 3137605402417 2259 
313760105000237 3137602117363 3914 
313760105000237 3137605324904 922 
313760105000237 3137602116537 3778 
313760105000237 3137602116545 4231 
313760105000237 3137605402425 1323 
313760105000237 3137602116561 2762 
313760105000237 3137604334663 1718 
313760105000237 3137602116529 6984 
313760105000237 3137606897061 8759 
313760105000237 3137606844286 6214 
313760105000237 313760105000026 1792 
313760105000237 313760105000048 7917 
313760105000237 313760105000050 5359 
313760105000237 313760105000082 3747 
313760105000237 313760105000098 2987 
313760105000237 313760105000145 6417 
313760105000237 313760105000146 7145 
313760105000237 313760105000152 7079 
313760105000237 313760105000172 3491 
313760105000237 313760105000206 1996 
313760105000237 313760105000219 2136 
313760105000237 313760105000220 2953 
313760105000237 313760105000221 2558 
313760105000237 313760105000225 3305 
313760105000237 313760105000226 3308 
313760105000237 313760105000229 3615 
313760105000237 313760105000231 4334 
313760105000237 313760105000257 3251 
313760105000237 313760105000264 5800 
313760105000237 313760105000273 5442 
313760105000237 313760105000280 6446 
313760105000237 313760114000002 8591 
313760105000237 313760114000007 8537 
313760105000237 313760114000008 8048 
313760105000237 313760114000009 7304 
313760105000237 313760114000010 10794 
313760105000237 313760115000005 6916 
313760105000237 313760115000006 10013 
313760105000237 313760115000007 9202 
313760105000237 313760115000015 4705 
313760105000238 3137605402034 2007 
313760105000238 3137602116553 1139 
313760105000238 3137605324920 4588 
313760105000238 3137602168332 4350 
313760105000238 3137605324912 3587 
313760105000238 3137602116588 3400 
313760105000238 3137605402417 4900 
313760105000238 3137602117363 5995 
313760105000238 3137605324904 2914 
313760105000238 3137602116537 5793 
313760105000238 3137602116545 3842 
313760105000238 3137605402425 4456 
313760105000238 3137602116561 1008 
313760105000238 3137604334663 2777 
313760105000238 3137602116529 8746 
313760105000238 3137606897061 11477 
313760105000238 3137606844286 7779 
313760105000238 313760105000026 4284 
313760105000238 313760105000048 4203 
313760105000238 313760105000050 7584 
313760105000238 313760105000082 1137 
313760105000238 313760105000098 2445 
313760105000238 313760105000145 3475 
313760105000238 313760105000146 3877 
313760105000238 313760105000152 8239 
313760105000238 313760105000172 7256 
313760105000238 313760105000206 5014 
313760105000238 313760105000219 4042 
313760105000238 313760105000220 4638 
313760105000238 313760105000221 3997 
313760105000238 313760105000225 4342 
313760105000238 313760105000226 4690 
313760105000238 313760105000229 4852 
313760105000238 313760105000231 7389 
313760105000238 313760105000257 624 
313760105000238 313760105000264 4247 
313760105000238 313760105000273 6709 
313760105000238 313760105000280 6258 
313760105000238 313760114000002 6597 
313760105000238 313760114000007 5883 
313760105000238 313760114000008 5504 
313760105000238 313760114000009 4564 
313760105000238 313760114000010 7662 
313760105000238 313760115000005 10270 
313760105000238 313760115000006 12381 
313760105000238 313760115000007 10494 
313760105000238 313760115000015 7694 
313760105000239 3137605402034 2095 
313760105000239 3137602116553 726 
313760105000239 3137605324920 4289 
313760105000239 3137602168332 3353 
313760105000239 3137605324912 2639 
313760105000239 3137602116588 2421 
313760105000239 3137605402417 4043 
313760105000239 3137602117363 5286 
313760105000239 3137605324904 1922 
313760105000239 3137602116537 5091 
313760105000239 3137602116545 3542 
313760105000239 3137605402425 3485 
313760105000239 3137602116561 0 
313760105000239 3137604334663 1937 
313760105000239 3137602116529 8175 
313760105000239 3137606897061 10713 
313760105000239 3137606844286 7236 
313760105000239 313760105000026 3374 
313760105000239 313760105000048 5180 
313760105000239 313760105000050 6830 
313760105000239 313760105000082 1353 
313760105000239 313760105000098 1958 
313760105000239 313760105000145 4105 
313760105000239 313760105000146 4699 
313760105000239 313760105000152 7804 
313760105000239 313760105000172 6248 
313760105000239 313760105000206 4070 
313760105000239 313760105000219 3252 
313760105000239 313760105000220 3942 
313760105000239 313760105000221 3297 
313760105000239 313760105000225 3769 
313760105000239 313760105000226 4064 
313760105000239 313760105000229 4271 
313760105000239 313760105000231 6480 
313760105000239 313760105000257 550 
313760105000239 313760105000264 4445 
313760105000239 313760105000273 6139 
313760105000239 313760105000280 6123 
313760105000239 313760114000002 6953 
313760105000239 313760114000007 6455 
313760105000239 313760114000008 6029 
313760105000239 313760114000009 5142 
313760105000239 313760114000010 8425 
313760105000239 313760115000005 9358 
313760105000239 313760115000006 11705 
313760105000239 313760115000007 10062 
313760105000239 313760115000015 6840 
313760105000240 3137605402034 2442 
313760105000240 3137602116553 1281 
313760105000240 3137605324920 4889 
313760105000240 3137602168332 4065 
313760105000240 3137605324912 3403 
313760105000240 3137602116588 2957 
313760105000240 3137605402417 4351 
313760105000240 3137602117363 5404 
313760105000240 3137605324904 2504 
313760105000240 3137602116537 5202 
313760105000240 3137602116545 4137 
313760105000240 3137605402425 4229 
313760105000240 3137602116561 778 
313760105000240 3137604334663 2240 
313760105000240 3137602116529 8149 
313760105000240 3137606897061 10891 
313760105000240 3137606844286 7183 
313760105000240 313760105000026 4148 
313760105000240 313760105000048 4707 
313760105000240 313760105000050 7602 
313760105000240 313760105000082 1579 
313760105000240 313760105000098 2622 
313760105000240 313760105000145 4069 
313760105000240 313760105000146 3923 
313760105000240 313760105000152 7652 
313760105000240 313760105000172 6890 
313760105000240 313760105000206 4831 
313760105000240 313760105000219 3473 
313760105000240 313760105000220 4048 
313760105000240 313760105000221 3410 
313760105000240 313760105000225 3744 
313760105000240 313760105000226 4094 
313760105000240 313760105000229 4254 
313760105000240 313760105000231 7250 
313760105000240 313760105000257 779 
313760105000240 313760105000264 3841 
313760105000240 313760105000273 6862 
313760105000240 313760105000280 5733 
313760105000240 313760114000002 7151 
313760105000240 313760114000007 6474 
313760105000240 313760114000008 6089 
313760105000240 313760114000009 5155 
313760105000240 313760114000010 8256 
313760105000240 313760115000005 9737 
313760105000240 313760115000006 11784 
313760105000240 313760115000007 9909 
313760105000240 313760115000015 7136 
313760105000241 3137605402034 2379 
313760105000241 3137602116553 1018 
313760105000241 3137605324920 4572 
313760105000241 3137602168332 3395 
313760105000241 3137605324912 2751 
313760105000241 3137602116588 2334 
313760105000241 3137605402417 3864 
313760105000241 3137602117363 5055 
313760105000241 3137605324904 1860 
313760105000241 3137602116537 4857 
313760105000241 3137602116545 3827 
313760105000241 3137605402425 3565 
313760105000241 3137602116561 292 
313760105000241 3137604334663 1742 
313760105000241 3137602116529 7917 
313760105000241 3137606897061 10503 
313760105000241 3137606844286 6972 
313760105000241 313760105000026 3508 
313760105000241 313760105000048 5272 
313760105000241 313760105000050 7023 
313760105000241 313760105000082 1612 
313760105000241 313760105000098 2235 
313760105000241 313760105000145 4332 
313760105000241 313760105000146 4570 
313760105000241 313760105000152 7527 
313760105000241 313760105000172 6234 
313760105000241 313760105000206 4174 
313760105000241 313760105000219 3042 
313760105000241 313760105000220 3704 
313760105000241 313760105000221 3058 
313760105000241 313760105000225 3505 
313760105000241 313760105000226 3811 
313760105000241 313760105000229 4009 
313760105000241 313760105000231 6602 
313760105000241 313760105000257 764 
313760105000241 313760105000264 4174 
313760105000241 313760105000273 6382 
313760105000241 313760105000280 5830 
313760105000241 313760114000002 7228 
313760105000241 313760114000007 6699 
313760105000241 313760114000008 6280 
313760105000241 313760114000009 5383 
313760105000241 313760114000010 8626 
313760105000241 313760115000005 9213 
313760105000241 313760115000006 11470 
313760105000241 313760115000007 9785 
313760105000241 313760115000015 6663 
313760105000242 3137605402034 4318 
313760105000242 3137602116553 3023 
313760105000242 3137605324920 5651 
313760105000242 3137602168332 2182 
313760105000242 3137605324912 2348 
313760105000242 3137602116588 612 
313760105000242 3137605402417 1563 
313760105000242 3137602117363 3017 
313760105000242 3137605324904 905 
313760105000242 3137602116537 2845 
313760105000242 3137602116545 5017 
313760105000242 3137605402425 2610 
313760105000242 3137602116561 2500 
313760105000242 3137604334663 687 
313760105000242 3137602116529 6070 
313760105000242 3137606897061 8280 
313760105000242 3137606844286 5220 
313760105000242 313760105000026 3024 
313760105000242 313760105000048 7598 
313760105000242 313760105000050 6643 
313760105000242 313760105000082 3774 
313760105000242 313760105000098 3533 
313760105000242 313760105000145 6554 
313760105000242 313760105000146 6261 
313760105000242 313760105000152 5997 
313760105000242 313760105000172 4291 
313760105000242 313760105000206 3283 
313760105000242 313760105000219 985 
313760105000242 313760105000220 1830 
313760105000242 313760105000221 1323 
313760105000242 313760105000225 2059 
313760105000242 313760105000226 2130 
313760105000242 313760105000229 2425 
313760105000242 313760105000231 5586 
313760105000242 313760105000257 3051 
313760105000242 313760105000264 4583 
313760105000242 313760105000273 6636 
313760105000242 313760105000280 5168 
313760105000242 313760114000002 9123 
313760105000242 313760114000007 8837 
313760105000242 313760114000008 8380 
313760105000242 313760114000009 7546 
313760105000242 313760114000010 10909 
313760105000242 313760115000005 6866 
313760105000242 313760115000006 9374 
313760105000242 313760115000007 8186 
313760105000242 313760115000015 4347 
313760105000243 3137605402034 4295 
313760105000243 3137602116553 3044 
313760105000243 3137605324920 5488 
313760105000243 3137602168332 1886 
313760105000243 3137605324912 2111 
313760105000243 3137602116588 367 
313760105000243 3137605402417 1593 
313760105000243 3137602117363 3141 
313760105000243 3137605324904 798 
313760105000243 3137602116537 2980 
313760105000243 3137602116545 4876 
313760105000243 3137605402425 2321 
313760105000243 3137602116561 2579 
313760105000243 3137604334663 916 
313760105000243 3137602116529 6212 
313760105000243 3137606897061 8304 
313760105000243 3137606844286 5386 
313760105000243 313760105000026 2759 
313760105000243 313760105000048 7725 
313760105000243 313760105000050 6357 
313760105000243 313760105000082 3803 
313760105000243 313760105000098 3438 
313760105000243 313760105000145 6574 
313760105000243 313760105000146 6505 
313760105000243 313760105000152 6194 
313760105000243 313760105000172 4034 
313760105000243 313760105000206 2991 
313760105000243 313760105000219 1186 
313760105000243 313760105000220 2029 
313760105000243 313760105000221 1573 
313760105000243 313760105000225 2318 
313760105000243 313760105000226 2355 
313760105000243 313760105000229 2657 
313760105000243 313760105000231 5285 
313760105000243 313760105000257 3124 
313760105000243 313760105000264 4882 
313760105000243 313760105000273 6389 
313760105000243 313760105000280 5449 
313760105000243 313760114000002 9055 
313760105000243 313760114000007 8825 
313760105000243 313760114000008 8359 
313760105000243 313760114000009 7544 
313760105000243 313760114000010 10943 
313760105000243 313760115000005 6782 
313760105000243 313760115000006 9443 
313760105000243 313760115000007 8363 
313760105000243 313760115000015 4325 
313760105000245 3137605402034 2611 
313760105000245 3137602116553 1282 
313760105000245 3137605324920 4368 
313760105000245 3137602168332 2591 
313760105000245 3137605324912 2008 
313760105000245 3137602116588 1595 
313760105000245 3137605402417 3304 
313760105000245 3137602117363 4661 
313760105000245 3137605324904 1090 
313760105000245 3137602116537 4474 
313760105000245 3137602116545 3655 
313760105000245 3137605402425 2781 
313760105000245 3137602116561 832 
313760105000245 3137604334663 1287 
313760105000245 3137602116529 7637 
313760105000245 3137606897061 10014 
313760105000245 3137606844286 6729 
313760105000245 313760105000026 2787 
313760105000245 313760105000048 6012 
313760105000245 313760105000050 6392 
313760105000245 313760105000082 2033 
313760105000245 313760105000098 2050 
313760105000245 313760105000145 4812 
313760105000245 313760105000146 5341 
313760105000245 313760105000152 7382 
313760105000245 313760105000172 5433 
313760105000245 313760105000206 3410 
313760105000245 313760105000219 2591 
313760105000245 313760105000220 3354 
313760105000245 313760105000221 2725 
313760105000245 313760105000225 3303 
313760105000245 313760105000226 3539 
313760105000245 313760105000229 3781 
313760105000245 313760105000231 5851 
313760105000245 313760105000257 1358 
313760105000245 313760105000264 4619 
313760105000245 313760105000273 5910 
313760105000245 313760105000280 5978 
313760105000245 313760114000002 7467 
313760105000245 313760114000007 7106 
313760105000245 313760114000008 6657 
313760105000245 313760114000009 5809 
313760105000245 313760114000010 9171 
313760105000245 313760115000005 8561 
313760105000245 313760115000006 11069 
313760105000245 313760115000007 9626 
313760105000245 313760115000015 6086 
313760105000246 3137605402034 3814 
313760105000246 3137602116553 2494 
313760105000246 3137605324920 5306 
313760105000246 3137602168332 2291 
313760105000246 3137605324912 2214 
313760105000246 3137602116588 739 
313760105000246 3137605402417 2097 
313760105000246 3137602117363 3472 
313760105000246 3137605324904 647 
313760105000246 3137602116537 3289 
313760105000246 3137602116545 4642 
313760105000246 3137605402425 2660 
313760105000246 3137602116561 1953 
313760105000246 3137604334663 316 
313760105000246 3137602116529 6488 
313760105000246 3137606897061 8802 
313760105000246 3137606844286 5608 
313760105000246 313760105000026 2959 
313760105000246 313760105000048 7057 
313760105000246 313760105000050 6636 
313760105000246 313760105000082 3239 
313760105000246 313760105000098 3106 
313760105000246 313760105000145 6019 
313760105000246 313760105000146 5841 
313760105000246 313760105000152 6329 
313760105000246 313760105000172 4697 
313760105000246 313760105000206 3345 
313760105000246 313760105000219 1400 
313760105000246 313760105000220 2204 
313760105000246 313760105000221 1613 
313760105000246 313760105000225 2287 
313760105000246 313760105000226 2445 
313760105000246 313760105000229 2717 
313760105000246 313760105000231 5732 
313760105000246 313760105000257 2504 
313760105000246 313760105000264 4403 
313760105000246 313760105000273 6479 
313760105000246 313760105000280 5260 
313760105000246 313760114000002 8647 
313760105000246 313760114000007 8318 
313760105000246 313760114000008 7867 
313760105000246 313760114000009 7022 
313760105000246 313760114000010 10368 
313760105000246 313760115000005 7415 
313760105000246 313760115000006 9865 
313760105000246 313760115000007 8547 
313760105000246 313760115000015 4890 
313760105000247 3137605402034 3620 
313760105000247 3137602116553 2298 
313760105000247 3137605324920 5149 
313760105000247 3137602168332 2302 
313760105000247 3137605324912 2139 
313760105000247 3137602116588 821 
313760105000247 3137605402417 2291 
313760105000247 3137602117363 3662 
313760105000247 3137605324904 589 
313760105000247 3137602116537 3478 
313760105000247 3137602116545 4477 
313760105000247 3137605402425 2646 
313760105000247 3137602116561 1764 
313760105000247 3137604334663 387 
313760105000247 3137602116529 6671 
313760105000247 3137606897061 8997 
313760105000247 3137606844286 5785 
313760105000247 313760105000026 2900 
313760105000247 313760105000048 6883 
313760105000247 313760105000050 6585 
313760105000247 313760105000082 3045 
313760105000247 313760105000098 2929 
313760105000247 313760105000145 5825 
313760105000247 313760105000146 5743 
313760105000247 313760105000152 6493 
313760105000247 313760105000172 4805 
313760105000247 313760105000206 3328 
313760105000247 313760105000219 1589 
313760105000247 313760105000220 2384 
313760105000247 313760105000221 1782 
313760105000247 313760105000225 2437 
313760105000247 313760105000226 2612 
313760105000247 313760105000229 2879 
313760105000247 313760105000231 5737 
313760105000247 313760105000257 2314 
313760105000247 313760105000264 4413 
313760105000247 313760105000273 6378 
313760105000247 313760105000280 5361 
313760105000247 313760114000002 8457 
313760105000247 313760114000007 8123 
313760105000247 313760114000008 7672 
313760105000247 313760114000009 6826 
313760105000247 313760114000010 10174 
313760105000247 313760115000005 7599 
313760105000247 313760115000006 10059 
313760105000247 313760115000007 8717 
313760105000247 313760115000015 5082 
313760105000248 3137605402034 1052 
313760105000248 3137602116553 942 
313760105000248 3137605324920 2696 
313760105000248 3137602168332 3180 
313760105000248 3137605324912 2197 
313760105000248 3137602116588 3041 
313760105000248 3137605402417 4934 
313760105000248 3137602117363 6407 
313760105000248 3137605324904 2544 
313760105000248 3137602116537 6226 
313760105000248 3137602116545 1949 
313760105000248 3137605402425 3081 
313760105000248 3137602116561 1592 
313760105000248 3137604334663 3073 
313760105000248 3137602116529 9421 
313760105000248 3137606897061 11641 
313760105000248 3137606844286 8525 
313760105000248 313760105000026 2668 
313760105000248 313760105000048 5352 
313760105000248 313760105000050 5608 
313760105000248 313760105000082 1149 
313760105000248 313760105000098 414 
313760105000248 313760105000145 3438 
313760105000248 313760105000146 5884 
313760105000248 313760105000152 9187 
313760105000248 313760105000172 6169 
313760105000248 313760105000206 3463 
313760105000248 313760105000219 4337 
313760105000248 313760105000220 5133 
313760105000248 313760105000221 4516 
313760105000248 313760105000225 5108 
313760105000248 313760105000226 5337 
313760105000248 313760105000229 5584 
313760105000248 313760105000231 5647 
313760105000248 313760105000257 1469 
313760105000248 313760105000264 6028 
313760105000248 313760105000273 4678 
313760105000248 313760105000280 7682 
313760105000248 313760114000002 5719 
313760105000248 313760114000007 5533 
313760105000248 313760114000008 5050 
313760105000248 313760114000009 4295 
313760105000248 313760114000010 7798 
313760105000248 313760115000005 9926 
313760105000248 313760115000006 12776 
313760105000248 313760115000007 11430 
313760105000248 313760115000015 7630 
313760105000249 3137605402034 1417 
313760105000249 3137602116553 928 
313760105000249 3137605324920 2891 
313760105000249 3137602168332 2832 
313760105000249 3137605324912 1865 
313760105000249 3137602116588 2670 
313760105000249 3137605402417 4568 
313760105000249 3137602117363 6057 
313760105000249 3137605324904 2177 
313760105000249 3137602116537 5879 
313760105000249 3137602116545 2162 
313760105000249 3137605402425 2760 
313760105000249 3137602116561 1448 
313760105000249 3137604334663 2747 
313760105000249 3137602116529 9083 
313760105000249 3137606897061 11271 
313760105000249 3137606844286 8195 
313760105000249 313760105000026 2395 
313760105000249 313760105000048 5631 
313760105000249 313760105000050 5516 
313760105000249 313760105000082 1364 
313760105000249 313760105000098 547 
313760105000249 313760105000145 3802 
313760105000249 313760105000146 5945 
313760105000249 313760105000152 8877 
313760105000249 313760105000172 5828 
313760105000249 313760105000206 3182 
313760105000249 313760105000219 3991 
313760105000249 313760105000220 4797 
313760105000249 313760105000221 4188 
313760105000249 313760105000225 4799 
313760105000249 313760105000226 5013 
313760105000249 313760105000229 5267 
313760105000249 313760105000231 5432 
313760105000249 313760105000257 1460 
313760105000249 313760105000264 5888 
313760105000249 313760105000273 4705 
313760105000249 313760105000280 7448 
313760105000249 313760114000002 6081 
313760105000249 313760114000007 5909 
313760105000249 313760114000008 5427 
313760105000249 313760114000009 4670 
313760105000249 313760114000010 8168 
313760105000249 313760115000005 9550 
313760105000249 313760115000006 12415 
313760105000249 313760115000007 11114 
313760105000249 313760115000015 7256 
313760105000250 3137605402034 4170 
313760105000250 3137602116553 3231 
313760105000250 3137605324920 4651 
313760105000250 3137602168332 499 
313760105000250 3137605324912 1115 
313760105000250 3137602116588 1108 
313760105000250 3137605402417 2489 
313760105000250 3137602117363 4153 
313760105000250 3137605324904 1304 
313760105000250 3137602116537 4030 
313760105000250 3137602116545 4160 
313760105000250 3137605402425 952 
313760105000250 3137602116561 3060 
313760105000250 3137604334663 2129 
313760105000250 3137602116529 7203 
313760105000250 3137606897061 8822 
313760105000250 3137606844286 6466 
313760105000250 313760105000026 1502 
313760105000250 313760105000048 8172 
313760105000250 313760105000050 4983 
313760105000250 313760105000082 3951 
313760105000250 313760105000098 3043 
313760105000250 313760105000145 6555 
313760105000250 313760105000146 7521 
313760105000250 313760105000152 7360 
313760105000250 313760105000172 3194 
313760105000250 313760105000206 1606 
313760105000250 313760105000219 2482 
313760105000250 313760105000220 3276 
313760105000250 313760105000221 2921 
313760105000250 313760105000225 3668 
313760105000250 313760105000226 3645 
313760105000250 313760105000229 3953 
313760105000250 313760105000231 3923 
313760105000250 313760105000257 3522 
313760105000250 313760105000264 6211 
313760105000250 313760105000273 5148 
313760105000250 313760105000280 6823 
313760105000250 313760114000002 8585 
313760105000250 313760114000007 8610 
313760105000250 313760114000008 8113 
313760105000250 313760114000009 7404 
313760105000250 313760114000010 10919 
313760105000250 313760115000005 6851 
313760105000250 313760115000006 10126 
313760105000250 313760115000007 9451 
313760105000250 313760115000015 4762 
313760105000251 3137605402034 4073 
313760105000251 3137602116553 3183 
313760105000251 3137605324920 4479 
313760105000251 3137602168332 365 
313760105000251 3137605324912 955 
313760105000251 3137602116588 1241 
313760105000251 3137605402417 2675 
313760105000251 3137602117363 4340 
313760105000251 3137605324904 1375 
313760105000251 3137602116537 4217 
313760105000251 3137602116545 4000 
313760105000251 3137605402425 783 
313760105000251 3137602116561 3054 
313760105000251 3137604334663 2241 
313760105000251 3137602116529 7389 
313760105000251 3137606897061 8989 
313760105000251 3137606844286 6652 
313760105000251 313760105000026 1316 
313760105000251 313760105000048 8131 
313760105000251 313760105000050 4819 
313760105000251 313760105000082 3889 
313760105000251 313760105000098 2924 
313760105000251 313760105000145 6460 
313760105000251 313760105000146 7569 
313760105000251 313760105000152 7546 
313760105000251 313760105000172 3228 
313760105000251 313760105000206 1451 
313760105000251 313760105000219 2655 
313760105000251 313760105000220 3455 
313760105000251 313760105000221 3089 
313760105000251 313760105000225 3836 
313760105000251 313760105000226 3821 
313760105000251 313760105000229 4129 
313760105000251 313760105000231 3805 
313760105000251 313760105000257 3498 
313760105000251 313760105000264 6329 
313760105000251 313760105000273 4963 
313760105000251 313760105000280 6986 
313760105000251 313760114000002 8438 
313760105000251 313760114000007 8489 
313760105000251 313760114000008 7989 
313760105000251 313760114000009 7292 
313760105000251 313760114000010 10815 
313760105000251 313760115000005 6986 
313760105000251 313760115000006 10301 
313760105000251 313760115000007 9638 
313760105000251 313760115000015 4929 
313760105000252 3137605402034 4623 
313760105000252 3137602116553 3573 
313760105000252 3137605324920 5243 
313760105000252 3137602168332 996 
313760105000252 3137605324912 1701 
313760105000252 3137602116588 981 
313760105000252 3137605402417 1916 
313760105000252 3137602117363 3578 
313760105000252 3137605324904 1388 
313760105000252 3137602116537 3462 
313760105000252 3137602116545 4738 
313760105000252 3137605402425 1477 
313760105000252 3137602116561 3292 
313760105000252 3137604334663 1992 
313760105000252 3137602116529 6615 
313760105000252 3137606897061 8240 
313760105000252 3137606844286 5893 
313760105000252 313760105000026 2084 
313760105000252 313760105000048 8464 
313760105000252 313760105000050 5444 
313760105000252 313760105000082 4318 
313760105000252 313760105000098 3551 
313760105000252 313760105000145 6995 
313760105000252 313760105000146 7545 
313760105000252 313760105000152 6805 
313760105000252 313760105000172 3011 
313760105000252 313760105000206 2069 
313760105000252 313760105000219 2034 
313760105000252 313760105000220 2780 
313760105000252 313760105000221 2499 
313760105000252 313760105000225 3235 
313760105000252 313760105000226 3164 
313760105000252 313760105000229 3473 
313760105000252 313760105000231 4224 
313760105000252 313760105000257 3796 
313760105000252 313760105000264 5989 
313760105000252 313760105000273 5710 
313760105000252 313760105000280 6405 
313760105000252 313760114000002 9136 
313760105000252 313760114000007 9108 
313760105000252 313760114000008 8617 
313760105000252 313760114000009 7880 
313760105000252 313760114000010 11372 
313760105000252 313760115000005 6343 
313760105000252 313760115000006 9531 
313760105000252 313760115000007 8875 
313760105000252 313760115000015 4180 
313760105000253 3137605402034 4319 
313760105000253 3137602116553 3270 
313760105000253 3137605324920 5002 
313760105000253 3137602168332 920 
313760105000253 3137605324912 1461 
313760105000253 3137602116588 777 
313760105000253 3137605402417 2070 
313760105000253 3137602117363 3733 
313760105000253 3137605324904 1119 
313760105000253 3137602116537 3606 
313760105000253 3137602116545 4477 
313760105000253 3137605402425 1386 
313760105000253 3137602116561 3003 
313760105000253 3137604334663 1813 
313760105000253 3137602116529 6792 
313760105000253 3137606897061 8505 
313760105000253 3137606844286 6043 
313760105000253 313760105000026 1929 
313760105000253 313760105000048 8169 
313760105000253 313760105000050 5410 
313760105000253 313760105000082 4014 
313760105000253 313760105000098 3257 
313760105000253 313760105000145 6690 
313760105000253 313760105000146 7318 
313760105000253 313760105000152 6929 
313760105000253 313760105000172 3271 
313760105000253 313760105000206 2028 
313760105000253 313760105000219 2051 
313760105000253 313760105000220 2840 
313760105000253 313760105000221 2495 
313760105000253 313760105000225 3241 
313760105000253 313760105000226 3210 
313760105000253 313760105000229 3519 
313760105000253 313760105000231 4291 
313760105000253 313760105000257 3500 
313760105000253 313760105000264 5865 
313760105000253 313760105000273 5579 
313760105000253 313760105000280 6402 
313760105000253 313760114000002 8854 
313760105000253 313760114000007 8809 
313760105000253 313760114000008 8319 
313760105000253 313760114000009 7578 
313760105000253 313760114000010 11067 
313760105000253 313760115000005 6643 
313760105000253 313760115000006 9774 
313760105000253 313760115000007 9029 
313760105000253 313760115000015 4448 
313760105000254 3137605402034 6384 
313760105000254 3137602116553 5042 
313760105000254 3137605324920 7713 
313760105000254 3137602168332 3726 
313760105000254 3137605324912 4260 
313760105000254 3137602116588 2584 
313760105000254 3137605402417 829 
313760105000254 3137602117363 914 
313760105000254 3137605324904 3001 
313760105000254 3137602116537 756 
313760105000254 3137602116545 7103 
313760105000254 3137605402425 4207 
313760105000254 3137602116561 4430 
313760105000254 3137604334663 2503 
313760105000254 3137602116529 3986 
313760105000254 3137606897061 6292 
313760105000254 3137606844286 3189 
313760105000254 313760105000026 4789 
313760105000254 313760105000048 9228 
313760105000254 313760105000050 8119 
313760105000254 313760105000082 5768 
313760105000254 313760105000098 5639 
313760105000254 313760105000145 8535 
313760105000254 313760105000146 7146 
313760105000254 313760105000152 4075 
313760105000254 313760105000172 4435 
313760105000254 313760105000206 4780 
313760105000254 313760105000219 1183 
313760105000254 313760105000220 662 
313760105000254 313760105000221 1217 
313760105000254 313760105000225 1321 
313760105000254 313760105000226 938 
313760105000254 313760105000229 1135 
313760105000254 313760105000231 6683 
313760105000254 313760105000257 4970 
313760105000254 313760105000264 4601 
313760105000254 313760105000273 8435 
313760105000254 313760105000280 4072 
313760105000254 313760114000002 11218 
313760105000254 313760114000007 10870 
313760105000254 313760114000008 10427 
313760105000254 313760114000009 9564 
313760105000254 313760114000010 12836 
313760105000254 313760115000005 5353 
313760105000254 313760115000006 7295 
313760105000254 313760115000007 6176 
313760105000254 313760115000015 2630 
313760105000255 3137605402034 6436 
313760105000255 3137602116553 5082 
313760105000255 3137605324920 7835 
313760105000255 3137602168332 3910 
313760105000255 3137605324912 4410 
313760105000255 3137602116588 2709 
313760105000255 3137605402417 1039 
313760105000255 3137602117363 838 
313760105000255 3137605324904 3103 
313760105000255 3137602116537 650 
313760105000255 3137602116545 7214 
313760105000255 3137605402425 4391 
313760105000255 3137602116561 4451 
313760105000255 3137604334663 2541 
313760105000255 3137602116529 3870 
313760105000255 3137606897061 6301 
313760105000255 3137606844286 3042 
313760105000255 313760105000026 4960 
313760105000255 313760105000048 9175 
313760105000255 313760105000050 8323 
313760105000255 313760105000082 5797 
313760105000255 313760105000098 5728 
313760105000255 313760105000145 8554 
313760105000255 313760105000146 7011 
313760105000255 313760105000152 3898 
313760105000255 313760105000172 4667 
313760105000255 313760105000206 4974 
313760105000255 313760105000219 1238 
313760105000255 313760105000220 559 
313760105000255 313760105000221 1180 
313760105000255 313760105000225 1157 
313760105000255 313760105000226 752 
313760105000255 313760105000229 918 
313760105000255 313760105000231 6904 
313760105000255 313760105000257 4985 
313760105000255 313760105000264 4412 
313760105000255 313760105000273 8610 
313760105000255 313760105000280 3839 
313760105000255 313760114000002 11284 
313760105000255 313760114000007 10902 
313760105000255 313760114000008 10466 
313760105000255 313760114000009 9592 
313760105000255 313760114000010 12835 
313760105000255 313760115000005 5474 
313760105000255 313760115000006 7255 
313760105000255 313760115000007 6026 
313760105000255 313760115000015 2740 
313760105000256 3137605402034 1680 
313760105000256 3137602116553 376 
313760105000256 3137605324920 3994 
313760105000256 3137602168332 3553 
313760105000256 3137605324912 2751 
313760105000256 3137602116588 2770 
313760105000256 3137605402417 4451 
313760105000256 3137602117363 5717 
313760105000256 3137605324904 2256 
313760105000256 3137602116537 5522 
313760105000256 3137602116545 3242 
313760105000256 3137605402425 3631 
313760105000256 3137602116561 433 
313760105000256 3137604334663 2358 
313760105000256 3137602116529 8608 
313760105000256 3137606897061 11135 
313760105000256 3137606844286 7668 
313760105000256 313760105000026 3439 
313760105000256 313760105000048 4874 
313760105000256 313760105000050 6765 
313760105000256 313760105000082 920 
313760105000256 313760105000098 1716 
313760105000256 313760105000145 3679 
313760105000256 313760105000146 4702 
313760105000256 313760105000152 8229 
313760105000256 313760105000172 6501 
313760105000256 313760105000206 4174 
313760105000256 313760105000219 3676 
313760105000256 313760105000220 4374 
313760105000256 313760105000221 3729 
313760105000256 313760105000225 4201 
313760105000256 313760105000226 4498 
313760105000256 313760105000229 4703 
313760105000256 313760105000231 6543 
313760105000256 313760105000257 226 
313760105000256 313760105000264 4726 
313760105000256 313760105000273 5966 
313760105000256 313760105000280 6499 
313760105000256 313760114000002 6525 
313760105000256 313760114000007 6023 
313760105000256 313760114000008 5596 
313760105000256 313760114000009 4711 
313760105000256 313760114000010 8013 
313760105000256 313760115000005 9738 
313760105000256 313760115000006 12136 
313760105000256 313760115000007 10488 
313760105000256 313760115000015 7245 
313760105000257 3137605402034 1694 
313760105000257 3137602116553 536 
313760105000257 3137605324920 4113 
313760105000257 3137602168332 3775 
313760105000257 3137605324912 2978 
313760105000257 3137602116588 2953 
313760105000257 3137605402417 4593 
313760105000257 3137602117363 5818 
313760105000257 3137605324904 2445 
313760105000257 3137602116537 5620 
313760105000257 3137602116545 3361 
313760105000257 3137605402425 3857 
313760105000257 3137602116561 550 
313760105000257 3137604334663 2483 
313760105000257 3137602116529 8676 
313760105000257 3137606897061 11257 
313760105000257 3137606844286 7728 
313760105000257 313760105000026 3664 
313760105000257 313760105000048 4668 
313760105000257 313760105000050 6970 
313760105000257 313760105000082 868 
313760105000257 313760105000098 1877 
313760105000257 313760105000145 3569 
313760105000257 313760105000146 4492 
313760105000257 313760105000152 8263 
313760105000257 313760105000172 6716 
313760105000257 313760105000206 4401 
313760105000257 313760105000219 3795 
313760105000257 313760105000220 4468 
313760105000257 313760105000221 3822 
313760105000257 313760105000225 4262 
313760105000257 313760105000226 4573 
313760105000257 313760105000229 4768 
313760105000257 313760105000231 6767 
313760105000257 313760105000257 0 
313760105000257 313760105000264 4621 
313760105000257 313760105000273 6140 
313760105000257 313760105000280 6463 
313760105000257 313760114000002 6494 
313760105000257 313760114000007 5936 
313760105000257 313760114000008 5519 
313760105000257 313760114000009 4619 
313760105000257 313760114000010 7877 
313760105000257 313760115000005 9906 
313760105000257 313760115000006 12234 
313760105000257 313760115000007 10523 
313760105000257 313760115000015 7391 
313760105000258 3137605402034 4137 
313760105000258 3137602116553 2795 
313760105000258 3137605324920 5675 
313760105000258 3137602168332 2528 
313760105000258 3137605324912 2546 
313760105000258 3137602116588 928 
313760105000258 3137605402417 1846 
313760105000258 3137602117363 3136 
313760105000258 3137605324904 989 
313760105000258 3137602116537 2950 
313760105000258 3137602116545 5010 
313760105000258 3137605402425 2927 
313760105000258 3137602116561 2207 
313760105000258 3137604334663 278 
313760105000258 3137602116529 6134 
313760105000258 3137606897061 8511 
313760105000258 3137606844286 5247 
313760105000258 313760105000026 3272 
313760105000258 313760105000048 7225 
313760105000258 313760105000050 6934 
313760105000258 313760105000082 3527 
313760105000258 313760105000098 3466 
313760105000258 313760105000145 6303 
313760105000258 313760105000146 5811 
313760105000258 313760105000152 5961 
313760105000258 313760105000172 4741 
313760105000258 313760105000206 3609 
313760105000258 313760105000219 1066 
313760105000258 313760105000220 1847 
313760105000258 313760105000221 1246 
313760105000258 313760105000225 1919 
313760105000258 313760105000226 2077 
313760105000258 313760105000229 2348 
313760105000258 313760105000231 5959 
313760105000258 313760105000257 2755 
313760105000258 313760105000264 4181 
313760105000258 313760105000273 6825 
313760105000258 313760105000280 4922 
313760105000258 313760114000002 8986 
313760105000258 313760114000007 8623 
313760105000258 313760114000008 8179 
313760105000258 313760114000009 7320 
313760105000258 313760114000010 10633 
313760105000258 313760115000005 7219 
313760105000258 313760115000006 9544 
313760105000258 313760115000007 8181 
313760105000258 313760115000015 4645 
313760105000259 3137605402034 3895 
313760105000259 3137602116553 2541 
313760105000259 3137605324920 5521 
313760105000259 3137602168332 2606 
313760105000259 3137605324912 2514 
313760105000259 3137602116588 1037 
313760105000259 3137605402417 2124 
313760105000259 3137602117363 3379 
313760105000259 3137605324904 950 
313760105000259 3137602116537 3189 
313760105000259 3137602116545 4841 
313760105000259 3137605402425 2977 
313760105000259 3137602116561 1937 
313760105000259 3137604334663 0 
313760105000259 3137602116529 6352 
313760105000259 3137606897061 8777 
313760105000259 3137606844286 5451 
313760105000259 313760105000026 3267 
313760105000259 313760105000048 6948 
313760105000259 313760105000050 6947 
313760105000259 313760105000082 3266 
313760105000259 313760105000098 3275 
313760105000259 313760105000145 6038 
313760105000259 313760105000146 5589 
313760105000259 313760105000152 6136 
313760105000259 313760105000172 4950 
313760105000259 313760105000206 3661 
313760105000259 313760105000219 1319 
313760105000259 313760105000220 2067 
313760105000259 313760105000221 1443 
313760105000259 313760105000225 2066 
313760105000259 313760105000226 2265 
313760105000259 313760105000229 2522 
313760105000259 313760105000231 6046 
313760105000259 313760105000257 2483 
313760105000259 313760105000264 4087 
313760105000259 313760105000273 6764 
313760105000259 313760105000280 4974 
313760105000259 313760114000002 8754 
313760105000259 313760114000007 8367 
313760105000259 313760114000008 7926 
313760105000259 313760114000009 7061 
313760105000259 313760114000010 10361 
313760105000259 313760115000005 7498 
313760105000259 313760115000006 9794 
313760105000259 313760115000007 8367 
313760105000259 313760115000015 4922 
313760105000260 3137605402034 5287 
313760105000260 3137602116553 3994 
313760105000260 3137605324920 6489 
313760105000260 3137602168332 2561 
313760105000260 3137605324912 3033 
313760105000260 3137602116588 1366 
313760105000260 3137605402417 591 
313760105000260 3137602117363 2135 
313760105000260 3137605324904 1817 
313760105000260 3137602116537 1985 
313760105000260 3137602116545 5890 
313760105000260 3137605402425 3038 
313760105000260 3137602116561 3455 
313760105000260 3137604334663 1548 
313760105000260 3137602116529 5212 
313760105000260 3137606897061 7309 
313760105000260 3137606844286 4415 
313760105000260 313760105000026 3587 
313760105000260 313760105000048 8489 
313760105000260 313760105000050 7023 
313760105000260 313760105000082 4744 
313760105000260 313760105000098 4461 
313760105000260 313760105000145 7524 
313760105000260 313760105000146 6871 
313760105000260 313760105000152 5274 
313760105000260 313760105000172 3910 
313760105000260 313760105000206 3649 
313760105000260 313760105000219 578 
313760105000260 313760105000220 1201 
313760105000260 313760105000221 1047 
313760105000260 313760105000225 1718 
313760105000260 313760105000226 1593 
313760105000260 313760105000229 1900 
313760105000260 313760105000231 5728 
313760105000260 313760105000257 4006 
313760105000260 313760105000264 4788 
313760105000260 313760105000273 7239 
313760105000260 313760105000280 4872 
313760105000260 313760114000002 10073 
313760105000260 313760114000007 9808 
313760105000260 313760114000008 9350 
313760105000260 313760114000009 8518 
313760105000260 313760114000010 11874 
313760105000260 313760115000005 5952 
313760105000260 313760115000006 8423 
313760105000260 313760115000007 7401 
313760105000260 313760115000015 3385 
313760105000261 3137605402034 5363 
313760105000261 3137602116553 4077 
313760105000261 3137605324920 6530 
313760105000261 3137602168332 2553 
313760105000261 3137605324912 3058 
313760105000261 3137602116588 1416 
313760105000261 3137605402417 512 
313760105000261 3137602117363 2100 
313760105000261 3137605324904 1882 
313760105000261 3137602116537 1957 
313760105000261 3137602116545 5938 
313760105000261 3137605402425 3032 
313760105000261 3137602116561 3545 
313760105000261 3137604334663 1644 
313760105000261 3137602116529 5176 
313760105000261 3137606897061 7232 
313760105000261 3137606844286 4391 
313760105000261 313760105000026 3594 
313760105000261 313760105000048 8589 
313760105000261 313760105000050 7002 
313760105000261 313760105000082 4829 
313760105000261 313760105000098 4522 
313760105000261 313760105000145 7608 
313760105000261 313760105000146 6973 
313760105000261 313760105000152 5264 
313760105000261 313760105000172 3825 
313760105000261 313760105000206 3633 
313760105000261 313760105000219 666 
313760105000261 313760105000220 1231 
313760105000261 313760105000221 1125 
313760105000261 313760105000225 1776 
313760105000261 313760105000226 1629 
313760105000261 313760105000229 1934 
313760105000261 313760105000231 5684 
313760105000261 313760105000257 4096 
313760105000261 313760105000264 4875 
313760105000261 313760105000273 7245 
313760105000261 313760105000280 4920 
313760105000261 313760114000002 10139 
313760105000261 313760114000007 9887 
313760105000261 313760114000008 9427 
313760105000261 313760114000009 8598 
313760105000261 313760114000010 11962 
313760105000261 313760115000005 5854 
313760105000261 313760115000006 8358 
313760105000261 313760115000007 7379 
313760105000261 313760115000015 3295 
313760105000262 3137605402034 5305 
313760105000262 3137602116553 4026 
313760105000262 3137605324920 6455 
313760105000262 3137602168332 2473 
313760105000262 3137605324912 2979 
313760105000262 3137602116588 1346 
313760105000262 3137605402417 573 
313760105000262 3137602117363 2177 
313760105000262 3137605324904 1817 
313760105000262 3137602116537 2035 
313760105000262 3137602116545 5865 
313760105000262 3137605402425 2952 
313760105000262 3137602116561 3503 
313760105000262 3137604334663 1614 
313760105000262 3137602116529 5253 
313760105000262 3137606897061 7290 
313760105000262 3137606844286 4471 
313760105000262 313760105000026 3514 
313760105000262 313760105000048 8561 
313760105000262 313760105000050 6925 
313760105000262 313760105000082 4779 
313760105000262 313760105000098 4455 
313760105000262 313760105000145 7558 
313760105000262 313760105000146 6980 
313760105000262 313760105000152 5344 
313760105000262 313760105000172 3784 
313760105000262 313760105000206 3555 
313760105000262 313760105000219 705 
313760105000262 313760105000220 1305 
313760105000262 313760105000221 1173 
313760105000262 313760105000225 1839 
313760105000262 313760105000226 1702 
313760105000262 313760105000229 2007 
313760105000262 313760105000231 5614 
313760105000262 313760105000257 4053 
313760105000262 313760105000264 4914 
313760105000262 313760105000273 7164 
313760105000262 313760105000280 4988 
313760105000262 313760114000002 10074 
313760105000262 313760114000007 9831 
313760105000262 313760114000008 9369 
313760105000262 313760114000009 8544 
313760105000262 313760114000010 11914 
313760105000262 313760115000005 5884 
313760105000262 313760115000006 8425 
313760105000262 313760115000007 7458 
313760105000262 313760115000015 3341 
313760105000263 3137605402034 5305 
313760105000263 3137602116553 4094 
313760105000263 3137605324920 6236 
313760105000263 3137602168332 2068 
313760105000263 3137605324912 2705 
313760105000263 3137602116588 1286 
313760105000263 3137605402417 843 
313760105000263 3137602117363 2503 
313760105000263 3137605324904 1805 
313760105000263 3137602116537 2389 
313760105000263 3137602116545 5685 
313760105000263 3137605402425 2549 
313760105000263 3137602116561 3644 
313760105000263 3137604334663 1875 
313760105000263 3137602116529 5547 
313760105000263 3137606897061 7341 
313760105000263 3137606844286 4818 
313760105000263 313760105000026 3155 
313760105000263 313760105000048 8782 
313760105000263 313760105000050 6463 
313760105000263 313760105000082 4855 
313760105000263 313760105000098 4361 
313760105000263 313760105000145 7616 
313760105000263 313760105000146 7385 
313760105000263 313760105000152 5736 
313760105000263 313760105000172 3281 
313760105000263 313760105000206 3114 
313760105000263 313760105000219 1222 
313760105000263 313760105000220 1807 
313760105000263 313760105000221 1697 
313760105000263 313760105000225 2365 
313760105000263 313760105000226 2210 
313760105000263 313760105000229 2511 
313760105000263 313760105000231 5103 
313760105000263 313760105000257 4189 
313760105000263 313760105000264 5420 
313760105000263 313760105000273 6785 
313760105000263 313760105000280 5505 
313760105000263 313760114000002 9991 
313760105000263 313760114000007 9836 
313760105000263 313760114000008 9361 
313760105000263 313760114000009 8568 
313760105000263 313760114000010 11992 
313760105000263 313760115000005 5719 
313760105000263 313760115000006 8558 
313760105000263 313760115000007 7800 
313760105000263 313760115000015 3314 
313760105000264 3137605402034 6249 
313760105000264 3137602116553 5101 
313760105000264 3137605324920 8719 
313760105000264 3137602168332 6693 
313760105000264 3137605324912 6497 
313760105000264 3137602116588 5105 
313760105000264 3137605402417 5023 
313760105000264 3137602117363 4822 
313760105000264 3137605324904 5002 
313760105000264 3137602116537 4657 
313760105000264 3137602116545 7967 
313760105000264 3137605402425 7058 
313760105000264 3137602116561 4445 
313760105000264 3137604334663 4087 
313760105000264 3137602116529 6269 
313760105000264 3137606897061 9731 
313760105000264 3137606844286 5319 
313760105000264 313760105000026 7280 
313760105000264 313760105000048 6526 
313760105000264 313760105000050 10958 
313760105000264 313760105000082 5377 
313760105000264 313760105000098 6403 
313760105000264 313760105000145 7324 
313760105000264 313760105000146 3176 
313760105000264 313760105000152 5247 
313760105000264 313760105000172 8698 
313760105000264 313760105000206 7742 
313760105000264 313760105000219 4210 
313760105000264 313760105000220 3982 
313760105000264 313760105000221 3760 
313760105000264 313760105000225 3291 
313760105000264 313760105000226 3663 
313760105000264 313760105000229 3521 
313760105000264 313760105000231 10133 
313760105000264 313760105000257 4621 
313760105000264 313760105000264 0 
313760105000264 313760105000273 10520 
313760105000264 313760105000280 2522 
313760105000264 313760114000002 10665 
313760105000264 313760114000007 9666 
313760105000264 313760114000008 9386 
313760105000264 313760114000009 8413 
313760105000264 313760114000010 10830 
313760105000264 313760115000005 9722 
313760105000264 313760115000006 10085 
313760105000264 313760115000007 7283 
313760105000264 313760115000015 7015 
313760105000265 3137605402034 2356 
313760105000265 3137602116553 2544 
313760105000265 3137605324920 1790 
313760105000265 3137602168332 2654 
313760105000265 3137605324912 1753 
313760105000265 3137602116588 3369 
313760105000265 3137605402417 5225 
313760105000265 3137602117363 6854 
313760105000265 3137605324904 3027 
313760105000265 3137602116537 6703 
313760105000265 3137602116545 1337 
313760105000265 3137605402425 2321 
313760105000265 3137602116561 3046 
313760105000265 3137604334663 3871 
313760105000265 3137602116529 9931 
313760105000265 3137606897061 11685 
313760105000265 3137606844286 9120 
313760105000265 313760105000026 1666 
313760105000265 313760105000048 6799 
313760105000265 313760105000050 3948 
313760105000265 313760105000082 2790 
313760105000265 313760105000098 1257 
313760105000265 313760105000145 4475 
313760105000265 313760105000146 7543 
313760105000265 313760105000152 9915 
313760105000265 313760105000172 5338 
313760105000265 313760105000206 2381 
313760105000265 313760105000219 4901 
313760105000265 313760105000220 5747 
313760105000265 313760105000221 5214 
313760105000265 313760105000225 5911 
313760105000265 313760105000226 6039 
313760105000265 313760105000229 6325 
313760105000265 313760105000231 4176 
313760105000265 313760105000257 3080 
313760105000265 313760105000264 7439 
313760105000265 313760105000273 3094 
313760105000265 313760105000280 8804 
313760105000265 313760114000002 5831 
313760105000265 313760114000007 6114 
313760105000265 313760114000008 5595 
313760105000265 313760114000009 5061 
313760105000265 313760114000010 8600 
313760105000265 313760115000005 9594 
313760105000265 313760115000006 12984 
313760105000265 313760115000007 12097 
313760105000265 313760115000015 7626 
313760105000266 3137605402034 7184 
313760105000266 3137602116553 5808 
313760105000266 3137605324920 8729 
313760105000266 3137602168332 4873 
313760105000266 3137605324912 5349 
313760105000266 3137602116588 3625 
313760105000266 3137605402417 1992 
313760105000266 3137602117363 681 
313760105000266 3137605324904 3982 
313760105000266 3137602116537 595 
313760105000266 3137602116545 8089 
313760105000266 3137605402425 5354 
313760105000266 3137602116561 5136 
313760105000266 3137604334663 3309 
313760105000266 3137602116529 3046 
313760105000266 3137606897061 5860 
313760105000266 3137606844286 2148 
313760105000266 313760105000026 5917 
313760105000266 313760105000048 9578 
313760105000266 313760105000050 9281 
313760105000266 313760105000082 6489 
313760105000266 313760105000098 6565 
313760105000266 313760105000145 9201 
313760105000266 313760105000146 7074 
313760105000266 313760105000152 2945 
313760105000266 313760105000172 5463 
313760105000266 313760105000206 5938 
313760105000266 313760105000219 2093 
313760105000266 313760105000220 1256 
313760105000266 313760105000221 1867 
313760105000266 313760105000225 1420 
313760105000266 313760105000226 1072 
313760105000266 313760105000229 917 
313760105000266 313760105000231 7833 
313760105000266 313760105000257 5646 
313760105000266 313760105000264 4196 
313760105000266 313760105000273 9569 
313760105000266 313760105000280 3114 
313760105000266 313760114000002 12054 
313760105000266 313760114000007 11582 
313760105000266 313760114000008 11164 
313760105000266 313760114000009 10264 
313760105000266 313760114000010 13407 
313760105000266 313760115000005 5526 
313760105000266 313760115000006 6631 
313760105000266 313760115000007 5107 
313760105000266 313760115000015 2840 
313760105000267 3137605402034 7358 
313760105000267 3137602116553 5980 
313760105000267 3137605324920 8928 
313760105000267 3137602168332 5081 
313760105000267 3137605324912 5555 
313760105000267 3137602116588 3829 
313760105000267 3137605402417 2198 
313760105000267 3137602117363 802 
313760105000267 3137605324904 4180 
313760105000267 3137602116537 758 
313760105000267 3137602116545 8284 
313760105000267 3137605402425 5562 
313760105000267 3137602116561 5302 
313760105000267 3137604334663 3493 
313760105000267 3137602116529 2873 
313760105000267 3137606897061 5771 
313760105000267 3137606844286 1958 
313760105000267 313760105000026 6125 
313760105000267 313760105000048 9684 
313760105000267 313760105000050 9487 
313760105000267 313760105000082 6655 
313760105000267 313760105000098 6755 
313760105000267 313760105000145 9355 
313760105000267 313760105000146 7116 
313760105000267 313760105000152 2738 
313760105000267 313760105000172 5635 
313760105000267 313760105000206 6145 
313760105000267 313760105000219 2292 
313760105000267 313760105000220 1451 
313760105000267 313760105000221 2050 
313760105000267 313760105000225 1559 
313760105000267 313760105000226 1239 
313760105000267 313760105000229 1050 
313760105000267 313760105000231 8031 
313760105000267 313760105000257 5807 
313760105000267 313760105000264 4189 
313760105000267 313760105000273 9777 
313760105000267 313760105000280 2984 
313760105000267 313760114000002 12230 
313760105000267 313760114000007 11741 
313760105000267 313760114000008 11327 
313760105000267 313760114000009 10423 
313760105000267 313760114000010 13545 
313760105000267 313760115000005 5548 
313760105000267 313760115000006 6498 
313760105000267 313760115000007 4908 
313760105000267 313760115000015 2892 
313760105000268 3137605402034 7047 
313760105000268 3137602116553 5672 
313760105000268 3137605324920 8589 
313760105000268 3137602168332 4743 
313760105000268 3137605324912 5212 
313760105000268 3137602116588 3487 
313760105000268 3137605402417 1872 
313760105000268 3137602117363 676 
313760105000268 3137605324904 3841 
313760105000268 3137602116537 551 
313760105000268 3137602116545 7949 
313760105000268 3137605402425 5224 
313760105000268 3137602116561 5002 
313760105000268 3137604334663 3170 
313760105000268 3137602116529 3183 
313760105000268 3137606897061 5963 
313760105000268 3137606844286 2288 
313760105000268 313760105000026 5783 
313760105000268 313760105000048 9469 
313760105000268 313760105000050 9159 
313760105000268 313760105000082 6356 
313760105000268 313760105000098 6425 
313760105000268 313760105000145 9071 
313760105000268 313760105000146 7002 
313760105000268 313760105000152 3081 
313760105000268 313760105000172 5383 
313760105000268 313760105000206 5811 
313760105000268 313760105000219 1953 
313760105000268 313760105000220 1116 
313760105000268 313760105000221 1728 
313760105000268 313760105000225 1301 
313760105000268 313760105000226 941 
313760105000268 313760105000229 806 
313760105000268 313760105000231 7723 
313760105000268 313760105000257 5514 
313760105000268 313760105000264 4157 
313760105000268 313760105000273 9436 
313760105000268 313760105000280 3164 
313760105000268 313760114000002 11917 
313760105000268 313760114000007 11450 
313760105000268 313760114000008 11031 
313760105000268 313760114000009 10133 
313760105000268 313760114000010 13283 
313760105000268 313760115000005 5565 
313760105000268 313760115000006 6754 
313760105000268 313760115000007 5247 
313760105000268 313760115000015 2862 
313760105000269 3137605402034 6954 
313760105000269 3137602116553 5579 
313760105000269 3137605324920 8503 
313760105000269 3137602168332 4675 
313760105000269 3137605324912 5133 
313760105000269 3137602116588 3405 
313760105000269 3137605402417 1815 
313760105000269 3137602117363 719 
313760105000269 3137605324904 3755 
313760105000269 3137602116537 573 
313760105000269 3137602116545 7861 
313760105000269 3137605402425 5154 
313760105000269 3137602116561 4909 
313760105000269 3137604334663 3078 
313760105000269 3137602116529 3276 
313760105000269 3137606897061 6049 
313760105000269 3137606844286 2377 
313760105000269 313760105000026 5710 
313760105000269 313760105000048 9381 
313760105000269 313760105000050 9099 
313760105000269 313760105000082 6262 
313760105000269 313760105000098 6335 
313760105000269 313760105000145 8977 
313760105000269 313760105000146 6930 
313760105000269 313760105000152 3159 
313760105000269 313760105000172 5362 
313760105000269 313760105000206 5746 
313760105000269 313760105000219 1867 
313760105000269 313760105000220 1027 
313760105000269 313760105000221 1636 
313760105000269 313760105000225 1210 
313760105000269 313760105000226 848 
313760105000269 313760105000229 719 
313760105000269 313760105000231 7675 
313760105000269 313760105000257 5421 
313760105000269 313760105000264 4104 
313760105000269 313760105000273 9362 
313760105000269 313760105000280 3169 
313760105000269 313760114000002 11824 
313760105000269 313760114000007 11357 
313760105000269 313760114000008 10937 
313760105000269 313760114000009 10039 
313760105000269 313760114000010 13191 
313760105000269 313760115000005 5622 
313760105000269 313760115000006 6846 
313760105000269 313760115000007 5332 
313760105000269 313760115000015 2911 
313760105000270 3137605402034 936 
313760105000270 3137602116553 2255 
313760105000270 3137605324920 2776 
313760105000270 3137602168332 5125 
313760105000270 3137605324912 4125 
313760105000270 3137602116588 4956 
313760105000270 3137605402417 6801 
313760105000270 3137602117363 8174 
313760105000270 3137605324904 4441 
313760105000270 3137602116537 7983 
313760105000270 3137602116545 2219 
313760105000270 3137605402425 4975 
313760105000270 3137602116561 2927 
313760105000270 3137604334663 4794 
313760105000270 3137602116529 11101 
313760105000270 3137606897061 13522 
313760105000270 3137606844286 10164 
313760105000270 313760105000026 4467 
313760105000270 313760105000048 3899 
313760105000270 313760105000050 6681 
313760105000270 313760105000082 1587 
313760105000270 313760105000098 2093 
313760105000270 313760105000145 1499 
313760105000270 313760105000146 5652 
313760105000270 313760105000152 10717 
313760105000270 313760105000172 8087 
313760105000270 313760105000206 5257 
313760105000270 313760105000219 6109 
313760105000270 313760105000220 6847 
313760105000270 313760105000221 6205 
313760105000270 313760105000225 6697 
313760105000270 313760105000226 6988 
313760105000270 313760105000229 7198 
313760105000270 313760105000231 7179 
313760105000270 313760105000257 2454 
313760105000270 313760105000264 6794 
313760105000270 313760105000273 5297 
313760105000270 313760105000280 8849 
313760105000270 313760114000002 4040 
313760105000270 313760114000007 3598 
313760105000270 313760114000008 3138 
313760105000270 313760114000009 2330 
313760105000270 313760114000010 5829 
313760105000270 313760115000005 11890 
313760105000270 313760115000006 14587 
313760105000270 313760115000007 12977 
313760105000270 313760115000015 9548 
313760105000271 3137605402034 897 
313760105000271 3137602116553 2094 
313760105000271 3137605324920 3053 
313760105000271 3137602168332 5127 
313760105000271 3137605324912 4137 
313760105000271 3137602116588 4857 
313760105000271 3137605402417 6673 
313760105000271 3137602117363 8008 
313760105000271 3137605324904 4337 
313760105000271 3137602116537 7814 
313760105000271 3137602116545 2461 
313760105000271 3137605402425 5006 
313760105000271 3137602116561 2733 
313760105000271 3137604334663 4633 
313760105000271 3137602116529 10907 
313760105000271 3137606897061 13388 
313760105000271 3137606844286 9962 
313760105000271 313760105000026 4530 
313760105000271 313760105000048 3688 
313760105000271 313760105000050 6895 
313760105000271 313760105000082 1380 
313760105000271 313760105000098 2130 
313760105000271 313760105000145 1495 
313760105000271 313760105000146 5332 
313760105000271 313760105000152 10494 
313760105000271 313760105000172 8108 
313760105000271 313760105000206 5326 
313760105000271 313760105000219 5952 
313760105000271 313760105000220 6671 
313760105000271 313760105000221 6027 
313760105000271 313760105000225 6495 
313760105000271 313760105000226 6798 
313760105000271 313760105000229 7000 
313760105000271 313760105000231 7320 
313760105000271 313760105000257 2235 
313760105000271 313760105000264 6497 
313760105000271 313760105000273 5555 
313760105000271 313760105000280 8580 
313760105000271 313760114000002 4281 
313760105000271 313760114000007 3734 
313760105000271 313760114000008 3297 
313760105000271 313760114000009 2435 
313760105000271 313760114000010 5872 
313760105000271 313760115000005 11820 
313760105000271 313760115000006 14426 
313760105000271 313760115000007 12753 
313760105000271 313760115000015 9438 
313760105000272 3137605402034 4796 
313760105000272 3137602116553 5378 
313760105000272 3137605324920 2298 
313760105000272 3137602168332 4606 
313760105000272 3137605324912 4135 
313760105000272 3137602116588 5880 
313760105000272 3137605402417 7510 
313760105000272 3137602117363 9173 
313760105000272 3137605324904 5670 
313760105000272 3137602116537 9054 
313760105000272 3137602116545 2850 
313760105000272 3137605402425 4128 
313760105000272 3137602116561 5922 
313760105000272 3137604334663 6592 
313760105000272 3137602116529 12198 
313760105000272 3137606897061 13365 
313760105000272 3137606844286 11488 
313760105000272 313760105000026 3523 
313760105000272 313760105000048 8914 
313760105000272 313760105000050 2015 
313760105000272 313760105000082 5469 
313760105000272 313760105000098 4036 
313760105000272 313760105000145 6193 
313760105000272 313760105000146 10290 
313760105000272 313760105000152 12382 
313760105000272 313760105000172 6155 
313760105000272 313760105000206 3669 
313760105000272 313760105000219 7424 
313760105000272 313760105000220 8256 
313760105000272 313760105000221 7807 
313760105000272 313760105000225 8541 
313760105000272 313760105000226 8597 
313760105000272 313760105000229 8899 
313760105000272 313760105000231 3572 
313760105000272 313760105000257 5912 
313760105000272 313760105000264 10315 
313760105000272 313760105000273 250 
313760105000272 313760105000280 11567 
313760105000272 313760114000002 5920 
313760105000272 313760114000007 6913 
313760105000272 313760114000008 6420 
313760105000272 313760114000009 6308 
313760105000272 313760114000010 9499 
313760105000272 313760115000005 10830 
313760105000272 313760115000006 14839 
313760105000272 313760115000007 14471 
313760105000272 313760115000015 9426 
313760105000273 3137605402034 5042 
313760105000273 3137602116553 5604 
313760105000273 3137605324920 2547 
313760105000273 3137602168332 4717 
313760105000273 3137605324912 4290 
313760105000273 3137602116588 6030 
313760105000273 3137605402417 7627 
313760105000273 3137602117363 9288 
313760105000273 3137605324904 5836 
313760105000273 3137602116537 9173 
313760105000273 3137602116545 3100 
313760105000273 3137605402425 4237 
313760105000273 3137602116561 6139 
313760105000273 3137604334663 6764 
313760105000273 3137602116529 12300 
313760105000273 3137606897061 13402 
313760105000273 3137606844286 11603 
313760105000273 313760105000026 3652 
313760105000273 313760105000048 9164 
313760105000273 313760105000050 1833 
313760105000273 313760105000082 5709 
313760105000273 313760105000098 4265 
313760105000273 313760105000145 6441 
313760105000273 313760105000146 10529 
313760105000273 313760105000152 12509 
313760105000273 313760105000172 6148 
313760105000273 313760105000206 3748 
313760105000273 313760105000219 7568 
313760105000273 313760105000220 8395 
313760105000273 313760105000221 7958 
313760105000273 313760105000225 8695 
313760105000273 313760105000226 8741 
313760105000273 313760105000229 9045 
313760105000273 313760105000231 3483 
313760105000273 313760105000257 6140 
313760105000273 313760105000264 10520 
313760105000273 313760105000273 0 
313760105000273 313760105000280 11738 
313760105000273 313760114000002 6111 
313760105000273 313760114000007 7133 
313760105000273 313760114000008 6643 
313760105000273 313760114000009 6546 
313760105000273 313760114000010 9716 
313760105000273 313760115000005 10832 
313760105000273 313760115000006 14892 
313760105000273 313760115000007 14582 
313760105000273 313760115000015 9485 
313760105000274 3137605402034 2770 
313760105000274 3137602116553 3833 
313760105000274 3137605324920 465 
313760105000274 3137602168332 4859 
313760105000274 3137605324912 3974 
313760105000274 3137602116588 5523 
313760105000274 3137605402417 7413 
313760105000274 3137602117363 9019 
313760105000274 3137605324904 5124 
313760105000274 3137602116537 8858 
313760105000274 3137602116545 1024 
313760105000274 3137605402425 4489 
313760105000274 3137602116561 4529 
313760105000274 3137604334663 5865 
313760105000274 3137602116529 12090 
313760105000274 3137606897061 13905 
313760105000274 3137606844286 11249 
313760105000274 313760105000026 3804 
313760105000274 313760105000048 6450 
313760105000274 313760105000050 4439 
313760105000274 313760105000082 3608 
313760105000274 313760105000098 2631 
313760105000274 313760105000145 3679 
313760105000274 313760105000146 8275 
313760105000274 313760105000152 11993 
313760105000274 313760105000172 7347 
313760105000274 313760105000206 4400 
313760105000274 313760105000219 7012 
313760105000274 313760105000220 7849 
313760105000274 313760105000221 7277 
313760105000274 313760105000225 7931 
313760105000274 313760105000226 8108 
313760105000274 313760105000229 8379 
313760105000274 313760105000231 5506 
313760105000274 313760105000257 4303 
313760105000274 313760105000264 8925 
313760105000274 313760105000273 2782 
313760105000274 313760105000280 10621 
313760105000274 313760114000002 3811 
313760105000274 313760114000007 4493 
313760105000274 313760114000008 3981 
313760105000274 313760114000009 3779 
313760105000274 313760114000010 7084 
313760105000274 313760115000005 11760 
313760105000274 313760115000006 15203 
313760105000274 313760115000007 14207 
313760105000274 313760115000015 9846 
313760105000275 3137605402034 2997 
313760105000275 3137602116553 4022 
313760105000275 3137605324920 480 
313760105000275 3137602168332 4877 
313760105000275 3137605324912 4020 
313760105000275 3137602116588 5609 
313760105000275 3137605402417 7487 
313760105000275 3137602117363 9105 
313760105000275 3137605324904 5226 
313760105000275 3137602116537 8948 
313760105000275 3137602116545 1173 
313760105000275 3137605402425 4491 
313760105000275 3137602116561 4709 
313760105000275 3137604334663 5990 
313760105000275 3137602116529 12179 
313760105000275 3137606897061 13935 
313760105000275 3137606844286 11349 
313760105000275 313760105000026 3802 
313760105000275 313760105000048 6701 
313760105000275 313760105000050 4235 
313760105000275 313760105000082 3826 
313760105000275 313760105000098 2788 
313760105000275 313760105000145 3926 
313760105000275 313760105000146 8514 
313760105000275 313760105000152 12108 
313760105000275 313760105000172 7291 
313760105000275 313760105000206 4364 
313760105000275 313760105000219 7114 
313760105000275 313760105000220 7955 
313760105000275 313760105000221 7391 
313760105000275 313760105000225 8056 
313760105000275 313760105000226 8222 
313760105000275 313760105000229 8497 
313760105000275 313760105000231 5363 
313760105000275 313760105000257 4502 
313760105000275 313760105000264 9121 
313760105000275 313760105000273 2549 
313760105000275 313760105000280 10783 
313760105000275 313760114000002 3917 
313760105000275 313760114000007 4674 
313760105000275 313760114000008 4166 
313760105000275 313760114000009 4000 
313760105000275 313760114000010 7267 
313760105000275 313760115000005 11746 
313760105000275 313760115000006 15251 
313760105000275 313760115000007 14314 
313760105000275 313760115000015 9879 
313760105000276 3137605402034 4213 
313760105000276 3137602116553 2833 
313760105000276 3137605324920 5990 
313760105000276 3137602168332 3108 
313760105000276 3137605324912 3049 
313760105000276 3137602116588 1514 
313760105000276 3137605402417 2125 
313760105000276 3137602117363 3142 
313760105000276 3137605324904 1484 
313760105000276 3137602116537 2942 
313760105000276 3137602116545 5295 
313760105000276 3137605402425 3495 
313760105000276 3137602116561 2161 
313760105000276 3137604334663 534 
313760105000276 3137602116529 6020 
313760105000276 3137606897061 8612 
313760105000276 3137606844286 5092 
313760105000276 313760105000026 3800 
313760105000276 313760105000048 6942 
313760105000276 313760105000050 7478 
313760105000276 313760105000082 3515 
313760105000276 313760105000098 3704 
313760105000276 313760105000145 6249 
313760105000276 313760105000146 5296 
313760105000276 313760105000152 5720 
313760105000276 313760105000172 5295 
313760105000276 313760105000206 4178 
313760105000276 313760105000219 1203 
313760105000276 313760105000220 1788 
313760105000276 313760105000221 1142 
313760105000276 313760105000225 1642 
313760105000276 313760105000226 1907 
313760105000276 313760105000229 2129 
313760105000276 313760105000231 6545 
313760105000276 313760105000257 2681 
313760105000276 313760105000264 3591 
313760105000276 313760105000273 7292 
313760105000276 313760105000280 4449 
313760105000276 313760114000002 9086 
313760105000276 313760114000007 8615 
313760105000276 313760114000008 8190 
313760105000276 313760114000009 7299 
313760105000276 313760114000010 10519 
313760105000276 313760115000005 7519 
313760105000276 313760115000006 9553 
313760105000276 313760115000007 7966 
313760105000276 313760115000015 4871 
313760105000277 3137605402034 4386 
313760105000277 3137602116553 3003 
313760105000277 3137605324920 6223 
313760105000277 3137602168332 3354 
313760105000277 3137605324912 3308 
313760105000277 3137602116588 1755 
313760105000277 3137605402417 2169 
313760105000277 3137602117363 3049 
313760105000277 3137605324904 1743 
313760105000277 3137602116537 2846 
313760105000277 3137602116545 5523 
313760105000277 3137605402425 3746 
313760105000277 3137602116561 2311 
313760105000277 3137604334663 793 
313760105000277 3137602116529 5865 
313760105000277 3137606897061 8538 
313760105000277 3137606844286 4925 
313760105000277 313760105000026 4059 
313760105000277 313760105000048 6959 
313760105000277 313760105000050 7736 
313760105000277 313760105000082 3661 
313760105000277 313760105000098 3925 
313760105000277 313760105000145 6369 
313760105000277 313760105000146 5172 
313760105000277 313760105000152 5522 
313760105000277 313760105000172 5470 
313760105000277 313760105000206 4430 
313760105000277 313760105000219 1224 
313760105000277 313760105000220 1692 
313760105000277 313760105000221 1059 
313760105000277 313760105000225 1459 
313760105000277 313760105000226 1760 
313760105000277 313760105000229 1959 
313760105000277 313760105000231 6787 
313760105000277 313760105000257 2813 
313760105000277 313760105000264 3357 
313760105000277 313760105000273 7550 
313760105000277 313760105000280 4194 
313760105000277 313760114000002 9257 
313760105000277 313760114000007 8748 
313760105000277 313760114000008 8332 
313760105000277 313760114000009 7431 
313760105000277 313760114000010 10610 
313760105000277 313760115000005 7538 
313760105000277 313760115000006 9440 
313760105000277 313760115000007 7774 
313760105000277 313760115000015 4863 
313760105000278 3137605402034 4299 
313760105000278 3137602116553 3149 
313760105000278 3137605324920 5222 
313760105000278 3137602168332 1359 
313760105000278 3137605324912 1731 
313760105000278 3137602116588 395 
313760105000278 3137605402417 1784 
313760105000278 3137602117363 3425 
313760105000278 3137605324904 870 
313760105000278 3137602116537 3284 
313760105000278 3137602116545 4655 
313760105000278 3137605402425 1810 
313760105000278 3137602116561 2792 
313760105000278 3137604334663 1397 
313760105000278 3137602116529 6500 
313760105000278 3137606897061 8381 
313760105000278 3137606844286 5717 
313760105000278 313760105000026 2301 
313760105000278 313760105000048 7972 
313760105000278 313760105000050 5844 
313760105000278 313760105000082 3907 
313760105000278 313760105000098 3323 
313760105000278 313760105000145 6638 
313760105000278 313760105000146 6954 
313760105000278 313760105000152 6574 
313760105000278 313760105000172 3591 
313760105000278 313760105000206 2467 
313760105000278 313760105000219 1630 
313760105000278 313760105000220 2444 
313760105000278 313760105000221 2061 
313760105000278 313760105000225 2808 
313760105000278 313760105000226 2801 
313760105000278 313760105000229 3108 
313760105000278 313760105000231 4743 
313760105000278 313760105000257 3316 
313760105000278 313760105000264 5421 
313760105000278 313760105000273 5952 
313760105000278 313760105000280 5962 
313760105000278 313760114000002 8952 
313760105000278 313760114000007 8822 
313760105000278 313760114000008 8342 
313760105000278 313760114000009 7566 
313760105000278 313760114000010 11019 
313760105000278 313760115000005 6669 
313760105000278 313760115000006 9594 
313760105000278 313760115000007 8704 
313760105000278 313760115000015 4345 
313760105000279 3137605402034 4219 
313760105000279 3137602116553 3117 
313760105000279 3137605324920 5045 
313760105000279 3137602168332 1140 
313760105000279 3137605324912 1532 
313760105000279 3137602116588 518 
313760105000279 3137605402417 1972 
313760105000279 3137602117363 3624 
313760105000279 3137605324904 897 
313760105000279 3137602116537 3486 
313760105000279 3137602116545 4493 
313760105000279 3137605402425 1588 
313760105000279 3137602116561 2808 
313760105000279 3137604334663 1554 
313760105000279 3137602116529 6695 
313760105000279 3137606897061 8515 
313760105000279 3137606844286 5922 
313760105000279 313760105000026 2082 
313760105000279 313760105000048 7984 
313760105000279 313760105000050 5623 
313760105000279 313760105000082 3869 
313760105000279 313760105000098 3203 
313760105000279 313760105000145 6575 
313760105000279 313760105000146 7070 
313760105000279 313760105000152 6787 
313760105000279 313760105000172 3500 
313760105000279 313760105000206 2248 
313760105000279 313760105000219 1853 
313760105000279 313760105000220 2664 
313760105000279 313760105000221 2283 
313760105000279 313760105000225 3031 
313760105000279 313760105000226 3023 
313760105000279 313760105000229 3330 
313760105000279 313760105000231 4541 
313760105000279 313760105000257 3318 
313760105000279 313760105000264 5608 
313760105000279 313760105000273 5734 
313760105000279 313760105000280 6182 
313760105000279 313760114000002 8823 
313760105000279 313760114000007 8730 
313760105000279 313760114000008 8246 
313760105000279 313760114000009 7485 
313760105000279 313760114000010 10956 
313760105000279 313760115000005 6736 
313760105000279 313760115000006 9751 
313760105000279 313760115000007 8910 
313760105000279 313760115000015 4468 
313760105000280 3137605402034 8157 
313760105000280 3137602116553 6845 
313760105000280 3137605324920 10337 
313760105000280 3137602168332 7320 
313760105000280 3137605324912 7468 
313760105000280 3137602116588 5779 
313760105000280 3137605402417 4804 
313760105000280 3137602117363 3784 
313760105000280 3137605324904 5906 
313760105000280 3137602116537 3708 
313760105000280 3137602116545 9610 
313760105000280 3137605402425 7769 
313760105000280 3137602116561 6123 
313760105000280 3137604334663 4974 
313760105000280 3137602116529 4054 
313760105000280 3137606897061 7658 
313760105000280 3137606844286 3223 
313760105000280 313760105000026 8184 
313760105000280 313760105000048 9034 
313760105000280 313760105000050 11805 
313760105000280 313760105000082 7309 
313760105000280 313760105000098 7995 
313760105000280 313760105000145 9595 
313760105000280 313760105000146 5654 
313760105000280 313760105000152 2856 
313760105000280 313760105000172 8506 
313760105000280 313760105000206 8429 
313760105000280 313760105000219 4371 
313760105000280 313760105000220 3706 
313760105000280 313760105000221 3909 
313760105000280 313760105000225 3171 
313760105000280 313760105000226 3300 
313760105000280 313760105000229 3008 
313760105000280 313760105000231 10600 
313760105000280 313760105000257 6463 
313760105000280 313760105000264 2522 
313760105000280 313760105000273 11738 
313760105000280 313760105000280 0 
313760105000280 313760114000002 12845 
313760105000280 313760114000007 11986 
313760105000280 313760114000008 11665 
313760105000280 313760114000009 10698 
313760105000280 313760114000010 13301 
313760105000280 313760115000005 8268 
313760105000280 313760115000006 7772 
313760105000280 313760115000007 4772 
313760105000280 313760115000015 5783 
313760105000281 3137605402034 6402 
313760105000281 3137602116553 5034 
313760105000281 3137605324920 8379 
313760105000281 3137602168332 5214 
313760105000281 3137605324912 5376 
313760105000281 3137602116588 3673 
313760105000281 3137605402417 2840 
313760105000281 3137602117363 2348 
313760105000281 3137605324904 3822 
313760105000281 3137602116537 2187 
313760105000281 3137602116545 7672 
313760105000281 3137605402425 5662 
313760105000281 3137602116561 4310 
313760105000281 3137604334663 2911 
313760105000281 3137602116529 4228 
313760105000281 3137606897061 7445 
313760105000281 3137606844286 3238 
313760105000281 313760105000026 6082 
313760105000281 313760105000048 8140 
313760105000281 313760105000050 9698 
313760105000281 313760105000082 5603 
313760105000281 313760105000098 6065 
313760105000281 313760105000145 8140 
313760105000281 313760105000146 5389 
313760105000281 313760105000152 3569 
313760105000281 313760105000172 6600 
313760105000281 313760105000206 6323 
313760105000281 313760105000219 2282 
313760105000281 313760105000220 1719 
313760105000281 313760105000221 1811 
313760105000281 313760105000225 1094 
313760105000281 313760105000226 1329 
313760105000281 313760105000229 1106 
313760105000281 313760105000231 8523 
313760105000281 313760105000257 4735 
313760105000281 313760105000264 2475 
313760105000281 313760105000273 9658 
313760105000281 313760105000280 2107 
313760105000281 313760114000002 11226 
313760105000281 313760114000007 10552 
313760105000281 313760114000008 10178 
313760105000281 313760114000009 9236 
313760105000281 313760114000010 12166 
313760105000281 313760115000005 7248 
313760105000281 313760115000006 8020 
313760105000281 313760115000007 5820 
313760105000281 313760115000015 4541 
313760105000282 3137605402034 6923 
313760105000282 3137602116553 5584 
313760105000282 3137605324920 8209 
313760105000282 3137602168332 4129 
313760105000282 3137605324912 4727 
313760105000282 3137602116588 3087 
313760105000282 3137605402417 1227 
313760105000282 3137602117363 442 
313760105000282 3137605324904 3522 
313760105000282 3137602116537 381 
313760105000282 3137602116545 7612 
313760105000282 3137605402425 4609 
313760105000282 3137602116561 4971 
313760105000282 3137604334663 3044 
313760105000282 3137602116529 3501 
313760105000282 3137606897061 5756 
313760105000282 3137606844286 2756 
313760105000282 313760105000026 5217 
313760105000282 313760105000048 9737 
313760105000282 313760105000050 8447 
313760105000282 313760105000082 6310 
313760105000282 313760105000098 6164 
313760105000282 313760105000145 9076 
313760105000282 313760105000146 7552 
313760105000282 313760105000152 3704 
313760105000282 313760105000172 4500 
313760105000282 313760105000206 5150 
313760105000282 313760105000219 1725 
313760105000282 313760105000220 1122 
313760105000282 313760105000221 1733 
313760105000282 313760105000225 1690 
313760105000282 313760105000226 1270 
313760105000282 313760105000229 1358 
313760105000282 313760105000231 6931 
313760105000282 313760105000257 5510 
313760105000282 313760105000264 4879 
313760105000282 313760105000273 8846 
313760105000282 313760105000280 4060 
313760105000282 313760114000002 11753 
313760105000282 313760114000007 11411 
313760105000282 313760114000008 10968 
313760105000282 313760114000009 10105 
313760105000282 313760114000010 13373 
313760105000282 313760115000005 4932 
313760105000282 313760115000006 6755 
313760105000282 313760115000007 5737 
313760105000282 313760115000015 2194 
313760105000283 3137605402034 6596 
313760105000283 3137602116553 5267 
313760105000283 3137605324920 7844 
313760105000283 3137602168332 3762 
313760105000283 3137605324912 4357 
313760105000283 3137602116588 2726 
313760105000283 3137605402417 857 
313760105000283 3137602117363 808 
313760105000283 3137605324904 3170 
313760105000283 3137602116537 708 
313760105000283 3137602116545 7250 
313760105000283 3137605402425 4243 
313760105000283 3137602116561 4671 
313760105000283 3137604334663 2736 
313760105000283 3137602116529 3870 
313760105000283 3137606897061 6043 
313760105000283 3137606844286 3123 
313760105000283 313760105000026 4848 
313760105000283 313760105000048 9510 
313760105000283 313760105000050 8098 
313760105000283 313760105000082 6000 
313760105000283 313760105000098 5814 
313760105000283 313760105000145 8774 
313760105000283 313760105000146 7445 
313760105000283 313760105000152 4058 
313760105000283 313760105000172 4260 
313760105000283 313760105000206 4789 
313760105000283 313760105000219 1419 
313760105000283 313760105000220 962 
313760105000283 313760105000221 1503 
313760105000283 313760105000225 1613 
313760105000283 313760105000226 1218 
313760105000283 313760105000229 1386 
313760105000283 313760105000231 6609 
313760105000283 313760105000257 5214 
313760105000283 313760105000264 4881 
313760105000283 313760105000273 8479 
313760105000283 313760105000280 4253 
313760105000283 313760114000002 11413 
313760105000283 313760114000007 11096 
313760105000283 313760114000008 10648 
313760105000283 313760114000009 9794 
313760105000283 313760114000010 13087 
313760105000283 313760115000005 5054 
313760105000283 313760115000006 7086 
313760105000283 313760115000007 6106 
313760105000283 313760115000015 2334 
313760105000284 3137605402034 3919 
313760105000284 3137602116553 4987 
313760105000284 3137605324920 1415 
313760105000284 3137602168332 5659 
313760105000284 3137605324912 4865 
313760105000284 3137602116588 6507 
313760105000284 3137605402417 8360 
313760105000284 3137602117363 9994 
313760105000284 3137605324904 6144 
313760105000284 3137602116537 9843 
313760105000284 3137602116545 2139 
313760105000284 3137605402425 5243 
313760105000284 3137602116561 5676 
313760105000284 3137604334663 6932 
313760105000284 3137602116529 13071 
313760105000284 3137606897061 14713 
313760105000284 3137606844286 12256 
313760105000284 313760105000026 4552 
313760105000284 313760105000048 7336 
313760105000284 313760105000050 4214 
313760105000284 313760105000082 4765 
313760105000284 313760105000098 3753 
313760105000284 313760105000145 4519 
313760105000284 313760105000146 9388 
313760105000284 313760105000152 13035 
313760105000284 313760105000172 7868 
313760105000284 313760105000206 5023 
313760105000284 313760105000219 8029 
313760105000284 313760105000220 8873 
313760105000284 313760105000221 8321 
313760105000284 313760105000225 8996 
313760105000284 313760105000226 9151 
313760105000284 313760105000229 9430 
313760105000284 313760105000231 5641 
313760105000284 313760105000257 5462 
313760105000284 313760105000264 10082 
313760105000284 313760105000273 2391 
313760105000284 313760105000280 11748 
313760105000284 313760114000002 3721 
313760105000284 313760114000007 4796 
313760105000284 313760114000008 4326 
313760105000284 313760114000009 4374 
313760105000284 313760114000010 7359 
313760105000284 313760115000005 12422 
313760105000284 313760115000006 16069 
313760105000284 313760115000007 15229 
313760105000284 313760115000015 10670 
313760105000285 3137605402034 3863 
313760105000285 3137602116553 4083 
313760105000285 3137605324920 2178 
313760105000285 3137602168332 2954 
313760105000285 3137605324912 2481 
313760105000285 3137602116588 4221 
313760105000285 3137605402417 5849 
313760105000285 3137602117363 7513 
313760105000285 3137605324904 4034 
313760105000285 3137602116537 7392 
313760105000285 3137602116545 2275 
313760105000285 3137605402425 2482 
313760105000285 3137602116561 4521 
313760105000285 3137604334663 4969 
313760105000285 3137602116529 10549 
313760105000285 3137606897061 11851 
313760105000285 3137606844286 9827 
313760105000285 313760105000026 1858 
313760105000285 313760105000048 8263 
313760105000285 313760105000050 2386 
313760105000285 313760105000082 4352 
313760105000285 313760105000098 2820 
313760105000285 313760105000145 5770 
313760105000285 313760105000146 9096 
313760105000285 313760105000152 10716 
313760105000285 313760105000172 4866 
313760105000285 313760105000206 2097 
313760105000285 313760105000219 5760 
313760105000285 313760105000220 6590 
313760105000285 313760105000221 6149 
313760105000285 313760105000225 6886 
313760105000285 313760105000226 6934 
313760105000285 313760105000229 7237 
313760105000285 313760105000231 2919 
313760105000285 313760105000257 4614 
313760105000285 313760105000264 8807 
313760105000285 313760105000273 1809 
313760105000285 313760105000280 9940 
313760105000285 313760114000002 6424 
313760105000285 313760114000007 7053 
313760105000285 313760114000008 6533 
313760105000285 313760114000009 6174 
313760105000285 313760114000010 9624 
313760105000285 313760115000005 9450 
313760105000285 313760115000006 13281 
313760105000285 313760115000007 12811 
313760105000285 313760115000015 7859 
313760114000002 3137605402034 4872 
313760114000002 3137602116553 6254 
313760114000002 3137605324920 4269 
313760114000002 3137602168332 8457 
313760114000002 3137605324912 7485 
313760114000002 3137602116588 8741 
313760114000002 3137605402417 10648 
313760114000002 3137602117363 12119 
313760114000002 3137605324904 8257 
313760114000002 3137602116537 11935 
313760114000002 3137602116545 4495 
313760114000002 3137605402425 8151 
313760114000002 3137602116561 6953 
313760114000002 3137604334663 8754 
313760114000002 3137602116529 15100 
313760114000002 3137606897061 17332 
313760114000002 3137606844286 14178 
313760114000002 313760105000026 7494 
313760114000002 313760105000048 5604 
313760114000002 313760105000050 7935 
313760114000002 313760105000082 5626 
313760114000002 313760105000098 5630 
313760114000002 313760105000145 3387 
313760114000002 313760105000146 8858 
313760114000002 313760105000152 14754 
313760114000002 313760105000172 11123 
313760114000002 313760105000206 8158 
313760114000002 313760105000219 10046 
313760114000002 313760105000220 10821 
313760114000002 313760105000221 10189 
313760114000002 313760105000225 10716 
313760114000002 313760105000226 10990 
313760114000002 313760105000229 11213 
313760114000002 313760105000231 9264 
313760114000002 313760105000257 6494 
313760114000002 313760105000264 10665 
313760114000002 313760105000273 6111 
313760114000002 313760105000280 12845 
313760114000002 313760114000002 0 
313760114000002 313760114000007 1675 
313760114000002 313760114000008 1542 
313760114000002 313760114000009 2395 
313760114000002 313760114000010 3845 
313760114000002 313760115000005 15409 
313760114000002 313760115000006 18496 
313760114000002 313760115000007 17013 
313760114000002 313760115000015 13291 
313760114000007 3137605402034 4531 
313760114000007 3137602116553 5828 
313760114000007 3137605324920 4894 
313760114000007 3137602168332 8579 
313760114000007 3137605324912 7574 
313760114000007 3137602116588 8551 
313760114000007 3137605402417 10398 
313760114000007 3137602117363 11739 
313760114000007 3137605324904 8038 
313760114000007 3137602116537 11545 
313760114000007 3137602116545 4862 
313760114000007 3137605402425 8353 
313760114000007 3137602116561 6455 
313760114000007 3137604334663 8367 
313760114000007 3137602116529 14606 
313760114000007 3137606897061 17118 
313760114000007 3137606844286 13649 
313760114000007 313760105000026 7755 
313760114000007 313760105000048 4053 
313760114000007 313760105000050 8895 
313760114000007 313760105000082 5105 
313760114000007 313760105000098 5567 
313760114000007 313760105000145 2412 
313760114000007 313760105000146 7531 
313760114000007 313760105000152 14121 
313760114000007 313760105000172 11440 
313760114000007 313760105000206 8496 
313760114000007 313760105000219 9686 
313760114000007 313760105000220 10398 
313760114000007 313760105000221 9752 
313760114000007 313760105000225 10190 
313760114000007 313760105000226 10509 
313760114000007 313760105000229 10698 
313760114000007 313760105000231 9970 
313760114000007 313760105000257 5936 
313760114000007 313760105000264 9666 
313760114000007 313760105000273 7133 
313760114000007 313760105000280 11986 
313760114000007 313760114000002 1675 
313760114000007 313760114000007 0 
313760114000007 313760114000008 522 
313760114000007 313760114000009 1320 
313760114000007 313760114000010 2592 
313760114000007 313760115000005 15451 
313760114000007 313760115000006 18158 
313760114000007 313760115000007 16373 
313760114000007 313760115000015 13145 
313760114000008 3137605402034 4064 
313760114000008 3137602116553 5385 
313760114000008 3137605324920 4377 
313760114000008 3137602168332 8073 
313760114000008 3137605324912 7069 
313760114000008 3137602116588 8079 
313760114000008 3137605402417 9939 
313760114000008 3137602117363 11304 
313760114000008 3137605324904 7569 
313760114000008 3137602116537 11111 
313760114000008 3137602116545 4340 
313760114000008 3137605402425 7841 
313760114000008 3137602116561 6029 
313760114000008 3137604334663 7926 
313760114000008 3137602116529 14196 
313760114000008 3137606897061 16659 
313760114000008 3137606844286 13246 
313760114000008 313760105000026 7238 
313760114000008 313760105000048 4062 
313760114000008 313760105000050 8394 
313760114000008 313760105000082 4676 
313760114000008 313760105000098 5070 
313760114000008 313760105000145 2070 
313760114000008 313760105000146 7388 
313760114000008 313760105000152 13742 
313760114000008 313760105000172 10924 
313760114000008 313760105000206 7977 
313760114000008 313760105000219 9244 
313760114000008 313760105000220 9968 
313760114000008 313760105000221 9324 
313760114000008 313760105000225 9781 
313760114000008 313760105000226 10091 
313760114000008 313760105000229 10287 
313760114000008 313760105000231 9451 
313760114000008 313760105000257 5519 
313760114000008 313760105000264 9386 
313760114000008 313760105000273 6643 
313760114000008 313760105000280 11665 
313760114000008 313760114000002 1542 
313760114000008 313760114000007 522 
313760114000008 313760114000008 0 
313760114000008 313760114000009 973 
313760114000008 313760114000010 3102 
313760114000008 313760115000005 14959 
313760114000008 313760115000006 17721 
313760114000008 313760115000007 15998 
313760114000008 313760115000015 12673 
313760114000009 3137605402034 3266 
313760114000009 3137602116553 4528 
313760114000009 3137605324920 4107 
313760114000009 3137602168332 7408 
313760114000009 3137605324912 6402 
313760114000009 3137602116588 7282 
313760114000009 3137605402417 9109 
313760114000009 3137602117363 10428 
313760114000009 3137605324904 6765 
313760114000009 3137602116537 10233 
313760114000009 3137602116545 3909 
313760114000009 3137605402425 7217 
313760114000009 3137602116561 5142 
313760114000009 3137604334663 7061 
313760114000009 3137602116529 13286 
313760114000009 3137606897061 15824 
313760114000009 3137606844286 12329 
313760114000009 313760105000026 6654 
313760114000009 313760105000048 3319 
313760114000009 313760105000050 8211 
313760114000009 313760105000082 3796 
313760114000009 313760105000098 4371 
313760114000009 313760105000145 1103 
313760114000009 313760105000146 6464 
313760114000009 313760105000152 12803 
313760114000009 313760105000172 10326 
313760114000009 313760105000206 7421 
313760114000009 313760105000219 8381 
313760114000009 313760105000220 9084 
313760114000009 313760105000221 8438 
313760114000009 313760105000225 8870 
313760114000009 313760105000226 9191 
313760114000009 313760105000229 9379 
313760114000009 313760105000231 9084 
313760114000009 313760105000257 4619 
313760114000009 313760105000264 8413 
313760114000009 313760105000273 6546 
313760114000009 313760105000280 10698 
313760114000009 313760114000002 2395 
313760114000009 313760114000007 1320 
313760114000009 313760114000008 973 
313760114000009 313760114000009 0 
313760114000009 313760114000010 3549 
313760114000009 313760115000005 14219 
313760114000009 313760115000006 16847 
313760114000009 313760115000007 15057 
313760114000009 313760115000015 11870 
313760114000010 3137605402034 6751 
313760114000010 3137602116553 7899 
313760114000010 3137605324920 7477 
313760114000010 3137602168332 10946 
313760114000010 3137605324912 9941 
313760114000010 3137602116588 10710 
313760114000010 3137605402417 12465 
313760114000010 3137602117363 13657 
313760114000010 3137605324904 10188 
313760114000010 3137602116537 13455 
313760114000010 3137602116545 7399 
313760114000010 3137605402425 10765 
313760114000010 3137602116561 8425 
313760114000010 3137604334663 10361 
313760114000010 3137602116529 16353 
313760114000010 3137606897061 19128 
313760114000010 3137606844286 15371 
313760114000010 313760105000026 10203 
313760114000010 313760105000048 4381 
313760114000010 313760105000050 11486 
313760114000010 313760105000082 7140 
313760114000010 313760105000098 7906 
313760114000010 313760105000145 4381 
313760114000010 313760105000146 8141 
313760114000010 313760105000152 15706 
313760114000010 313760105000172 13875 
313760114000010 313760105000206 10968 
313760114000010 313760105000219 11668 
313760114000010 313760105000220 12299 
313760114000010 313760105000221 11657 
313760114000010 313760105000225 11988 
313760114000010 313760105000226 12348 
313760114000010 313760105000229 12495 
313760114000010 313760105000231 12543 
313760114000010 313760105000257 7877 
313760114000010 313760105000264 10830 
313760114000010 313760105000273 9716 
313760114000010 313760105000280 13301 
313760114000010 313760114000002 3845 
313760114000010 313760114000007 2592 
313760114000010 313760114000008 3102 
313760114000010 313760114000009 3549 
313760114000010 313760114000010 0 
313760114000010 313760115000005 17689 
313760114000010 313760115000006 20037 
313760114000010 313760115000007 17916 
313760114000010 313760115000015 15256 
313760115000001 3137605402034 12137 
313760115000001 3137602116553 10908 
313760115000001 3137605324920 12719 
313760115000001 3137602168332 8319 
313760115000001 3137605324912 9260 
313760115000001 3137602116588 8118 
313760115000001 3137605402417 6348 
313760115000001 3137602117363 5448 
313760115000001 3137605324904 8636 
313760115000001 3137602116537 5648 
313760115000001 3137602116545 12297 
313760115000001 3137605402425 8686 
313760115000001 3137602116561 10390 
313760115000001 3137604334663 8469 
313760115000001 3137602116529 4428 
313760115000001 3137606897061 1535 
313760115000001 3137606844286 5058 
313760115000001 313760105000026 9375 
313760115000001 313760105000048 15327 
313760115000001 313760105000050 11259 
313760115000001 313760105000082 11665 
313760115000001 313760105000098 11144 
313760115000001 313760105000145 14439 
313760115000001 313760105000146 13027 
313760115000001 313760105000152 5785 
313760115000001 313760105000172 6298 
313760115000001 313760105000206 8879 
313760115000001 313760105000219 7200 
313760115000001 313760105000220 6724 
313760115000001 313760105000221 7317 
313760115000001 313760105000225 7241 
313760115000001 313760105000226 6822 
313760115000001 313760105000229 6805 
313760115000001 313760105000231 9297 
313760115000001 313760105000257 10941 
313760115000001 313760105000264 10068 
313760115000001 313760105000273 12410 
313760115000001 313760105000280 8259 
313760115000001 313760114000002 16737 
313760115000001 313760114000007 16665 
313760115000001 313760114000008 16186 
313760115000001 313760114000009 15400 
313760115000001 313760114000010 18804 
313760115000001 313760115000005 1681 
313760115000001 313760115000006 3228 
313760115000001 313760115000007 5795 
313760115000001 313760115000015 3550 
313760115000002 3137605402034 13100 
313760115000002 3137602116553 11860 
313760115000002 3137605324920 13699 
313760115000002 3137602168332 9299 
313760115000002 3137605324912 10239 
313760115000002 3137602116588 9079 
313760115000002 3137605402417 7288 
313760115000002 3137602117363 6304 
313760115000002 3137605324904 9596 
313760115000002 3137602116537 6507 
313760115000002 3137602116545 13277 
313760115000002 3137605402425 9666 
313760115000002 3137602116561 11331 
313760115000002 3137604334663 9403 
313760115000002 3137602116529 4910 
313760115000002 3137606897061 1426 
313760115000002 3137606844286 5657 
313760115000002 313760105000026 10355 
313760115000002 313760105000048 16226 
313760115000002 313760105000050 12189 
313760115000002 313760105000082 12615 
313760115000002 313760105000098 12117 
313760115000002 313760105000145 15392 
313760115000002 313760105000146 13828 
313760115000002 313760105000152 6260 
313760115000002 313760105000172 7243 
313760115000002 313760105000206 9856 
313760115000002 313760105000219 8121 
313760115000002 313760105000220 7609 
313760115000002 313760105000221 8216 
313760115000002 313760105000225 8097 
313760115000002 313760105000226 7683 
313760115000002 313760105000229 7645 
313760115000002 313760105000231 10220 
313760115000002 313760105000257 11881 
313760115000002 313760105000264 10814 
313760115000002 313760105000273 13369 
313760115000002 313760105000280 8880 
313760115000002 313760114000002 17715 
313760115000002 313760114000007 17630 
313760115000002 313760114000008 17153 
313760115000002 313760114000009 16361 
313760115000002 313760114000010 19751 
313760115000002 313760115000005 2571 
313760115000002 313760115000006 2811 
313760115000002 313760115000007 5916 
313760115000002 313760115000015 4496 
313760115000003 3137605402034 10230 
313760115000003 3137602116553 8853 
313760115000003 3137605324920 11699 
313760115000003 3137602168332 7595 
313760115000003 3137605324912 8228 
313760115000003 3137602116588 6570 
313760115000003 3137605402417 4724 
313760115000003 3137602117363 3076 
313760115000003 3137605324904 6974 
313760115000003 3137602116537 3232 
313760115000003 3137602116545 11085 
313760115000003 3137605402425 8070 
313760115000003 3137602116561 8175 
313760115000003 3137604334663 6352 
313760115000003 3137602116529 0 
313760115000003 3137606897061 3620 
313760115000003 3137606844286 990 
313760115000003 313760105000026 8699 
313760115000003 313760105000048 12368 
313760115000003 313760105000050 11748 
313760115000003 313760105000082 9527 
313760115000003 313760105000098 9591 
313760115000003 313760105000145 12212 
313760115000003 313760105000146 9426 
313760115000003 313760105000152 1358 
313760115000003 313760105000172 7220 
313760115000003 313760105000206 8565 
313760115000003 313760105000219 5097 
313760115000003 313760105000220 4287 
313760115000003 313760105000221 4912 
313760115000003 313760105000225 4416 
313760115000003 313760105000226 4112 
313760115000003 313760105000229 3908 
313760115000003 313760105000231 10059 
313760115000003 313760105000257 8676 
313760115000003 313760105000264 6269 
313760115000003 313760105000273 12300 
313760115000003 313760105000280 4054 
313760115000003 313760114000002 15100 
313760115000003 313760114000007 14606 
313760115000003 313760114000008 14196 
313760115000003 313760114000009 13286 
313760115000003 313760114000010 16353 
313760115000003 313760115000005 4926 
313760115000003 313760115000006 3825 
313760115000003 313760115000007 2349 
313760115000003 313760115000015 3386 
313760115000005 3137605402034 10956 
313760115000005 3137602116553 9806 
313760115000005 3137605324920 11300 
313760115000005 3137602168332 6952 
313760115000005 3137605324912 7930 
313760115000005 3137602116588 6986 
313760115000005 3137605402417 5397 
313760115000005 3137602117363 4909 
313760115000005 3137605324904 7509 
313760115000005 3137602116537 5087 
313760115000005 3137602116545 10929 
313760115000005 3137605402425 7278 
313760115000005 3137602116561 9358 
313760115000005 3137604334663 7498 
313760115000005 3137602116529 4926 
313760115000005 3137606897061 3079 
313760115000005 3137606844286 5269 
313760115000005 313760105000026 7957 
313760115000005 313760105000048 14442 
313760115000005 313760105000050 9620 
313760115000005 313760105000082 10566 
313760115000005 313760105000098 9889 
313760115000005 313760105000145 13308 
313760115000005 313760105000146 12484 
313760115000005 313760105000152 6199 
313760115000005 313760105000172 4689 
313760115000005 313760105000206 7400 
313760115000005 313760105000219 6320 
313760115000005 313760105000220 6013 
313760115000005 313760105000221 6534 
313760115000005 313760105000225 6622 
313760115000005 313760105000226 6202 
313760115000005 313760105000229 6260 
313760115000005 313760105000231 7649 
313760115000005 313760105000257 9906 
313760115000005 313760105000264 9722 
313760115000005 313760105000273 10832 
313760115000005 313760105000280 8268 
313760115000005 313760114000002 15409 
313760115000005 313760114000007 15451 
313760115000005 313760114000008 14959 
313760115000005 313760114000009 14219 
313760115000005 313760114000010 17689 
313760115000005 313760115000005 0 
313760115000005 313760115000006 4800 
313760115000005 313760115000007 6767 
313760115000005 313760115000015 2737 
313760115000006 3137605402034 13679 
313760115000006 3137602116553 12336 
313760115000006 3137605324920 14774 
313760115000006 3137602168332 10413 
313760115000006 3137605324912 11231 
313760115000006 3137602116588 9767 
313760115000006 3137605402417 7852 
313760115000006 3137602117363 6418 
313760115000006 3137605324904 10240 
313760115000006 3137602116537 6614 
313760115000006 3137602116545 14244 
313760115000006 3137605402425 10846 
313760115000006 3137602116561 11705 
313760115000006 3137604334663 9794 
313760115000006 3137602116529 3825 
313760115000006 3137606897061 1722 
313760115000006 3137606844286 4804 
313760115000006 313760105000026 11530 
313760115000006 313760105000048 16149 
313760115000006 313760105000050 13962 
313760115000006 313760105000082 13053 
313760115000006 313760105000098 12879 
313760115000006 313760105000145 15802 
313760115000006 313760105000146 13248 
313760115000006 313760105000152 4917 
313760115000006 313760105000172 9015 
313760115000006 313760105000206 11189 
313760115000006 313760105000219 8478 
313760115000006 313760105000220 7765 
313760115000006 313760105000221 8411 
313760115000006 313760105000225 8050 
313760115000006 313760105000226 7690 
313760115000006 313760105000229 7544 
313760115000006 313760105000231 12060 
313760115000006 313760105000257 12234 
313760115000006 313760105000264 10085 
313760115000006 313760105000273 14892 
313760115000006 313760105000280 7772 
313760115000006 313760114000002 18496 
313760115000006 313760114000007 18158 
313760115000006 313760114000008 17721 
313760115000006 313760114000009 16847 
313760115000006 313760114000010 20037 
313760115000006 313760115000005 4800 
313760115000006 313760115000006 0 
313760115000006 313760115000007 3688 
313760115000006 313760115000015 5421 
313760115000007 3137605402034 12154 
313760115000007 3137602116553 10771 
313760115000007 3137605324920 13836 
313760115000007 3137602168332 9866 
313760115000007 3137605324912 10435 
313760115000007 3137602116588 8729 
313760115000007 3137605402417 6962 
313760115000007 3137602117363 5298 
313760115000007 3137605324904 9088 
313760115000007 3137602116537 5424 
313760115000007 3137602116545 13188 
313760115000007 3137605402425 10345 
313760115000007 3137602116561 10062 
313760115000007 3137604334663 8367 
313760115000007 3137602116529 2349 
313760115000007 3137606897061 4490 
313760115000007 3137606844286 2987 
313760115000007 313760105000026 10954 
313760115000007 313760105000048 13738 
313760115000007 313760105000050 14085 
313760115000007 313760105000082 11390 
313760115000007 313760105000098 11642 
313760115000007 313760105000145 13961 
313760115000007 313760105000146 10425 
313760115000007 313760105000152 2259 
313760115000007 313760105000172 9560 
313760115000007 313760105000206 10866 
313760115000007 313760105000219 7200 
313760115000007 313760105000220 6358 
313760115000007 313760105000221 6935 
313760115000007 313760105000225 6324 
313760115000007 313760105000226 6104 
313760115000007 313760105000229 5847 
313760115000007 313760105000231 12409 
313760115000007 313760105000257 10523 
313760115000007 313760105000264 7283 
313760115000007 313760105000273 14582 
313760115000007 313760105000280 4772 
313760115000007 313760114000002 17013 
313760115000007 313760114000007 16373 
313760115000007 313760114000008 15998 
313760115000007 313760114000009 15057 
313760115000007 313760114000010 17916 
313760115000007 313760115000005 6767 
313760115000007 313760115000006 3688 
313760115000007 313760115000007 0 
313760115000007 313760115000015 5694 
313760115000008 3137605402034 12057 
313760115000008 3137602116553 10785 
313760115000008 3137605324920 12814 
313760115000008 3137602168332 8403 
313760115000008 3137605324912 9306 
313760115000008 3137602116588 8042 
313760115000008 3137605402417 6199 
313760115000008 3137602117363 5113 
313760115000008 3137605324904 8550 
313760115000008 3137602116537 5317 
313760115000008 3137602116545 12352 
313760115000008 3137605402425 8798 
313760115000008 3137602116561 10229 
313760115000008 3137604334663 8294 
313760115000008 3137602116529 3711 
313760115000008 3137606897061 816 
313760115000008 3137606844286 4421 
313760115000008 313760105000026 9490 
313760115000008 313760105000048 15055 
313760115000008 313760105000050 11612 
313760115000008 313760105000082 11534 
313760115000008 313760105000098 11121 
313760115000008 313760105000145 14314 
313760115000008 313760105000146 12596 
313760115000008 313760105000152 5068 
313760115000008 313760105000172 6638 
313760115000008 313760105000206 9052 
313760115000008 313760105000219 6993 
313760115000008 313760105000220 6439 
313760115000008 313760105000221 7058 
313760115000008 313760105000225 6900 
313760115000008 313760105000226 6490 
313760115000008 313760105000229 6438 
313760115000008 313760105000231 9674 
313760115000008 313760105000257 10778 
313760115000008 313760105000264 9571 
313760115000008 313760105000273 12668 
313760115000008 313760105000280 7643 
313760115000008 313760114000002 16743 
313760115000008 313760114000007 16587 
313760115000008 313760114000008 16120 
313760115000008 313760114000009 15305 
313760115000008 313760114000010 18655 
313760115000008 313760115000005 2266 
313760115000008 313760115000006 2535 
313760115000008 313760115000007 4965 
313760115000008 313760115000015 3453 
313760115000009 3137605402034 11220 
313760115000009 3137602116553 9962 
313760115000009 3137605324920 11941 
313760115000009 3137602168332 7530 
313760115000009 3137605324912 8438 
313760115000009 3137602116588 7200 
313760115000009 3137605402417 5381 
313760115000009 3137602117363 4399 
313760115000009 3137605324904 7712 
313760115000009 3137602116537 4600 
313760115000009 3137602116545 11483 
313760115000009 3137605402425 7923 
313760115000009 3137602116561 9422 
313760115000009 3137604334663 7491 
313760115000009 3137602116529 3495 
313760115000009 3137606897061 1620 
313760115000009 3137606844286 4045 
313760115000009 313760105000026 8615 
313760115000009 313760105000048 14308 
313760115000009 313760105000050 10764 
313760115000009 313760105000082 10715 
313760115000009 313760105000098 10267 
313760115000009 313760105000145 13494 
313760115000009 313760105000146 11964 
313760115000009 313760105000152 4836 
313760115000009 313760105000172 5793 
313760115000009 313760105000206 8176 
313760115000009 313760105000219 6204 
313760115000009 313760105000220 5693 
313760115000009 313760105000221 6297 
313760115000009 313760105000225 6193 
313760115000009 313760105000226 5776 
313760115000009 313760105000229 5750 
313760115000009 313760105000231 8835 
313760115000009 313760105000257 9972 
313760115000009 313760105000264 9003 
313760115000009 313760105000273 11799 
313760115000009 313760105000280 7224 
313760115000009 313760114000002 15885 
313760115000009 313760114000007 15751 
313760115000009 313760114000008 15280 
313760115000009 313760114000009 14474 
313760115000009 313760114000010 17846 
313760115000009 313760115000005 1685 
313760115000009 313760115000006 3269 
313760115000009 313760115000007 5128 
313760115000009 313760115000015 2606 
313760115000010 3137605402034 12981 
313760115000010 3137602116553 11707 
313760115000010 3137605324920 13724 
313760115000010 3137602168332 9313 
313760115000010 3137605324912 10223 
313760115000010 3137602116588 8966 
313760115000010 3137605402417 7121 
313760115000010 3137602117363 6002 
313760115000010 3137605324904 9475 
313760115000010 3137602116537 6206 
313760115000010 3137602116545 13268 
313760115000010 3137605402425 9703 
313760115000010 3137602116561 11148 
313760115000010 3137604334663 9211 
313760115000010 3137602116529 4319 
313760115000010 3137606897061 724 
313760115000010 3137606844286 5124 
313760115000010 313760105000026 10395 
313760115000010 313760105000048 15947 
313760115000010 313760105000050 12429 
313760115000010 313760105000082 12456 
313760115000010 313760105000098 12045 
313760115000010 313760105000145 15236 
313760115000010 313760105000146 13423 
313760115000010 313760105000152 5651 
313760115000010 313760105000172 7458 
313760115000010 313760105000206 9942 
313760115000010 313760105000219 7908 
313760115000010 313760105000220 7337 
313760115000010 313760105000221 7961 
313760115000010 313760105000225 7781 
313760115000010 313760105000226 7375 
313760115000010 313760105000229 7310 
313760115000010 313760105000231 10476 
313760115000010 313760105000257 11695 
313760115000010 313760105000264 10363 
313760115000010 313760105000273 13531 
313760115000010 313760105000280 8339 
313760115000010 313760114000002 17666 
313760115000010 313760114000007 17511 
313760115000010 313760114000008 17044 
313760115000010 313760114000009 16228 
313760115000010 313760114000010 19573 
313760115000010 313760115000005 2901 
313760115000010 313760115000006 2114 
313760115000010 313760115000007 5193 
313760115000010 313760115000015 4377 
313760115000011 3137605402034 12595 
313760115000011 3137602116553 11296 
313760115000011 3137605324920 13464 
313760115000011 3137602168332 9060 
313760115000011 3137605324912 9937 
313760115000011 3137602116588 8600 
313760115000011 3137605402417 6720 
313760115000011 3137602117363 5496 
313760115000011 3137605324904 9099 
313760115000011 3137602116537 5700 
313760115000011 3137602116545 12979 
313760115000011 3137605402425 9470 
313760115000011 3137602116561 10713 
313760115000011 3137604334663 8777 
313760115000011 3137602116529 3620 
313760115000011 3137606897061 0 
313760115000011 3137606844286 4455 
313760115000011 313760105000026 10160 
313760115000011 313760105000048 15428 
313760115000011 313760105000050 12384 
313760115000011 313760105000082 12037 
313760115000011 313760105000098 11702 
313760115000011 313760105000145 14814 
313760115000011 313760105000146 12817 
313760115000011 313760105000152 4942 
313760115000011 313760105000172 7414 
313760115000011 313760105000206 9754 
313760115000011 313760105000219 7462 
313760115000011 313760105000220 6847 
313760115000011 313760105000221 7481 
313760115000011 313760105000225 7252 
313760115000011 313760105000226 6854 
313760115000011 313760105000229 6769 
313760115000011 313760105000231 10455 
313760115000011 313760105000257 11257 
313760115000011 313760105000264 9731 
313760115000011 313760105000273 13402 
313760115000011 313760105000280 7658 
313760115000011 313760114000002 17332 
313760115000011 313760114000007 17118 
313760115000011 313760114000008 16659 
313760115000011 313760114000009 15824 
313760115000011 313760114000010 19128 
313760115000011 313760115000005 3079 
313760115000011 313760115000006 1722 
313760115000011 313760115000007 4490 
313760115000011 313760115000015 4060 
313760115000014 3137605402034 8588 
313760115000014 3137602116553 7221 
313760115000014 3137605324920 9990 
313760115000014 3137602168332 5896 
313760115000014 3137605324912 6515 
313760115000014 3137602116588 4861 
313760115000014 3137605402417 3013 
313760115000014 3137602117363 1365 
313760115000014 3137605324904 5275 
313760115000014 3137602116537 1528 
313760115000014 3137602116545 9381 
313760115000014 3137605402425 6374 
313760115000014 3137602116561 6564 
313760115000014 3137604334663 4694 
313760115000014 3137602116529 1712 
313760115000014 3137606897061 4466 
313760115000014 3137606844286 1067 
313760115000014 313760105000026 6995 
313760115000014 313760105000048 11011 
313760115000014 313760105000050 10121 
313760115000014 313760105000082 7917 
313760115000014 313760105000098 7904 
313760115000014 313760105000145 10643 
313760115000014 313760105000146 8367 
313760115000014 313760105000152 2133 
313760115000014 313760105000172 5795 
313760115000014 313760105000206 6887 
313760115000014 313760105000219 3412 
313760115000014 313760105000220 2630 
313760115000014 313760105000221 3270 
313760115000014 313760105000225 2872 
313760115000014 313760105000226 2516 
313760115000014 313760105000229 2367 
313760115000014 313760105000231 8499 
313760115000014 313760105000257 7082 
313760115000014 313760105000264 5339 
313760115000014 313760105000273 10609 
313760115000014 313760105000280 3645 
313760115000014 313760114000002 13449 
313760115000014 313760114000007 13017 
313760115000014 313760114000008 12593 
313760115000014 313760114000009 11701 
313760115000014 313760114000010 14859 
313760115000014 313760115000005 4623 
313760115000014 313760115000006 5178 
313760115000014 313760115000007 3979 
313760115000014 313760115000015 2283 
313760115000015 3137605402034 8613 
313760115000015 3137602116553 7364 
313760115000015 3137605324920 9407 
313760115000015 3137602168332 5011 
313760115000015 3137605324912 5877 
313760115000015 3137602116588 4594 
313760115000015 3137605402417 2799 
313760115000015 3137602117363 2192 
313760115000015 3137605324904 5106 
313760115000015 3137602116537 2361 
313760115000015 3137602116545 8919 
313760115000015 3137605402425 5434 
313760115000015 3137602116561 6840 
313760115000015 3137604334663 4922 
313760115000015 3137602116529 3386 
313760115000015 3137606897061 4060 
313760115000015 3137606844286 3234 
313760115000015 313760105000026 6121 
313760115000015 313760105000048 11813 
313760115000015 313760105000050 8665 
313760115000015 313760105000082 8119 
313760115000015 313760105000098 7667 
313760115000015 313760105000145 10896 
313760115000015 313760105000146 9746 
313760115000015 313760105000152 4309 
313760115000015 313760105000172 3894 
313760115000015 313760105000206 5769 
313760115000015 313760105000219 3669 
313760115000015 313760105000220 3285 
313760115000015 313760105000221 3832 
313760115000015 313760105000225 3884 
313760115000015 313760105000226 3464 
313760115000015 313760105000229 3527 
313760115000015 313760105000231 6852 
313760115000015 313760105000257 7391 
313760115000015 313760105000264 7015 
313760115000015 313760105000273 9485 
313760115000015 313760105000280 5783 
313760115000015 313760114000002 13291 
313760115000015 313760114000007 13145 
313760115000015 313760114000008 12673 
313760115000015 313760114000009 11870 
313760115000015 313760114000010 15256 
313760115000015 313760115000005 2737 
313760115000015 313760115000006 5421 
313760115000015 313760115000007 5694 
313760115000015 313760115000015 0 
313760115000018 3137605402034 11410 
313760115000018 3137602116553 10110 
313760115000018 3137605324920 12313 
313760115000018 3137602168332 7918 
313760115000018 3137605324912 8779 
313760115000018 3137602116588 7419 
313760115000018 3137605402417 5535 
313760115000018 3137602117363 4327 
313760115000018 3137605324904 7916 
313760115000018 3137602116537 4532 
313760115000018 3137602116545 11816 
313760115000018 3137605402425 8337 
313760115000018 3137602116561 9529 
313760115000018 3137604334663 7592 
313760115000018 3137602116529 2825 
313760115000018 3137606897061 1186 
313760115000018 3137606844286 3519 
313760115000018 313760105000026 9026 
313760115000018 313760105000048 14270 
313760115000018 313760105000050 11384 
313760115000018 313760105000082 10851 
313760115000018 313760105000098 10524 
313760115000018 313760105000145 13629 
313760115000018 313760105000146 11735 
313760115000018 313760105000152 4183 
313760115000018 313760105000172 6441 
313760115000018 313760105000206 8648 
313760115000018 313760105000219 6278 
313760115000018 313760105000220 5673 
313760115000018 313760105000221 6304 
313760115000018 313760105000225 6097 
313760115000018 313760105000226 5694 
313760115000018 313760105000229 5622 
313760115000018 313760105000231 9485 
313760115000018 313760105000257 10073 
313760115000018 313760105000264 8690 
313760115000018 313760105000273 12330 
313760115000018 313760105000280 6741 
313760115000018 313760114000002 16155 
313760115000018 313760114000007 15932 
313760115000018 313760114000008 15474 
313760115000018 313760114000009 14638 
313760115000018 313760114000010 17945 
313760115000018 313760115000005 2564 
313760115000018 313760115000006 2578 
313760115000018 313760115000007 4273 
313760115000018 313760115000015 2907 
313760115000019 3137605402034 11377 
313760115000019 3137602116553 10029 
313760115000019 3137605324920 12551 
313760115000019 3137602168332 8239 
313760115000019 3137605324912 9012 
313760115000019 3137602116588 7495 
313760115000019 3137605402417 5579 
313760115000019 3137602117363 4110 
313760115000019 3137605324904 7958 
313760115000019 3137602116537 4304 
313760115000019 3137602116545 11997 
313760115000019 3137605402425 8689 
313760115000019 3137602116561 9395 
313760115000019 3137604334663 7488 
313760115000019 3137602116529 1759 
313760115000019 3137606897061 1867 
313760115000019 3137606844286 2645 
313760115000019 313760105000026 9361 
313760115000019 313760105000048 13877 
313760115000019 313760105000050 12032 
313760115000019 313760105000082 10744 
313760115000019 313760105000098 10601 
313760115000019 313760105000145 13491 
313760115000019 313760105000146 11091 
313760115000019 313760105000152 3074 
313760115000019 313760105000172 7196 
313760115000019 313760105000206 9083 
313760115000019 313760105000219 6174 
313760115000019 313760105000220 5455 
313760115000019 313760105000221 6101 
313760115000019 313760105000225 5748 
313760115000019 313760105000226 5383 
313760115000019 313760105000229 5244 
313760115000019 313760105000231 10201 
313760115000019 313760105000257 9923 
313760115000019 313760105000264 7962 
313760115000019 313760105000273 12822 
313760115000019 313760105000280 5810 
313760115000019 313760114000002 16206 
313760115000019 313760114000007 15849 
313760115000019 313760114000008 15414 
313760115000019 313760114000009 14538 
313760115000019 313760114000010 17731 
313760115000019 313760115000005 3809 
313760115000019 313760115000006 2310 
313760115000019 313760115000007 2975 
313760115000019 313760115000015 3367 
313760115000020 3137605402034 9305 
313760115000020 3137602116553 7924 
313760115000020 3137605324920 10870 
313760115000020 3137602168332 6886 
313760115000020 3137605324912 7448 
313760115000020 3137602116588 5750 
313760115000020 3137605402417 3977 
313760115000020 3137602117363 2315 
313760115000020 3137605324904 6125 
313760115000020 3137602116537 2437 
313760115000020 3137602116545 10235 
313760115000020 3137605402425 7366 
313760115000020 3137602116561 7236 
313760115000020 3137604334663 5451 
313760115000020 3137602116529 990 
313760115000020 3137606897061 4455 
313760115000020 3137606844286 0 
313760115000020 313760105000026 7969 
313760115000020 313760105000048 11377 
313760115000020 313760105000050 11166 
313760115000020 313760105000082 8584 
313760115000020 313760105000098 8713 
313760115000020 313760105000145 11250 
313760115000020 313760105000146 8461 
313760115000020 313760105000152 1083 
313760115000020 313760105000172 6857 
313760115000020 313760105000206 7901 
313760115000020 313760105000219 4236 
313760115000020 313760105000220 3404 
313760115000020 313760105000221 4008 
313760115000020 313760105000225 3467 
313760115000020 313760105000226 3191 
313760115000020 313760105000229 2965 
313760115000020 313760105000231 9562 
313760115000020 313760105000257 7728 
313760115000020 313760105000264 5319 
313760115000020 313760105000273 11603 
313760115000020 313760105000280 3223 
313760115000020 313760114000002 14178 
313760115000020 313760114000007 13649 
313760115000020 313760114000008 13246 
313760115000020 313760114000009 12329 
313760115000020 313760114000010 15371 
313760115000020 313760115000005 5269 
313760115000020 313760115000006 4804 
313760115000020 313760115000007 2987 
313760115000020 313760115000015 3234 
313760115000021 3137605402034 9072 
313760115000021 3137602116553 7696 
313760115000021 3137605324920 10552 
313760115000021 3137602168332 6501 
313760115000021 3137605324912 7098 
313760115000021 3137602116588 5423 
313760115000021 3137605402417 3605 
313760115000021 3137602117363 1943 
313760115000021 3137605324904 5819 
313760115000021 3137602116537 2086 
313760115000021 3137602116545 9931 
313760115000021 3137605402425 6980 
313760115000021 3137602116561 7022 
313760115000021 3137604334663 5192 
313760115000021 3137602116529 1160 
313760115000021 3137606897061 4317 
313760115000021 3137606844286 469 
313760115000021 313760105000026 7595 
313760115000021 313760105000048 11314 
313760115000021 313760105000050 10742 
313760115000021 313760105000082 8375 
313760115000021 313760105000098 8432 
313760115000021 313760105000145 11073 
313760115000021 313760105000146 8515 
313760115000021 313760105000152 1552 
313760115000021 313760105000172 6393 
313760115000021 313760105000206 7500 
313760115000021 313760105000219 3939 
313760115000021 313760105000220 3127 
313760115000021 313760105000221 3752 
313760115000021 313760105000225 3274 
313760115000021 313760105000226 2958 
313760115000021 313760105000229 2764 
313760115000021 313760105000231 9118 
313760115000021 313760105000257 7528 
313760115000021 313760105000264 5413 
313760115000021 313760105000273 11217 
313760115000021 313760105000280 3472 
313760115000021 313760114000002 13942 
313760115000021 313760114000007 13462 
313760115000021 313760114000008 13048 
313760115000021 313760114000009 12143 
313760115000021 313760114000010 15242 
313760115000021 313760115000005 4888 
313760115000021 313760115000006 4835 
313760115000021 313760115000007 3366 
313760115000021 313760115000015 2770 
313760115000022 3137605402034 9428 
313760115000022 3137602116553 8056 
313760115000022 3137605324920 10854 
313760115000022 3137602168332 6744 
313760115000022 3137605324912 7377 
313760115000022 3137602116588 5726 
313760115000022 3137605402417 3873 
313760115000022 3137602117363 2230 
313760115000022 3137605324904 6137 
313760115000022 3137602116537 2391 
313760115000022 3137602116545 10245 
313760115000022 3137605402425 7220 
313760115000022 3137602116561 7389 
313760115000022 3137604334663 5540 
313760115000022 3137602116529 851 
313760115000022 3137606897061 3922 
313760115000022 3137606844286 627 
313760115000022 313760105000026 7848 
313760115000022 313760105000048 11717 
313760115000022 313760105000050 10920 
313760115000022 313760105000082 8742 
313760115000022 313760105000098 8762 
313760115000022 313760105000145 11451 
313760115000022 313760105000146 8919 
313760115000022 313760105000152 1615 
313760115000022 313760105000172 6464 
313760115000022 313760105000206 7719 
313760115000022 313760105000219 4268 
313760115000022 313760105000220 3472 
313760115000022 313760105000221 4106 
313760115000022 313760105000225 3655 
313760115000022 313760105000226 3326 
313760115000022 313760105000229 3145 
313760115000022 313760105000231 9255 
313760115000022 313760105000257 7900 
313760115000022 313760105000264 5810 
313760115000022 313760105000273 11451 
313760115000022 313760105000280 3815 
313760115000022 313760114000002 14294 
313760115000022 313760114000007 13835 
313760115000022 313760114000008 13417 
313760115000022 313760114000009 12517 
313760115000022 313760114000010 15634 
313760115000022 313760115000005 4645 
313760115000022 313760115000006 4432 
313760115000022 313760115000007 3164 
313760115000022 313760115000015 2720 
313760115000023 3137605402034 9292 
313760115000023 3137602116553 7927 
313760115000023 3137605324920 10649 
313760115000023 3137602168332 6492 
313760115000023 3137605324912 7153 
313760115000023 3137602116588 5527 
313760115000023 3137605402417 3649 
313760115000023 3137602117363 2039 
313760115000023 3137605324904 5954 
313760115000023 3137602116537 2215 
313760115000023 3137602116545 10052 
313760115000023 3137605402425 6965 
313760115000023 3137602116561 7272 
313760115000023 3137604334663 5396 
313760115000023 3137602116529 1122 
313760115000023 3137606897061 3828 
313760115000023 3137606844286 924 
313760115000023 313760105000026 7602 
313760115000023 313760105000048 11701 
313760115000023 313760105000050 10626 
313760115000023 313760105000082 8625 
313760115000023 313760105000098 8590 
313760115000023 313760105000145 11353 
313760115000023 313760105000146 8989 
313760115000023 313760105000152 1953 
313760115000023 313760105000172 6134 
313760115000023 313760105000206 7450 
313760115000023 313760105000219 4105 
313760115000023 313760105000220 3335 
313760115000023 313760105000221 3977 
313760115000023 313760105000225 3579 
313760115000023 313760105000226 3226 
313760115000023 313760105000229 3072 
313760115000023 313760105000231 8944 
313760115000023 313760105000257 7791 
313760115000023 313760105000264 5914 
313760115000023 313760105000273 11189 
313760115000023 313760105000280 4021 
313760115000023 313760114000002 14148 
313760115000023 313760114000007 13726 
313760115000023 313760114000008 13301 
313760115000023 313760114000009 12410 
313760115000023 313760114000010 15567 
313760115000023 313760115000005 4353 
313760115000023 313760115000006 4472 
313760115000023 313760115000007 3465 
313760115000023 313760115000015 2376 
313760115000024 3137605402034 9768 
313760115000024 3137602116553 8410 
313760115000024 3137605324920 11063 
313760115000024 3137602168332 6847 
313760115000024 3137605324912 7547 
313760115000024 3137602116588 5956 
313760115000024 3137605402417 4056 
313760115000024 3137602117363 2497 
313760115000024 3137605324904 6397 
313760115000024 3137602116537 2683 
313760115000024 3137602116545 10479 
313760115000024 3137605402425 7314 
313760115000024 3137602116561 7763 
313760115000024 3137604334663 5873 
313760115000024 3137602116529 979 
313760115000024 3137606897061 3311 
313760115000024 3137606844286 1258 
313760115000024 313760105000026 7964 
313760115000024 313760105000048 12225 
313760115000024 313760105000050 10889 
313760115000024 313760105000082 9115 
313760115000024 313760105000098 9039 
313760115000024 313760105000145 11852 
313760115000024 313760105000146 9508 
313760115000024 313760105000152 2136 
313760115000024 313760105000172 6277 
313760115000024 313760105000206 7772 
313760115000024 313760105000219 4570 
313760115000024 313760105000220 3821 
313760115000024 313760105000221 4466 
313760115000024 313760105000225 4092 
313760115000024 313760105000226 3731 
313760115000024 313760105000229 3588 
313760115000024 313760105000231 9159 
313760115000024 313760105000257 8286 
313760115000024 313760105000264 6422 
313760115000024 313760105000273 11519 
313760115000024 313760105000280 4460 
313760115000024 313760114000002 14616 
313760115000024 313760114000007 14219 
313760115000024 313760114000008 13789 
313760115000024 313760114000009 12905 
313760115000024 313760114000010 16078 
313760115000024 313760115000005 4064 
313760115000024 313760115000006 3959 
313760115000024 313760115000007 3284 
313760115000024 313760115000015 2416 
313760115000025 3137605402034 9446 
313760115000025 3137602116553 8090 
313760115000025 3137605324920 10727 
313760115000025 3137602168332 6513 
313760115000025 3137605324912 7211 
313760115000025 3137602116588 5622 
313760115000025 3137605402417 3721 
313760115000025 3137602117363 2172 
313760115000025 3137605324904 6065 
313760115000025 3137602116537 2361 
313760115000025 3137602116545 10145 
313760115000025 3137605402425 6981 
313760115000025 3137602116561 7448 
313760115000025 3137604334663 5551 
313760115000025 3137602116529 1227 
313760115000025 3137606897061 3528 
313760115000025 3137606844286 1248 
313760115000025 313760105000026 7630 
313760115000025 313760105000048 11953 
313760115000025 313760105000050 10572 
313760115000025 313760105000082 8799 
313760115000025 313760105000098 8708 
313760115000025 313760105000145 11541 
313760115000025 313760105000146 9292 
313760115000025 313760105000152 2235 
313760115000025 313760105000172 5995 
313760115000025 313760105000206 7443 
313760115000025 313760105000219 4245 
313760115000025 313760105000220 3506 
313760115000025 313760105000221 4152 
313760115000025 313760105000225 3801 
313760115000025 313760105000226 3431 
313760115000025 313760105000229 3300 
313760115000025 313760105000231 8854 
313760115000025 313760105000257 7974 
313760115000025 313760105000264 6233 
313760115000025 313760105000273 11189 
313760115000025 313760105000280 4366 
313760115000025 313760114000002 14290 
313760115000025 313760114000007 13904 
313760115000025 313760114000008 13472 
313760115000025 313760114000009 12591 
313760115000025 313760114000010 15779 
313760115000025 313760115000005 4020 
313760115000025 313760115000006 4262 
313760115000025 313760115000007 3567 
313760115000025 313760115000015 2167 
313760115000026 3137605402034 9622 
313760115000026 3137602116553 8265 
313760115000026 3137605324920 10908 
313760115000026 3137602168332 6691 
313760115000026 3137605324912 7391 
313760115000026 3137602116588 5802 
313760115000026 3137605402417 3901 
313760115000026 3137602117363 2349 
313760115000026 3137605324904 6245 
313760115000026 3137602116537 2537 
313760115000026 3137602116545 10325 
313760115000026 3137605402425 7158 
313760115000026 3137602116561 7621 
313760115000026 3137604334663 5727 
313760115000026 3137602116529 1097 
313760115000026 3137606897061 3400 
313760115000026 3137606844286 1255 
313760115000026 313760105000026 7808 
313760115000026 313760105000048 12106 
313760115000026 313760105000050 10737 
313760115000026 313760105000082 8972 
313760115000026 313760105000098 8887 
313760115000026 313760105000145 11712 
313760115000026 313760105000146 9417 
313760115000026 313760105000152 2189 
313760115000026 313760105000172 6139 
313760115000026 313760105000206 7617 
313760115000026 313760105000219 4422 
313760115000026 313760105000220 3679 
313760115000026 313760105000221 4324 
313760115000026 313760105000225 3962 
313760115000026 313760105000226 3597 
313760115000026 313760105000229 3460 
313760115000026 313760105000231 9012 
313760115000026 313760105000257 8146 
313760115000026 313760105000264 6343 
313760115000026 313760105000273 11364 
313760115000026 313760105000280 4425 
313760115000026 313760114000002 14468 
313760115000026 313760114000007 14077 
313760115000026 313760114000008 13646 
313760115000026 313760114000009 12763 
313760115000026 313760114000010 15945 
313760115000026 313760115000005 4028 
313760115000026 313760115000006 4094 
313760115000026 313760115000007 3421 
313760115000026 313760115000015 2289 
313760115000027 3137605402034 10054 
313760115000027 3137602116553 8697 
313760115000027 3137605324920 11326 
313760115000027 3137602168332 7090 
313760115000027 3137605324912 7804 
313760115000027 3137602116588 6227 
313760115000027 3137605402417 4322 
313760115000027 3137602117363 2780 
313760115000027 3137605324904 6672 
313760115000027 3137602116537 2969 
313760115000027 3137602116545 10748 
313760115000027 3137605402425 7554 
313760115000027 3137602116561 8052 
313760115000027 3137604334663 6159 
313760115000027 3137602116529 959 
313760115000027 3137606897061 3044 
313760115000027 3137606844286 1457 
313760115000027 313760105000026 8209 
313760115000027 313760105000048 12516 
313760115000027 313760105000050 11088 
313760115000027 313760105000082 9404 
313760115000027 313760105000098 9316 
313760115000027 313760105000145 12142 
313760115000027 313760105000146 9783 
313760115000027 313760105000152 2235 
313760115000027 313760105000172 6426 
313760115000027 313760105000206 8000 
313760115000027 313760105000219 4853 
313760115000027 313760105000220 4110 
313760115000027 313760105000221 4755 
313760115000027 313760105000225 4385 
313760115000027 313760105000226 4024 
313760115000027 313760105000229 3881 
313760115000027 313760105000231 9337 
313760115000027 313760105000257 8576 
313760115000027 313760105000264 6686 
313760115000027 313760105000273 11749 
313760115000027 313760105000280 4679 
313760115000027 313760114000002 14899 
313760115000027 313760114000007 14508 
313760115000027 313760114000008 14078 
313760115000027 313760114000009 13194 
313760115000027 313760114000010 16371 
313760115000027 313760115000005 3979 
313760115000027 313760115000006 3666 
313760115000027 313760115000007 3161 
313760115000027 313760115000015 2539 
313760115000029 3137605402034 9812 
313760115000029 3137602116553 8495 
313760115000029 3137605324920 10851 
313760115000029 3137602168332 6507 
313760115000029 3137605324912 7308 
313760115000029 3137602116588 5856 
313760115000029 3137605402417 3948 
313760115000029 3137602117363 2674 
313760115000029 3137605324904 6339 
313760115000029 3137602116537 2879 
313760115000029 3137602116545 10319 
313760115000029 3137605402425 6951 
313760115000029 3137602116561 7898 
313760115000029 3137604334663 5965 
313760115000029 3137602116529 2027 
313760115000029 3137606897061 2825 
313760115000029 3137606844286 2294 
313760115000029 313760105000026 7628 
313760115000029 313760105000048 12618 
313760115000029 313760105000050 10291 
313760115000029 313760105000082 9230 
313760115000029 313760105000098 8970 
313760115000029 313760105000145 12002 
313760115000029 313760105000146 10140 
313760115000029 313760105000152 3231 
313760115000029 313760105000172 5505 
313760115000029 313760105000206 7334 
313760115000029 313760105000219 4646 
313760115000029 313760105000220 4022 
313760115000029 313760105000221 4656 
313760115000029 313760105000225 4448 
313760115000029 313760105000226 4043 
313760115000029 313760105000229 3978 
313760115000029 313760105000231 8480 
313760115000029 313760105000257 8440 
313760115000029 313760105000264 7149 
313760115000029 313760105000273 11071 
313760115000029 313760105000280 5395 
313760115000029 313760114000002 14595 
313760115000029 313760114000007 14322 
313760115000029 313760114000008 13871 
313760115000029 313760114000009 13022 
313760115000029 313760114000010 16306 
313760115000029 313760115000005 2979 
313760115000029 313760115000006 3925 
313760115000029 313760115000007 4189 
313760115000029 313760115000015 1628 
313760115000030 3137605402034 9668 
313760115000030 3137602116553 8407 
313760115000030 3137605324920 10457 
313760115000030 3137602168332 6054 
313760115000030 3137605324912 6933 
313760115000030 3137602116588 5650 
313760115000030 3137605402417 3827 
313760115000030 3137602117363 2949 
313760115000030 3137605324904 6161 
313760115000030 3137602116537 3143 
313760115000030 3137602116545 9977 
313760115000030 3137605402425 6467 
313760115000030 3137602116561 7869 
313760115000030 3137604334663 5940 
313760115000030 3137602116529 3067 
313760115000030 3137606897061 3007 
313760115000030 3137606844286 3237 
313760115000030 313760105000026 7157 
313760115000030 313760105000048 12785 
313760115000030 313760105000050 9555 
313760115000030 313760105000082 9160 
313760115000030 313760105000098 8729 
313760115000030 313760105000145 11939 
313760115000030 313760105000146 10562 
313760115000030 313760105000152 4231 
313760115000030 313760105000172 4662 
313760115000030 313760105000206 6772 
313760115000030 313760105000219 4660 
313760115000030 313760105000220 4188 
313760115000030 313760105000221 4775 
313760115000030 313760105000225 4729 
313760115000030 313760105000226 4307 
313760115000030 313760105000229 4317 
313760115000030 313760105000231 7687 
313760115000030 313760105000257 8419 
313760115000030 313760105000264 7701 
313760115000030 313760105000273 10460 
313760115000030 313760105000280 6179 
313760115000030 313760114000002 14353 
313760115000030 313760114000007 14199 
313760115000030 313760114000008 13730 
313760115000030 313760114000009 12920 
313760115000030 313760114000010 16292 
313760115000030 313760115000005 2089 
313760115000030 313760115000006 4432 
313760115000030 313760115000007 5209 
313760115000030 313760115000015 1062 
313760115000031 3137605402034 10271 
313760115000031 3137602116553 8973 
313760115000031 3137605324920 11200 
313760115000031 3137602168332 6818 
313760115000031 3137605324912 7661 
313760115000031 3137602116588 6281 
313760115000031 3137605402417 4396 
313760115000031 3137602117363 3235 
313760115000031 3137605324904 6777 
313760115000031 3137602116537 3439 
313760115000031 3137602116545 10693 
313760115000031 3137605402425 7246 
313760115000031 3137602116561 8396 
313760115000031 3137604334663 6459 
313760115000031 3137602116529 2448 
313760115000031 3137606897061 2324 
313760115000031 3137606844286 2855 
313760115000031 313760105000026 7931 
313760115000031 313760105000048 13179 
313760115000031 313760105000050 10425 
313760115000031 313760105000082 9716 
313760115000031 313760105000098 9388 
313760115000031 313760105000145 12494 
313760115000031 313760105000146 10746 
313760115000031 313760105000152 3731 
313760115000031 313760105000172 5545 
313760115000031 313760105000206 7584 
313760115000031 313760105000219 5147 
313760115000031 313760105000220 4566 
313760115000031 313760105000221 5190 
313760115000031 313760105000225 5022 
313760115000031 313760105000226 4611 
313760115000031 313760105000229 4562 
313760115000031 313760105000231 8566 
313760115000031 313760105000257 8941 
313760115000031 313760105000264 7765 
313760115000031 313760105000273 11295 
313760115000031 313760105000280 5997 
313760115000031 313760114000002 15019 
313760115000031 313760114000007 14794 
313760115000031 313760114000008 14335 
313760115000031 313760114000009 13500 
313760115000031 313760114000010 16816 
313760115000031 313760115000005 2478 
313760115000031 313760115000006 3605 
313760115000031 313760115000007 4426 
313760115000031 313760115000015 1816 
313760115000032 3137605402034 11070 
313760115000032 3137602116553 9693 
313760115000032 3137605324920 12521 
313760115000032 3137602168332 8378 
313760115000032 3137605324912 9036 
313760115000032 3137602116588 7393 
313760115000032 3137605402417 5531 
313760115000032 3137602117363 3896 
313760115000032 3137605324904 7803 
313760115000032 3137602116537 4058 
313760115000032 3137602116545 11912 
313760115000032 3137605402425 8850 
313760115000032 3137602116561 9015 
313760115000032 3137604334663 7191 
313760115000032 3137602116529 840 
313760115000032 3137606897061 3224 
313760115000032 3137606844286 1804 
313760115000032 313760105000026 9489 
313760115000032 313760105000048 13164 
313760115000032 313760105000050 12464 
313760115000032 313760105000082 10366 
313760115000032 313760105000098 10426 
313760115000032 313760105000145 13048 
313760115000032 313760105000146 10149 
313760115000032 313760105000152 1810 
313760115000032 313760105000172 7832 
313760115000032 313760105000206 9326 
313760115000032 313760105000219 5931 
313760115000032 313760105000220 5125 
313760115000032 313760105000221 5751 
313760115000032 313760105000225 5254 
313760115000032 313760105000226 4953 
313760115000032 313760105000229 4747 
313760115000032 313760105000231 10733 
313760115000032 313760105000257 9515 
313760115000032 313760105000264 6978 
313760115000032 313760105000273 13070 
313760115000032 313760105000280 4656 
313760115000032 313760114000002 15940 
313760115000032 313760114000007 15443 
313760115000032 313760114000008 15035 
313760115000032 313760114000009 14123 
313760115000032 313760114000010 17176 
313760115000032 313760115000005 5060 
313760115000032 313760115000006 3119 
313760115000032 313760115000007 1781 
313760115000032 313760115000015 3945 
313760115000033 3137605402034 10767 
313760115000033 3137602116553 9401 
313760115000033 3137605324920 12103 
313760115000033 3137602168332 7889 
313760115000033 3137605324912 8590 
313760115000033 3137602116588 6991 
313760115000033 3137605402417 5096 
313760115000033 3137602117363 3513 
313760115000033 3137605324904 7425 
313760115000033 3137602116537 3692 
313760115000033 3137602116545 11515 
313760115000033 3137605402425 8354 
313760115000033 3137602116561 8741 
313760115000033 3137604334663 6872 
313760115000033 3137602116529 804 
313760115000033 3137606897061 2823 
313760115000033 3137606844286 1735 
313760115000033 313760105000026 9007 
313760115000033 313760105000048 13072 
313760115000033 313760105000050 11891 
313760115000033 313760105000082 10095 
313760115000033 313760105000098 10064 
313760115000033 313760105000145 12813 
313760115000033 313760105000146 10196 
313760115000033 313760105000152 2124 
313760115000033 313760105000172 7201 
313760115000033 313760105000206 8805 
313760115000033 313760105000219 5581 
313760115000033 313760105000220 4809 
313760115000033 313760105000221 5449 
313760115000033 313760105000225 5020 
313760115000033 313760105000226 4684 
313760115000033 313760105000229 4511 
313760115000033 313760105000231 10131 
313760115000033 313760105000257 9257 
313760115000033 313760105000264 7050 
313760115000033 313760105000273 12553 
313760115000033 313760105000280 4858 
313760115000033 313760114000002 15625 
313760115000033 313760114000007 15193 
313760115000033 313760114000008 14771 
313760115000033 313760114000009 13875 
313760115000033 313760114000010 17001 
313760115000033 313760115000005 4398 
313760115000033 313760115000006 3080 
313760115000033 313760115000007 2462 
313760115000033 313760115000015 3307 
313760115000034 3137605402034 8305 
313760115000034 3137602116553 6988 
313760115000034 3137605324920 9398 
313760115000034 3137602168332 5112 
313760115000034 3137605324912 5861 
313760115000034 3137602116588 4359 
313760115000034 3137605402417 2446 
313760115000034 3137602117363 1281 
313760115000034 3137605324904 4837 
313760115000034 3137602116537 1478 
313760115000034 3137602116545 8847 
313760115000034 3137605402425 5573 
313760115000034 3137602116561 6398 
313760115000034 3137604334663 4462 
313760115000034 3137602116529 2641 
313760115000034 3137606897061 4315 
313760115000034 3137606844286 2274 
313760115000034 313760105000026 6234 
313760115000034 313760105000048 11187 
313760115000034 313760105000050 9125 
313760115000034 313760105000082 7725 
313760115000034 313760105000098 7473 
313760115000034 313760105000145 10500 
313760115000034 313760105000146 8892 
313760115000034 313760105000152 3356 
313760115000034 313760105000172 4609 
313760115000034 313760105000206 6012 
313760115000034 313760105000219 3146 
313760115000034 313760105000220 2569 
313760115000034 313760105000221 3187 
313760115000034 313760105000225 3070 
313760115000034 313760105000226 2651 
313760115000034 313760105000229 2647 
313760115000034 313760105000231 7418 
313760115000034 313760105000257 6942 
313760115000034 313760105000264 6050 
313760115000034 313760105000273 9761 
313760115000034 313760105000280 4712 
313760115000034 313760114000002 13095 
313760115000034 313760114000007 12816 
313760115000034 313760114000008 12364 
313760115000034 313760114000009 11517 
313760115000034 313760114000010 14814 
313760115000034 313760115000005 3677 
313760115000034 313760115000006 5407 
313760115000034 313760115000007 4991 
313760115000034 313760115000015 1075 
;

end;
