#############################################################################
# Project CNPq: Increasing PHC with team sizing
# Author: João Flávio de Freitas Almeida <joao.flavio@dep.ufmg.br>
# LEPOINT: Laboratório de Estudos em Planejamento de Operações Integradas
# Departamento de Engenharia de Produção
# Universidade Federal de Minas Gerais - Escola de Engenharia
#############################################################################
# Health Care Facility Location Problem: Considering fixed facilities,
# choose intermediate facilities according a criteria that improve service
# quality. Consider health care teams.
#############################################################################
# glpsol -m aps.mod -d LS.dat --cuts

#############################################################################
# DADOS REFERENTES AO MUNICIPIO DE: 
# Montes Claros 
#############################################################################
data;
param BUDGET := 105637927.06; # Overall budget constraint ($/year)
param I_L1 := 3818078.0;
param I_L1_exp := 1200000.0;
param: K: Dmax :=
1         5000 # PHC: Primary health care (basic care)
2         30000 # SHC: Secondary health care (intermediate care)
3         35000 # THC: Tertiary health care (hospital care)
;
# Basic health care units teams (PHC)
set E[1] :=
eSF
eSB
eMulti
ACS
;

# Intermediate health care units teams (SHC)
set E[2] :=
EQ2
;

set E[3] :=
EQ3
;

set EL[1] := 
3143300185701
3143307779704
3143309772235
3143309772251
3143309812059
3143302218976
3143305305063
3143307781067
3143309354255
3143306355625
3143309132481
3143307831331
3143300659134
3143303180158
3143302149966
3143307821506
3143302150107
3143309775978
3143302219107
3143302219352
3143303180182
3143302149907
3143302150042
3143302219085
3143309812032
3143302149915
3143307299079
3143302150018
3143302203472
3143302218984
3143306065295
3143302219069
3143306629296
3143302149923
3143306065341
3143306329705
3143306297943
3143307780621
3143303180166
3143302149893
3143302150026
3143300550108
3143303413578
3143306329632
3143305212588
3143309812083
3143306023282
3143302218968
3143309772227
3143302203480
3143302150085
3143300211826
3143302149931
3143309352511
3143309251553
3143305998220
3143309690905
3143307608756
3143306409911
3143307780907
3143309936424
3143309812075
3143306301304
3143303688100
3143303180115
3143305302854
3143302219212
3143302219018
3143302149958
3143307951345
3143302219077
3143302219344
3143307607660
3143302150069
3143307809131
3143300186252
3143304701852
3143307836619
3143305212545
3143302150077
3143302150034
3143302219379
;

set EL[2] := SHC1;
set EL[3] := THC1;
set CL[1] :=
314330205000295
314330205000296
314330205000367
314330205000404
314330205000539
314330205000593
314330205000594
314330205000631
314330205000637
314330205000751
314330205000798
314330205000814
314330205000906
314330205000907
314330205000911
314330205000913
314330205000960
314330205000976
314330208000002
314330210000001
314330210000005
314330220000007
314330220000008
314330220000010
314330225000003
314330225000008
314330230000008
314330235000001
314330235000002
314330235000003
;

set CL[2] := ;
set CL[3] := ;
# of type p at demand point i and 
# vulnerability V (the higher vulnerability, the worse)
# id_setor	populacao	IVS
param: I:       W   IVS:=	
314330205000001 76 0.1104271850156926 
314330205000002 273 0.121799187345252 
314330205000003 442 0.1296769507221387 
314330205000004 340 0.1242418436609959 
314330205000005 235 0.1185396524756827 
314330205000006 319 0.1234638110319656 
314330205000008 199 0.1190232753254409 
314330205000009 354 0.1253479611890503 
314330205000013 558 0.1345729411270993 
314330205000014 93 0.109970173815654 
314330205000015 596 0.1378543381560666 
314330205000016 877 0.1529579569224753 
314330205000017 735 0.1462961892673589 
314330205000019 345 0.1235351524510385 
314330205000020 576 0.1365114324713063 
314330205000021 528 0.1340021535967901 
314330205000022 722 0.1444157414290836 
314330205000023 520 0.1337813035679583 
314330205000025 566 0.1369097221297391 
314330205000026 595 0.1386158930484167 
314330205000028 759 0.1453104767951535 
314330205000029 350 0.1246264567356187 
314330205000030 419 0.1275671687399483 
314330205000032 401 0.129259675622082 
314330205000033 382 0.127447771518162 
314330205000034 402 0.1276878858728511 
314330205000036 379 0.126022296005944 
314330205000042 717 0.1400778958920755 
314330205000043 587 0.1341703735055242 
314330205000044 677 0.141710601391774 
314330205000045 496 0.1308895418611091 
314330205000046 822 0.1498156591212228 
314330205000047 812 0.1468793184157883 
314330205000049 703 0.1411712422006136 
314330205000051 511 0.1318589542052189 
314330205000054 831 0.1493501808046891 
314330205000055 667 0.1392185158875549 
314330205000056 586 0.1357522154179517 
314330205000058 516 0.1326309489988043 
314330205000059 716 0.1431638892225662 
314330205000060 684 0.1417733924290126 
314330205000061 626 0.1376887863095492 
314330205000062 732 0.1448473482957638 
314330205000064 681 0.1415250350467188 
314330205000065 620 0.1387150621335734 
314330205000066 448 0.1300175444188296 
314330205000067 536 0.1331289383060689 
314330205000068 555 0.1350835998047206 
314330205000069 400 0.126988517071181 
314330205000072 620 0.13753310271085 
314330205000074 652 0.1395928479714739 
314330205000076 809 0.1471456143526238 
314330205000077 654 0.1400178312518983 
314330205000078 540 0.1332748920944443 
314330205000080 677 0.1428433821985849 
314330205000082 593 0.1382767123141218 
314330205000083 688 0.140131129248952 
314330205000084 427 0.1278555806438246 
314330205000085 470 0.1304445624108627 
314330205000086 494 0.1320952112727179 
314330205000088 562 0.1360446072845985 
314330205000089 584 0.1380713271465564 
314330205000093 533 0.1340033736360407 
314330205000094 606 0.1382376021222047 
314330205000095 519 0.1355364741579794 
314330205000097 616 0.1402638457262911 
314330205000099 880 0.1540883928733059 
314330205000101 872 0.1505912722924417 
314330205000102 723 0.1415789397244554 
314330205000104 392 0.1249026332328523 
314330205000105 920 0.1526107627536739 
314330205000107 591 0.1347281913275534 
314330205000108 667 0.1398115014555512 
314330205000109 766 0.1442931468345694 
314330205000110 512 0.1318688587316069 
314330205000111 524 0.1324516085175952 
314330205000112 781 0.1460173981774027 
314330205000113 372 0.1245552445011862 
314330205000114 605 0.1363329400331808 
314330205000115 621 0.1382238681737483 
314330205000116 400 0.1262231903282297 
314330205000117 560 0.1337471569327922 
314330205000118 625 0.1372056371673403 
314330205000119 389 0.1247164346583062 
314330205000120 618 0.1363490676208006 
314330205000121 704 0.1413577915066402 
314330205000122 566 0.1343853448932327 
314330205000124 647 0.1381885282145201 
314330205000126 629 0.1380032129378969 
314330205000127 451 0.1269773894170462 
314330205000129 633 0.1373609953016211 
314330205000131 456 0.1285741398976479 
314330205000132 823 0.1469257776405537 
314330205000133 742 0.1435600041233405 
314330205000135 466 0.1281865074591797 
314330205000137 807 0.1502191473535115 
314330205000139 266 0.117708829539903 
314330205000140 636 0.1376760586941422 
314330205000141 640 0.1396288700877293 
314330205000142 758 0.1443066572515876 
314330205000144 589 0.1360757137299589 
314330205000145 430 0.1281288786900063 
314330205000146 402 0.1248420821265032 
314330205000148 589 0.1357756419278177 
314330205000149 717 0.1426738524964195 
314330205000150 573 0.1353679885254318 
314330205000151 539 0.1336559398085176 
314330205000152 593 0.1356073319569335 
314330205000153 715 0.1439758424021366 
314330205000154 484 0.1306554099485033 
314330205000155 799 0.1465933033826564 
314330205000157 990 0.1572816697135048 
314330205000158 751 0.1450378632089217 
314330205000159 570 0.1346267641996018 
314330205000160 572 0.1343690486741002 
314330205000161 786 0.1457753595019361 
314330205000162 674 0.1396156558743845 
314330205000163 729 0.1428415096099225 
314330205000165 595 0.1361062288086652 
314330205000166 715 0.142676994699114 
314330205000167 865 0.1511705822953656 
314330205000168 869 0.1521599763874326 
314330205000170 501 0.1311607379217565 
314330205000171 561 0.1352169076478497 
314330205000173 493 0.1316996031554621 
314330205000175 595 0.1355996742286191 
314330205000177 585 0.1371131932987197 
314330205000178 459 0.1309375593003433 
314330205000179 582 0.136353281568969 
314330205000180 623 0.139018712365436 
314330205000181 664 0.1425791799227277 
314330205000182 464 0.1299526934422948 
314330205000183 587 0.1381276383099738 
314330205000184 521 0.1334871875239839 
314330205000185 565 0.1349742823429016 
314330205000191 796 0.1480812838686844 
314330205000192 529 0.1326417619602925 
314330205000193 490 0.130790462023356 
314330205000194 535 0.1324939465442763 
314330205000195 919 0.1517003910200888 
314330205000196 237 0.1161985510810476 
314330205000198 662 0.1379582845156618 
314330205000202 538 0.1323837020587547 
314330205000203 776 0.1442669066678638 
314330205000204 682 0.1387854961920236 
314330205000206 741 0.1427268844012364 
314330205000207 434 0.1269642093849018 
314330205000209 801 0.146054827027341 
314330205000211 736 0.1431678265579622 
314330205000212 687 0.1379834218084144 
314330205000213 678 0.1395453694700512 
314330205000215 259 0.1170975264097687 
314330205000216 729 0.1414940074782571 
314330205000217 826 0.148300923668954 
314330205000218 517 0.131301193787495 
314330205000219 889 0.1516319488693705 
314330205000220 630 0.137372684665243 
314330205000221 899 0.1517865155303996 
314330205000222 662 0.1399371451280024 
314330205000223 684 0.1403856195493431 
314330205000225 955 0.1547979133677192 
314330205000226 797 0.1488456723540968 
314330205000227 688 0.1417248808694728 
314330205000228 646 0.1395261250240816 
314330205000229 744 0.1429983273530421 
314330205000230 795 0.1465866389944603 
314330205000231 859 0.1482716461973069 
314330205000232 320 0.1204303968450361 
314330205000233 630 0.1376089347609259 
314330205000234 687 0.1393635050289752 
314330205000236 702 0.1400202659740802 
314330205000237 893 0.1504861584713007 
314330205000238 847 0.1500994883685658 
314330205000239 493 0.1308887634951846 
314330205000240 521 0.1322597027097802 
314330205000241 288 0.11948628048828 
314330205000242 506 0.1309448798910564 
314330205000243 602 0.1377040617925818 
314330205000244 811 0.1468604670650319 
314330205000246 436 0.126295510805051 
314330205000247 449 0.1298654418539609 
314330205000248 682 0.1434241683435875 
314330205000250 618 0.1350195827842397 
314330205000253 845 0.1482183328434472 
314330205000254 548 0.134275486037223 
314330205000256 648 0.141273098650525 
314330205000257 699 0.1411784764648587 
314330205000258 707 0.1413032451835714 
314330205000259 721 0.1420449597306436 
314330205000260 611 0.1356120093526275 
314330205000261 882 0.1494209508700222 
314330205000263 836 0.1469979295071787 
314330205000264 851 0.1480004010757261 
314330205000265 483 0.1291064152251959 
314330205000266 526 0.1317632676540888 
314330205000267 671 0.1383550120757651 
314330205000268 599 0.1348373985938145 
314330205000269 108 0.1100221845787213 
314330205000270 806 0.147608520663026 
314330205000271 211 0.1170585788890133 
314330205000272 305 0.1212474205576435 
314330205000273 881 0.1498782653638429 
314330205000276 281 0.1216847829936001 
314330205000279 111 0.1119221317860161 
314330205000281 130 0.1124196299513094 
314330205000282 149 0.1148076105111419 
314330205000284 373 0.12442293337522 
314330205000285 61 0.109447218099109 
314330205000286 107 0.1129303109171513 
314330205000287 189 0.1153639511838274 
314330205000288 92 0.1108547027117239 
314330205000289 132 0.1131717414721632 
314330205000290 488 0.1297548815926148 
314330205000291 284 0.1186909383489105 
314330205000292 885 0.1483383922803376 
314330205000293 833 0.1453033480838621 
314330205000295 651 0.1388974184870625 
314330205000296 328 0.1216037963711833 
314330205000297 194 0.1165528714538756 
314330205000298 296 0.1228872255782391 
314330205000299 353 0.125669659848337 
314330205000302 0 0.1639875941128396 
314330205000305 652 0.1389665661527778 
314330205000306 1080 0.1599414961752834 
314330205000307 627 0.1391815638910591 
314330205000308 907 0.1528472815681864 
314330205000309 490 0.1293223946818132 
314330205000310 751 0.144459926703688 
314330205000314 790 0.1447437421896012 
314330205000315 537 0.1318002128858468 
314330205000317 301 0.1195729088127643 
314330205000319 532 0.1327213810424328 
314330205000321 679 0.1408294870772699 
314330205000323 428 0.1259178234308626 
314330205000324 603 0.1360943648836653 
314330205000325 647 0.1386404095558231 
314330205000327 680 0.1414281611233321 
314330205000328 589 0.1347181961465711 
314330205000330 770 0.1441007914196654 
314330205000331 650 0.1382206195076338 
314330205000334 496 0.1309092868361069 
314330205000335 772 0.145506770358273 
314330205000337 519 0.131905467060588 
314330205000338 763 0.1446357775105414 
314330205000340 609 0.1381679127651827 
314330205000342 506 0.1322527431549935 
314330205000345 686 0.139638148869699 
314330205000346 738 0.1429262090014232 
314330205000347 565 0.1341710116190895 
314330205000348 482 0.1297876144457061 
314330205000349 628 0.1355330611603847 
314330205000350 783 0.1432739330370894 
314330205000351 718 0.1403415062923103 
314330205000352 781 0.1432917968252041 
314330205000353 770 0.1452314669582152 
314330205000354 583 0.1325747487346 
314330205000355 663 0.1389761362386894 
314330205000356 735 0.1421051938496725 
314330205000359 646 0.1377257610401649 
314330205000360 700 0.1406882836741778 
314330205000362 776 0.1477314989344643 
314330205000363 657 0.1387199518220181 
314330205000365 563 0.1333622262668229 
314330205000367 839 0.1486081675654673 
314330205000368 0 0.1639875941128396 
314330205000370 534 0.132118812610622 
314330205000372 801 0.14657876311082 
314330205000373 628 0.137167748691514 
314330205000374 715 0.1402982907146621 
314330205000379 910 0.1485777237241168 
314330205000380 265 0.1195631725168547 
314330205000382 124 0.1122916637329873 
314330205000384 0 0.1639875941128396 
314330205000389 517 0.1328964593863719 
314330205000391 423 0.1251689341743532 
314330205000392 775 0.1417446541886912 
314330205000393 821 0.1437168246768788 
314330205000397 652 0.1357258553220378 
314330205000398 890 0.1516884772034191 
314330205000399 973 0.1524402394426829 
314330205000400 1080 0.1568352629735952 
314330205000401 255 0.1193229984997539 
314330205000404 524 0.1333009760355419 
314330205000405 84 0.1104459550557696 
314330205000406 151 0.1157349907150543 
314330205000407 259 0.1143071452690206 
314330205000409 296 0.1204467968565239 
314330205000410 174 0.1163488747741487 
314330205000411 125 0.1129924614340731 
314330205000412 99 0.1106157438987996 
314330205000414 188 0.1164020208586219 
314330205000415 337 0.1222713136878015 
314330205000416 104 0.1120321343782296 
314330205000417 54 0.1096356333025081 
314330205000418 156 0.1143500364148409 
314330205000419 536 0.1353933948882748 
314330205000421 378 0.1259228774474547 
314330205000426 454 0.1297269207421498 
314330205000427 524 0.1334941817421526 
314330205000428 397 0.1281827843829536 
314330205000429 352 0.1253453219717714 
314330205000431 467 0.1306347323742818 
314330205000432 640 0.1373459160433839 
314330205000433 657 0.1406317492277227 
314330205000434 763 0.1437115603624974 
314330205000435 515 0.1320701251491668 
314330205000436 186 0.1153063683831558 
314330205000437 490 0.1309528434778244 
314330205000438 687 0.1412354421532867 
314330205000439 501 0.1320104209900693 
314330205000440 391 0.128797425152004 
314330205000442 461 0.1318276097431615 
314330205000446 625 0.1372239503523849 
314330205000447 43 0.1065318525379667 
314330205000448 394 0.1248604578964956 
314330205000449 405 0.1258589142821521 
314330205000450 321 0.1220989221879017 
314330205000451 458 0.1286595679784953 
314330205000453 658 0.1381354261995835 
314330205000454 650 0.1373724093574109 
314330205000455 279 0.1202012112023765 
314330205000457 655 0.139082068814196 
314330205000458 526 0.1321016100729467 
314330205000459 549 0.1338113350795464 
314330205000460 602 0.137232865312518 
314330205000461 544 0.1337905026230363 
314330205000463 438 0.1278601108198526 
314330205000464 484 0.1295507467524573 
314330205000465 613 0.1364161236595611 
314330205000467 486 0.1315465997041985 
314330205000468 571 0.1345878123972715 
314330205000469 473 0.1310679670009941 
314330205000470 358 0.12569145341278 
314330205000471 506 0.1318808537341882 
314330205000472 619 0.1373516211138215 
314330205000473 548 0.1341663267457054 
314330205000474 606 0.1371619330616272 
314330205000475 266 0.1190056957528204 
314330205000476 487 0.1297803313797874 
314330205000477 353 0.1236541680996351 
314330205000478 395 0.1260355828489472 
314330205000480 236 0.1172554731950946 
314330205000481 563 0.1337511752134147 
314330205000482 615 0.1370566243197034 
314330205000483 641 0.1358085822537579 
314330205000485 825 0.1469538038997374 
314330205000486 675 0.1379586520033156 
314330205000487 767 0.1427326013174094 
314330205000488 959 0.1520865077639666 
314330205000490 563 0.1340847447690182 
314330205000492 766 0.1445641884045629 
314330205000493 556 0.1331710801224705 
314330205000495 643 0.1373237415737204 
314330205000497 934 0.1514086985611694 
314330205000498 541 0.1319375271888854 
314330205000502 742 0.1432635685787182 
314330205000503 724 0.1432496533659542 
314330205000504 475 0.1290422358500327 
314330205000506 615 0.1360115199716563 
314330205000507 510 0.1319092441965683 
314330205000508 509 0.1312953290138782 
314330205000509 781 0.1476018153792098 
314330205000511 782 0.1429201026926504 
314330205000512 543 0.1327794494819923 
314330205000513 127 0.1106050983446674 
314330205000515 540 0.1325304256555009 
314330205000522 405 0.1242271801043608 
314330205000523 369 0.1227185451574112 
314330205000524 702 0.1407887179154134 
314330205000525 538 0.1324788220431309 
314330205000526 836 0.1474516651219141 
314330205000527 637 0.1371903349379885 
314330205000528 874 0.1478674308933856 
314330205000531 475 0.1304874237655014 
314330205000532 492 0.1306335875305524 
314330205000533 701 0.1390644108644086 
314330205000534 920 0.1488817858430885 
314330205000538 550 0.1325059776907302 
314330205000539 223 0.1177193929668314 
314330205000540 47 0.1091288703894481 
314330205000541 299 0.1223644624443736 
314330205000544 495 0.1303931227870101 
314330205000550 620 0.1360734050378103 
314330205000551 411 0.1248803552576402 
314330205000554 526 0.1313084800091104 
314330205000557 471 0.1294982595572191 
314330205000558 410 0.1258675965944355 
314330205000559 791 0.1425914655611039 
314330205000560 436 0.1277971317903899 
314330205000561 538 0.1329746115185205 
314330205000562 454 0.1285553897858302 
314330205000563 376 0.1250826694751519 
314330205000565 559 0.1329724053076021 
314330205000566 603 0.1349466151901365 
314330205000567 306 0.1215495382648571 
314330205000568 448 0.1276914763259186 
314330205000569 392 0.1243544247894135 
314330205000570 579 0.1339355251776632 
314330205000571 480 0.1281853681398526 
314330205000573 769 0.1425650017198174 
314330205000574 869 0.1471260371226576 
314330205000575 726 0.1392154439044291 
314330205000576 412 0.1254217395021675 
314330205000577 463 0.1272554599699048 
314330205000578 533 0.1302325096502146 
314330205000579 330 0.1211012715071682 
314330205000580 325 0.1207537021055007 
314330205000581 873 0.1476849562838687 
314330205000582 619 0.1361044965324885 
314330205000583 857 0.145968147976206 
314330205000584 791 0.1444284991999755 
314330205000586 665 0.1376904524468386 
314330205000588 643 0.13695138902421 
314330205000589 801 0.14319030387531 
314330205000591 820 0.1471295861216592 
314330205000592 311 0.1204426934805921 
314330205000593 565 0.1343910387440246 
314330205000594 516 0.1314049247865987 
314330205000597 887 0.1497719307068174 
314330205000599 607 0.1342842132981723 
314330205000600 585 0.1340637998849922 
314330205000601 454 0.1269734482617484 
314330205000603 748 0.1412596250330243 
314330205000604 376 0.1257543144505828 
314330205000605 687 0.1390543905889659 
314330205000606 632 0.1370901074387036 
314330205000607 1119 0.1567210276105754 
314330205000608 848 0.1444609585305848 
314330205000609 510 0.1300091029686006 
314330205000610 849 0.1456394182266709 
314330205000611 804 0.1415678212994513 
314330205000612 993 0.1511516993108653 
314330205000613 1032 0.1534219165843705 
314330205000614 980 0.1524056274931213 
314330205000615 127 0.1094612667159845 
314330205000616 612 0.1341130467297992 
314330205000617 608 0.1348781930321147 
314330205000619 666 0.1381040658280205 
314330205000620 657 0.1372520577416908 
314330205000622 739 0.1418884202487282 
314330205000628 383 0.1235023766244005 
314330205000629 103 0.1105584675159672 
314330205000631 483 0.1284749817803616 
314330205000633 115 0.1122573531473427 
314330205000635 347 0.124846537867619 
314330205000636 290 0.122260790509086 
314330205000637 356 0.1243679484032713 
314330205000638 454 0.1302456563312261 
314330205000639 472 0.1308186995167004 
314330205000640 332 0.1221974506181936 
314330205000641 225 0.1164083991790012 
314330205000642 332 0.1228488856906045 
314330205000643 192 0.1150725351464485 
314330205000644 409 0.1272953876760776 
314330205000645 244 0.1186775427995649 
314330205000646 378 0.1264521183144367 
314330205000647 286 0.1210481172477384 
314330205000648 205 0.1184629466881333 
314330205000649 282 0.1225714315930968 
314330205000650 433 0.1307819989670243 
314330205000651 325 0.124111393051261 
314330205000652 403 0.1264692679839471 
314330205000653 651 0.1400048568705203 
314330205000655 222 0.1178608089874853 
314330205000656 439 0.1291214248903571 
314330205000657 511 0.1332255737381671 
314330205000658 477 0.1314277368584637 
314330205000659 468 0.1300240662365178 
314330205000660 522 0.1338258179760572 
314330205000661 843 0.1487238650875221 
314330205000663 576 0.1361639037743811 
314330205000664 50 0.1084812226261255 
314330205000665 330 0.1231754310409132 
314330205000666 557 0.1347344003939052 
314330205000667 859 0.1508309492367673 
314330205000668 0 0.1639875941128396 
314330205000669 427 0.1273483338004063 
314330205000670 442 0.1277620250003346 
314330205000671 430 0.1271838839088185 
314330205000672 550 0.1333020392902684 
314330205000673 327 0.1220434149911907 
314330205000674 643 0.1393437888404189 
314330205000675 290 0.1209558021414915 
314330205000676 442 0.1298679612966283 
314330205000677 196 0.1156409938229729 
314330205000678 398 0.1268887180783892 
314330205000679 408 0.1271494032422387 
314330205000680 442 0.1279784753923491 
314330205000681 353 0.1243163352547811 
314330205000682 311 0.1242871654799531 
314330205000683 470 0.1297130735534163 
314330205000684 406 0.1276676118143508 
314330205000685 452 0.1281020121902451 
314330205000686 194 0.1141492030713613 
314330205000687 518 0.129769248129347 
314330205000688 470 0.1284189908090943 
314330205000690 664 0.1398511003264497 
314330205000691 796 0.1454242811902009 
314330205000692 28 0.1073416556523845 
314330205000693 0 0.1639875941128396 
314330205000694 293 0.1222462197241103 
314330205000695 436 0.1268130625611608 
314330205000696 593 0.1357780437211389 
314330205000697 443 0.1274258147785753 
314330205000698 641 0.1386109221871134 
314330205000699 427 0.1264497062864225 
314330205000702 98 0.1089251667282032 
314330205000703 840 0.1476472137566452 
314330205000704 0 0.1639875941128396 
314330205000705 318 0.1213745057511926 
314330205000706 499 0.1314947973316992 
314330205000707 519 0.1312741187241757 
314330205000708 20 0.1065634850892051 
314330205000709 480 0.1296763006512469 
314330205000711 422 0.1271262396692349 
314330205000712 425 0.1285214063934272 
314330205000713 195 0.1158119894758707 
314330205000714 379 0.1251953228831313 
314330205000716 431 0.1281106884390435 
314330205000717 297 0.1216494379180732 
314330205000718 377 0.1243592569096755 
314330205000719 378 0.1252376040099735 
314330205000720 411 0.1264154942664757 
314330205000721 394 0.1253206519682063 
314330205000722 463 0.1297036000370436 
314330205000724 410 0.127401486986057 
314330205000725 501 0.1324691381909841 
314330205000726 604 0.1386062989707803 
314330205000727 155 0.1131175175592192 
314330205000729 131 0.1097581906717852 
314330205000730 462 0.1270701252793233 
314330205000731 556 0.1321004032202527 
314330205000732 823 0.1480637385086168 
314330205000734 550 0.1335632190074356 
314330205000735 430 0.1271703796020376 
314330205000736 359 0.1234015344648689 
314330205000737 583 0.1358248657064424 
314330205000738 160 0.1112580798415483 
314330205000739 385 0.1235142356161537 
314330205000740 748 0.1438383726091325 
314330205000741 30 0.1065795396840936 
314330205000742 461 0.1280102155582352 
314330205000743 200 0.1145211515545245 
314330205000744 637 0.1355324101272306 
314330205000745 556 0.1318141973959692 
314330205000746 585 0.133538783067643 
314330205000747 407 0.125157535144296 
314330205000750 242 0.1178241661218823 
314330205000751 223 0.117108552438321 
314330205000752 529 0.1328341336338702 
314330205000753 495 0.1311296391744124 
314330205000754 491 0.1312676806954669 
314330205000755 303 0.121967513945794 
314330205000756 725 0.1413881986761008 
314330205000757 71 0.1098321721012817 
314330205000758 38 0.1072154113104743 
314330205000759 106 0.1103215781216105 
314330205000760 894 0.1481778853859917 
314330205000761 332 0.1207472956565661 
314330205000762 497 0.1310907920839816 
314330205000763 578 0.134044563625793 
314330205000764 127 0.1113565604898296 
314330205000765 431 0.1299907261176838 
314330205000766 114 0.1129157309433891 
314330205000767 564 0.1380003954047047 
314330205000768 518 0.1299736742226643 
314330205000769 626 0.1374786830591673 
314330205000770 622 0.136023672733615 
314330205000771 484 0.130266359477021 
314330205000772 470 0.1286527035341638 
314330205000773 351 0.1233586799805534 
314330205000774 434 0.1278777618753717 
314330205000775 437 0.1294806647355056 
314330205000776 522 0.1336283473561391 
314330205000777 363 0.1233653855080309 
314330205000778 402 0.1256505573750598 
314330205000779 336 0.1222672124451192 
314330205000780 444 0.1272783871457171 
314330205000781 518 0.1325790025096197 
314330205000782 475 0.1297074503797463 
314330205000785 627 0.1350724749643047 
314330205000786 281 0.1196300729444296 
314330205000787 841 0.147096803895058 
314330205000788 36 0.1083346923065501 
314330205000789 88 0.1084116642516395 
314330205000790 699 0.1386272559868932 
314330205000791 641 0.1402325542774429 
314330205000792 389 0.1258286426931369 
314330205000793 162 0.1138946399736707 
314330205000794 625 0.1364719986668417 
314330205000795 513 0.1311427866550972 
314330205000796 304 0.1203316050243794 
314330205000798 82 0.1090619305762909 
314330205000799 27 0.1067941491999938 
314330205000800 571 0.1324556173791375 
314330205000801 547 0.1322311171980844 
314330205000802 542 0.1329661045820275 
314330205000803 81 0.1085799748236247 
314330205000804 103 0.1114109574728032 
314330205000806 369 0.1259057775891137 
314330205000807 412 0.1285930604784555 
314330205000808 254 0.1202102780189492 
314330205000809 623 0.1385626229184763 
314330205000810 502 0.1316205094114765 
314330205000811 395 0.1251450358139101 
314330205000812 394 0.1279730603243271 
314330205000813 258 0.1212236474471688 
314330205000814 219 0.1186518073106095 
314330205000815 316 0.1218002364363403 
314330205000816 293 0.121121230793794 
314330205000817 438 0.1278033009475498 
314330205000818 490 0.1300578074684337 
314330205000819 278 0.1200863568518903 
314330205000820 366 0.1250985310697162 
314330205000821 448 0.1273719572612845 
314330205000822 631 0.1348736539744872 
314330205000824 613 0.1367447863613523 
314330205000825 632 0.1358844391489475 
314330205000826 413 0.1252728608336767 
314330205000827 419 0.1267775290430748 
314330205000828 481 0.1285591914297148 
314330205000830 242 0.1169131104233819 
314330205000831 534 0.1316274617711547 
314330205000832 769 0.1435969961375452 
314330205000833 554 0.1338583338980072 
314330205000834 301 0.1217935783849905 
314330205000835 660 0.1362547962844391 
314330205000836 423 0.1253113117693978 
314330205000837 591 0.1334192719050631 
314330205000838 695 0.1386292250348187 
314330205000839 660 0.1371645571399754 
314330205000840 671 0.1391930398058328 
314330205000841 658 0.1376824312751362 
314330205000842 605 0.134333677867228 
314330205000843 511 0.1305130387968953 
314330205000844 543 0.1314920268968266 
314330205000845 455 0.126953961042425 
314330205000846 716 0.1403235194699429 
314330205000848 177 0.1103719168811565 
314330205000849 395 0.123658197508166 
314330205000850 539 0.1308650827094435 
314330205000851 538 0.1350292977967569 
314330205000852 1034 0.1554580725437532 
314330205000854 366 0.1233160101824877 
314330205000855 339 0.1235264480314638 
314330205000856 243 0.1183090444439096 
314330205000857 828 0.1495930654896551 
314330205000858 156 0.1132172613086426 
314330205000859 710 0.1402448586048168 
314330205000860 128 0.1111111419332571 
314330205000862 268 0.122576438032049 
314330205000863 252 0.1243981759907515 
314330205000865 360 0.1228846917383575 
314330205000866 157 0.1125237959900015 
314330205000869 429 0.1275310675765275 
314330205000870 418 0.1256787779527348 
314330205000872 575 0.1328374667345496 
314330205000873 753 0.141180453679171 
314330205000874 517 0.1308151095242511 
314330205000876 593 0.1337377634855852 
314330205000877 288 0.1200996430836982 
314330205000878 273 0.1192123092993679 
314330205000879 307 0.1210184488296017 
314330205000881 443 0.1276803286979903 
314330205000882 333 0.1229675349703558 
314330205000883 49 0.107859616692668 
314330205000884 730 0.1417226205131657 
314330205000885 665 0.1388113199492808 
314330205000886 28 0.1052821918497711 
314330205000887 297 0.1208368954700763 
314330205000888 263 0.1191183448897662 
314330205000889 225 0.1170960048179319 
314330205000890 561 0.1332091175379231 
314330205000895 503 0.1316603435659828 
314330205000896 795 0.1468833942092493 
314330205000897 291 0.1194191441521457 
314330205000898 257 0.1192110919188401 
314330205000899 215 0.1174782648377779 
314330205000900 685 0.1381184985404456 
314330205000901 150 0.1135947098264963 
314330205000902 449 0.1270177945367936 
314330205000903 628 0.1360546346893075 
314330205000904 483 0.127927326929941 
314330205000905 787 0.144142505492944 
314330205000906 224 0.1177260268383982 
314330205000907 294 0.1214239733704837 
314330205000908 201 0.116566652833359 
314330205000909 258 0.1190031554600812 
314330205000910 227 0.1181724767973336 
314330205000911 198 0.1157410969244995 
314330205000912 307 0.1219402595121414 
314330205000913 486 0.1335172731658584 
314330205000914 123 0.1134876380729535 
314330205000915 268 0.1194079562139208 
314330205000916 38 0.1080015542328524 
314330205000918 38 0.1049879150656864 
314330205000922 328 0.1245108342419229 
314330205000923 0 0.1639875941128396 
314330205000925 286 0.1187449450743036 
314330205000927 41 0.1072991500712288 
314330205000928 178 0.1147817745356142 
314330205000929 145 0.1158618532687553 
314330205000930 87 0.11110585836529 
314330205000931 15 0.1050391728632735 
314330205000932 426 0.127808058386208 
314330205000933 355 0.1232293190912533 
314330205000934 39 0.1067577220234592 
314330205000935 465 0.1282812340167843 
314330205000937 82 0.1101570424881022 
314330205000938 308 0.1209975786474708 
314330205000939 312 0.1210787773811098 
314330205000940 215 0.1173646383616147 
314330205000941 328 0.1239605919020379 
314330205000942 475 0.1275194010417214 
314330205000943 522 0.1308293831841351 
314330205000944 401 0.1253161065659084 
314330205000946 830 0.1469892590364044 
314330205000947 267 0.1174323484284758 
314330205000948 267 0.117593843365859 
314330205000949 327 0.1221865729781899 
314330205000950 445 0.1275042150244062 
314330205000951 600 0.1369505518779488 
314330205000952 611 0.1361184997654679 
314330205000953 319 0.1208419872879055 
314330205000954 247 0.1177429929465288 
314330205000955 319 0.1204934205758405 
314330205000956 430 0.1262302083844771 
314330205000957 496 0.1300092934944029 
314330205000958 220 0.1154349519704384 
314330205000959 402 0.1254628608941058 
314330205000960 95 0.1108155319139332 
314330205000961 68 0.1085486685635665 
314330205000962 545 0.1313456012466443 
314330205000965 545 0.1344001515442485 
314330205000966 389 0.1255667911185069 
314330205000967 518 0.1323642690150505 
314330205000968 586 0.1332625213942675 
314330205000969 279 0.1185509764282691 
314330205000970 137 0.1117392869777808 
314330205000971 210 0.1158052461031456 
314330205000973 382 0.1263644629301504 
314330205000974 365 0.1224272023795274 
314330205000975 235 0.1166665387443553 
314330205000976 313 0.1223520823312261 
314330205000977 106 0.1108470747131799 
314330205000978 493 0.1288531146159461 
314330205000979 16 0.104407654499368 
314330205000980 160 0.112634596662085 
314330205000981 349 0.1224234135989809 
314330205000982 15 0.1060522324635266 
314330205000983 92 0.1101631038332193 
314330205000984 104 0.1121402166270925 
314330205000985 0 0.1639875941128396 
314330205000986 407 0.1271151234885199 
314330205000987 363 0.1243120517148681 
314330205000988 467 0.1308836375991288 
314330205000989 408 0.1263829563609046 
314330205000990 343 0.1234843501969373 
314330205000991 293 0.1214378393623663 
314330205000992 441 0.128215652073246 
314330205000993 422 0.1279167610434485 
314330205000994 606 0.1371160853078824 
314330205000995 528 0.1322679586778474 
314330205000996 181 0.1143621384318262 
314330205000997 451 0.126807873774287 
314330205000998 86 0.1117853243363946 
314330205000999 214 0.1172598405741413 
314330205001000 528 0.1297448653801035 
314330205001001 332 0.123544500706447 
314330205001002 362 0.1248520187892731 
314330205001003 457 0.1305024378605364 
314330205001004 392 0.1257780356736621 
314330205001005 602 0.1343696993876506 
314330205001006 462 0.1275839634489793 
314330205001007 368 0.1256814483420069 
314330205001008 246 0.1201729642552952 
314330205001009 453 0.1271283780302524 
314330205001010 659 0.1393350707284331 
314330205001011 427 0.1256808492480705 
314330205001012 557 0.133497838263757 
314330205001013 518 0.1306920171375247 
314330205001014 432 0.1275605650433041 
314330205001015 435 0.1274294863103384 
314330205001016 421 0.1259192566766571 
314330205001017 566 0.1344304904957984 
314330205001018 380 0.1233564056677243 
314330205001019 446 0.1280507292032598 
314330205001020 463 0.1265930482617034 
314330205001021 433 0.1268813194911557 
314330205001022 447 0.1275026637308872 
314330205001023 463 0.1307319864271583 
314330205001024 439 0.1279068414709756 
314330205001025 478 0.1291198699278307 
314330205001026 503 0.1305694197844695 
314330205001027 455 0.1286901545319321 
314330205001028 473 0.1289708945412941 
314330205001029 469 0.1290228530911418 
314330205001030 516 0.1314038369285423 
314330205001031 542 0.1327643734095291 
314330205001032 593 0.1357389618215717 
314330205001033 513 0.1309314773321009 
314330205001034 567 0.1342661571595423 
314330205001035 356 0.1232117220879554 
314330205001036 448 0.1276776864799396 
314330205001037 530 0.131438555604805 
314330205001038 461 0.1275293827697905 
314330205001039 601 0.1340787143752452 
314330205001040 476 0.1281225648827114 
314330205001041 428 0.1269718745320897 
314330205001042 424 0.1263353988336142 
314330205001043 506 0.1305136509746582 
314330205001044 490 0.1310186108112274 
314330205001045 270 0.1209501869320543 
314330205001046 276 0.1217001355255428 
314330205001047 430 0.1273371561122734 
314330205001048 443 0.1276326559712394 
314330208000002 288 0.119752898526593 
314330208000003 269 0.1202603980072381 
314330208000004 258 0.1189476850129597 
314330210000001 365 0.1251287732115931 
314330210000003 220 0.1168807278354849 
314330210000004 98 0.1084461422931758 
314330210000005 248 0.1178715580811407 
314330210000006 204 0.1174562584337678 
314330215000001 292 0.120640123059482 
314330215000002 213 0.1169804990384987 
314330215000003 145 0.1144756121236919 
314330220000001 583 0.1352560766423987 
314330220000002 251 0.1172656429909011 
314330220000004 601 0.134749763451987 
314330220000005 787 0.1454338191642496 
314330220000006 537 0.1324213197798607 
314330220000007 554 0.1324941858329118 
314330220000008 296 0.1225133430593907 
314330220000009 239 0.1186575679045532 
314330220000010 120 0.1103757725674826 
314330222000001 70 0.1117463965353347 
314330222000002 83 0.1117373307981019 
314330225000001 373 0.1266072825161857 
314330225000002 195 0.1151278230725083 
314330225000003 99 0.1121955516493924 
314330225000005 131 0.113750712161525 
314330225000007 374 0.1302232859766559 
314330225000008 319 0.1224563093008136 
314330225000009 288 0.1195203349317077 
314330225000010 264 0.1189998803458453 
314330225000011 227 0.1178130203087472 
314330230000001 289 0.1208365836196825 
314330230000002 109 0.1123517615769688 
314330230000004 95 0.1151869341424943 
314330230000006 120 0.1131956647059695 
314330230000007 158 0.1147242096681719 
314330230000008 154 0.1136016205255172 
314330230000009 111 0.111512796696857 
314330230000010 351 0.1240097665886804 
314330235000001 467 0.1343338743943671 
314330235000002 114 0.1113254693576029 
314330235000003 268 0.121026356499605 
314330240000001 122 0.1137560445799535 
314330240000002 303 0.1215892483620333 
314330240000003 314 0.1227823885247138 
314330240000004 101 0.1109569151194714 
314330240000006 151 0.1121060999714225 
314330240000007 256 0.1198755578463524 
;

# # Variable cost of PHC j / patient
param:	        ITEM1   SIZE0	FC1		VC1:=
3143300185701 1 1 8 . 
3143307779704 2 1 8 . 
3143309772235 3 2 8 . 
3143309772251 4 2 8 . 
3143309812059 5 3 8 . 
3143302218976 6 1 8 . 
3143305305063 7 3 8 . 
3143307781067 8 1 8 . 
3143309354255 9 1 8 . 
3143306355625 10 1 8 . 
3143309132481 11 1 8 . 
3143307831331 12 1 8 . 
3143300659134 13 2 8 . 
3143303180158 14 1 8 . 
3143302149966 15 1 8 . 
3143307821506 16 3 8 . 
3143302150107 17 2 8 . 
3143309775978 18 1 8 . 
3143302219107 19 2 8 . 
3143302219352 20 3 8 . 
3143303180182 21 4 8 . 
3143302149907 22 1 8 . 
3143302150042 23 1 8 . 
3143302219085 24 2 8 . 
3143309812032 25 1 8 . 
3143302149915 26 4 8 . 
3143307299079 27 1 8 . 
3143302150018 28 3 8 . 
3143302203472 29 1 8 . 
3143302218984 30 4 8 . 
3143306065295 31 4 8 . 
3143302219069 32 3 8 . 
3143306629296 33 1 8 . 
3143302149923 34 3 8 . 
3143306065341 35 3 8 . 
3143306329705 36 3 8 . 
3143306297943 37 1 8 . 
3143307780621 38 1 8 . 
3143303180166 39 1 8 . 
3143302149893 40 3 8 . 
3143302150026 41 4 8 . 
3143300550108 42 2 8 . 
3143303413578 43 1 8 . 
3143306329632 44 4 8 . 
3143305212588 45 1 8 . 
3143309812083 46 1 8 . 
3143306023282 47 1 8 . 
3143302218968 48 4 8 . 
3143309772227 49 1 8 . 
3143302203480 50 2 8 . 
3143302150085 51 2 8 . 
3143300211826 52 1 8 . 
3143302149931 53 3 8 . 
3143309352511 54 2 8 . 
3143309251553 55 1 8 . 
3143305998220 56 1 8 . 
3143309690905 57 2 8 . 
3143307608756 58 1 8 . 
3143306409911 59 1 8 . 
3143307780907 60 3 8 . 
3143309936424 61 2 8 . 
3143309812075 62 1 8 . 
3143306301304 63 1 8 . 
3143303688100 64 3 8 . 
3143303180115 65 2 8 . 
3143305302854 66 2 8 . 
3143302219212 67 4 8 . 
3143302219018 68 1 8 . 
3143302149958 69 3 8 . 
3143307951345 70 1 8 . 
3143302219077 71 1 8 . 
3143302219344 72 1 8 . 
3143307607660 73 2 8 . 
3143302150069 74 2 8 . 
3143307809131 75 1 8 . 
3143300186252 76 2 8 . 
3143304701852 77 1 8 . 
3143307836619 78 1 8 . 
3143305212545 79 3 8 . 
3143302150077 80 1 8 . 
3143302150034 81 2 8 . 
3143302219379 82 1 8 . 
314330205000295 83 . . . 
314330205000296 84 . . . 
314330205000367 85 . . . 
314330205000404 86 . . . 
314330205000539 87 . . . 
314330205000593 88 . . . 
314330205000594 89 . . . 
314330205000631 90 . . . 
314330205000637 91 . . . 
314330205000751 92 . . . 
314330205000798 93 . . . 
314330205000814 94 . . . 
314330205000906 95 . . . 
314330205000907 96 . . . 
314330205000911 97 . . . 
314330205000913 98 . . . 
314330205000960 99 . . . 
314330205000976 100 . . . 
314330208000002 101 . . . 
314330210000001 102 . . . 
314330210000005 103 . . . 
314330220000007 104 . . . 
314330220000008 105 . . . 
314330220000010 106 . . . 
314330225000003 107 . . . 
314330225000008 108 . . . 
314330230000008 109 . . . 
314330235000001 110 . . . 
314330235000002 111 . . . 
314330235000003 112 . . . 
;

param:	ITEM2   FC2		VC2:=
SHC1	1       200000		10
;

param:	ITEM3   FC3		VC3:=
THC1	1       300000		20
;

# Team cost K1 ($/year)
# 		Folha mensal	Encargos	Insumos	Transporte	Supervisão
# eSF	 R$ 1.455.500.00 	50000	45000	7500	3500	5000
# eSB	 R$ 640.420.00 	22000	19800	3300	1540	2200
# eMulti (1/9)	 R$ 611.595.56 	92000	82800	13800	6440	9200
# Fonte: Planilha APS_dados.xlsx
param CE1:=
eSF 286994 
eSB 87582 
eMulti 514113 
ACS 36455 
;

# Team cost K2 ($/year)
param CE2:=
EQ2 0 
;

# Team cost K3 ($/year)
param CE3:=
EQ3 0 
;

param D0_2:=
314330205000001 SHC1 20000 
314330205000002 SHC1 20000 
314330205000003 SHC1 20000 
314330205000004 SHC1 20000 
314330205000005 SHC1 20000 
314330205000006 SHC1 20000 
314330205000008 SHC1 20000 
314330205000009 SHC1 20000 
314330205000013 SHC1 20000 
314330205000014 SHC1 20000 
314330205000015 SHC1 20000 
314330205000016 SHC1 20000 
314330205000017 SHC1 20000 
314330205000019 SHC1 20000 
314330205000020 SHC1 20000 
314330205000021 SHC1 20000 
314330205000022 SHC1 20000 
314330205000023 SHC1 20000 
314330205000025 SHC1 20000 
314330205000026 SHC1 20000 
314330205000028 SHC1 20000 
314330205000029 SHC1 20000 
314330205000030 SHC1 20000 
314330205000032 SHC1 20000 
314330205000033 SHC1 20000 
314330205000034 SHC1 20000 
314330205000036 SHC1 20000 
314330205000042 SHC1 20000 
314330205000043 SHC1 20000 
314330205000044 SHC1 20000 
314330205000045 SHC1 20000 
314330205000046 SHC1 20000 
314330205000047 SHC1 20000 
314330205000049 SHC1 20000 
314330205000051 SHC1 20000 
314330205000054 SHC1 20000 
314330205000055 SHC1 20000 
314330205000056 SHC1 20000 
314330205000058 SHC1 20000 
314330205000059 SHC1 20000 
314330205000060 SHC1 20000 
314330205000061 SHC1 20000 
314330205000062 SHC1 20000 
314330205000064 SHC1 20000 
314330205000065 SHC1 20000 
314330205000066 SHC1 20000 
314330205000067 SHC1 20000 
314330205000068 SHC1 20000 
314330205000069 SHC1 20000 
314330205000072 SHC1 20000 
314330205000074 SHC1 20000 
314330205000076 SHC1 20000 
314330205000077 SHC1 20000 
314330205000078 SHC1 20000 
314330205000080 SHC1 20000 
314330205000082 SHC1 20000 
314330205000083 SHC1 20000 
314330205000084 SHC1 20000 
314330205000085 SHC1 20000 
314330205000086 SHC1 20000 
314330205000088 SHC1 20000 
314330205000089 SHC1 20000 
314330205000093 SHC1 20000 
314330205000094 SHC1 20000 
314330205000095 SHC1 20000 
314330205000097 SHC1 20000 
314330205000099 SHC1 20000 
314330205000101 SHC1 20000 
314330205000102 SHC1 20000 
314330205000104 SHC1 20000 
314330205000105 SHC1 20000 
314330205000107 SHC1 20000 
314330205000108 SHC1 20000 
314330205000109 SHC1 20000 
314330205000110 SHC1 20000 
314330205000111 SHC1 20000 
314330205000112 SHC1 20000 
314330205000113 SHC1 20000 
314330205000114 SHC1 20000 
314330205000115 SHC1 20000 
314330205000116 SHC1 20000 
314330205000117 SHC1 20000 
314330205000118 SHC1 20000 
314330205000119 SHC1 20000 
314330205000120 SHC1 20000 
314330205000121 SHC1 20000 
314330205000122 SHC1 20000 
314330205000124 SHC1 20000 
314330205000126 SHC1 20000 
314330205000127 SHC1 20000 
314330205000129 SHC1 20000 
314330205000131 SHC1 20000 
314330205000132 SHC1 20000 
314330205000133 SHC1 20000 
314330205000135 SHC1 20000 
314330205000137 SHC1 20000 
314330205000139 SHC1 20000 
314330205000140 SHC1 20000 
314330205000141 SHC1 20000 
314330205000142 SHC1 20000 
314330205000144 SHC1 20000 
314330205000145 SHC1 20000 
314330205000146 SHC1 20000 
314330205000148 SHC1 20000 
314330205000149 SHC1 20000 
314330205000150 SHC1 20000 
314330205000151 SHC1 20000 
314330205000152 SHC1 20000 
314330205000153 SHC1 20000 
314330205000154 SHC1 20000 
314330205000155 SHC1 20000 
314330205000157 SHC1 20000 
314330205000158 SHC1 20000 
314330205000159 SHC1 20000 
314330205000160 SHC1 20000 
314330205000161 SHC1 20000 
314330205000162 SHC1 20000 
314330205000163 SHC1 20000 
314330205000165 SHC1 20000 
314330205000166 SHC1 20000 
314330205000167 SHC1 20000 
314330205000168 SHC1 20000 
314330205000170 SHC1 20000 
314330205000171 SHC1 20000 
314330205000173 SHC1 20000 
314330205000175 SHC1 20000 
314330205000177 SHC1 20000 
314330205000178 SHC1 20000 
314330205000179 SHC1 20000 
314330205000180 SHC1 20000 
314330205000181 SHC1 20000 
314330205000182 SHC1 20000 
314330205000183 SHC1 20000 
314330205000184 SHC1 20000 
314330205000185 SHC1 20000 
314330205000191 SHC1 20000 
314330205000192 SHC1 20000 
314330205000193 SHC1 20000 
314330205000194 SHC1 20000 
314330205000195 SHC1 20000 
314330205000196 SHC1 20000 
314330205000198 SHC1 20000 
314330205000202 SHC1 20000 
314330205000203 SHC1 20000 
314330205000204 SHC1 20000 
314330205000206 SHC1 20000 
314330205000207 SHC1 20000 
314330205000209 SHC1 20000 
314330205000211 SHC1 20000 
314330205000212 SHC1 20000 
314330205000213 SHC1 20000 
314330205000215 SHC1 20000 
314330205000216 SHC1 20000 
314330205000217 SHC1 20000 
314330205000218 SHC1 20000 
314330205000219 SHC1 20000 
314330205000220 SHC1 20000 
314330205000221 SHC1 20000 
314330205000222 SHC1 20000 
314330205000223 SHC1 20000 
314330205000225 SHC1 20000 
314330205000226 SHC1 20000 
314330205000227 SHC1 20000 
314330205000228 SHC1 20000 
314330205000229 SHC1 20000 
314330205000230 SHC1 20000 
314330205000231 SHC1 20000 
314330205000232 SHC1 20000 
314330205000233 SHC1 20000 
314330205000234 SHC1 20000 
314330205000236 SHC1 20000 
314330205000237 SHC1 20000 
314330205000238 SHC1 20000 
314330205000239 SHC1 20000 
314330205000240 SHC1 20000 
314330205000241 SHC1 20000 
314330205000242 SHC1 20000 
314330205000243 SHC1 20000 
314330205000244 SHC1 20000 
314330205000246 SHC1 20000 
314330205000247 SHC1 20000 
314330205000248 SHC1 20000 
314330205000250 SHC1 20000 
314330205000253 SHC1 20000 
314330205000254 SHC1 20000 
314330205000256 SHC1 20000 
314330205000257 SHC1 20000 
314330205000258 SHC1 20000 
314330205000259 SHC1 20000 
314330205000260 SHC1 20000 
314330205000261 SHC1 20000 
314330205000263 SHC1 20000 
314330205000264 SHC1 20000 
314330205000265 SHC1 20000 
314330205000266 SHC1 20000 
314330205000267 SHC1 20000 
314330205000268 SHC1 20000 
314330205000269 SHC1 20000 
314330205000270 SHC1 20000 
314330205000271 SHC1 20000 
314330205000272 SHC1 20000 
314330205000273 SHC1 20000 
314330205000276 SHC1 20000 
314330205000279 SHC1 20000 
314330205000281 SHC1 20000 
314330205000282 SHC1 20000 
314330205000284 SHC1 20000 
314330205000285 SHC1 20000 
314330205000286 SHC1 20000 
314330205000287 SHC1 20000 
314330205000288 SHC1 20000 
314330205000289 SHC1 20000 
314330205000290 SHC1 20000 
314330205000291 SHC1 20000 
314330205000292 SHC1 20000 
314330205000293 SHC1 20000 
314330205000295 SHC1 20000 
314330205000296 SHC1 20000 
314330205000297 SHC1 20000 
314330205000298 SHC1 20000 
314330205000299 SHC1 20000 
314330205000302 SHC1 20000 
314330205000305 SHC1 20000 
314330205000306 SHC1 20000 
314330205000307 SHC1 20000 
314330205000308 SHC1 20000 
314330205000309 SHC1 20000 
314330205000310 SHC1 20000 
314330205000314 SHC1 20000 
314330205000315 SHC1 20000 
314330205000317 SHC1 20000 
314330205000319 SHC1 20000 
314330205000321 SHC1 20000 
314330205000323 SHC1 20000 
314330205000324 SHC1 20000 
314330205000325 SHC1 20000 
314330205000327 SHC1 20000 
314330205000328 SHC1 20000 
314330205000330 SHC1 20000 
314330205000331 SHC1 20000 
314330205000334 SHC1 20000 
314330205000335 SHC1 20000 
314330205000337 SHC1 20000 
314330205000338 SHC1 20000 
314330205000340 SHC1 20000 
314330205000342 SHC1 20000 
314330205000345 SHC1 20000 
314330205000346 SHC1 20000 
314330205000347 SHC1 20000 
314330205000348 SHC1 20000 
314330205000349 SHC1 20000 
314330205000350 SHC1 20000 
314330205000351 SHC1 20000 
314330205000352 SHC1 20000 
314330205000353 SHC1 20000 
314330205000354 SHC1 20000 
314330205000355 SHC1 20000 
314330205000356 SHC1 20000 
314330205000359 SHC1 20000 
314330205000360 SHC1 20000 
314330205000362 SHC1 20000 
314330205000363 SHC1 20000 
314330205000365 SHC1 20000 
314330205000367 SHC1 20000 
314330205000368 SHC1 20000 
314330205000370 SHC1 20000 
314330205000372 SHC1 20000 
314330205000373 SHC1 20000 
314330205000374 SHC1 20000 
314330205000379 SHC1 20000 
314330205000380 SHC1 20000 
314330205000382 SHC1 20000 
314330205000384 SHC1 20000 
314330205000389 SHC1 20000 
314330205000391 SHC1 20000 
314330205000392 SHC1 20000 
314330205000393 SHC1 20000 
314330205000397 SHC1 20000 
314330205000398 SHC1 20000 
314330205000399 SHC1 20000 
314330205000400 SHC1 20000 
314330205000401 SHC1 20000 
314330205000404 SHC1 20000 
314330205000405 SHC1 20000 
314330205000406 SHC1 20000 
314330205000407 SHC1 20000 
314330205000409 SHC1 20000 
314330205000410 SHC1 20000 
314330205000411 SHC1 20000 
314330205000412 SHC1 20000 
314330205000414 SHC1 20000 
314330205000415 SHC1 20000 
314330205000416 SHC1 20000 
314330205000417 SHC1 20000 
314330205000418 SHC1 20000 
314330205000419 SHC1 20000 
314330205000421 SHC1 20000 
314330205000426 SHC1 20000 
314330205000427 SHC1 20000 
314330205000428 SHC1 20000 
314330205000429 SHC1 20000 
314330205000431 SHC1 20000 
314330205000432 SHC1 20000 
314330205000433 SHC1 20000 
314330205000434 SHC1 20000 
314330205000435 SHC1 20000 
314330205000436 SHC1 20000 
314330205000437 SHC1 20000 
314330205000438 SHC1 20000 
314330205000439 SHC1 20000 
314330205000440 SHC1 20000 
314330205000442 SHC1 20000 
314330205000446 SHC1 20000 
314330205000447 SHC1 20000 
314330205000448 SHC1 20000 
314330205000449 SHC1 20000 
314330205000450 SHC1 20000 
314330205000451 SHC1 20000 
314330205000453 SHC1 20000 
314330205000454 SHC1 20000 
314330205000455 SHC1 20000 
314330205000457 SHC1 20000 
314330205000458 SHC1 20000 
314330205000459 SHC1 20000 
314330205000460 SHC1 20000 
314330205000461 SHC1 20000 
314330205000463 SHC1 20000 
314330205000464 SHC1 20000 
314330205000465 SHC1 20000 
314330205000467 SHC1 20000 
314330205000468 SHC1 20000 
314330205000469 SHC1 20000 
314330205000470 SHC1 20000 
314330205000471 SHC1 20000 
314330205000472 SHC1 20000 
314330205000473 SHC1 20000 
314330205000474 SHC1 20000 
314330205000475 SHC1 20000 
314330205000476 SHC1 20000 
314330205000477 SHC1 20000 
314330205000478 SHC1 20000 
314330205000480 SHC1 20000 
314330205000481 SHC1 20000 
314330205000482 SHC1 20000 
314330205000483 SHC1 20000 
314330205000485 SHC1 20000 
314330205000486 SHC1 20000 
314330205000487 SHC1 20000 
314330205000488 SHC1 20000 
314330205000490 SHC1 20000 
314330205000492 SHC1 20000 
314330205000493 SHC1 20000 
314330205000495 SHC1 20000 
314330205000497 SHC1 20000 
314330205000498 SHC1 20000 
314330205000502 SHC1 20000 
314330205000503 SHC1 20000 
314330205000504 SHC1 20000 
314330205000506 SHC1 20000 
314330205000507 SHC1 20000 
314330205000508 SHC1 20000 
314330205000509 SHC1 20000 
314330205000511 SHC1 20000 
314330205000512 SHC1 20000 
314330205000513 SHC1 20000 
314330205000515 SHC1 20000 
314330205000522 SHC1 20000 
314330205000523 SHC1 20000 
314330205000524 SHC1 20000 
314330205000525 SHC1 20000 
314330205000526 SHC1 20000 
314330205000527 SHC1 20000 
314330205000528 SHC1 20000 
314330205000531 SHC1 20000 
314330205000532 SHC1 20000 
314330205000533 SHC1 20000 
314330205000534 SHC1 20000 
314330205000538 SHC1 20000 
314330205000539 SHC1 20000 
314330205000540 SHC1 20000 
314330205000541 SHC1 20000 
314330205000544 SHC1 20000 
314330205000550 SHC1 20000 
314330205000551 SHC1 20000 
314330205000554 SHC1 20000 
314330205000557 SHC1 20000 
314330205000558 SHC1 20000 
314330205000559 SHC1 20000 
314330205000560 SHC1 20000 
314330205000561 SHC1 20000 
314330205000562 SHC1 20000 
314330205000563 SHC1 20000 
314330205000565 SHC1 20000 
314330205000566 SHC1 20000 
314330205000567 SHC1 20000 
314330205000568 SHC1 20000 
314330205000569 SHC1 20000 
314330205000570 SHC1 20000 
314330205000571 SHC1 20000 
314330205000573 SHC1 20000 
314330205000574 SHC1 20000 
314330205000575 SHC1 20000 
314330205000576 SHC1 20000 
314330205000577 SHC1 20000 
314330205000578 SHC1 20000 
314330205000579 SHC1 20000 
314330205000580 SHC1 20000 
314330205000581 SHC1 20000 
314330205000582 SHC1 20000 
314330205000583 SHC1 20000 
314330205000584 SHC1 20000 
314330205000586 SHC1 20000 
314330205000588 SHC1 20000 
314330205000589 SHC1 20000 
314330205000591 SHC1 20000 
314330205000592 SHC1 20000 
314330205000593 SHC1 20000 
314330205000594 SHC1 20000 
314330205000597 SHC1 20000 
314330205000599 SHC1 20000 
314330205000600 SHC1 20000 
314330205000601 SHC1 20000 
314330205000603 SHC1 20000 
314330205000604 SHC1 20000 
314330205000605 SHC1 20000 
314330205000606 SHC1 20000 
314330205000607 SHC1 20000 
314330205000608 SHC1 20000 
314330205000609 SHC1 20000 
314330205000610 SHC1 20000 
314330205000611 SHC1 20000 
314330205000612 SHC1 20000 
314330205000613 SHC1 20000 
314330205000614 SHC1 20000 
314330205000615 SHC1 20000 
314330205000616 SHC1 20000 
314330205000617 SHC1 20000 
314330205000619 SHC1 20000 
314330205000620 SHC1 20000 
314330205000622 SHC1 20000 
314330205000628 SHC1 20000 
314330205000629 SHC1 20000 
314330205000631 SHC1 20000 
314330205000633 SHC1 20000 
314330205000635 SHC1 20000 
314330205000636 SHC1 20000 
314330205000637 SHC1 20000 
314330205000638 SHC1 20000 
314330205000639 SHC1 20000 
314330205000640 SHC1 20000 
314330205000641 SHC1 20000 
314330205000642 SHC1 20000 
314330205000643 SHC1 20000 
314330205000644 SHC1 20000 
314330205000645 SHC1 20000 
314330205000646 SHC1 20000 
314330205000647 SHC1 20000 
314330205000648 SHC1 20000 
314330205000649 SHC1 20000 
314330205000650 SHC1 20000 
314330205000651 SHC1 20000 
314330205000652 SHC1 20000 
314330205000653 SHC1 20000 
314330205000655 SHC1 20000 
314330205000656 SHC1 20000 
314330205000657 SHC1 20000 
314330205000658 SHC1 20000 
314330205000659 SHC1 20000 
314330205000660 SHC1 20000 
314330205000661 SHC1 20000 
314330205000663 SHC1 20000 
314330205000664 SHC1 20000 
314330205000665 SHC1 20000 
314330205000666 SHC1 20000 
314330205000667 SHC1 20000 
314330205000668 SHC1 20000 
314330205000669 SHC1 20000 
314330205000670 SHC1 20000 
314330205000671 SHC1 20000 
314330205000672 SHC1 20000 
314330205000673 SHC1 20000 
314330205000674 SHC1 20000 
314330205000675 SHC1 20000 
314330205000676 SHC1 20000 
314330205000677 SHC1 20000 
314330205000678 SHC1 20000 
314330205000679 SHC1 20000 
314330205000680 SHC1 20000 
314330205000681 SHC1 20000 
314330205000682 SHC1 20000 
314330205000683 SHC1 20000 
314330205000684 SHC1 20000 
314330205000685 SHC1 20000 
314330205000686 SHC1 20000 
314330205000687 SHC1 20000 
314330205000688 SHC1 20000 
314330205000690 SHC1 20000 
314330205000691 SHC1 20000 
314330205000692 SHC1 20000 
314330205000693 SHC1 20000 
314330205000694 SHC1 20000 
314330205000695 SHC1 20000 
314330205000696 SHC1 20000 
314330205000697 SHC1 20000 
314330205000698 SHC1 20000 
314330205000699 SHC1 20000 
314330205000702 SHC1 20000 
314330205000703 SHC1 20000 
314330205000704 SHC1 20000 
314330205000705 SHC1 20000 
314330205000706 SHC1 20000 
314330205000707 SHC1 20000 
314330205000708 SHC1 20000 
314330205000709 SHC1 20000 
314330205000711 SHC1 20000 
314330205000712 SHC1 20000 
314330205000713 SHC1 20000 
314330205000714 SHC1 20000 
314330205000716 SHC1 20000 
314330205000717 SHC1 20000 
314330205000718 SHC1 20000 
314330205000719 SHC1 20000 
314330205000720 SHC1 20000 
314330205000721 SHC1 20000 
314330205000722 SHC1 20000 
314330205000724 SHC1 20000 
314330205000725 SHC1 20000 
314330205000726 SHC1 20000 
314330205000727 SHC1 20000 
314330205000729 SHC1 20000 
314330205000730 SHC1 20000 
314330205000731 SHC1 20000 
314330205000732 SHC1 20000 
314330205000734 SHC1 20000 
314330205000735 SHC1 20000 
314330205000736 SHC1 20000 
314330205000737 SHC1 20000 
314330205000738 SHC1 20000 
314330205000739 SHC1 20000 
314330205000740 SHC1 20000 
314330205000741 SHC1 20000 
314330205000742 SHC1 20000 
314330205000743 SHC1 20000 
314330205000744 SHC1 20000 
314330205000745 SHC1 20000 
314330205000746 SHC1 20000 
314330205000747 SHC1 20000 
314330205000750 SHC1 20000 
314330205000751 SHC1 20000 
314330205000752 SHC1 20000 
314330205000753 SHC1 20000 
314330205000754 SHC1 20000 
314330205000755 SHC1 20000 
314330205000756 SHC1 20000 
314330205000757 SHC1 20000 
314330205000758 SHC1 20000 
314330205000759 SHC1 20000 
314330205000760 SHC1 20000 
314330205000761 SHC1 20000 
314330205000762 SHC1 20000 
314330205000763 SHC1 20000 
314330205000764 SHC1 20000 
314330205000765 SHC1 20000 
314330205000766 SHC1 20000 
314330205000767 SHC1 20000 
314330205000768 SHC1 20000 
314330205000769 SHC1 20000 
314330205000770 SHC1 20000 
314330205000771 SHC1 20000 
314330205000772 SHC1 20000 
314330205000773 SHC1 20000 
314330205000774 SHC1 20000 
314330205000775 SHC1 20000 
314330205000776 SHC1 20000 
314330205000777 SHC1 20000 
314330205000778 SHC1 20000 
314330205000779 SHC1 20000 
314330205000780 SHC1 20000 
314330205000781 SHC1 20000 
314330205000782 SHC1 20000 
314330205000785 SHC1 20000 
314330205000786 SHC1 20000 
314330205000787 SHC1 20000 
314330205000788 SHC1 20000 
314330205000789 SHC1 20000 
314330205000790 SHC1 20000 
314330205000791 SHC1 20000 
314330205000792 SHC1 20000 
314330205000793 SHC1 20000 
314330205000794 SHC1 20000 
314330205000795 SHC1 20000 
314330205000796 SHC1 20000 
314330205000798 SHC1 20000 
314330205000799 SHC1 20000 
314330205000800 SHC1 20000 
314330205000801 SHC1 20000 
314330205000802 SHC1 20000 
314330205000803 SHC1 20000 
314330205000804 SHC1 20000 
314330205000806 SHC1 20000 
314330205000807 SHC1 20000 
314330205000808 SHC1 20000 
314330205000809 SHC1 20000 
314330205000810 SHC1 20000 
314330205000811 SHC1 20000 
314330205000812 SHC1 20000 
314330205000813 SHC1 20000 
314330205000814 SHC1 20000 
314330205000815 SHC1 20000 
314330205000816 SHC1 20000 
314330205000817 SHC1 20000 
314330205000818 SHC1 20000 
314330205000819 SHC1 20000 
314330205000820 SHC1 20000 
314330205000821 SHC1 20000 
314330205000822 SHC1 20000 
314330205000824 SHC1 20000 
314330205000825 SHC1 20000 
314330205000826 SHC1 20000 
314330205000827 SHC1 20000 
314330205000828 SHC1 20000 
314330205000830 SHC1 20000 
314330205000831 SHC1 20000 
314330205000832 SHC1 20000 
314330205000833 SHC1 20000 
314330205000834 SHC1 20000 
314330205000835 SHC1 20000 
314330205000836 SHC1 20000 
314330205000837 SHC1 20000 
314330205000838 SHC1 20000 
314330205000839 SHC1 20000 
314330205000840 SHC1 20000 
314330205000841 SHC1 20000 
314330205000842 SHC1 20000 
314330205000843 SHC1 20000 
314330205000844 SHC1 20000 
314330205000845 SHC1 20000 
314330205000846 SHC1 20000 
314330205000848 SHC1 20000 
314330205000849 SHC1 20000 
314330205000850 SHC1 20000 
314330205000851 SHC1 20000 
314330205000852 SHC1 20000 
314330205000854 SHC1 20000 
314330205000855 SHC1 20000 
314330205000856 SHC1 20000 
314330205000857 SHC1 20000 
314330205000858 SHC1 20000 
314330205000859 SHC1 20000 
314330205000860 SHC1 20000 
314330205000862 SHC1 20000 
314330205000863 SHC1 20000 
314330205000865 SHC1 20000 
314330205000866 SHC1 20000 
314330205000869 SHC1 20000 
314330205000870 SHC1 20000 
314330205000872 SHC1 20000 
314330205000873 SHC1 20000 
314330205000874 SHC1 20000 
314330205000876 SHC1 20000 
314330205000877 SHC1 20000 
314330205000878 SHC1 20000 
314330205000879 SHC1 20000 
314330205000881 SHC1 20000 
314330205000882 SHC1 20000 
314330205000883 SHC1 20000 
314330205000884 SHC1 20000 
314330205000885 SHC1 20000 
314330205000886 SHC1 20000 
314330205000887 SHC1 20000 
314330205000888 SHC1 20000 
314330205000889 SHC1 20000 
314330205000890 SHC1 20000 
314330205000895 SHC1 20000 
314330205000896 SHC1 20000 
314330205000897 SHC1 20000 
314330205000898 SHC1 20000 
314330205000899 SHC1 20000 
314330205000900 SHC1 20000 
314330205000901 SHC1 20000 
314330205000902 SHC1 20000 
314330205000903 SHC1 20000 
314330205000904 SHC1 20000 
314330205000905 SHC1 20000 
314330205000906 SHC1 20000 
314330205000907 SHC1 20000 
314330205000908 SHC1 20000 
314330205000909 SHC1 20000 
314330205000910 SHC1 20000 
314330205000911 SHC1 20000 
314330205000912 SHC1 20000 
314330205000913 SHC1 20000 
314330205000914 SHC1 20000 
314330205000915 SHC1 20000 
314330205000916 SHC1 20000 
314330205000918 SHC1 20000 
314330205000922 SHC1 20000 
314330205000923 SHC1 20000 
314330205000925 SHC1 20000 
314330205000927 SHC1 20000 
314330205000928 SHC1 20000 
314330205000929 SHC1 20000 
314330205000930 SHC1 20000 
314330205000931 SHC1 20000 
314330205000932 SHC1 20000 
314330205000933 SHC1 20000 
314330205000934 SHC1 20000 
314330205000935 SHC1 20000 
314330205000937 SHC1 20000 
314330205000938 SHC1 20000 
314330205000939 SHC1 20000 
314330205000940 SHC1 20000 
314330205000941 SHC1 20000 
314330205000942 SHC1 20000 
314330205000943 SHC1 20000 
314330205000944 SHC1 20000 
314330205000946 SHC1 20000 
314330205000947 SHC1 20000 
314330205000948 SHC1 20000 
314330205000949 SHC1 20000 
314330205000950 SHC1 20000 
314330205000951 SHC1 20000 
314330205000952 SHC1 20000 
314330205000953 SHC1 20000 
314330205000954 SHC1 20000 
314330205000955 SHC1 20000 
314330205000956 SHC1 20000 
314330205000957 SHC1 20000 
314330205000958 SHC1 20000 
314330205000959 SHC1 20000 
314330205000960 SHC1 20000 
314330205000961 SHC1 20000 
314330205000962 SHC1 20000 
314330205000965 SHC1 20000 
314330205000966 SHC1 20000 
314330205000967 SHC1 20000 
314330205000968 SHC1 20000 
314330205000969 SHC1 20000 
314330205000970 SHC1 20000 
314330205000971 SHC1 20000 
314330205000973 SHC1 20000 
314330205000974 SHC1 20000 
314330205000975 SHC1 20000 
314330205000976 SHC1 20000 
314330205000977 SHC1 20000 
314330205000978 SHC1 20000 
314330205000979 SHC1 20000 
314330205000980 SHC1 20000 
314330205000981 SHC1 20000 
314330205000982 SHC1 20000 
314330205000983 SHC1 20000 
314330205000984 SHC1 20000 
314330205000985 SHC1 20000 
314330205000986 SHC1 20000 
314330205000987 SHC1 20000 
314330205000988 SHC1 20000 
314330205000989 SHC1 20000 
314330205000990 SHC1 20000 
314330205000991 SHC1 20000 
314330205000992 SHC1 20000 
314330205000993 SHC1 20000 
314330205000994 SHC1 20000 
314330205000995 SHC1 20000 
314330205000996 SHC1 20000 
314330205000997 SHC1 20000 
314330205000998 SHC1 20000 
314330205000999 SHC1 20000 
314330205001000 SHC1 20000 
314330205001001 SHC1 20000 
314330205001002 SHC1 20000 
314330205001003 SHC1 20000 
314330205001004 SHC1 20000 
314330205001005 SHC1 20000 
314330205001006 SHC1 20000 
314330205001007 SHC1 20000 
314330205001008 SHC1 20000 
314330205001009 SHC1 20000 
314330205001010 SHC1 20000 
314330205001011 SHC1 20000 
314330205001012 SHC1 20000 
314330205001013 SHC1 20000 
314330205001014 SHC1 20000 
314330205001015 SHC1 20000 
314330205001016 SHC1 20000 
314330205001017 SHC1 20000 
314330205001018 SHC1 20000 
314330205001019 SHC1 20000 
314330205001020 SHC1 20000 
314330205001021 SHC1 20000 
314330205001022 SHC1 20000 
314330205001023 SHC1 20000 
314330205001024 SHC1 20000 
314330205001025 SHC1 20000 
314330205001026 SHC1 20000 
314330205001027 SHC1 20000 
314330205001028 SHC1 20000 
314330205001029 SHC1 20000 
314330205001030 SHC1 20000 
314330205001031 SHC1 20000 
314330205001032 SHC1 20000 
314330205001033 SHC1 20000 
314330205001034 SHC1 20000 
314330205001035 SHC1 20000 
314330205001036 SHC1 20000 
314330205001037 SHC1 20000 
314330205001038 SHC1 20000 
314330205001039 SHC1 20000 
314330205001040 SHC1 20000 
314330205001041 SHC1 20000 
314330205001042 SHC1 20000 
314330205001043 SHC1 20000 
314330205001044 SHC1 20000 
314330205001045 SHC1 20000 
314330205001046 SHC1 20000 
314330205001047 SHC1 20000 
314330205001048 SHC1 20000 
314330208000002 SHC1 20000 
314330208000003 SHC1 20000 
314330208000004 SHC1 20000 
314330210000001 SHC1 20000 
314330210000003 SHC1 20000 
314330210000004 SHC1 20000 
314330210000005 SHC1 20000 
314330210000006 SHC1 20000 
314330215000001 SHC1 20000 
314330215000002 SHC1 20000 
314330215000003 SHC1 20000 
314330220000001 SHC1 20000 
314330220000002 SHC1 20000 
314330220000004 SHC1 20000 
314330220000005 SHC1 20000 
314330220000006 SHC1 20000 
314330220000007 SHC1 20000 
314330220000008 SHC1 20000 
314330220000009 SHC1 20000 
314330220000010 SHC1 20000 
314330222000001 SHC1 20000 
314330222000002 SHC1 20000 
314330225000001 SHC1 20000 
314330225000002 SHC1 20000 
314330225000003 SHC1 20000 
314330225000005 SHC1 20000 
314330225000007 SHC1 20000 
314330225000008 SHC1 20000 
314330225000009 SHC1 20000 
314330225000010 SHC1 20000 
314330225000011 SHC1 20000 
314330230000001 SHC1 20000 
314330230000002 SHC1 20000 
314330230000004 SHC1 20000 
314330230000006 SHC1 20000 
314330230000007 SHC1 20000 
314330230000008 SHC1 20000 
314330230000009 SHC1 20000 
314330230000010 SHC1 20000 
314330235000001 SHC1 20000 
314330235000002 SHC1 20000 
314330235000003 SHC1 20000 
314330240000001 SHC1 20000 
314330240000002 SHC1 20000 
314330240000003 SHC1 20000 
314330240000004 SHC1 20000 
314330240000006 SHC1 20000 
314330240000007 SHC1 20000 
;

param D0_3:=
314330205000001 THC1 35000 
314330205000002 THC1 35000 
314330205000003 THC1 35000 
314330205000004 THC1 35000 
314330205000005 THC1 35000 
314330205000006 THC1 35000 
314330205000008 THC1 35000 
314330205000009 THC1 35000 
314330205000013 THC1 35000 
314330205000014 THC1 35000 
314330205000015 THC1 35000 
314330205000016 THC1 35000 
314330205000017 THC1 35000 
314330205000019 THC1 35000 
314330205000020 THC1 35000 
314330205000021 THC1 35000 
314330205000022 THC1 35000 
314330205000023 THC1 35000 
314330205000025 THC1 35000 
314330205000026 THC1 35000 
314330205000028 THC1 35000 
314330205000029 THC1 35000 
314330205000030 THC1 35000 
314330205000032 THC1 35000 
314330205000033 THC1 35000 
314330205000034 THC1 35000 
314330205000036 THC1 35000 
314330205000042 THC1 35000 
314330205000043 THC1 35000 
314330205000044 THC1 35000 
314330205000045 THC1 35000 
314330205000046 THC1 35000 
314330205000047 THC1 35000 
314330205000049 THC1 35000 
314330205000051 THC1 35000 
314330205000054 THC1 35000 
314330205000055 THC1 35000 
314330205000056 THC1 35000 
314330205000058 THC1 35000 
314330205000059 THC1 35000 
314330205000060 THC1 35000 
314330205000061 THC1 35000 
314330205000062 THC1 35000 
314330205000064 THC1 35000 
314330205000065 THC1 35000 
314330205000066 THC1 35000 
314330205000067 THC1 35000 
314330205000068 THC1 35000 
314330205000069 THC1 35000 
314330205000072 THC1 35000 
314330205000074 THC1 35000 
314330205000076 THC1 35000 
314330205000077 THC1 35000 
314330205000078 THC1 35000 
314330205000080 THC1 35000 
314330205000082 THC1 35000 
314330205000083 THC1 35000 
314330205000084 THC1 35000 
314330205000085 THC1 35000 
314330205000086 THC1 35000 
314330205000088 THC1 35000 
314330205000089 THC1 35000 
314330205000093 THC1 35000 
314330205000094 THC1 35000 
314330205000095 THC1 35000 
314330205000097 THC1 35000 
314330205000099 THC1 35000 
314330205000101 THC1 35000 
314330205000102 THC1 35000 
314330205000104 THC1 35000 
314330205000105 THC1 35000 
314330205000107 THC1 35000 
314330205000108 THC1 35000 
314330205000109 THC1 35000 
314330205000110 THC1 35000 
314330205000111 THC1 35000 
314330205000112 THC1 35000 
314330205000113 THC1 35000 
314330205000114 THC1 35000 
314330205000115 THC1 35000 
314330205000116 THC1 35000 
314330205000117 THC1 35000 
314330205000118 THC1 35000 
314330205000119 THC1 35000 
314330205000120 THC1 35000 
314330205000121 THC1 35000 
314330205000122 THC1 35000 
314330205000124 THC1 35000 
314330205000126 THC1 35000 
314330205000127 THC1 35000 
314330205000129 THC1 35000 
314330205000131 THC1 35000 
314330205000132 THC1 35000 
314330205000133 THC1 35000 
314330205000135 THC1 35000 
314330205000137 THC1 35000 
314330205000139 THC1 35000 
314330205000140 THC1 35000 
314330205000141 THC1 35000 
314330205000142 THC1 35000 
314330205000144 THC1 35000 
314330205000145 THC1 35000 
314330205000146 THC1 35000 
314330205000148 THC1 35000 
314330205000149 THC1 35000 
314330205000150 THC1 35000 
314330205000151 THC1 35000 
314330205000152 THC1 35000 
314330205000153 THC1 35000 
314330205000154 THC1 35000 
314330205000155 THC1 35000 
314330205000157 THC1 35000 
314330205000158 THC1 35000 
314330205000159 THC1 35000 
314330205000160 THC1 35000 
314330205000161 THC1 35000 
314330205000162 THC1 35000 
314330205000163 THC1 35000 
314330205000165 THC1 35000 
314330205000166 THC1 35000 
314330205000167 THC1 35000 
314330205000168 THC1 35000 
314330205000170 THC1 35000 
314330205000171 THC1 35000 
314330205000173 THC1 35000 
314330205000175 THC1 35000 
314330205000177 THC1 35000 
314330205000178 THC1 35000 
314330205000179 THC1 35000 
314330205000180 THC1 35000 
314330205000181 THC1 35000 
314330205000182 THC1 35000 
314330205000183 THC1 35000 
314330205000184 THC1 35000 
314330205000185 THC1 35000 
314330205000191 THC1 35000 
314330205000192 THC1 35000 
314330205000193 THC1 35000 
314330205000194 THC1 35000 
314330205000195 THC1 35000 
314330205000196 THC1 35000 
314330205000198 THC1 35000 
314330205000202 THC1 35000 
314330205000203 THC1 35000 
314330205000204 THC1 35000 
314330205000206 THC1 35000 
314330205000207 THC1 35000 
314330205000209 THC1 35000 
314330205000211 THC1 35000 
314330205000212 THC1 35000 
314330205000213 THC1 35000 
314330205000215 THC1 35000 
314330205000216 THC1 35000 
314330205000217 THC1 35000 
314330205000218 THC1 35000 
314330205000219 THC1 35000 
314330205000220 THC1 35000 
314330205000221 THC1 35000 
314330205000222 THC1 35000 
314330205000223 THC1 35000 
314330205000225 THC1 35000 
314330205000226 THC1 35000 
314330205000227 THC1 35000 
314330205000228 THC1 35000 
314330205000229 THC1 35000 
314330205000230 THC1 35000 
314330205000231 THC1 35000 
314330205000232 THC1 35000 
314330205000233 THC1 35000 
314330205000234 THC1 35000 
314330205000236 THC1 35000 
314330205000237 THC1 35000 
314330205000238 THC1 35000 
314330205000239 THC1 35000 
314330205000240 THC1 35000 
314330205000241 THC1 35000 
314330205000242 THC1 35000 
314330205000243 THC1 35000 
314330205000244 THC1 35000 
314330205000246 THC1 35000 
314330205000247 THC1 35000 
314330205000248 THC1 35000 
314330205000250 THC1 35000 
314330205000253 THC1 35000 
314330205000254 THC1 35000 
314330205000256 THC1 35000 
314330205000257 THC1 35000 
314330205000258 THC1 35000 
314330205000259 THC1 35000 
314330205000260 THC1 35000 
314330205000261 THC1 35000 
314330205000263 THC1 35000 
314330205000264 THC1 35000 
314330205000265 THC1 35000 
314330205000266 THC1 35000 
314330205000267 THC1 35000 
314330205000268 THC1 35000 
314330205000269 THC1 35000 
314330205000270 THC1 35000 
314330205000271 THC1 35000 
314330205000272 THC1 35000 
314330205000273 THC1 35000 
314330205000276 THC1 35000 
314330205000279 THC1 35000 
314330205000281 THC1 35000 
314330205000282 THC1 35000 
314330205000284 THC1 35000 
314330205000285 THC1 35000 
314330205000286 THC1 35000 
314330205000287 THC1 35000 
314330205000288 THC1 35000 
314330205000289 THC1 35000 
314330205000290 THC1 35000 
314330205000291 THC1 35000 
314330205000292 THC1 35000 
314330205000293 THC1 35000 
314330205000295 THC1 35000 
314330205000296 THC1 35000 
314330205000297 THC1 35000 
314330205000298 THC1 35000 
314330205000299 THC1 35000 
314330205000302 THC1 35000 
314330205000305 THC1 35000 
314330205000306 THC1 35000 
314330205000307 THC1 35000 
314330205000308 THC1 35000 
314330205000309 THC1 35000 
314330205000310 THC1 35000 
314330205000314 THC1 35000 
314330205000315 THC1 35000 
314330205000317 THC1 35000 
314330205000319 THC1 35000 
314330205000321 THC1 35000 
314330205000323 THC1 35000 
314330205000324 THC1 35000 
314330205000325 THC1 35000 
314330205000327 THC1 35000 
314330205000328 THC1 35000 
314330205000330 THC1 35000 
314330205000331 THC1 35000 
314330205000334 THC1 35000 
314330205000335 THC1 35000 
314330205000337 THC1 35000 
314330205000338 THC1 35000 
314330205000340 THC1 35000 
314330205000342 THC1 35000 
314330205000345 THC1 35000 
314330205000346 THC1 35000 
314330205000347 THC1 35000 
314330205000348 THC1 35000 
314330205000349 THC1 35000 
314330205000350 THC1 35000 
314330205000351 THC1 35000 
314330205000352 THC1 35000 
314330205000353 THC1 35000 
314330205000354 THC1 35000 
314330205000355 THC1 35000 
314330205000356 THC1 35000 
314330205000359 THC1 35000 
314330205000360 THC1 35000 
314330205000362 THC1 35000 
314330205000363 THC1 35000 
314330205000365 THC1 35000 
314330205000367 THC1 35000 
314330205000368 THC1 35000 
314330205000370 THC1 35000 
314330205000372 THC1 35000 
314330205000373 THC1 35000 
314330205000374 THC1 35000 
314330205000379 THC1 35000 
314330205000380 THC1 35000 
314330205000382 THC1 35000 
314330205000384 THC1 35000 
314330205000389 THC1 35000 
314330205000391 THC1 35000 
314330205000392 THC1 35000 
314330205000393 THC1 35000 
314330205000397 THC1 35000 
314330205000398 THC1 35000 
314330205000399 THC1 35000 
314330205000400 THC1 35000 
314330205000401 THC1 35000 
314330205000404 THC1 35000 
314330205000405 THC1 35000 
314330205000406 THC1 35000 
314330205000407 THC1 35000 
314330205000409 THC1 35000 
314330205000410 THC1 35000 
314330205000411 THC1 35000 
314330205000412 THC1 35000 
314330205000414 THC1 35000 
314330205000415 THC1 35000 
314330205000416 THC1 35000 
314330205000417 THC1 35000 
314330205000418 THC1 35000 
314330205000419 THC1 35000 
314330205000421 THC1 35000 
314330205000426 THC1 35000 
314330205000427 THC1 35000 
314330205000428 THC1 35000 
314330205000429 THC1 35000 
314330205000431 THC1 35000 
314330205000432 THC1 35000 
314330205000433 THC1 35000 
314330205000434 THC1 35000 
314330205000435 THC1 35000 
314330205000436 THC1 35000 
314330205000437 THC1 35000 
314330205000438 THC1 35000 
314330205000439 THC1 35000 
314330205000440 THC1 35000 
314330205000442 THC1 35000 
314330205000446 THC1 35000 
314330205000447 THC1 35000 
314330205000448 THC1 35000 
314330205000449 THC1 35000 
314330205000450 THC1 35000 
314330205000451 THC1 35000 
314330205000453 THC1 35000 
314330205000454 THC1 35000 
314330205000455 THC1 35000 
314330205000457 THC1 35000 
314330205000458 THC1 35000 
314330205000459 THC1 35000 
314330205000460 THC1 35000 
314330205000461 THC1 35000 
314330205000463 THC1 35000 
314330205000464 THC1 35000 
314330205000465 THC1 35000 
314330205000467 THC1 35000 
314330205000468 THC1 35000 
314330205000469 THC1 35000 
314330205000470 THC1 35000 
314330205000471 THC1 35000 
314330205000472 THC1 35000 
314330205000473 THC1 35000 
314330205000474 THC1 35000 
314330205000475 THC1 35000 
314330205000476 THC1 35000 
314330205000477 THC1 35000 
314330205000478 THC1 35000 
314330205000480 THC1 35000 
314330205000481 THC1 35000 
314330205000482 THC1 35000 
314330205000483 THC1 35000 
314330205000485 THC1 35000 
314330205000486 THC1 35000 
314330205000487 THC1 35000 
314330205000488 THC1 35000 
314330205000490 THC1 35000 
314330205000492 THC1 35000 
314330205000493 THC1 35000 
314330205000495 THC1 35000 
314330205000497 THC1 35000 
314330205000498 THC1 35000 
314330205000502 THC1 35000 
314330205000503 THC1 35000 
314330205000504 THC1 35000 
314330205000506 THC1 35000 
314330205000507 THC1 35000 
314330205000508 THC1 35000 
314330205000509 THC1 35000 
314330205000511 THC1 35000 
314330205000512 THC1 35000 
314330205000513 THC1 35000 
314330205000515 THC1 35000 
314330205000522 THC1 35000 
314330205000523 THC1 35000 
314330205000524 THC1 35000 
314330205000525 THC1 35000 
314330205000526 THC1 35000 
314330205000527 THC1 35000 
314330205000528 THC1 35000 
314330205000531 THC1 35000 
314330205000532 THC1 35000 
314330205000533 THC1 35000 
314330205000534 THC1 35000 
314330205000538 THC1 35000 
314330205000539 THC1 35000 
314330205000540 THC1 35000 
314330205000541 THC1 35000 
314330205000544 THC1 35000 
314330205000550 THC1 35000 
314330205000551 THC1 35000 
314330205000554 THC1 35000 
314330205000557 THC1 35000 
314330205000558 THC1 35000 
314330205000559 THC1 35000 
314330205000560 THC1 35000 
314330205000561 THC1 35000 
314330205000562 THC1 35000 
314330205000563 THC1 35000 
314330205000565 THC1 35000 
314330205000566 THC1 35000 
314330205000567 THC1 35000 
314330205000568 THC1 35000 
314330205000569 THC1 35000 
314330205000570 THC1 35000 
314330205000571 THC1 35000 
314330205000573 THC1 35000 
314330205000574 THC1 35000 
314330205000575 THC1 35000 
314330205000576 THC1 35000 
314330205000577 THC1 35000 
314330205000578 THC1 35000 
314330205000579 THC1 35000 
314330205000580 THC1 35000 
314330205000581 THC1 35000 
314330205000582 THC1 35000 
314330205000583 THC1 35000 
314330205000584 THC1 35000 
314330205000586 THC1 35000 
314330205000588 THC1 35000 
314330205000589 THC1 35000 
314330205000591 THC1 35000 
314330205000592 THC1 35000 
314330205000593 THC1 35000 
314330205000594 THC1 35000 
314330205000597 THC1 35000 
314330205000599 THC1 35000 
314330205000600 THC1 35000 
314330205000601 THC1 35000 
314330205000603 THC1 35000 
314330205000604 THC1 35000 
314330205000605 THC1 35000 
314330205000606 THC1 35000 
314330205000607 THC1 35000 
314330205000608 THC1 35000 
314330205000609 THC1 35000 
314330205000610 THC1 35000 
314330205000611 THC1 35000 
314330205000612 THC1 35000 
314330205000613 THC1 35000 
314330205000614 THC1 35000 
314330205000615 THC1 35000 
314330205000616 THC1 35000 
314330205000617 THC1 35000 
314330205000619 THC1 35000 
314330205000620 THC1 35000 
314330205000622 THC1 35000 
314330205000628 THC1 35000 
314330205000629 THC1 35000 
314330205000631 THC1 35000 
314330205000633 THC1 35000 
314330205000635 THC1 35000 
314330205000636 THC1 35000 
314330205000637 THC1 35000 
314330205000638 THC1 35000 
314330205000639 THC1 35000 
314330205000640 THC1 35000 
314330205000641 THC1 35000 
314330205000642 THC1 35000 
314330205000643 THC1 35000 
314330205000644 THC1 35000 
314330205000645 THC1 35000 
314330205000646 THC1 35000 
314330205000647 THC1 35000 
314330205000648 THC1 35000 
314330205000649 THC1 35000 
314330205000650 THC1 35000 
314330205000651 THC1 35000 
314330205000652 THC1 35000 
314330205000653 THC1 35000 
314330205000655 THC1 35000 
314330205000656 THC1 35000 
314330205000657 THC1 35000 
314330205000658 THC1 35000 
314330205000659 THC1 35000 
314330205000660 THC1 35000 
314330205000661 THC1 35000 
314330205000663 THC1 35000 
314330205000664 THC1 35000 
314330205000665 THC1 35000 
314330205000666 THC1 35000 
314330205000667 THC1 35000 
314330205000668 THC1 35000 
314330205000669 THC1 35000 
314330205000670 THC1 35000 
314330205000671 THC1 35000 
314330205000672 THC1 35000 
314330205000673 THC1 35000 
314330205000674 THC1 35000 
314330205000675 THC1 35000 
314330205000676 THC1 35000 
314330205000677 THC1 35000 
314330205000678 THC1 35000 
314330205000679 THC1 35000 
314330205000680 THC1 35000 
314330205000681 THC1 35000 
314330205000682 THC1 35000 
314330205000683 THC1 35000 
314330205000684 THC1 35000 
314330205000685 THC1 35000 
314330205000686 THC1 35000 
314330205000687 THC1 35000 
314330205000688 THC1 35000 
314330205000690 THC1 35000 
314330205000691 THC1 35000 
314330205000692 THC1 35000 
314330205000693 THC1 35000 
314330205000694 THC1 35000 
314330205000695 THC1 35000 
314330205000696 THC1 35000 
314330205000697 THC1 35000 
314330205000698 THC1 35000 
314330205000699 THC1 35000 
314330205000702 THC1 35000 
314330205000703 THC1 35000 
314330205000704 THC1 35000 
314330205000705 THC1 35000 
314330205000706 THC1 35000 
314330205000707 THC1 35000 
314330205000708 THC1 35000 
314330205000709 THC1 35000 
314330205000711 THC1 35000 
314330205000712 THC1 35000 
314330205000713 THC1 35000 
314330205000714 THC1 35000 
314330205000716 THC1 35000 
314330205000717 THC1 35000 
314330205000718 THC1 35000 
314330205000719 THC1 35000 
314330205000720 THC1 35000 
314330205000721 THC1 35000 
314330205000722 THC1 35000 
314330205000724 THC1 35000 
314330205000725 THC1 35000 
314330205000726 THC1 35000 
314330205000727 THC1 35000 
314330205000729 THC1 35000 
314330205000730 THC1 35000 
314330205000731 THC1 35000 
314330205000732 THC1 35000 
314330205000734 THC1 35000 
314330205000735 THC1 35000 
314330205000736 THC1 35000 
314330205000737 THC1 35000 
314330205000738 THC1 35000 
314330205000739 THC1 35000 
314330205000740 THC1 35000 
314330205000741 THC1 35000 
314330205000742 THC1 35000 
314330205000743 THC1 35000 
314330205000744 THC1 35000 
314330205000745 THC1 35000 
314330205000746 THC1 35000 
314330205000747 THC1 35000 
314330205000750 THC1 35000 
314330205000751 THC1 35000 
314330205000752 THC1 35000 
314330205000753 THC1 35000 
314330205000754 THC1 35000 
314330205000755 THC1 35000 
314330205000756 THC1 35000 
314330205000757 THC1 35000 
314330205000758 THC1 35000 
314330205000759 THC1 35000 
314330205000760 THC1 35000 
314330205000761 THC1 35000 
314330205000762 THC1 35000 
314330205000763 THC1 35000 
314330205000764 THC1 35000 
314330205000765 THC1 35000 
314330205000766 THC1 35000 
314330205000767 THC1 35000 
314330205000768 THC1 35000 
314330205000769 THC1 35000 
314330205000770 THC1 35000 
314330205000771 THC1 35000 
314330205000772 THC1 35000 
314330205000773 THC1 35000 
314330205000774 THC1 35000 
314330205000775 THC1 35000 
314330205000776 THC1 35000 
314330205000777 THC1 35000 
314330205000778 THC1 35000 
314330205000779 THC1 35000 
314330205000780 THC1 35000 
314330205000781 THC1 35000 
314330205000782 THC1 35000 
314330205000785 THC1 35000 
314330205000786 THC1 35000 
314330205000787 THC1 35000 
314330205000788 THC1 35000 
314330205000789 THC1 35000 
314330205000790 THC1 35000 
314330205000791 THC1 35000 
314330205000792 THC1 35000 
314330205000793 THC1 35000 
314330205000794 THC1 35000 
314330205000795 THC1 35000 
314330205000796 THC1 35000 
314330205000798 THC1 35000 
314330205000799 THC1 35000 
314330205000800 THC1 35000 
314330205000801 THC1 35000 
314330205000802 THC1 35000 
314330205000803 THC1 35000 
314330205000804 THC1 35000 
314330205000806 THC1 35000 
314330205000807 THC1 35000 
314330205000808 THC1 35000 
314330205000809 THC1 35000 
314330205000810 THC1 35000 
314330205000811 THC1 35000 
314330205000812 THC1 35000 
314330205000813 THC1 35000 
314330205000814 THC1 35000 
314330205000815 THC1 35000 
314330205000816 THC1 35000 
314330205000817 THC1 35000 
314330205000818 THC1 35000 
314330205000819 THC1 35000 
314330205000820 THC1 35000 
314330205000821 THC1 35000 
314330205000822 THC1 35000 
314330205000824 THC1 35000 
314330205000825 THC1 35000 
314330205000826 THC1 35000 
314330205000827 THC1 35000 
314330205000828 THC1 35000 
314330205000830 THC1 35000 
314330205000831 THC1 35000 
314330205000832 THC1 35000 
314330205000833 THC1 35000 
314330205000834 THC1 35000 
314330205000835 THC1 35000 
314330205000836 THC1 35000 
314330205000837 THC1 35000 
314330205000838 THC1 35000 
314330205000839 THC1 35000 
314330205000840 THC1 35000 
314330205000841 THC1 35000 
314330205000842 THC1 35000 
314330205000843 THC1 35000 
314330205000844 THC1 35000 
314330205000845 THC1 35000 
314330205000846 THC1 35000 
314330205000848 THC1 35000 
314330205000849 THC1 35000 
314330205000850 THC1 35000 
314330205000851 THC1 35000 
314330205000852 THC1 35000 
314330205000854 THC1 35000 
314330205000855 THC1 35000 
314330205000856 THC1 35000 
314330205000857 THC1 35000 
314330205000858 THC1 35000 
314330205000859 THC1 35000 
314330205000860 THC1 35000 
314330205000862 THC1 35000 
314330205000863 THC1 35000 
314330205000865 THC1 35000 
314330205000866 THC1 35000 
314330205000869 THC1 35000 
314330205000870 THC1 35000 
314330205000872 THC1 35000 
314330205000873 THC1 35000 
314330205000874 THC1 35000 
314330205000876 THC1 35000 
314330205000877 THC1 35000 
314330205000878 THC1 35000 
314330205000879 THC1 35000 
314330205000881 THC1 35000 
314330205000882 THC1 35000 
314330205000883 THC1 35000 
314330205000884 THC1 35000 
314330205000885 THC1 35000 
314330205000886 THC1 35000 
314330205000887 THC1 35000 
314330205000888 THC1 35000 
314330205000889 THC1 35000 
314330205000890 THC1 35000 
314330205000895 THC1 35000 
314330205000896 THC1 35000 
314330205000897 THC1 35000 
314330205000898 THC1 35000 
314330205000899 THC1 35000 
314330205000900 THC1 35000 
314330205000901 THC1 35000 
314330205000902 THC1 35000 
314330205000903 THC1 35000 
314330205000904 THC1 35000 
314330205000905 THC1 35000 
314330205000906 THC1 35000 
314330205000907 THC1 35000 
314330205000908 THC1 35000 
314330205000909 THC1 35000 
314330205000910 THC1 35000 
314330205000911 THC1 35000 
314330205000912 THC1 35000 
314330205000913 THC1 35000 
314330205000914 THC1 35000 
314330205000915 THC1 35000 
314330205000916 THC1 35000 
314330205000918 THC1 35000 
314330205000922 THC1 35000 
314330205000923 THC1 35000 
314330205000925 THC1 35000 
314330205000927 THC1 35000 
314330205000928 THC1 35000 
314330205000929 THC1 35000 
314330205000930 THC1 35000 
314330205000931 THC1 35000 
314330205000932 THC1 35000 
314330205000933 THC1 35000 
314330205000934 THC1 35000 
314330205000935 THC1 35000 
314330205000937 THC1 35000 
314330205000938 THC1 35000 
314330205000939 THC1 35000 
314330205000940 THC1 35000 
314330205000941 THC1 35000 
314330205000942 THC1 35000 
314330205000943 THC1 35000 
314330205000944 THC1 35000 
314330205000946 THC1 35000 
314330205000947 THC1 35000 
314330205000948 THC1 35000 
314330205000949 THC1 35000 
314330205000950 THC1 35000 
314330205000951 THC1 35000 
314330205000952 THC1 35000 
314330205000953 THC1 35000 
314330205000954 THC1 35000 
314330205000955 THC1 35000 
314330205000956 THC1 35000 
314330205000957 THC1 35000 
314330205000958 THC1 35000 
314330205000959 THC1 35000 
314330205000960 THC1 35000 
314330205000961 THC1 35000 
314330205000962 THC1 35000 
314330205000965 THC1 35000 
314330205000966 THC1 35000 
314330205000967 THC1 35000 
314330205000968 THC1 35000 
314330205000969 THC1 35000 
314330205000970 THC1 35000 
314330205000971 THC1 35000 
314330205000973 THC1 35000 
314330205000974 THC1 35000 
314330205000975 THC1 35000 
314330205000976 THC1 35000 
314330205000977 THC1 35000 
314330205000978 THC1 35000 
314330205000979 THC1 35000 
314330205000980 THC1 35000 
314330205000981 THC1 35000 
314330205000982 THC1 35000 
314330205000983 THC1 35000 
314330205000984 THC1 35000 
314330205000985 THC1 35000 
314330205000986 THC1 35000 
314330205000987 THC1 35000 
314330205000988 THC1 35000 
314330205000989 THC1 35000 
314330205000990 THC1 35000 
314330205000991 THC1 35000 
314330205000992 THC1 35000 
314330205000993 THC1 35000 
314330205000994 THC1 35000 
314330205000995 THC1 35000 
314330205000996 THC1 35000 
314330205000997 THC1 35000 
314330205000998 THC1 35000 
314330205000999 THC1 35000 
314330205001000 THC1 35000 
314330205001001 THC1 35000 
314330205001002 THC1 35000 
314330205001003 THC1 35000 
314330205001004 THC1 35000 
314330205001005 THC1 35000 
314330205001006 THC1 35000 
314330205001007 THC1 35000 
314330205001008 THC1 35000 
314330205001009 THC1 35000 
314330205001010 THC1 35000 
314330205001011 THC1 35000 
314330205001012 THC1 35000 
314330205001013 THC1 35000 
314330205001014 THC1 35000 
314330205001015 THC1 35000 
314330205001016 THC1 35000 
314330205001017 THC1 35000 
314330205001018 THC1 35000 
314330205001019 THC1 35000 
314330205001020 THC1 35000 
314330205001021 THC1 35000 
314330205001022 THC1 35000 
314330205001023 THC1 35000 
314330205001024 THC1 35000 
314330205001025 THC1 35000 
314330205001026 THC1 35000 
314330205001027 THC1 35000 
314330205001028 THC1 35000 
314330205001029 THC1 35000 
314330205001030 THC1 35000 
314330205001031 THC1 35000 
314330205001032 THC1 35000 
314330205001033 THC1 35000 
314330205001034 THC1 35000 
314330205001035 THC1 35000 
314330205001036 THC1 35000 
314330205001037 THC1 35000 
314330205001038 THC1 35000 
314330205001039 THC1 35000 
314330205001040 THC1 35000 
314330205001041 THC1 35000 
314330205001042 THC1 35000 
314330205001043 THC1 35000 
314330205001044 THC1 35000 
314330205001045 THC1 35000 
314330205001046 THC1 35000 
314330205001047 THC1 35000 
314330205001048 THC1 35000 
314330208000002 THC1 35000 
314330208000003 THC1 35000 
314330208000004 THC1 35000 
314330210000001 THC1 35000 
314330210000003 THC1 35000 
314330210000004 THC1 35000 
314330210000005 THC1 35000 
314330210000006 THC1 35000 
314330215000001 THC1 35000 
314330215000002 THC1 35000 
314330215000003 THC1 35000 
314330220000001 THC1 35000 
314330220000002 THC1 35000 
314330220000004 THC1 35000 
314330220000005 THC1 35000 
314330220000006 THC1 35000 
314330220000007 THC1 35000 
314330220000008 THC1 35000 
314330220000009 THC1 35000 
314330220000010 THC1 35000 
314330222000001 THC1 35000 
314330222000002 THC1 35000 
314330225000001 THC1 35000 
314330225000002 THC1 35000 
314330225000003 THC1 35000 
314330225000005 THC1 35000 
314330225000007 THC1 35000 
314330225000008 THC1 35000 
314330225000009 THC1 35000 
314330225000010 THC1 35000 
314330225000011 THC1 35000 
314330230000001 THC1 35000 
314330230000002 THC1 35000 
314330230000004 THC1 35000 
314330230000006 THC1 35000 
314330230000007 THC1 35000 
314330230000008 THC1 35000 
314330230000009 THC1 35000 
314330230000010 THC1 35000 
314330235000001 THC1 35000 
314330235000002 THC1 35000 
314330235000003 THC1 35000 
314330240000001 THC1 35000 
314330240000002 THC1 35000 
314330240000003 THC1 35000 
314330240000004 THC1 35000 
314330240000006 THC1 35000 
314330240000007 THC1 35000 
;

param D1_2:=
3143300185701 SHC1 20000 
3143307779704 SHC1 20000 
3143309772235 SHC1 20000 
3143309772251 SHC1 20000 
3143309812059 SHC1 20000 
3143302218976 SHC1 20000 
3143305305063 SHC1 20000 
3143307781067 SHC1 20000 
3143309354255 SHC1 20000 
3143306355625 SHC1 20000 
3143309132481 SHC1 20000 
3143307831331 SHC1 20000 
3143300659134 SHC1 20000 
3143303180158 SHC1 20000 
3143302149966 SHC1 20000 
3143307821506 SHC1 20000 
3143302150107 SHC1 20000 
3143309775978 SHC1 20000 
3143302219107 SHC1 20000 
3143302219352 SHC1 20000 
3143303180182 SHC1 20000 
3143302149907 SHC1 20000 
3143302150042 SHC1 20000 
3143302219085 SHC1 20000 
3143309812032 SHC1 20000 
3143302149915 SHC1 20000 
3143307299079 SHC1 20000 
3143302150018 SHC1 20000 
3143302203472 SHC1 20000 
3143302218984 SHC1 20000 
3143306065295 SHC1 20000 
3143302219069 SHC1 20000 
3143306629296 SHC1 20000 
3143302149923 SHC1 20000 
3143306065341 SHC1 20000 
3143306329705 SHC1 20000 
3143306297943 SHC1 20000 
3143307780621 SHC1 20000 
3143303180166 SHC1 20000 
3143302149893 SHC1 20000 
3143302150026 SHC1 20000 
3143300550108 SHC1 20000 
3143303413578 SHC1 20000 
3143306329632 SHC1 20000 
3143305212588 SHC1 20000 
3143309812083 SHC1 20000 
3143306023282 SHC1 20000 
3143302218968 SHC1 20000 
3143309772227 SHC1 20000 
3143302203480 SHC1 20000 
3143302150085 SHC1 20000 
3143300211826 SHC1 20000 
3143302149931 SHC1 20000 
3143309352511 SHC1 20000 
3143309251553 SHC1 20000 
3143305998220 SHC1 20000 
3143309690905 SHC1 20000 
3143307608756 SHC1 20000 
3143306409911 SHC1 20000 
3143307780907 SHC1 20000 
3143309936424 SHC1 20000 
3143309812075 SHC1 20000 
3143306301304 SHC1 20000 
3143303688100 SHC1 20000 
3143303180115 SHC1 20000 
3143305302854 SHC1 20000 
3143302219212 SHC1 20000 
3143302219018 SHC1 20000 
3143302149958 SHC1 20000 
3143307951345 SHC1 20000 
3143302219077 SHC1 20000 
3143302219344 SHC1 20000 
3143307607660 SHC1 20000 
3143302150069 SHC1 20000 
3143307809131 SHC1 20000 
3143300186252 SHC1 20000 
3143304701852 SHC1 20000 
3143307836619 SHC1 20000 
3143305212545 SHC1 20000 
3143302150077 SHC1 20000 
3143302150034 SHC1 20000 
3143302219379 SHC1 20000 
314330205000295 SHC1 20000 
314330205000296 SHC1 20000 
314330205000367 SHC1 20000 
314330205000404 SHC1 20000 
314330205000539 SHC1 20000 
314330205000593 SHC1 20000 
314330205000594 SHC1 20000 
314330205000631 SHC1 20000 
314330205000637 SHC1 20000 
314330205000751 SHC1 20000 
314330205000798 SHC1 20000 
314330205000814 SHC1 20000 
314330205000906 SHC1 20000 
314330205000907 SHC1 20000 
314330205000911 SHC1 20000 
314330205000913 SHC1 20000 
314330205000960 SHC1 20000 
314330205000976 SHC1 20000 
314330208000002 SHC1 20000 
314330210000001 SHC1 20000 
314330210000005 SHC1 20000 
314330220000007 SHC1 20000 
314330220000008 SHC1 20000 
314330220000010 SHC1 20000 
314330225000003 SHC1 20000 
314330225000008 SHC1 20000 
314330230000008 SHC1 20000 
314330235000001 SHC1 20000 
314330235000002 SHC1 20000 
314330235000003 SHC1 20000 
;

param D1_3:=
3143300185701 THC1 25000 
3143307779704 THC1 25000 
3143309772235 THC1 25000 
3143309772251 THC1 25000 
3143309812059 THC1 25000 
3143302218976 THC1 25000 
3143305305063 THC1 25000 
3143307781067 THC1 25000 
3143309354255 THC1 25000 
3143306355625 THC1 25000 
3143309132481 THC1 25000 
3143307831331 THC1 25000 
3143300659134 THC1 25000 
3143303180158 THC1 25000 
3143302149966 THC1 25000 
3143307821506 THC1 25000 
3143302150107 THC1 25000 
3143309775978 THC1 25000 
3143302219107 THC1 25000 
3143302219352 THC1 25000 
3143303180182 THC1 25000 
3143302149907 THC1 25000 
3143302150042 THC1 25000 
3143302219085 THC1 25000 
3143309812032 THC1 25000 
3143302149915 THC1 25000 
3143307299079 THC1 25000 
3143302150018 THC1 25000 
3143302203472 THC1 25000 
3143302218984 THC1 25000 
3143306065295 THC1 25000 
3143302219069 THC1 25000 
3143306629296 THC1 25000 
3143302149923 THC1 25000 
3143306065341 THC1 25000 
3143306329705 THC1 25000 
3143306297943 THC1 25000 
3143307780621 THC1 25000 
3143303180166 THC1 25000 
3143302149893 THC1 25000 
3143302150026 THC1 25000 
3143300550108 THC1 25000 
3143303413578 THC1 25000 
3143306329632 THC1 25000 
3143305212588 THC1 25000 
3143309812083 THC1 25000 
3143306023282 THC1 25000 
3143302218968 THC1 25000 
3143309772227 THC1 25000 
3143302203480 THC1 25000 
3143302150085 THC1 25000 
3143300211826 THC1 25000 
3143302149931 THC1 25000 
3143309352511 THC1 25000 
3143309251553 THC1 25000 
3143305998220 THC1 25000 
3143309690905 THC1 25000 
3143307608756 THC1 25000 
3143306409911 THC1 25000 
3143307780907 THC1 25000 
3143309936424 THC1 25000 
3143309812075 THC1 25000 
3143306301304 THC1 25000 
3143303688100 THC1 25000 
3143303180115 THC1 25000 
3143305302854 THC1 25000 
3143302219212 THC1 25000 
3143302219018 THC1 25000 
3143302149958 THC1 25000 
3143307951345 THC1 25000 
3143302219077 THC1 25000 
3143302219344 THC1 25000 
3143307607660 THC1 25000 
3143302150069 THC1 25000 
3143307809131 THC1 25000 
3143300186252 THC1 25000 
3143304701852 THC1 25000 
3143307836619 THC1 25000 
3143305212545 THC1 25000 
3143302150077 THC1 25000 
3143302150034 THC1 25000 
3143302219379 THC1 25000 
314330205000295 THC1 25000 
314330205000296 THC1 25000 
314330205000367 THC1 25000 
314330205000404 THC1 25000 
314330205000539 THC1 25000 
314330205000593 THC1 25000 
314330205000594 THC1 25000 
314330205000631 THC1 25000 
314330205000637 THC1 25000 
314330205000751 THC1 25000 
314330205000798 THC1 25000 
314330205000814 THC1 25000 
314330205000906 THC1 25000 
314330205000907 THC1 25000 
314330205000911 THC1 25000 
314330205000913 THC1 25000 
314330205000960 THC1 25000 
314330205000976 THC1 25000 
314330208000002 THC1 25000 
314330210000001 THC1 25000 
314330210000005 THC1 25000 
314330220000007 THC1 25000 
314330220000008 THC1 25000 
314330220000010 THC1 25000 
314330225000003 THC1 25000 
314330225000008 THC1 25000 
314330230000008 THC1 25000 
314330235000001 THC1 25000 
314330235000002 THC1 25000 
314330235000003 THC1 25000 
;

param D2_3:=
SHC1	THC1	20000;

param CNES1(tr):	eSF	eSB	eMulti ACS:=
3143300185701 1 0 0 0 
3143307779704 1 0 0 0 
3143309772235 2 2 0 10 
3143309772251 2 1 0 7 
3143309812059 3 2 0 9 
3143302218976 1 0 0 0 
3143305305063 3 2 0 12 
3143307781067 1 1 0 6 
3143309354255 1 0 0 0 
3143306355625 1 0 0 0 
3143309132481 0 0 0 3 
3143307831331 1 1 0 6 
3143300659134 2 1 0 7 
3143303180158 1 1 0 6 
3143302149966 1 0 0 0 
3143307821506 3 3 0 14 
3143302150107 2 1 0 11 
3143309775978 1 1 0 6 
3143302219107 2 1 0 5 
3143302219352 3 2 0 14 
3143303180182 4 3 0 25 
3143302149907 1 0 0 0 
3143302150042 1 1 0 5 
3143302219085 2 1 0 6 
3143309812032 1 1 0 5 
3143302149915 4 4 1 19 
3143307299079 1 1 0 0 
3143302150018 3 3 0 19 
3143302203472 1 0 0 0 
3143302218984 4 3 1 20 
3143306065295 4 3 0 16 
3143302219069 3 3 1 20 
3143306629296 1 1 0 7 
3143302149923 3 3 1 21 
3143306065341 3 3 0 18 
3143306329705 3 2 0 14 
3143306297943 1 1 0 11 
3143307780621 1 1 0 7 
3143303180166 1 1 0 6 
3143302149893 3 3 0 18 
3143302150026 4 3 1 20 
3143300550108 2 2 0 11 
3143303413578 1 1 0 9 
3143306329632 4 3 0 19 
3143305212588 1 1 0 8 
3143309812083 1 1 0 7 
3143306023282 1 1 0 8 
3143302218968 4 4 1 24 
3143309772227 1 0 0 4 
3143302203480 2 1 0 19 
3143302150085 2 1 0 5 
3143300211826 1 1 0 5 
3143302149931 3 2 0 12 
3143309352511 2 0 0 5 
3143309251553 1 1 0 1 
3143305998220 1 0 0 6 
3143309690905 2 0 0 6 
3143307608756 1 1 0 5 
3143306409911 1 1 0 6 
3143307780907 3 3 0 14 
3143309936424 2 2 0 9 
3143309812075 1 1 0 6 
3143306301304 0 0 0 4 
3143303688100 3 2 1 14 
3143303180115 2 1 0 7 
3143305302854 2 2 0 9 
3143302219212 4 3 1 25 
3143302219018 1 0 0 0 
3143302149958 3 2 1 14 
3143307951345 1 0 0 5 
3143302219077 1 1 0 6 
3143302219344 1 1 0 7 
3143307607660 2 1 0 8 
3143302150069 2 2 0 10 
3143307809131 1 0 0 9 
3143300186252 2 1 0 6 
3143304701852 0 0 0 0 
3143307836619 1 0 0 5 
3143305212545 3 2 0 9 
3143302150077 1 1 0 8 
3143302150034 2 2 0 12 
3143302219379 1 1 0 9 
;

param CNES2: SHC1:=
EQ2	10
;

param CNES3: THC1:=
EQ3	10
;

param C2:=
SHC1	4000000
;

param C3:=
THC1	4000000
;

param U:=
1 10 
2 1 
3 1 
;

param:	 O1_0    O1_2    O1_3:=
3143300185701 0.71 0.2 0.05 
3143307779704 0.71 0.2 0.05 
3143309772235 0.71 0.2 0.05 
3143309772251 0.71 0.2 0.05 
3143309812059 0.71 0.2 0.05 
3143302218976 0.71 0.2 0.05 
3143305305063 0.71 0.2 0.05 
3143307781067 0.71 0.2 0.05 
3143309354255 0.71 0.2 0.05 
3143306355625 0.71 0.2 0.05 
3143309132481 0.71 0.2 0.05 
3143307831331 0.71 0.2 0.05 
3143300659134 0.71 0.2 0.05 
3143303180158 0.71 0.2 0.05 
3143302149966 0.71 0.2 0.05 
3143307821506 0.71 0.2 0.05 
3143302150107 0.71 0.2 0.05 
3143309775978 0.71 0.2 0.05 
3143302219107 0.71 0.2 0.05 
3143302219352 0.71 0.2 0.05 
3143303180182 0.71 0.2 0.05 
3143302149907 0.71 0.2 0.05 
3143302150042 0.71 0.2 0.05 
3143302219085 0.71 0.2 0.05 
3143309812032 0.71 0.2 0.05 
3143302149915 0.71 0.2 0.05 
3143307299079 0.71 0.2 0.05 
3143302150018 0.71 0.2 0.05 
3143302203472 0.71 0.2 0.05 
3143302218984 0.71 0.2 0.05 
3143306065295 0.71 0.2 0.05 
3143302219069 0.71 0.2 0.05 
3143306629296 0.71 0.2 0.05 
3143302149923 0.71 0.2 0.05 
3143306065341 0.71 0.2 0.05 
3143306329705 0.71 0.2 0.05 
3143306297943 0.71 0.2 0.05 
3143307780621 0.71 0.2 0.05 
3143303180166 0.71 0.2 0.05 
3143302149893 0.71 0.2 0.05 
3143302150026 0.71 0.2 0.05 
3143300550108 0.71 0.2 0.05 
3143303413578 0.71 0.2 0.05 
3143306329632 0.71 0.2 0.05 
3143305212588 0.71 0.2 0.05 
3143309812083 0.71 0.2 0.05 
3143306023282 0.71 0.2 0.05 
3143302218968 0.71 0.2 0.05 
3143309772227 0.71 0.2 0.05 
3143302203480 0.71 0.2 0.05 
3143302150085 0.71 0.2 0.05 
3143300211826 0.71 0.2 0.05 
3143302149931 0.71 0.2 0.05 
3143309352511 0.71 0.2 0.05 
3143309251553 0.71 0.2 0.05 
3143305998220 0.71 0.2 0.05 
3143309690905 0.71 0.2 0.05 
3143307608756 0.71 0.2 0.05 
3143306409911 0.71 0.2 0.05 
3143307780907 0.71 0.2 0.05 
3143309936424 0.71 0.2 0.05 
3143309812075 0.71 0.2 0.05 
3143306301304 0.71 0.2 0.05 
3143303688100 0.71 0.2 0.05 
3143303180115 0.71 0.2 0.05 
3143305302854 0.71 0.2 0.05 
3143302219212 0.71 0.2 0.05 
3143302219018 0.71 0.2 0.05 
3143302149958 0.71 0.2 0.05 
3143307951345 0.71 0.2 0.05 
3143302219077 0.71 0.2 0.05 
3143302219344 0.71 0.2 0.05 
3143307607660 0.71 0.2 0.05 
3143302150069 0.71 0.2 0.05 
3143307809131 0.71 0.2 0.05 
3143300186252 0.71 0.2 0.05 
3143304701852 0.71 0.2 0.05 
3143307836619 0.71 0.2 0.05 
3143305212545 0.71 0.2 0.05 
3143302150077 0.71 0.2 0.05 
3143302150034 0.71 0.2 0.05 
3143302219379 0.71 0.2 0.05 
314330205000295 0.71 0.2 0.05 
314330205000296 0.71 0.2 0.05 
314330205000367 0.71 0.2 0.05 
314330205000404 0.71 0.2 0.05 
314330205000539 0.71 0.2 0.05 
314330205000593 0.71 0.2 0.05 
314330205000594 0.71 0.2 0.05 
314330205000631 0.71 0.2 0.05 
314330205000637 0.71 0.2 0.05 
314330205000751 0.71 0.2 0.05 
314330205000798 0.71 0.2 0.05 
314330205000814 0.71 0.2 0.05 
314330205000906 0.71 0.2 0.05 
314330205000907 0.71 0.2 0.05 
314330205000911 0.71 0.2 0.05 
314330205000913 0.71 0.2 0.05 
314330205000960 0.71 0.2 0.05 
314330205000976 0.71 0.2 0.05 
314330208000002 0.71 0.2 0.05 
314330210000001 0.71 0.2 0.05 
314330210000005 0.71 0.2 0.05 
314330220000007 0.71 0.2 0.05 
314330220000008 0.71 0.2 0.05 
314330220000010 0.71 0.2 0.05 
314330225000003 0.71 0.2 0.05 
314330225000008 0.71 0.2 0.05 
314330230000008 0.71 0.2 0.05 
314330235000001 0.71 0.2 0.05 
314330235000002 0.71 0.2 0.05 
314330235000003 0.71 0.2 0.05 
;

param:	O2_0   O2_1   O2_3 :=
SHC1 0.65 0.2 0.1 
;

param:	O3_0   O3_1   O3_2 :=
THC1 0.8 0.1 0.05 
;

param MAX_TELE_PHC := 0.05;
param MAX_TELE_SHC := 0.05;
param MAX_TELE_THC := 0.05;
param MAX_HOME_PHC := 1;
param MAX_HOME_SHC := 0.15;
param MAX_HOME_THC := 0.05;

end;
